2026-05-06 10:08:37,284 [ERROR] LogOutputStream:75 - [STDERR_REDIRECT] Exception in thread "AWT-EventQueue-0" java.lang.NullPointerException: Cannot invoke "com.st.stm32cube.common.mx.targetselector.IdeMcuFinder.cleanUp(boolean)" because "this.this$0.mcuFinder" is null
2026-05-06 10:08:37,686 [ERROR] LogOutputStream:75 - [STDERR_REDIRECT] 	at com.st.stm32cube.common.mx.targetselector.TargetSelectorAdapter$7.run(TargetSelectorAdapter.java:353)
2026-05-06 10:08:37,691 [ERROR] LogOutputStream:75 - [STDERR_REDIRECT] 	at com.st.stm32cube.common.mx.oss.core.awtswtbridge.AwtEnvironment$2.run(AwtEnvironment.java:166)
2026-05-06 10:08:37,694 [ERROR] LogOutputStream:75 - [STDERR_REDIRECT] 	at java.desktop/java.awt.event.InvocationEvent.dispatch(InvocationEvent.java:318)
2026-05-06 10:08:37,697 [ERROR] LogOutputStream:75 - [STDERR_REDIRECT] 	at java.desktop/java.awt.EventQueue.dispatchEventImpl(EventQueue.java:773)
2026-05-06 10:08:37,702 [ERROR] LogOutputStream:75 - [STDERR_REDIRECT] 	at java.desktop/java.awt.EventQueue$4.run(EventQueue.java:720)
2026-05-06 10:08:37,704 [ERROR] LogOutputStream:75 - [STDERR_REDIRECT] 	at java.desktop/java.awt.EventQueue$4.run(EventQueue.java:714)
2026-05-06 10:08:37,707 [ERROR] LogOutputStream:75 - [STDERR_REDIRECT] 	at java.base/java.security.AccessController.doPrivileged(AccessController.java:400)
2026-05-06 10:08:37,711 [ERROR] LogOutputStream:75 - [STDERR_REDIRECT] 	at java.base/java.security.ProtectionDomain$JavaSecurityAccessImpl.doIntersectionPrivilege(ProtectionDomain.java:87)
2026-05-06 10:08:37,715 [ERROR] LogOutputStream:75 - [STDERR_REDIRECT] 	at java.desktop/java.awt.EventQueue.dispatchEvent(EventQueue.java:742)
2026-05-06 10:08:37,721 [ERROR] LogOutputStream:75 - [STDERR_REDIRECT] 	at java.desktop/java.awt.EventDispatchThread.pumpOneEventForFilters(EventDispatchThread.java:203)
2026-05-06 10:08:37,725 [ERROR] LogOutputStream:75 - [STDERR_REDIRECT] 	at java.desktop/java.awt.EventDispatchThread.pumpEventsForFilter(EventDispatchThread.java:124)
2026-05-06 10:08:37,727 [ERROR] LogOutputStream:75 - [STDERR_REDIRECT] 	at java.desktop/java.awt.EventDispatchThread.pumpEventsForHierarchy(EventDispatchThread.java:113)
2026-05-06 10:08:37,731 [ERROR] LogOutputStream:75 - [STDERR_REDIRECT] 	at java.desktop/java.awt.EventDispatchThread.pumpEvents(EventDispatchThread.java:109)
2026-05-06 10:08:37,737 [ERROR] LogOutputStream:75 - [STDERR_REDIRECT] 	at java.desktop/java.awt.EventDispatchThread.pumpEvents(EventDispatchThread.java:101)
2026-05-06 10:08:37,743 [ERROR] LogOutputStream:75 - [STDERR_REDIRECT] 	at java.desktop/java.awt.EventDispatchThread.run(EventDispatchThread.java:90)
2026-05-06 10:08:50,444 [ERROR] LogOutputStream:75 - [STDERR_REDIRECT] 
2026-05-06 10:26:44,926 [INFO] Activator:176 - 


2026-05-06 10:26:44,936 [INFO] Activator:177 - !SESSION log4j initialized
2026-05-06 10:26:51,718 [INFO] LogOutputStream:77 - [STDOUT_REDIRECT] 
2026-05-06 10:27:02,309 [INFO] ApplicationProperties:184 - Using Application install path: C:\ST\STM32CubeIDE_1.19.0\STM32CubeIDE\plugins\com.st.stm32cube.common.mx_6.15.0.202507011659
2026-05-06 10:27:02,336 [INFO] DbMcusXml:78 - Set database path to: C:\ST\STM32CubeIDE_1.19.0\STM32CubeIDE\plugins\com.st.stm32cube.common.mx_6.15.0.202507011659\\db\/mcu/
2026-05-06 10:27:02,336 [INFO] ApiDb:274 - Set plugin database path to: C:\ST\STM32CubeIDE_1.19.0\STM32CubeIDE\plugins\com.st.stm32cube.common.mx_6.15.0.202507011659\\db\/plugins/boardmanager/
2026-05-06 10:27:02,336 [WARN] ApiDb:259 - Overriding images path with different value:  => C:\ST\STM32CubeIDE_1.19.0\STM32CubeIDE\plugins\com.st.stm32cube.common.mx_6.15.0.202507011659\\db\/plugins/mcufinder/images/
2026-05-06 10:27:02,346 [INFO] ApiDb:250 - Set database path to: C:\Users\jahna\.stmcufinder\plugins\mcufinder//mcu/
2026-05-06 10:27:02,348 [INFO] DbMcusAds:125 - Set database path to: C:\Users\jahna\.stmcufinder\plugins\mcufinder//mcu/
2026-05-06 10:27:02,358 [INFO] CrossReferenceDbSqlite:203 - Set database path to: C:\Users\jahna\.stmcufinder\plugins\mcufinder//mcu/cs/
2026-05-06 10:27:02,491 [INFO] RulesReader:64 - Compatibility file has been processed (317 Rules)
2026-05-06 10:27:02,594 [INFO] DbMcusXml:78 - Set database path to: C:\ST\STM32CubeIDE_1.19.0\STM32CubeIDE\plugins\com.st.stm32cube.common.mx_6.15.0.202507011659\\db\/mcu/
2026-05-06 10:27:02,594 [INFO] ApiDb:274 - Set plugin database path to: C:\ST\STM32CubeIDE_1.19.0\STM32CubeIDE\plugins\com.st.stm32cube.common.mx_6.15.0.202507011659\\db\/plugins/boardmanager/
2026-05-06 10:27:02,594 [INFO] ApiDb:261 - Set plugin images path to: C:\ST\STM32CubeIDE_1.19.0\STM32CubeIDE\plugins\com.st.stm32cube.common.mx_6.15.0.202507011659\\db\/plugins/mcufinder/images/
2026-05-06 10:27:02,594 [WARN] DbFile:41 - Overriding database path with different value: C:\Users\jahna\.stmcufinder\plugins\mcufinder/ => C:\Users\jahna\.stmcufinder\plugins\mcufinder
2026-05-06 10:27:02,594 [INFO] ApiDb:250 - Set database path to: C:\Users\jahna\.stmcufinder\plugins\mcufinder//mcu/
2026-05-06 10:27:02,594 [WARN] DbFile:41 - Overriding database path with different value: C:\Users\jahna\.stmcufinder\plugins\mcufinder/ => C:\Users\jahna\.stmcufinder\plugins\mcufinder
2026-05-06 10:27:02,594 [INFO] DbMcusAds:125 - Set database path to: C:\Users\jahna\.stmcufinder\plugins\mcufinder//mcu/
2026-05-06 10:27:02,594 [WARN] DbFile:41 - Overriding database path with different value: C:\Users\jahna\.stmcufinder\plugins\mcufinder/ => C:\Users\jahna\.stmcufinder\plugins\mcufinder
2026-05-06 10:27:02,594 [WARN] DbFile:41 - Overriding database path with different value: C:\Users\jahna\.stmcufinder\plugins\mcufinder/ => C:\Users\jahna\.stmcufinder\plugins\mcufinder
2026-05-06 10:27:02,595 [INFO] CrossReferenceDbSqlite:203 - Set database path to: C:\Users\jahna\.stmcufinder\plugins\mcufinder//mcu/cs/
2026-05-06 10:27:02,698 [INFO] MainPanel:274 - HeapMemory: 268435456
2026-05-06 10:27:02,866 [INFO] DbMcusXml:78 - Set database path to: C:\ST\STM32CubeIDE_1.19.0\STM32CubeIDE\plugins\com.st.stm32cube.common.mx_6.15.0.202507011659\\db\/mcu/
2026-05-06 10:27:02,866 [INFO] ApiDb:274 - Set plugin database path to: C:\ST\STM32CubeIDE_1.19.0\STM32CubeIDE\plugins\com.st.stm32cube.common.mx_6.15.0.202507011659\\db\/plugins/boardmanager/
2026-05-06 10:27:02,867 [INFO] ApiDb:261 - Set plugin images path to: C:\ST\STM32CubeIDE_1.19.0\STM32CubeIDE\plugins\com.st.stm32cube.common.mx_6.15.0.202507011659\\db\/plugins/mcufinder/images/
2026-05-06 10:27:02,867 [WARN] DbFile:41 - Overriding database path with different value: C:\Users\jahna\.stmcufinder\plugins\mcufinder/ => C:\Users\jahna\.stmcufinder\plugins\mcufinder
2026-05-06 10:27:02,867 [INFO] ApiDb:250 - Set database path to: C:\Users\jahna\.stmcufinder\plugins\mcufinder//mcu/
2026-05-06 10:27:02,867 [WARN] DbFile:41 - Overriding database path with different value: C:\Users\jahna\.stmcufinder\plugins\mcufinder/ => C:\Users\jahna\.stmcufinder\plugins\mcufinder
2026-05-06 10:27:02,867 [INFO] DbMcusAds:125 - Set database path to: C:\Users\jahna\.stmcufinder\plugins\mcufinder//mcu/
2026-05-06 10:27:02,867 [WARN] DbFile:41 - Overriding database path with different value: C:\Users\jahna\.stmcufinder\plugins\mcufinder/ => C:\Users\jahna\.stmcufinder\plugins\mcufinder
2026-05-06 10:27:02,867 [WARN] DbFile:41 - Overriding database path with different value: C:\Users\jahna\.stmcufinder\plugins\mcufinder/ => C:\Users\jahna\.stmcufinder\plugins\mcufinder
2026-05-06 10:27:02,867 [INFO] CrossReferenceDbSqlite:203 - Set database path to: C:\Users\jahna\.stmcufinder\plugins\mcufinder//mcu/cs/
2026-05-06 10:27:02,895 [INFO] ApplicationProperties:184 - Using Application install path: C:\ST\STM32CubeIDE_1.19.0\STM32CubeIDE\plugins\com.st.stm32cube.common.mx_6.15.0.202507011659
2026-05-06 10:27:02,896 [INFO] PluginManage:196 - Search for loadable plugins [exclusion list=, ]
2026-05-06 10:27:02,899 [INFO] PluginManage:310 - Check plugin analytics
2026-05-06 10:27:03,147 [INFO] AnalyticsPlugin:253 - Accepted Software Licenses: STM32CubeMX.6.17.0
2026-05-06 10:27:03,147 [INFO] AnalyticsPlugin:255 - Accepted CMSIS Pack Licenses: 
2026-05-06 10:27:03,147 [INFO] AnalyticsPlugin:257 - Accepted Firmware Licenses: FW.F4.1.28.0,FW.F4.1.28.3
2026-05-06 10:27:03,150 [INFO] PluginManage:359 - Loaded plugin analytics (category:tool,tabindex:-1)
2026-05-06 10:27:03,150 [INFO] PluginManage:310 - Check plugin cadmodel
2026-05-06 10:27:03,156 [INFO] CADModel:105 - Init CAD model plugin
2026-05-06 10:27:03,156 [INFO] PluginManage:359 - Loaded plugin cadmodel (category:power,tabindex:5)
2026-05-06 10:27:03,157 [INFO] PluginManage:310 - Check plugin clock
2026-05-06 10:27:03,168 [INFO] PluginManage:359 - Loaded plugin clock (category:base,tabindex:2)
2026-05-06 10:27:03,168 [INFO] PluginManage:310 - Check plugin ddr
2026-05-06 10:27:03,171 [INFO] PluginManage:359 - Loaded plugin ddr (category:tool,tabindex:6)
2026-05-06 10:27:03,172 [INFO] PluginManage:310 - Check plugin filemanager
2026-05-06 10:27:03,358 [INFO] PluginManage:359 - Loaded plugin filemanager (category:base,tabindex:10)
2026-05-06 10:27:03,358 [INFO] PluginManage:310 - Check plugin ipmanager
2026-05-06 10:27:03,367 [INFO] PluginManage:359 - Loaded plugin ipmanager (category:base,tabindex:5)
2026-05-06 10:27:03,367 [INFO] PluginManage:310 - Check plugin lpbam
2026-05-06 10:27:03,376 [INFO] PluginManage:359 - Loaded plugin lpbam (category:base,tabindex:0)
2026-05-06 10:27:03,376 [INFO] PluginManage:310 - Check plugin memorymap
2026-05-06 10:27:03,394 [INFO] PluginManage:359 - Loaded plugin memorymap (category:base,tabindex:4)
2026-05-06 10:27:03,394 [INFO] PluginManage:310 - Check plugin pinoutandconfiguration
2026-05-06 10:27:03,405 [INFO] PluginManage:359 - Loaded plugin pinoutandconfiguration (category:base,tabindex:1)
2026-05-06 10:27:03,405 [INFO] PluginManage:310 - Check plugin pinoutconfig
2026-05-06 10:27:03,504 [WARN] SupportedApi:132 - Cannot load RTOS API schema: s4s-elt-must-match.1: The content of 'definitions' must match (annotation?, (simpleType | complexType)?, (unique | key | keyref)*)). A problem was found starting at: attribute.
2026-05-06 10:27:03,698 [INFO] PluginManage:359 - Loaded plugin pinoutconfig (category:base,tabindex:0)
2026-05-06 10:27:03,698 [INFO] PluginManage:310 - Check plugin power
2026-05-06 10:27:03,714 [INFO] PluginManage:359 - Loaded plugin power (category:power,tabindex:4)
2026-05-06 10:27:03,714 [INFO] PluginManage:310 - Check plugin projectmanager
2026-05-06 10:27:03,733 [INFO] PluginManage:359 - Loaded plugin projectmanager (category:projectmanager,tabindex:4)
2026-05-06 10:27:03,733 [INFO] PluginManage:310 - Check plugin rif
2026-05-06 10:27:03,751 [INFO] PluginManage:359 - Loaded plugin rif (category:base,tabindex:3)
2026-05-06 10:27:03,751 [INFO] PluginManage:310 - Check plugin thirdparty
2026-05-06 10:27:03,930 [INFO] PluginManage:359 - Loaded plugin thirdparty (category:base,tabindex:-1)
2026-05-06 10:27:03,930 [WARN] IntegrityCheckThread:84 - waiting for thirdparty lock release [integrity check]
2026-05-06 10:27:03,930 [INFO] PluginManage:310 - Check plugin tools
2026-05-06 10:27:03,930 [INFO] IntegrityCheckThread:86 - entering critical section [integrity check]
2026-05-06 10:27:03,930 [INFO] ThirdPartyUpdaterWithRetryManager:70 - Updater plugin not ready yet. [1/15]
2026-05-06 10:27:03,934 [INFO] PluginManage:359 - Loaded plugin tools (category:base,tabindex:7)
2026-05-06 10:27:03,934 [INFO] PluginManage:310 - Check plugin tutovideos
2026-05-06 10:27:04,166 [INFO] PluginManage:359 - Loaded plugin tutovideos (category:base,tabindex:-1)
2026-05-06 10:27:04,166 [INFO] PluginManage:310 - Check plugin updater
2026-05-06 10:27:04,191 [INFO] PluginManage:359 - Loaded plugin updater (category:base,tabindex:12)
2026-05-06 10:27:04,192 [INFO] PluginManage:310 - Check plugin userauth
2026-05-06 10:27:04,197 [INFO] UserAuth:118 - Init User Auth plugin
2026-05-06 10:27:04,198 [INFO] PluginManage:359 - Loaded plugin userauth (category:base,tabindex:14)
2026-05-06 10:27:04,199 [INFO] PluginManage:283 - PluginManage : Loaded plugins [18]
2026-05-06 10:27:04,467 [INFO] PinOutPanel:1589 - setPackage(No Configuration,No Configuration)
2026-05-06 10:27:04,563 [INFO] CADModel:165 - CPN selected for project level
2026-05-06 10:27:04,563 [INFO] CADModel:114 - Register for checkConnection events
2026-05-06 10:27:04,587 [INFO] IPUIPlugin:80 - create IPUIPlugin
2026-05-06 10:27:04,587 [INFO] PluginManager:220 - loadIPPluginJar : add adc
2026-05-06 10:27:04,591 [INFO] IPUIPlugin:80 - create IPUIPlugin
2026-05-06 10:27:04,591 [INFO] PluginManager:220 - loadIPPluginJar : add aes
2026-05-06 10:27:04,594 [INFO] IPUIPlugin:80 - create IPUIPlugin
2026-05-06 10:27:04,595 [INFO] PluginManager:220 - loadIPPluginJar : add can
2026-05-06 10:27:04,597 [INFO] IPUIPlugin:80 - create IPUIPlugin
2026-05-06 10:27:04,597 [INFO] PluginManager:220 - loadIPPluginJar : add comp
2026-05-06 10:27:04,600 [INFO] IPUIPlugin:80 - create IPUIPlugin
2026-05-06 10:27:04,600 [INFO] PluginManager:220 - loadIPPluginJar : add cryp
2026-05-06 10:27:04,605 [INFO] IPUIPlugin:80 - create IPUIPlugin
2026-05-06 10:27:04,605 [INFO] PluginManager:220 - loadIPPluginJar : add ddr_ctrl_phy
2026-05-06 10:27:04,608 [INFO] IPUIPlugin:80 - create IPUIPlugin
2026-05-06 10:27:04,608 [INFO] PluginManager:220 - loadIPPluginJar : add dfsdm
2026-05-06 10:27:04,614 [INFO] IPUIPlugin:80 - create IPUIPlugin
2026-05-06 10:27:04,614 [INFO] PluginManager:220 - loadIPPluginJar : add dma
2026-05-06 10:27:04,618 [INFO] IPUIPlugin:80 - create IPUIPlugin
2026-05-06 10:27:04,618 [INFO] PluginManager:220 - loadIPPluginJar : add dma3
2026-05-06 10:27:04,621 [INFO] IPUIPlugin:80 - create IPUIPlugin
2026-05-06 10:27:04,621 [INFO] PluginManager:220 - loadIPPluginJar : add extmemmanager
2026-05-06 10:27:04,623 [INFO] IPUIPlugin:80 - create IPUIPlugin
2026-05-06 10:27:04,623 [INFO] PluginManager:220 - loadIPPluginJar : add fatfs
2026-05-06 10:27:04,628 [INFO] IPUIPlugin:80 - create IPUIPlugin
2026-05-06 10:27:04,628 [INFO] PluginManager:220 - loadIPPluginJar : add fmc
2026-05-06 10:27:04,636 [INFO] IPUIPlugin:80 - create IPUIPlugin
2026-05-06 10:27:04,636 [INFO] PluginManager:220 - loadIPPluginJar : add freertos
2026-05-06 10:27:04,638 [INFO] IPUIPlugin:80 - create IPUIPlugin
2026-05-06 10:27:04,638 [INFO] PluginManager:220 - loadIPPluginJar : add genericplugin
2026-05-06 10:27:04,641 [INFO] IPUIPlugin:80 - create IPUIPlugin
2026-05-06 10:27:04,641 [INFO] PluginManager:220 - loadIPPluginJar : add gfxmmu
2026-05-06 10:27:04,646 [INFO] IPUIPlugin:80 - create IPUIPlugin
2026-05-06 10:27:04,646 [INFO] PluginManager:220 - loadIPPluginJar : add gic
2026-05-06 10:27:04,651 [INFO] IPUIPlugin:80 - create IPUIPlugin
2026-05-06 10:27:04,651 [INFO] PluginManager:220 - loadIPPluginJar : add gpio
2026-05-06 10:27:04,653 [INFO] IPUIPlugin:80 - create IPUIPlugin
2026-05-06 10:27:04,654 [INFO] PluginManager:220 - loadIPPluginJar : add gtzc
2026-05-06 10:27:04,657 [INFO] IPUIPlugin:80 - create IPUIPlugin
2026-05-06 10:27:04,657 [INFO] PluginManager:220 - loadIPPluginJar : add hash
2026-05-06 10:27:04,660 [INFO] IPUIPlugin:80 - create IPUIPlugin
2026-05-06 10:27:04,660 [INFO] PluginManager:220 - loadIPPluginJar : add i2c
2026-05-06 10:27:04,663 [INFO] IPUIPlugin:80 - create IPUIPlugin
2026-05-06 10:27:04,663 [INFO] PluginManager:220 - loadIPPluginJar : add i2s
2026-05-06 10:27:04,666 [INFO] IPUIPlugin:80 - create IPUIPlugin
2026-05-06 10:27:04,667 [INFO] PluginManager:220 - loadIPPluginJar : add i3c
2026-05-06 10:27:04,670 [INFO] IPUIPlugin:80 - create IPUIPlugin
2026-05-06 10:27:04,670 [INFO] PluginManager:220 - loadIPPluginJar : add ipddr
2026-05-06 10:27:04,678 [INFO] IPUIPlugin:80 - create IPUIPlugin
2026-05-06 10:27:04,678 [INFO] PluginManager:220 - loadIPPluginJar : add linkedlist
2026-05-06 10:27:04,681 [INFO] IPUIPlugin:80 - create IPUIPlugin
2026-05-06 10:27:04,681 [INFO] PluginManager:220 - loadIPPluginJar : add lorawan
2026-05-06 10:27:04,683 [INFO] IPUIPlugin:80 - create IPUIPlugin
2026-05-06 10:27:04,683 [INFO] PluginManager:220 - loadIPPluginJar : add ltdc
2026-05-06 10:27:04,688 [INFO] IPUIPlugin:80 - create IPUIPlugin
2026-05-06 10:27:04,689 [INFO] PluginManager:220 - loadIPPluginJar : add mdma
2026-05-06 10:27:04,692 [INFO] IPUIPlugin:80 - create IPUIPlugin
2026-05-06 10:27:04,693 [INFO] PluginManager:220 - loadIPPluginJar : add nvic
2026-05-06 10:27:04,696 [INFO] IPUIPlugin:80 - create IPUIPlugin
2026-05-06 10:27:04,696 [INFO] PluginManager:220 - loadIPPluginJar : add opamp
2026-05-06 10:27:04,700 [INFO] IPUIPlugin:80 - create IPUIPlugin
2026-05-06 10:27:04,700 [INFO] PluginManager:220 - loadIPPluginJar : add openamp
2026-05-06 10:27:04,704 [INFO] IPUIPlugin:80 - create IPUIPlugin
2026-05-06 10:27:04,704 [INFO] PluginManager:220 - loadIPPluginJar : add pdm2pcm
2026-05-06 10:27:04,710 [INFO] IPUIPlugin:80 - create IPUIPlugin
2026-05-06 10:27:04,711 [INFO] PluginManager:220 - loadIPPluginJar : add plateformsettings
2026-05-06 10:27:04,714 [INFO] IPUIPlugin:80 - create IPUIPlugin
2026-05-06 10:27:04,714 [INFO] PluginManager:220 - loadIPPluginJar : add quadspi
2026-05-06 10:27:04,717 [INFO] IPUIPlugin:80 - create IPUIPlugin
2026-05-06 10:27:04,717 [INFO] PluginManager:220 - loadIPPluginJar : add radio
2026-05-06 10:27:04,722 [INFO] IPUIPlugin:80 - create IPUIPlugin
2026-05-06 10:27:04,722 [INFO] PluginManager:220 - loadIPPluginJar : add resmgrutility
2026-05-06 10:27:04,725 [INFO] IPUIPlugin:80 - create IPUIPlugin
2026-05-06 10:27:04,726 [INFO] PluginManager:220 - loadIPPluginJar : add sai
2026-05-06 10:27:04,729 [INFO] IPUIPlugin:80 - create IPUIPlugin
2026-05-06 10:27:04,729 [INFO] PluginManager:220 - loadIPPluginJar : add spi
2026-05-06 10:27:04,735 [INFO] IPUIPlugin:80 - create IPUIPlugin
2026-05-06 10:27:04,736 [INFO] PluginManager:220 - loadIPPluginJar : add stm32_wpan
2026-05-06 10:27:04,738 [INFO] IPUIPlugin:80 - create IPUIPlugin
2026-05-06 10:27:04,738 [INFO] PluginManager:220 - loadIPPluginJar : add tim
2026-05-06 10:27:04,743 [INFO] IPUIPlugin:80 - create IPUIPlugin
2026-05-06 10:27:04,743 [INFO] PluginManager:220 - loadIPPluginJar : add touchsensing
2026-05-06 10:27:04,746 [INFO] IPUIPlugin:80 - create IPUIPlugin
2026-05-06 10:27:04,746 [INFO] PluginManager:220 - loadIPPluginJar : add tracer_emb
2026-05-06 10:27:04,748 [INFO] IPUIPlugin:80 - create IPUIPlugin
2026-05-06 10:27:04,748 [INFO] PluginManager:220 - loadIPPluginJar : add ts
2026-05-06 10:27:04,750 [INFO] IPUIPlugin:80 - create IPUIPlugin
2026-05-06 10:27:04,751 [INFO] PluginManager:220 - loadIPPluginJar : add tsc
2026-05-06 10:27:04,753 [INFO] IPUIPlugin:80 - create IPUIPlugin
2026-05-06 10:27:04,753 [INFO] PluginManager:220 - loadIPPluginJar : add ucpd
2026-05-06 10:27:04,757 [INFO] IPUIPlugin:80 - create IPUIPlugin
2026-05-06 10:27:04,757 [INFO] PluginManager:220 - loadIPPluginJar : add usart
2026-05-06 10:27:04,760 [INFO] IPUIPlugin:80 - create IPUIPlugin
2026-05-06 10:27:04,760 [INFO] PluginManager:220 - loadIPPluginJar : add usbx
2026-05-06 10:27:04,889 [FATAL] Updater:351 - Updater called before beeing initialized
2026-05-06 10:27:04,934 [INFO] RulesReader:64 - Compatibility file has been processed (317 Rules)
2026-05-06 10:27:04,950 [INFO] RulesReader:64 - Compatibility file has been processed (317 Rules)
2026-05-06 10:27:04,959 [INFO] CADModel:165 - CPN selected for project level
2026-05-06 10:27:04,959 [INFO] CADModel:114 - Register for checkConnection events
2026-05-06 10:27:04,959 [FATAL] Updater:351 - Updater called before beeing initialized
2026-05-06 10:27:04,959 [ERROR] CADModel:125 - Updater not yet initialized, retry later 
2026-05-06 10:27:05,173 [FATAL] Updater:351 - Updater called before beeing initialized
2026-05-06 10:27:05,176 [INFO] CADModel:165 - CPN selected for project level
2026-05-06 10:27:05,176 [INFO] CADModel:114 - Register for checkConnection events
2026-05-06 10:27:05,176 [FATAL] Updater:351 - Updater called before beeing initialized
2026-05-06 10:27:05,176 [ERROR] CADModel:125 - Updater not yet initialized, retry later 
2026-05-06 10:27:05,180 [FATAL] Updater:351 - Updater called before beeing initialized
2026-05-06 10:27:05,317 [FATAL] Updater:351 - Updater called before beeing initialized
2026-05-06 10:27:05,321 [INFO] DbMcusAds:53 - JSON generation date=Mon Apr 27 13:44:29 IST 2026 (1777277669683)
2026-05-06 10:27:05,322 [FATAL] Updater:351 - Updater called before beeing initialized
2026-05-06 10:27:05,378 [WARN] DetailPanel:346 - Failed to get advertising image, set to default
2026-05-06 10:27:05,507 [FATAL] Updater:351 - Updater called before beeing initialized
2026-05-06 10:27:05,510 [FATAL] Updater:351 - Updater called before beeing initialized
2026-05-06 10:27:05,510 [FATAL] Updater:351 - Updater called before beeing initialized
2026-05-06 10:27:05,510 [WARN] DetailPanel:346 - Failed to get advertising image, set to default
2026-05-06 10:27:05,511 [FATAL] Updater:351 - Updater called before beeing initialized
2026-05-06 10:27:05,561 [ERROR] Updater:1198 - MainUpdater not yet initialized. External WinMGr cannot be set.
2026-05-06 10:27:05,563 [INFO] Updater:1134 - Updater Version found : 6.15.0
2026-05-06 10:27:05,580 [INFO] ApplicationProperties:184 - Using Application install path: C:\ST\STM32CubeIDE_1.19.0\STM32CubeIDE\plugins\com.st.stm32cube.common.mx_6.15.0.202507011659
2026-05-06 10:27:05,927 [INFO] MainUpdater:2872 - connection check result : 10
2026-05-06 10:27:05,929 [INFO] MainUpdater:289 - Updater Check For Update Now.
2026-05-06 10:27:05,929 [INFO] MicroXplorer:498 - Change Database Version : DB.6.0.150
2026-05-06 10:27:05,938 [INFO] McuFinderGlobals:63 - Set McuFinder mode to 2 (CubeIDE integrated)
2026-05-06 10:27:05,938 [INFO] UserAuth:171 - activating auth plugin
2026-05-06 10:27:05,943 [INFO] UserAuth:487 - Internet connection configuration mode: 1
2026-05-06 10:27:05,974 [INFO] JxBrowserEngine:152 - Initiate JxBrowser Engine with user profile folder
2026-05-06 10:27:06,135 [INFO] CheckServerUpdateThread:120 - End of CheckServer Thread
2026-05-06 10:27:06,939 [INFO] WebApp:169 - Instantiating new browser for Auth
2026-05-06 10:27:07,403 [WARN] PackLoader:240 - Cannot read IP mode file for STMicroelectronics.X-CUBE-AZRTOS-H7.3.5.0
2026-05-06 10:27:07,421 [WARN] PackLoader:240 - Cannot read IP mode file for STMicroelectronics.FP-ATR-ASTRA1.2.0.2
2026-05-06 10:27:07,440 [WARN] PackLoader:240 - Cannot read IP mode file for STMicroelectronics.X-CUBE-SMBUS.2.1.0
2026-05-06 10:27:07,444 [INFO] McuFinderGlobals:63 - Set McuFinder mode to 2 (CubeIDE integrated)
2026-05-06 10:27:07,451 [INFO] MainUpdater:2872 - connection check result : 10
2026-05-06 10:27:07,478 [WARN] PackLoader:240 - Cannot read IP mode file for STMicroelectronics.X-CUBE-AZRTOS-F7.1.1.0
2026-05-06 10:27:07,490 [WARN] PackLoader:240 - Cannot read IP mode file for STMicroelectronics.FP-SNS-MOTENV1.5.1.0
2026-05-06 10:27:07,510 [WARN] PackLoader:240 - Cannot read IP mode file for WES.I-CUBE-Cesium.1.4.0
2026-05-06 10:27:07,521 [WARN] PackLoader:240 - Cannot read IP mode file for STMicroelectronics.X-CUBE-DISPLAY.3.0.0
2026-05-06 10:27:07,541 [WARN] PackLoader:240 - Cannot read IP mode file for STMicroelectronics.X-CUBE-GNSS1.7.1.1
2026-05-06 10:27:07,549 [WARN] PackLoader:240 - Cannot read IP mode file for STMicroelectronics.FP-SNS-MOTENVWB1.1.5.0
2026-05-06 10:27:07,559 [WARN] PackLoader:240 - Cannot read IP mode file for STMicroelectronics.X-CUBE-NFC10.1.0.0
2026-05-06 10:27:07,572 [WARN] PackLoader:240 - Cannot read IP mode file for STMicroelectronics.X-CUBE-ST60.1.1.0
2026-05-06 10:27:07,586 [WARN] PackLoader:240 - Cannot read IP mode file for emotas.I-CUBE-CANOPEN.1.3.0
2026-05-06 10:27:07,596 [WARN] PackLoader:240 - Cannot read IP mode file for STMicroelectronics.X-CUBE-GNSS1.7.1.0
2026-05-06 10:27:07,612 [WARN] PackLoader:240 - Cannot read IP mode file for STMicroelectronics.FP-SNS-STBOX1.2.1.0
2026-05-06 10:27:07,631 [WARN] PackLoader:240 - Cannot read IP mode file for STMicroelectronics.FP-SNS-SMARTAG2.1.2.0
2026-05-06 10:27:07,643 [WARN] PackLoader:240 - Cannot read IP mode file for STMicroelectronics.FP-SNS-FLIGHT1.5.1.0
2026-05-06 10:27:07,658 [INFO] LogOutputStream:77 - [STDOUT_REDIRECT] 1 : Invalid condition id : UX_CORESTACK_Condition cause : null
2026-05-06 10:27:07,659 [INFO] LogOutputStream:77 - [STDOUT_REDIRECT] 1 : Invalid condition id : UX_CORESTACK_Condition cause : null
2026-05-06 10:27:07,663 [INFO] LogOutputStream:77 - [STDOUT_REDIRECT] 1 : Invalid condition id : UX_CORESTACK_Condition cause : null
2026-05-06 10:27:07,664 [INFO] LogOutputStream:77 - [STDOUT_REDIRECT] 1 : Invalid condition id : UX_CORESTACK_Condition cause : null
2026-05-06 10:27:07,665 [INFO] LogOutputStream:77 - [STDOUT_REDIRECT] 1 : Invalid condition id : UX_CORESTACK_Condition cause : null
2026-05-06 10:27:07,669 [WARN] PackLoader:240 - Cannot read IP mode file for STMicroelectronics.X-CUBE-AZRTOS-WL.2.0.0
2026-05-06 10:27:07,700 [WARN] PackLoader:240 - Cannot read IP mode file for STMicroelectronics.X-CUBE-AZRTOS-H7RS.1.2.0
2026-05-06 10:27:07,719 [WARN] PackLoader:240 - Cannot read IP mode file for STMicroelectronics.X-CUBE-BLE2.3.3.0
2026-05-06 10:27:07,797 [WARN] PackLoader:240 - Cannot read IP mode file for Infineon.AIROC-Wi-Fi-Bluetooth-STM32.1.8.0
2026-05-06 10:27:07,818 [WARN] PackLoader:240 - Cannot read IP mode file for STMicroelectronics.X-CUBE-NFC9.1.0.0
2026-05-06 10:27:07,831 [WARN] PackLoader:240 - Cannot read IP mode file for STMicroelectronics.X-CUBE-BLE1.7.1.0
2026-05-06 10:27:07,840 [WARN] PackLoader:240 - Cannot read IP mode file for wolfSSL.I-CUBE-wolfMQTT.1.19.2
2026-05-06 10:27:07,854 [WARN] PackLoader:240 - Cannot read IP mode file for STMicroelectronics.X-CUBE-EEPRMA1.5.2.0
2026-05-06 10:27:07,864 [WARN] PackLoader:240 - Cannot read IP mode file for wolfSSL.I-CUBE-wolfSSL.5.8.4
2026-05-06 10:27:07,873 [WARN] PackLoader:240 - Cannot read IP mode file for Cesanta.I-CUBE-Mongoose.7.20.0
2026-05-06 10:27:07,882 [WARN] PackLoader:240 - Cannot read IP mode file for STMicroelectronics.FP-SNS-STAIOTCFT.1.1.0
2026-05-06 10:27:07,946 [WARN] PackLoader:240 - Cannot read IP mode file for STMicroelectronics.X-CUBE-MEMS1.12.0.0
2026-05-06 10:27:08,067 [WARN] PackLoader:240 - Cannot read IP mode file for STMicroelectronics.X-CUBE-AZRTOS-G0.1.1.0
2026-05-06 10:27:08,078 [WARN] PackLoader:240 - Cannot read IP mode file for STMicroelectronics.X-CUBE-NFC4.3.0.0
2026-05-06 10:27:08,092 [WARN] PackLoader:240 - Cannot read IP mode file for EmbeddedOffice.I-CUBE-FS-RTOS.1.0.1
2026-05-06 10:27:08,119 [WARN] PackLoader:240 - Cannot read IP mode file for STMicroelectronics.X-CUBE-WB05N.2.0.0
2026-05-06 10:27:08,134 [WARN] PackLoader:240 - Cannot read IP mode file for wolfSSL.I-CUBE-wolfTPM.3.8.0
2026-05-06 10:27:08,146 [WARN] PackLoader:240 - Cannot read IP mode file for STMicroelectronics.X-CUBE-TCPP.4.2.0
2026-05-06 10:27:08,159 [WARN] PackLoader:240 - Cannot read IP mode file for RealThread.X-CUBE-RT-Thread_Nano.4.1.1
2026-05-06 10:27:08,167 [WARN] PackLoader:240 - Cannot read IP mode file for STMicroelectronics.FP-ATR-SIGFOX1.3.2.0
2026-05-06 10:27:08,185 [WARN] PackLoader:240 - Cannot read IP mode file for STMicroelectronics.X-CUBE-FREERTOS.1.5.0
2026-05-06 10:27:08,197 [WARN] PackLoader:240 - Cannot read IP mode file for ITTIA_DB.I-CUBE-ITTIADB.8.9.0
2026-05-06 10:27:08,210 [WARN] PackLoader:240 - Cannot read IP mode file for STMicroelectronics.X-CUBE-NFC6.3.2.0
2026-05-06 10:27:08,222 [WARN] PackLoader:240 - Cannot read IP mode file for STMicroelectronics.X-CUBE-AI.10.2.0
2026-05-06 10:27:08,339 [WARN] PackLoader:240 - Cannot read IP mode file for STMicroelectronics.X-CUBE-MEMS1.12.1.0
2026-05-06 10:27:08,514 [WARN] PackLoader:240 - Cannot read IP mode file for SEGGER.I-CUBE-embOS.1.3.1
2026-05-06 10:27:08,586 [WARN] PackLoader:240 - Cannot read IP mode file for STMicroelectronics.X-CUBE-ALGOBUILD.1.4.0
2026-05-06 10:27:08,599 [WARN] PackLoader:240 - Cannot read IP mode file for STMicroelectronics.X-CUBE-PM33A1.1.0.0
2026-05-06 10:27:08,660 [WARN] PackLoader:240 - Cannot read IP mode file for STMicroelectronics.X-CUBE-AZRTOS-F4.1.1.0
2026-05-06 10:27:08,675 [WARN] PackLoader:240 - Cannot read IP mode file for STMicroelectronics.X-CUBE-ISPU.2.1.0
2026-05-06 10:27:08,722 [WARN] PackLoader:240 - Cannot read IP mode file for STMicroelectronics.X-CUBE-IPS.3.2.0
2026-05-06 10:27:08,750 [WARN] PackLoader:240 - Cannot read IP mode file for STMicroelectronics.eDS-WB_DPC_TT-BIDIR.2.1.1
2026-05-06 10:27:08,761 [WARN] PackLoader:240 - Cannot read IP mode file for STMicroelectronics.X-CUBE-NFC12.1.0.0
2026-05-06 10:27:08,782 [WARN] PackLoader:240 - Cannot read IP mode file for STMicroelectronics.X-CUBE-AZRTOS-L5.2.0.0
2026-05-06 10:27:08,794 [WARN] PackLoader:240 - Cannot read IP mode file for STMicroelectronics.eDS-WB_DPC_VIENNA.1.2.0
2026-05-06 10:27:08,806 [WARN] PackLoader:240 - Cannot read IP mode file for STMicroelectronics.eDS-WB_DPC_3PH2L-BIDIR.1.1.1
2026-05-06 10:27:08,816 [ERROR] Engine:466 - C:\Users\jahna\.stm32cubemx\thirdparties\pdsc\STMicroelectronics.X-CUBE-ST67W61.1.3.0.pdsc: PDSC version is not supported
2026-05-06 10:27:08,816 [INFO] ApiDb:581 - Connected to CubeFinder SQLite database (C:\Users\jahna\.stmcufinder\plugins\mcufinder\mcu\cube-finder-db.db)
2026-05-06 10:27:08,826 [WARN] PackLoader:240 - Cannot read IP mode file for STMicroelectronics.X-CUBE-TOUCHGFX.4.26.1
2026-05-06 10:27:08,843 [WARN] PackLoader:240 - Cannot read IP mode file for STMicroelectronics.FP-SNS-STAIOTCFT.1.0.0
2026-05-06 10:27:08,853 [WARN] PackLoader:240 - Cannot read IP mode file for STMicroelectronics.X-CUBE-DPower.1.3.0
2026-05-06 10:27:08,878 [WARN] ConditionMgr:438 - getConditionDescription Invalid condition id : LAN8742 Phy interface Condition cause : null
2026-05-06 10:27:08,879 [WARN] PackLoader:240 - Cannot read IP mode file for STMicroelectronics.X-CUBE-AZRTOS-L4.2.0.0
2026-05-06 10:27:08,881 [WARN] ConditionMgr:1044 - genDependencies : Invalid condition id : LAN8742 Phy interface Condition cause : null
2026-05-06 10:27:08,881 [WARN] ConditionMgr:1044 - genDependencies : Invalid condition id : LAN8742 Phy interface Condition cause : null
2026-05-06 10:27:08,882 [WARN] ConditionMgr:1044 - genDependencies : Invalid condition id : LAN8742 Phy interface Condition cause : null
2026-05-06 10:27:08,894 [WARN] PackLoader:240 - Cannot read IP mode file for STMicroelectronics.X-CUBE-SFXS2LP1.4.0.0
2026-05-06 10:27:08,901 [WARN] PackLoader:240 - Cannot read IP mode file for STMicroelectronics.X-CUBE-WB05N.2.1.0
2026-05-06 10:27:08,911 [WARN] PackLoader:240 - Cannot read IP mode file for STMicroelectronics.X-CUBE-ST67W61.1.2.0
2026-05-06 10:27:08,927 [WARN] PackLoader:240 - Cannot read IP mode file for STMicroelectronics.X-CUBE-BLEMGR.4.1.0
2026-05-06 10:27:08,947 [WARN] ConditionMgr:438 - getConditionDescription Invalid condition id : UX DEVICE CLASS RTOS Condition cause : null
2026-05-06 10:27:08,947 [WARN] ConditionMgr:438 - getConditionDescription Invalid condition id : UX DEVICE CLASS RTOS Condition cause : null
2026-05-06 10:27:08,950 [WARN] PackLoader:240 - Cannot read IP mode file for STMicroelectronics.X-CUBE-AZRTOS-WB.2.0.0
2026-05-06 10:27:08,951 [WARN] ConditionMgr:1044 - genDependencies : Invalid condition id : UX DEVICE CLASS RTOS Condition cause : null
2026-05-06 10:27:08,951 [WARN] ConditionMgr:1044 - genDependencies : Invalid condition id : UX DEVICE CLASS RTOS Condition cause : null
2026-05-06 10:27:08,953 [WARN] ConditionMgr:1044 - genDependencies : Invalid condition id : UX DEVICE CLASS RTOS Condition cause : null
2026-05-06 10:27:08,954 [WARN] ConditionMgr:1044 - genDependencies : Invalid condition id : UX DEVICE CLASS RTOS Condition cause : null
2026-05-06 10:27:08,954 [WARN] ConditionMgr:1044 - genDependencies : Invalid condition id : UX DEVICE CLASS RTOS Condition cause : null
2026-05-06 10:27:08,964 [WARN] ConditionMgr:438 - getConditionDescription Invalid condition id : Cortex-A Device cause : null
2026-05-06 10:27:08,988 [WARN] ConditionMgr:1044 - genDependencies : Invalid condition id : Cortex-A Device cause : null
2026-05-06 10:27:08,988 [WARN] ConditionMgr:1044 - genDependencies : Invalid condition id : Cortex-A Device cause : null
2026-05-06 10:27:08,988 [WARN] ConditionMgr:1044 - genDependencies : Invalid condition id : Cortex-A Device cause : null
2026-05-06 10:27:08,998 [WARN] PackLoader:240 - Cannot read IP mode file for STMicroelectronics.X-CUBE-STSE01.2.0.0
2026-05-06 10:27:09,013 [WARN] PackLoader:240 - Cannot read IP mode file for STMicroelectronics.X-CUBE-SUBG2.5.0.0
2026-05-06 10:27:09,041 [WARN] PackLoader:240 - Cannot read IP mode file for STMicroelectronics.X-CUBE-AZRTOS-G4.2.0.0
2026-05-06 10:27:09,049 [INFO] WebApp:463 - Apply proxy settings
2026-05-06 10:27:09,050 [INFO] WebApp:548 - Chromium requires no authentication
2026-05-06 10:27:09,051 [WARN] PackLoader:240 - Cannot read IP mode file for wolfSSL.I-CUBE-wolfSSH.1.4.20
2026-05-06 10:27:09,058 [WARN] PackLoader:240 - Cannot read IP mode file for STMicroelectronics.X-CUBE-NFC7.2.0.0
2026-05-06 10:27:09,066 [WARN] PackLoader:240 - Cannot read IP mode file for STMicroelectronics.X-CUBE-ALS.1.0.2
2026-05-06 10:27:09,079 [WARN] PackLoader:240 - Cannot read IP mode file for STMicroelectronics.X-CUBE-TOF1.3.4.3
2026-05-06 10:27:09,079 [INFO] WebApp:491 - Direct internet connection detected
2026-05-06 10:27:09,104 [INFO] ThirdParty:978 - Integrity check success = true
2026-05-06 10:27:09,105 [INFO] IntegrityCheckThread:100 - exiting critical section [integrity check]
2026-05-06 10:27:09,105 [INFO] IntegrityCheckThread:103 - End integrity checks thread
2026-05-06 10:27:09,164 [INFO] ApiDb:668 - CubeFinder database Data Model version=2.1
2026-05-06 10:27:09,164 [INFO] ApiDb:669 - CubeFinder database Configuration version=3.0.42
2026-05-06 10:27:09,166 [INFO] ApiDb:670 - CubeFinder database generation date=2026-03-11 (1773229989)
2026-05-06 10:27:09,166 [INFO] ApiDb:671 - CubeFinder database FW Pack versions=[FP-ATR-ASTRA1_V2.0.0, FP-SNS-FLIGHT1_V5.1.0, FP-SNS-MOTENV1_V5.1.0, FP-SNS-MOTENVWB1_V1.5.0, FP-SNS-SMARTAG2_V1.2.0, FP-SNS-STBOX1_V2.1.0, STM32Cube_FW_C0_V1.4.0, STM32Cube_FW_F4_V1.28.3, STM32Cube_FW_F7_V1.17.4, STM32Cube_FW_G0_V1.6.3, STM32Cube_FW_G4_V1.6.2, STM32Cube_FW_H5_V1.6.0, STM32Cube_FW_H7RS_V1.3.0, STM32Cube_FW_H7_V1.13.0, STM32Cube_FW_L0_V1.12.2, STM32Cube_FW_L4_V1.18.2, STM32Cube_FW_L5_V1.6.0, STM32Cube_FW_N6_V1.3.0, STM32Cube_FW_U0_V1.3.0, STM32Cube_FW_U3_V1.3.0, STM32Cube_FW_U5_V1.8.0, STM32Cube_FW_WB0_V1.4.0, STM32Cube_FW_WBA_V1.9.0, STM32Cube_FW_WB_V1.24.0, STM32Cube_FW_WL3_V1.4.0, STM32Cube_FW_WL_V1.5.0, X-CUBE-ALGOBUILD_V1.4.0, X-CUBE-ALS_V1.0.2, X-CUBE-AZRTOS-F4_V1.1.0, X-CUBE-AZRTOS-F7_V1.1.0, X-CUBE-AZRTOS-G0_V1.1.0, X-CUBE-AZRTOS-G4_V2.0.0, X-CUBE-AZRTOS-H7RS_V1.1.0, X-CUBE-AZRTOS-H7_V3.4.0, X-CUBE-AZRTOS-L4_V2.0.0, X-CUBE-AZRTOS-L5_V2.0.0, X-CUBE-AZRTOS-WB_V2.0.0, X-CUBE-AZRTOS-WL_V2.0.0, X-CUBE-BLE1_V7.1.0, X-CUBE-BLE2_V3.3.0, X-CUBE-BLEMGR_V4.1.0, X-CUBE-EEPRMA1_V5.2.0, X-CUBE-FREERTOS_V1.5.0, X-CUBE-GNSS1_V6.0.0, X-CUBE-MEMS1_V12.0.0, X-CUBE-NFC4_V3.0.0, X-CUBE-NFC7_V2.0.0, X-CUBE-SFXS2LP1_V4.0.0, X-CUBE-ST67W61_V1.2.0, X-CUBE-SUBG2_V5.0.0, X-CUBE-TOF1_V3.4.3]
2026-05-06 10:27:09,205 [INFO] WebApp:900 - Register for checkConnection events
2026-05-06 10:27:09,205 [INFO] WebApp:463 - Apply proxy settings
2026-05-06 10:27:09,205 [INFO] WebApp:548 - Chromium requires no authentication
2026-05-06 10:27:09,207 [INFO] WebApp:491 - Direct internet connection detected
2026-05-06 10:27:09,464 [INFO] WebApp:191 - Connection restablished
2026-05-06 10:27:09,552 [INFO] WebApp:225 - Starting web application
2026-05-06 10:27:09,552 [INFO] WebApp:593 - Web application path used C:\ST\STM32CubeIDE_1.19.0\STM32CubeIDE\plugins\com.st.stm32cube.common.mx_6.15.0.202507011659\db\plugins\mcufinder\reactClient1\index.html
2026-05-06 10:27:13,081 [INFO] ApiDb:240 - Found 880 in-development CPN: [B-G473E-ZEST1S, B-WB1M-WPAN1, B-WBA5M-WPAN, B-WL5M-SUBG1, NUCLEO-C031C6, NUCLEO-C051C8, NUCLEO-C071RB, NUCLEO-C092RC, NUCLEO-H503RB, NUCLEO-H533RE, NUCLEO-H563ZI, NUCLEO-H7S3L8, NUCLEO-N657X0-Q, NUCLEO-U031R8, NUCLEO-U083RC, NUCLEO-U385RG-Q, NUCLEO-U545RE-Q, NUCLEO-U5A5ZJ-Q, NUCLEO-WB05KZ, NUCLEO-WB07CC, NUCLEO-WB09KE, NUCLEO-WBA52CG, NUCLEO-WBA55CG, NUCLEO-WL33CC1, NUCLEO-WL33CC2, STEVAL-PROTEUS1, STEVAL-SMARTAG2, STEVAL-STWINBX1, STM320518-EVAL, STM32C0116-DK, STM32C011D6Y3TR, STM32C011D6Y6TR, STM32C011F4P3, STM32C011F4P6, STM32C011F4U3, STM32C011F4U6TR, STM32C011F6P3, STM32C011F6P6, STM32C011F6U3, STM32C011F6U6TR, STM32C011J4M3, STM32C011J4M6, STM32C011J6M3, STM32C011J6M6, STM32C0316-DK, STM32C031C4T3, STM32C031C4T6, STM32C031C4U3, STM32C031C4U6, STM32C031C6T3, STM32C031C6T6, STM32C031C6U3, STM32C031C6U6, STM32C031F4P3, STM32C031F4P6, STM32C031F6P3, STM32C031F6P6, STM32C031G4U3, STM32C031G4U6, STM32C031G6U3, STM32C031G6U6, STM32C031K4T3, STM32C031K4T6, STM32C031K4U3, STM32C031K4U6, STM32C031K6T3, STM32C031K6T6, STM32C031K6U3, STM32C031K6U6, STM32C051C6T6, STM32C051C6U6, STM32C051C8T6, STM32C051C8U6, STM32C051D8Y6TR, STM32C051F6P6, STM32C051F8P6, STM32C051G6U6, STM32C051G8U6, STM32C051K6T6, STM32C051K6U6, STM32C051K8T6, STM32C071C8T6, STM32C071C8T6N, STM32C071C8U6, STM32C071C8U6N, STM32C071CBT6, STM32C071CBT6N, STM32C071CBU6, STM32C071CBU6N, STM32C071F8P6, STM32C071F8P6N, STM32C071FBP6, STM32C071FBP6N, STM32C071FBY6TR, STM32C071G8U6, STM32C071G8U6N, STM32C071GBU6, STM32C071GBU6N, STM32C071K8T6, STM32C071K8T6N, STM32C071K8U6, STM32C071K8U6N, STM32C071KBT6, STM32C071KBT6N, STM32C071KBU6, STM32C071KBU6N, STM32C071R8T6, STM32C071R8T6N, STM32C071RBI6N, STM32C071RBT6, STM32C071RBT6N, STM32C091CBT6, STM32C091CBU6, STM32C091CCT6, STM32C091CCU6, STM32C091ECY6TR, STM32C091FBP6, STM32C091FCP6, STM32C091GBU6, STM32C091GCU6, STM32C091KBT6, STM32C091KBU6, STM32C091KCT6, STM32C091KCU6, STM32C091RBT6, STM32C091RCI6, STM32C091RCT6, STM32C092CBT6, STM32C092CBU6, STM32C092CCT6, STM32C092CCU6, STM32C092ECY6TR, STM32C092FBP6, STM32C092FCP6, STM32C092GBU6, STM32C092GCU6, STM32C092KBT6, STM32C092KBU6, STM32C092KCT6, STM32C092KCU6, STM32C092RBT6, STM32C092RCI6, STM32C092RCT6, STM32G071K8TXN, STM32G071K8UXN, STM32G081GBU6N, STM32G081KBT6N, STM32G081KBUXN, STM32G0B1CCT6N, STM32G0B1KCT6, STM32G0B1NEY6TR, STM32G0B1RCT6N, STM32G0C1CCT6, STM32G0C1CCT6N, STM32G0C1CCU6N, STM32G0C1CET6N, STM32G0C1CEU6N, STM32G0C1KCT6, STM32G0C1NEY6TR, STM32G0C1RCI6N, STM32G0C1RCT6N, STM32G0C1REI6N, STM32G0C1RET6N, STM32G0C1VCI6, STM32G0C1VEI6, STM32G411C6T3, STM32G411C6T6, STM32G411C6U3, STM32G411C6U6, STM32G411C8T3, STM32G411C8T6, STM32G411C8U3, STM32G411C8U6, STM32G411CBT3, STM32G411CBT6, STM32G411CBU3, STM32G411CBU6, STM32G411K6T3, STM32G411K6T6, STM32G411K6U3, STM32G411K6U6, STM32G411K8T3, STM32G411K8T6, STM32G411K8U3, STM32G411K8U6, STM32G411KBT3, STM32G411KBT6, STM32G411KBU3, STM32G411KBU6, STM32G411M6T3, STM32G411M6T6, STM32G411M8T3, STM32G411M8T6, STM32G411MBT3, STM32G411MBT6, STM32G411R6T3, STM32G411R6T6, STM32G411R8T3, STM32G411R8T6, STM32G411RBT3, STM32G411RBT6, STM32G414CBT3, STM32G414CBT6, STM32G414CBU3, STM32G414CBU6, STM32G414CCT3, STM32G414CCT6, STM32G414CCU3, STM32G414CCU6, STM32G414MBT3, STM32G414MBT6, STM32G414MCT3, STM32G414MCT6, STM32G414RBT3, STM32G414RBT6, STM32G414RCT3, STM32G414RCT6, STM32G414VBT3, STM32G414VBT6, STM32G414VCT3, STM32G414VCT6, STM32G431CBT3Z, STM32G431RBT3Z, STM32G471CCT6, STM32G471CCU6, STM32G471CET3, STM32G471CET6, STM32G471CEU3, STM32G471CEU6, STM32G471MCT6, STM32G471MET3, STM32G471MET6, STM32G471MEY6TR, STM32G471QCT6, STM32G471QET3, STM32G471RCT6, STM32G471RET3, STM32G471RET6, STM32G471VCH6, STM32G471VCI6, STM32G471VCT6, STM32G471VEH3, STM32G471VEH6, STM32G471VEI3, STM32G471VEI6, STM32G471VET3, STM32G471VET6, STM32G473QET3Z, STM32G473RET3Z, STM32G474CCT6, STM32G491RET3Z, STM32H503CBT6, STM32H503CBU6, STM32H503EBY6TR, STM32H503KBU6, STM32H503RBT6, STM32H523CCT6, STM32H523CCU6, STM32H523CET6, STM32H523CEU6, STM32H523HEY6TR, STM32H523RCT6, STM32H523RET6, STM32H523VCI6, STM32H523VCT6, STM32H523VEI6, STM32H523VET6, STM32H523ZCJ6, STM32H523ZCT6, STM32H523ZEJ6, STM32H523ZET6, STM32H533CET6, STM32H533CEU6, STM32H533HEY6TR, STM32H533RET6, STM32H533VEI6, STM32H533VET6, STM32H533ZEJ6, STM32H533ZET6, STM32H562AGI6, STM32H562AII6, STM32H562IGK6, STM32H562IGT6, STM32H562IIK6, STM32H562IIT6, STM32H562RGT6, STM32H562RGV6, STM32H562RIT6, STM32H562RIV6, STM32H562VGT6, STM32H562VIT6, STM32H562ZGT6, STM32H562ZIT6, STM32H563AGI6, STM32H563AII3Q, STM32H563AII6, STM32H563IGK6, STM32H563IGT6, STM32H563IIK3Q, STM32H563IIK6, STM32H563IIT3Q, STM32H563IIT6, STM32H563MIY3QTR, STM32H563RGT6, STM32H563RGV6, STM32H563RIT6, STM32H563RIV6, STM32H563VGT6, STM32H563VIT3Q, STM32H563VIT6, STM32H563ZGT6, STM32H563ZIT3Q, STM32H563ZIT6, STM32H573AII3Q, STM32H573AII6, STM32H573I-DK, STM32H573IIK3Q, STM32H573IIK6, STM32H573IIT3Q, STM32H573IIT6, STM32H573MIY3QTR, STM32H573RIT6, STM32H573RIV6, STM32H573VIT3Q, STM32H573VIT6, STM32H573ZIT3Q, STM32H573ZIT6, STM32H7R3A8I6, STM32H7R3I8K6, STM32H7R3I8T6, STM32H7R3L8H6, STM32H7R3L8H6H, STM32H7R3R8V6, STM32H7R3V8H6, STM32H7R3V8T6, STM32H7R3V8Y6TR, STM32H7R3Z8J6, STM32H7R3Z8T6, STM32H7R7A8I6, STM32H7R7I8K6, STM32H7R7I8T6, STM32H7R7L8H6, STM32H7R7L8H6H, STM32H7R7Z8J6, STM32H7S3A8I6, STM32H7S3I8K6, STM32H7S3I8T6, STM32H7S3L8H6, STM32H7S3L8H6H, STM32H7S3R8V6, STM32H7S3V8H6, STM32H7S3V8T6, STM32H7S3V8Y6TR, STM32H7S3Z8J6, STM32H7S3Z8T6, STM32H7S78-DK, STM32H7S7A8I6, STM32H7S7I8K6, STM32H7S7I8T6, STM32H7S7L8H6, STM32H7S7L8H6H, STM32H7S7Z8J6, STM32L4R5QGI6STR, STM32MP131AAE3, STM32MP131AAF3, STM32MP131AAG3, STM32MP131CAE3, STM32MP131CAF3, STM32MP131CAG3, STM32MP131DAE7, STM32MP131DAF7, STM32MP131DAG7, STM32MP131FAE7, STM32MP131FAF7, STM32MP131FAG7, STM32MP133AAE3, STM32MP133AAF3, STM32MP133AAG3, STM32MP133CAE3, STM32MP133CAF3, STM32MP133CAG3, STM32MP133DAE7, STM32MP133DAF7, STM32MP133DAG7, STM32MP133FAE7, STM32MP133FAF7, STM32MP133FAG7, STM32MP135AAE3, STM32MP135AAF3, STM32MP135AAG3, STM32MP135CAE3, STM32MP135CAF3, STM32MP135CAG3, STM32MP135DAE7, STM32MP135DAF7, STM32MP135DAG7, STM32MP135F-DK, STM32MP135FAE7, STM32MP135FAF7, STM32MP135FAF7T, STM32MP135FAF7U, STM32MP135FAG7, STM32MP211AAL3, STM32MP211AAM3, STM32MP211AAN3, STM32MP211AAO3, STM32MP211CAL3, STM32MP211CAM3, STM32MP211CAN3, STM32MP211CAO3, STM32MP211DAL3, STM32MP211DAM3, STM32MP211DAN3, STM32MP211DAO3, STM32MP211FAL3, STM32MP211FAM3, STM32MP211FAN3, STM32MP211FAO3, STM32MP213AAL3, STM32MP213AAM3, STM32MP213AAN3, STM32MP213AAO3, STM32MP213CAL3, STM32MP213CAM3, STM32MP213CAN3, STM32MP213CAO3, STM32MP213DAL3, STM32MP213DAM3, STM32MP213DAN3, STM32MP213DAO3, STM32MP213FAL3, STM32MP213FAM3, STM32MP213FAN3, STM32MP213FAO3, STM32MP215AAL3, STM32MP215AAM3, STM32MP215AAN3, STM32MP215AAO3, STM32MP215CAL3, STM32MP215CAM3, STM32MP215CAN3, STM32MP215CAO3, STM32MP215DAL3, STM32MP215DAM3, STM32MP215DAN3, STM32MP215DAO3, STM32MP215F-DK, STM32MP215FAL3, STM32MP215FAM3, STM32MP215FAN3, STM32MP215FAO3, STM32MP231AAJ3, STM32MP231AAK3, STM32MP231AAL3, STM32MP231CAJ3, STM32MP231CAK3, STM32MP231CAL3, STM32MP231DAJ3, STM32MP231DAK3, STM32MP231DAL3, STM32MP231FAJ3, STM32MP231FAK3, STM32MP231FAL3, STM32MP233AAJ3, STM32MP233AAK3, STM32MP233AAL3, STM32MP233CAJ3, STM32MP233CAK3, STM32MP233CAL3, STM32MP233DAJ3, STM32MP233DAK3, STM32MP233DAL3, STM32MP233FAJ3, STM32MP233FAK3, STM32MP233FAL3, STM32MP235AAJ3, STM32MP235AAK3, STM32MP235AAL3, STM32MP235CAJ3, STM32MP235CAK3, STM32MP235CAL3, STM32MP235DAJ3, STM32MP235DAK3, STM32MP235DAL3, STM32MP235FAJ3, STM32MP235FAK3, STM32MP235FAL3, STM32MP251AAI3, STM32MP251AAK3, STM32MP251AAL3, STM32MP251CAI3, STM32MP251CAK3, STM32MP251CAL3, STM32MP251DAI3, STM32MP251DAK3, STM32MP251DAL3, STM32MP251FAI3, STM32MP251FAK3, STM32MP251FAL3, STM32MP253AAI3, STM32MP253AAK3, STM32MP253AAL3, STM32MP253CAI3, STM32MP253CAK3, STM32MP253CAL3, STM32MP253DAI3, STM32MP253DAK3, STM32MP253DAL3, STM32MP253FAI3, STM32MP253FAK3, STM32MP253FAL3, STM32MP255AAI3, STM32MP255AAK3, STM32MP255AAL3, STM32MP255CAI3, STM32MP255CAK3, STM32MP255CAL3, STM32MP255DAI3, STM32MP255DAK3, STM32MP255DAL3, STM32MP255FAI3, STM32MP255FAK3, STM32MP255FAL3, STM32MP257AAI3, STM32MP257AAK3, STM32MP257AAL3, STM32MP257CAI3, STM32MP257CAK3, STM32MP257CAL3, STM32MP257DAI3, STM32MP257DAK3, STM32MP257DAL3, STM32MP257F-DK, STM32MP257F-EV1, STM32MP257FAI3, STM32MP257FAK3, STM32MP257FAL3, STM32N645A0H3Q, STM32N645B0H3Q, STM32N645I0H3Q, STM32N645L0H3Q, STM32N645X0H3Q, STM32N645Z0H3Q, STM32N647A0H3Q, STM32N647B0H3Q, STM32N647I0H3Q, STM32N647L0H3Q, STM32N647X0H3Q, STM32N647Z0H3Q, STM32N655A0H3Q, STM32N655B0H3Q, STM32N655I0H3Q, STM32N655L0H3Q, STM32N655X0H3Q, STM32N655Z0H3Q, STM32N6570-DK, STM32N657A0H3Q, STM32N657B0H3Q, STM32N657I0H3Q, STM32N657L0H3Q, STM32N657X0H3Q, STM32N657Z0H3Q, STM32U031C6T6, STM32U031C6U6, STM32U031C8T6, STM32U031C8U6, STM32U031F4P6, STM32U031F6P6, STM32U031F8P6, STM32U031G6Y6TR, STM32U031G8Y6TR, STM32U031K4U6, STM32U031K6U6, STM32U031K8U6, STM32U031R6I6, STM32U031R6T6, STM32U031R8I6, STM32U031R8T6, STM32U073C8T6, STM32U073C8U6, STM32U073CBT6, STM32U073CBU6, STM32U073CCT6, STM32U073CCU6, STM32U073H8Y6TR, STM32U073HBY6TR, STM32U073HCY6TR, STM32U073K8U6, STM32U073KBU6, STM32U073KCU6, STM32U073M8I6, STM32U073M8T6, STM32U073MBI6, STM32U073MBT6, STM32U073MCI6, STM32U073MCT6, STM32U073R8I6, STM32U073R8T6, STM32U073RBI6, STM32U073RBT6, STM32U073RCI6, STM32U073RCT6, STM32U083C-DK, STM32U083CCT6, STM32U083CCU6, STM32U083HCY6TR, STM32U083KCU6, STM32U083MCI6, STM32U083MCT6, STM32U083RCI6, STM32U083RCT6, STM32U375CET6, STM32U375CET6Q, STM32U375CEU6, STM32U375CEU6Q, STM32U375CEY6QTR, STM32U375CGT6, STM32U375CGT6Q, STM32U375CGU6, STM32U375CGU6Q, STM32U375CGY6QTR, STM32U375KEU6, STM32U375KGU6, STM32U375REI6, STM32U375REI6Q, STM32U375RET6, STM32U375RET6Q, STM32U375REY6GTR, STM32U375REY6QTR, STM32U375RGI6, STM32U375RGI6Q, STM32U375RGT6, STM32U375RGT6Q, STM32U375RGY6GTR, STM32U375RGY6QTR, STM32U375VEI6, STM32U375VEI6Q, STM32U375VET6, STM32U375VET6Q, STM32U375VGI6, STM32U375VGI6Q, STM32U375VGT6, STM32U375VGT6Q, STM32U385CGT6, STM32U385CGT6Q, STM32U385CGU6, STM32U385CGU6Q, STM32U385CGY6QTR, STM32U385KGU6, STM32U385RGI6, STM32U385RGI6Q, STM32U385RGT6, STM32U385RGT6Q, STM32U385RGY6GTR, STM32U385RGY6QTR, STM32U385VGI6, STM32U385VGI6Q, STM32U385VGT6, STM32U385VGT6Q, STM32U535CBT6, STM32U535CBT6Q, STM32U535CBU6, STM32U535CBU6Q, STM32U535CCT6, STM32U535CCT6Q, STM32U535CCU6, STM32U535CCU6Q, STM32U535CET6, STM32U535CET6Q, STM32U535CEU6, STM32U535CEU6Q, STM32U535JEY6QTR, STM32U535NCY6QTR, STM32U535NEY6QTR, STM32U535RBI6, STM32U535RBI6Q, STM32U535RBT6, STM32U535RBT6Q, STM32U535RCI6, STM32U535RCI6Q, STM32U535RCT6, STM32U535RCT6Q, STM32U535REI6, STM32U535REI6Q, STM32U535RET6, STM32U535RET6Q, STM32U535VCI6, STM32U535VCI6Q, STM32U535VCT6, STM32U535VCT6Q, STM32U535VEI6, STM32U535VEI6Q, STM32U535VET6, STM32U535VET6Q, STM32U545CET6, STM32U545CET6Q, STM32U545CEU6, STM32U545CEU6Q, STM32U545JEY6QTR, STM32U545NEY6QTR, STM32U545REI6, STM32U545REI6Q, STM32U545RET6, STM32U545RET6Q, STM32U545VEI6, STM32U545VEI6Q, STM32U545VET6, STM32U545VET6Q, STM32U595AIH6, STM32U595AIH6Q, STM32U595AJH6, STM32U595AJH6Q, STM32U595QII6, STM32U595QII6Q, STM32U595QJI6, STM32U595QJI6Q, STM32U595RIT6, STM32U595RIT6Q, STM32U595RJT6, STM32U595RJT6Q, STM32U595VIT6, STM32U595VIT6Q, STM32U595VJT6, STM32U595VJT6Q, STM32U595ZIT6, STM32U595ZIT6Q, STM32U595ZIY6QTR, STM32U595ZJT6, STM32U595ZJT6Q, STM32U595ZJY6QTR, STM32U599BJY6QTR, STM32U599NIH6Q, STM32U599NJH6Q, STM32U599VIT6Q, STM32U599VJT6, STM32U599VJT6Q, STM32U599ZIT6Q, STM32U599ZIY6QTR, STM32U599ZJT6Q, STM32U599ZJY6QTR, STM32U5A5AJH6, STM32U5A5AJH6Q, STM32U5A5QII3Q , STM32U5A5QJI6, STM32U5A5QJI6Q, STM32U5A5RJT6, STM32U5A5RJT6Q, STM32U5A5VJT6, STM32U5A5VJT6Q, STM32U5A5ZJT6, STM32U5A5ZJT6Q, STM32U5A5ZJY6QTR, STM32U5A9BJY6QTR, STM32U5A9J-DK, STM32U5A9NJH6Q, STM32U5A9VJT6Q, STM32U5A9ZJT6Q, STM32U5A9ZJY6QTR, STM32U5F7VIT6, STM32U5F7VIT6Q, STM32U5F7VJT6, STM32U5F7VJT6Q, STM32U5F9BJY6QTR, STM32U5F9NJH6Q, STM32U5F9VIT6Q, STM32U5F9VJT6Q, STM32U5F9ZIJ6QTR, STM32U5F9ZIT6Q, STM32U5F9ZJJ6QTR, STM32U5F9ZJT6Q, STM32U5G7VJT6, STM32U5G7VJT6Q, STM32U5G9BJY6QTR, STM32U5G9J-DK1, STM32U5G9J-DK2, STM32U5G9NJH6Q, STM32U5G9VJT6Q, STM32U5G9ZJJ6QTR, STM32U5G9ZJT6Q, STM32WB05KZV6TR, STM32WB05KZV7TR, STM32WB05TZF6TR, STM32WB05TZF7TR, STM32WB06CCF6TR, STM32WB06CCF7TR, STM32WB06CCV6TR, STM32WB06CCV7TR, STM32WB06KCV6TR, STM32WB06KCV7TR, STM32WB07CCF6TR, STM32WB07CCF7TR, STM32WB07CCV6TR, STM32WB07CCV7TR, STM32WB07KCV6TR, STM32WB07KCV7TR, STM32WB09KEV6TR, STM32WB09KEV7TR, STM32WB09TEF6TR, STM32WB09TEF7TR, STM32WB1MMCH6, STM32WBA50KGU6, STM32WBA50KGU6TR, STM32WBA52CEU6, STM32WBA52CEU6TR, STM32WBA52CEU7, STM32WBA52CEU7TR, STM32WBA52CGU6, STM32WBA52CGU6TR, STM32WBA52CGU6U, STM32WBA52CGU7, STM32WBA52CGU7TR, STM32WBA52KEU6, STM32WBA52KEU6TR, STM32WBA52KGU6, STM32WBA52KGU6TR, STM32WBA54CEU6, STM32WBA54CEU6TR, STM32WBA54CEU7, STM32WBA54CEU7TR, STM32WBA54CGU6, STM32WBA54CGU6TR, STM32WBA54CGU7, STM32WBA54CGU7TR, STM32WBA54KEU6, STM32WBA54KEU6TR, STM32WBA54KEU7, STM32WBA54KEU7TR, STM32WBA54KGU6, STM32WBA54KGU6TR, STM32WBA54KGU7, STM32WBA54KGU7TR, STM32WBA55CEU6, STM32WBA55CEU6TR, STM32WBA55CEU7, STM32WBA55CEU7TR, STM32WBA55CGU6, STM32WBA55CGU6TR, STM32WBA55CGU6U, STM32WBA55CGU7, STM32WBA55CGU7TR, STM32WBA55G-DK1, STM32WBA55HEF6, STM32WBA55HEF7, STM32WBA55HGF6, STM32WBA55HGF7, STM32WBA55UEI6, STM32WBA55UEI6TR, STM32WBA55UEI7, STM32WBA55UEI7TR, STM32WBA55UGI6, STM32WBA55UGI6TR, STM32WBA55UGI7, STM32WBA55UGI7TR, STM32WBA5MMGH6TR, STM32WBA62MGF6, STM32WBA62MIF6, STM32WBA65MGF7, STM32WBA65MIF6, STM32WBA65MIF7, STM32WL30K8V6, STM32WL30KBV6, STM32WL31C8V6, STM32WL31CBV6, STM32WL31K8V6, STM32WL31KBV6, STM32WL33C8V6, STM32WL33C8V6X, STM32WL33CBV6, STM32WL33CBV6X, STM32WL33CCV6, STM32WL33CCV6A, STM32WL33CCV6X, STM32WL33K8V7, STM32WL33K8V7X, STM32WL33KBV7 , STM32WL33KBV7X, STM32WL33KCV7, STM32WL33KCV7X, STM32WL5MOCH6, STM32WL5MOCH6TR]
2026-05-06 10:27:13,089 [INFO] DbMcus:218 - Found 5055 MCUs, 4968 are supported
2026-05-06 10:27:13,089 [INFO] ApiDb:423 - Load user favorites file C:\Users\jahna/.stm32cubeide/favorites.mcus.txt: 0 item(s)
2026-05-06 10:27:13,090 [INFO] ApiDb:427 - User favorites MCUs=[]
2026-05-06 10:27:13,090 [INFO] DbMcus:224 - Set 0 / 0 favorites MCUs
2026-05-06 10:27:13,718 [INFO] ApiDb:668 - CubeFinder database Data Model version=2.1
2026-05-06 10:27:13,718 [INFO] ApiDb:669 - CubeFinder database Configuration version=3.0.42
2026-05-06 10:27:13,718 [INFO] ApiDb:670 - CubeFinder database generation date=2026-03-11 (1773229989)
2026-05-06 10:27:13,719 [INFO] ApiDb:671 - CubeFinder database FW Pack versions=[FP-ATR-ASTRA1_V2.0.0, FP-SNS-FLIGHT1_V5.1.0, FP-SNS-MOTENV1_V5.1.0, FP-SNS-MOTENVWB1_V1.5.0, FP-SNS-SMARTAG2_V1.2.0, FP-SNS-STBOX1_V2.1.0, STM32Cube_FW_C0_V1.4.0, STM32Cube_FW_F4_V1.28.3, STM32Cube_FW_F7_V1.17.4, STM32Cube_FW_G0_V1.6.3, STM32Cube_FW_G4_V1.6.2, STM32Cube_FW_H5_V1.6.0, STM32Cube_FW_H7RS_V1.3.0, STM32Cube_FW_H7_V1.13.0, STM32Cube_FW_L0_V1.12.2, STM32Cube_FW_L4_V1.18.2, STM32Cube_FW_L5_V1.6.0, STM32Cube_FW_N6_V1.3.0, STM32Cube_FW_U0_V1.3.0, STM32Cube_FW_U3_V1.3.0, STM32Cube_FW_U5_V1.8.0, STM32Cube_FW_WB0_V1.4.0, STM32Cube_FW_WBA_V1.9.0, STM32Cube_FW_WB_V1.24.0, STM32Cube_FW_WL3_V1.4.0, STM32Cube_FW_WL_V1.5.0, X-CUBE-ALGOBUILD_V1.4.0, X-CUBE-ALS_V1.0.2, X-CUBE-AZRTOS-F4_V1.1.0, X-CUBE-AZRTOS-F7_V1.1.0, X-CUBE-AZRTOS-G0_V1.1.0, X-CUBE-AZRTOS-G4_V2.0.0, X-CUBE-AZRTOS-H7RS_V1.1.0, X-CUBE-AZRTOS-H7_V3.4.0, X-CUBE-AZRTOS-L4_V2.0.0, X-CUBE-AZRTOS-L5_V2.0.0, X-CUBE-AZRTOS-WB_V2.0.0, X-CUBE-AZRTOS-WL_V2.0.0, X-CUBE-BLE1_V7.1.0, X-CUBE-BLE2_V3.3.0, X-CUBE-BLEMGR_V4.1.0, X-CUBE-EEPRMA1_V5.2.0, X-CUBE-FREERTOS_V1.5.0, X-CUBE-GNSS1_V6.0.0, X-CUBE-MEMS1_V12.0.0, X-CUBE-NFC4_V3.0.0, X-CUBE-NFC7_V2.0.0, X-CUBE-SFXS2LP1_V4.0.0, X-CUBE-ST67W61_V1.2.0, X-CUBE-SUBG2_V5.0.0, X-CUBE-TOF1_V3.4.3]
2026-05-06 10:27:13,805 [INFO] DbBoardsSqlite:226 - include board P-NUCLEO-WB55-NUCLEO as a kit item of type 'Nucleo-64'
2026-05-06 10:27:13,805 [INFO] DbBoardsSqlite:226 - include board P-NUCLEO-WB55-USBDONGLE as a kit item of type 'Nucleo USB Dongle'
2026-05-06 10:27:13,805 [INFO] DbBoardsSqlite:226 - include board STEVAL-IDP005V1 as a kit item of type 'Evaluation Board'
2026-05-06 10:27:13,805 [INFO] DbBoardsSqlite:226 - include board STEVAL-IDP005V2 as a kit item of type 'Evaluation Board'
2026-05-06 10:27:13,934 [INFO] ApiDb:240 - Found 880 in-development CPN: [B-G473E-ZEST1S, B-WB1M-WPAN1, B-WBA5M-WPAN, B-WL5M-SUBG1, NUCLEO-C031C6, NUCLEO-C051C8, NUCLEO-C071RB, NUCLEO-C092RC, NUCLEO-H503RB, NUCLEO-H533RE, NUCLEO-H563ZI, NUCLEO-H7S3L8, NUCLEO-N657X0-Q, NUCLEO-U031R8, NUCLEO-U083RC, NUCLEO-U385RG-Q, NUCLEO-U545RE-Q, NUCLEO-U5A5ZJ-Q, NUCLEO-WB05KZ, NUCLEO-WB07CC, NUCLEO-WB09KE, NUCLEO-WBA52CG, NUCLEO-WBA55CG, NUCLEO-WL33CC1, NUCLEO-WL33CC2, STEVAL-PROTEUS1, STEVAL-SMARTAG2, STEVAL-STWINBX1, STM320518-EVAL, STM32C0116-DK, STM32C011D6Y3TR, STM32C011D6Y6TR, STM32C011F4P3, STM32C011F4P6, STM32C011F4U3, STM32C011F4U6TR, STM32C011F6P3, STM32C011F6P6, STM32C011F6U3, STM32C011F6U6TR, STM32C011J4M3, STM32C011J4M6, STM32C011J6M3, STM32C011J6M6, STM32C0316-DK, STM32C031C4T3, STM32C031C4T6, STM32C031C4U3, STM32C031C4U6, STM32C031C6T3, STM32C031C6T6, STM32C031C6U3, STM32C031C6U6, STM32C031F4P3, STM32C031F4P6, STM32C031F6P3, STM32C031F6P6, STM32C031G4U3, STM32C031G4U6, STM32C031G6U3, STM32C031G6U6, STM32C031K4T3, STM32C031K4T6, STM32C031K4U3, STM32C031K4U6, STM32C031K6T3, STM32C031K6T6, STM32C031K6U3, STM32C031K6U6, STM32C051C6T6, STM32C051C6U6, STM32C051C8T6, STM32C051C8U6, STM32C051D8Y6TR, STM32C051F6P6, STM32C051F8P6, STM32C051G6U6, STM32C051G8U6, STM32C051K6T6, STM32C051K6U6, STM32C051K8T6, STM32C071C8T6, STM32C071C8T6N, STM32C071C8U6, STM32C071C8U6N, STM32C071CBT6, STM32C071CBT6N, STM32C071CBU6, STM32C071CBU6N, STM32C071F8P6, STM32C071F8P6N, STM32C071FBP6, STM32C071FBP6N, STM32C071FBY6TR, STM32C071G8U6, STM32C071G8U6N, STM32C071GBU6, STM32C071GBU6N, STM32C071K8T6, STM32C071K8T6N, STM32C071K8U6, STM32C071K8U6N, STM32C071KBT6, STM32C071KBT6N, STM32C071KBU6, STM32C071KBU6N, STM32C071R8T6, STM32C071R8T6N, STM32C071RBI6N, STM32C071RBT6, STM32C071RBT6N, STM32C091CBT6, STM32C091CBU6, STM32C091CCT6, STM32C091CCU6, STM32C091ECY6TR, STM32C091FBP6, STM32C091FCP6, STM32C091GBU6, STM32C091GCU6, STM32C091KBT6, STM32C091KBU6, STM32C091KCT6, STM32C091KCU6, STM32C091RBT6, STM32C091RCI6, STM32C091RCT6, STM32C092CBT6, STM32C092CBU6, STM32C092CCT6, STM32C092CCU6, STM32C092ECY6TR, STM32C092FBP6, STM32C092FCP6, STM32C092GBU6, STM32C092GCU6, STM32C092KBT6, STM32C092KBU6, STM32C092KCT6, STM32C092KCU6, STM32C092RBT6, STM32C092RCI6, STM32C092RCT6, STM32G071K8TXN, STM32G071K8UXN, STM32G081GBU6N, STM32G081KBT6N, STM32G081KBUXN, STM32G0B1CCT6N, STM32G0B1KCT6, STM32G0B1NEY6TR, STM32G0B1RCT6N, STM32G0C1CCT6, STM32G0C1CCT6N, STM32G0C1CCU6N, STM32G0C1CET6N, STM32G0C1CEU6N, STM32G0C1KCT6, STM32G0C1NEY6TR, STM32G0C1RCI6N, STM32G0C1RCT6N, STM32G0C1REI6N, STM32G0C1RET6N, STM32G0C1VCI6, STM32G0C1VEI6, STM32G411C6T3, STM32G411C6T6, STM32G411C6U3, STM32G411C6U6, STM32G411C8T3, STM32G411C8T6, STM32G411C8U3, STM32G411C8U6, STM32G411CBT3, STM32G411CBT6, STM32G411CBU3, STM32G411CBU6, STM32G411K6T3, STM32G411K6T6, STM32G411K6U3, STM32G411K6U6, STM32G411K8T3, STM32G411K8T6, STM32G411K8U3, STM32G411K8U6, STM32G411KBT3, STM32G411KBT6, STM32G411KBU3, STM32G411KBU6, STM32G411M6T3, STM32G411M6T6, STM32G411M8T3, STM32G411M8T6, STM32G411MBT3, STM32G411MBT6, STM32G411R6T3, STM32G411R6T6, STM32G411R8T3, STM32G411R8T6, STM32G411RBT3, STM32G411RBT6, STM32G414CBT3, STM32G414CBT6, STM32G414CBU3, STM32G414CBU6, STM32G414CCT3, STM32G414CCT6, STM32G414CCU3, STM32G414CCU6, STM32G414MBT3, STM32G414MBT6, STM32G414MCT3, STM32G414MCT6, STM32G414RBT3, STM32G414RBT6, STM32G414RCT3, STM32G414RCT6, STM32G414VBT3, STM32G414VBT6, STM32G414VCT3, STM32G414VCT6, STM32G431CBT3Z, STM32G431RBT3Z, STM32G471CCT6, STM32G471CCU6, STM32G471CET3, STM32G471CET6, STM32G471CEU3, STM32G471CEU6, STM32G471MCT6, STM32G471MET3, STM32G471MET6, STM32G471MEY6TR, STM32G471QCT6, STM32G471QET3, STM32G471RCT6, STM32G471RET3, STM32G471RET6, STM32G471VCH6, STM32G471VCI6, STM32G471VCT6, STM32G471VEH3, STM32G471VEH6, STM32G471VEI3, STM32G471VEI6, STM32G471VET3, STM32G471VET6, STM32G473QET3Z, STM32G473RET3Z, STM32G474CCT6, STM32G491RET3Z, STM32H503CBT6, STM32H503CBU6, STM32H503EBY6TR, STM32H503KBU6, STM32H503RBT6, STM32H523CCT6, STM32H523CCU6, STM32H523CET6, STM32H523CEU6, STM32H523HEY6TR, STM32H523RCT6, STM32H523RET6, STM32H523VCI6, STM32H523VCT6, STM32H523VEI6, STM32H523VET6, STM32H523ZCJ6, STM32H523ZCT6, STM32H523ZEJ6, STM32H523ZET6, STM32H533CET6, STM32H533CEU6, STM32H533HEY6TR, STM32H533RET6, STM32H533VEI6, STM32H533VET6, STM32H533ZEJ6, STM32H533ZET6, STM32H562AGI6, STM32H562AII6, STM32H562IGK6, STM32H562IGT6, STM32H562IIK6, STM32H562IIT6, STM32H562RGT6, STM32H562RGV6, STM32H562RIT6, STM32H562RIV6, STM32H562VGT6, STM32H562VIT6, STM32H562ZGT6, STM32H562ZIT6, STM32H563AGI6, STM32H563AII3Q, STM32H563AII6, STM32H563IGK6, STM32H563IGT6, STM32H563IIK3Q, STM32H563IIK6, STM32H563IIT3Q, STM32H563IIT6, STM32H563MIY3QTR, STM32H563RGT6, STM32H563RGV6, STM32H563RIT6, STM32H563RIV6, STM32H563VGT6, STM32H563VIT3Q, STM32H563VIT6, STM32H563ZGT6, STM32H563ZIT3Q, STM32H563ZIT6, STM32H573AII3Q, STM32H573AII6, STM32H573I-DK, STM32H573IIK3Q, STM32H573IIK6, STM32H573IIT3Q, STM32H573IIT6, STM32H573MIY3QTR, STM32H573RIT6, STM32H573RIV6, STM32H573VIT3Q, STM32H573VIT6, STM32H573ZIT3Q, STM32H573ZIT6, STM32H7R3A8I6, STM32H7R3I8K6, STM32H7R3I8T6, STM32H7R3L8H6, STM32H7R3L8H6H, STM32H7R3R8V6, STM32H7R3V8H6, STM32H7R3V8T6, STM32H7R3V8Y6TR, STM32H7R3Z8J6, STM32H7R3Z8T6, STM32H7R7A8I6, STM32H7R7I8K6, STM32H7R7I8T6, STM32H7R7L8H6, STM32H7R7L8H6H, STM32H7R7Z8J6, STM32H7S3A8I6, STM32H7S3I8K6, STM32H7S3I8T6, STM32H7S3L8H6, STM32H7S3L8H6H, STM32H7S3R8V6, STM32H7S3V8H6, STM32H7S3V8T6, STM32H7S3V8Y6TR, STM32H7S3Z8J6, STM32H7S3Z8T6, STM32H7S78-DK, STM32H7S7A8I6, STM32H7S7I8K6, STM32H7S7I8T6, STM32H7S7L8H6, STM32H7S7L8H6H, STM32H7S7Z8J6, STM32L4R5QGI6STR, STM32MP131AAE3, STM32MP131AAF3, STM32MP131AAG3, STM32MP131CAE3, STM32MP131CAF3, STM32MP131CAG3, STM32MP131DAE7, STM32MP131DAF7, STM32MP131DAG7, STM32MP131FAE7, STM32MP131FAF7, STM32MP131FAG7, STM32MP133AAE3, STM32MP133AAF3, STM32MP133AAG3, STM32MP133CAE3, STM32MP133CAF3, STM32MP133CAG3, STM32MP133DAE7, STM32MP133DAF7, STM32MP133DAG7, STM32MP133FAE7, STM32MP133FAF7, STM32MP133FAG7, STM32MP135AAE3, STM32MP135AAF3, STM32MP135AAG3, STM32MP135CAE3, STM32MP135CAF3, STM32MP135CAG3, STM32MP135DAE7, STM32MP135DAF7, STM32MP135DAG7, STM32MP135F-DK, STM32MP135FAE7, STM32MP135FAF7, STM32MP135FAF7T, STM32MP135FAF7U, STM32MP135FAG7, STM32MP211AAL3, STM32MP211AAM3, STM32MP211AAN3, STM32MP211AAO3, STM32MP211CAL3, STM32MP211CAM3, STM32MP211CAN3, STM32MP211CAO3, STM32MP211DAL3, STM32MP211DAM3, STM32MP211DAN3, STM32MP211DAO3, STM32MP211FAL3, STM32MP211FAM3, STM32MP211FAN3, STM32MP211FAO3, STM32MP213AAL3, STM32MP213AAM3, STM32MP213AAN3, STM32MP213AAO3, STM32MP213CAL3, STM32MP213CAM3, STM32MP213CAN3, STM32MP213CAO3, STM32MP213DAL3, STM32MP213DAM3, STM32MP213DAN3, STM32MP213DAO3, STM32MP213FAL3, STM32MP213FAM3, STM32MP213FAN3, STM32MP213FAO3, STM32MP215AAL3, STM32MP215AAM3, STM32MP215AAN3, STM32MP215AAO3, STM32MP215CAL3, STM32MP215CAM3, STM32MP215CAN3, STM32MP215CAO3, STM32MP215DAL3, STM32MP215DAM3, STM32MP215DAN3, STM32MP215DAO3, STM32MP215F-DK, STM32MP215FAL3, STM32MP215FAM3, STM32MP215FAN3, STM32MP215FAO3, STM32MP231AAJ3, STM32MP231AAK3, STM32MP231AAL3, STM32MP231CAJ3, STM32MP231CAK3, STM32MP231CAL3, STM32MP231DAJ3, STM32MP231DAK3, STM32MP231DAL3, STM32MP231FAJ3, STM32MP231FAK3, STM32MP231FAL3, STM32MP233AAJ3, STM32MP233AAK3, STM32MP233AAL3, STM32MP233CAJ3, STM32MP233CAK3, STM32MP233CAL3, STM32MP233DAJ3, STM32MP233DAK3, STM32MP233DAL3, STM32MP233FAJ3, STM32MP233FAK3, STM32MP233FAL3, STM32MP235AAJ3, STM32MP235AAK3, STM32MP235AAL3, STM32MP235CAJ3, STM32MP235CAK3, STM32MP235CAL3, STM32MP235DAJ3, STM32MP235DAK3, STM32MP235DAL3, STM32MP235FAJ3, STM32MP235FAK3, STM32MP235FAL3, STM32MP251AAI3, STM32MP251AAK3, STM32MP251AAL3, STM32MP251CAI3, STM32MP251CAK3, STM32MP251CAL3, STM32MP251DAI3, STM32MP251DAK3, STM32MP251DAL3, STM32MP251FAI3, STM32MP251FAK3, STM32MP251FAL3, STM32MP253AAI3, STM32MP253AAK3, STM32MP253AAL3, STM32MP253CAI3, STM32MP253CAK3, STM32MP253CAL3, STM32MP253DAI3, STM32MP253DAK3, STM32MP253DAL3, STM32MP253FAI3, STM32MP253FAK3, STM32MP253FAL3, STM32MP255AAI3, STM32MP255AAK3, STM32MP255AAL3, STM32MP255CAI3, STM32MP255CAK3, STM32MP255CAL3, STM32MP255DAI3, STM32MP255DAK3, STM32MP255DAL3, STM32MP255FAI3, STM32MP255FAK3, STM32MP255FAL3, STM32MP257AAI3, STM32MP257AAK3, STM32MP257AAL3, STM32MP257CAI3, STM32MP257CAK3, STM32MP257CAL3, STM32MP257DAI3, STM32MP257DAK3, STM32MP257DAL3, STM32MP257F-DK, STM32MP257F-EV1, STM32MP257FAI3, STM32MP257FAK3, STM32MP257FAL3, STM32N645A0H3Q, STM32N645B0H3Q, STM32N645I0H3Q, STM32N645L0H3Q, STM32N645X0H3Q, STM32N645Z0H3Q, STM32N647A0H3Q, STM32N647B0H3Q, STM32N647I0H3Q, STM32N647L0H3Q, STM32N647X0H3Q, STM32N647Z0H3Q, STM32N655A0H3Q, STM32N655B0H3Q, STM32N655I0H3Q, STM32N655L0H3Q, STM32N655X0H3Q, STM32N655Z0H3Q, STM32N6570-DK, STM32N657A0H3Q, STM32N657B0H3Q, STM32N657I0H3Q, STM32N657L0H3Q, STM32N657X0H3Q, STM32N657Z0H3Q, STM32U031C6T6, STM32U031C6U6, STM32U031C8T6, STM32U031C8U6, STM32U031F4P6, STM32U031F6P6, STM32U031F8P6, STM32U031G6Y6TR, STM32U031G8Y6TR, STM32U031K4U6, STM32U031K6U6, STM32U031K8U6, STM32U031R6I6, STM32U031R6T6, STM32U031R8I6, STM32U031R8T6, STM32U073C8T6, STM32U073C8U6, STM32U073CBT6, STM32U073CBU6, STM32U073CCT6, STM32U073CCU6, STM32U073H8Y6TR, STM32U073HBY6TR, STM32U073HCY6TR, STM32U073K8U6, STM32U073KBU6, STM32U073KCU6, STM32U073M8I6, STM32U073M8T6, STM32U073MBI6, STM32U073MBT6, STM32U073MCI6, STM32U073MCT6, STM32U073R8I6, STM32U073R8T6, STM32U073RBI6, STM32U073RBT6, STM32U073RCI6, STM32U073RCT6, STM32U083C-DK, STM32U083CCT6, STM32U083CCU6, STM32U083HCY6TR, STM32U083KCU6, STM32U083MCI6, STM32U083MCT6, STM32U083RCI6, STM32U083RCT6, STM32U375CET6, STM32U375CET6Q, STM32U375CEU6, STM32U375CEU6Q, STM32U375CEY6QTR, STM32U375CGT6, STM32U375CGT6Q, STM32U375CGU6, STM32U375CGU6Q, STM32U375CGY6QTR, STM32U375KEU6, STM32U375KGU6, STM32U375REI6, STM32U375REI6Q, STM32U375RET6, STM32U375RET6Q, STM32U375REY6GTR, STM32U375REY6QTR, STM32U375RGI6, STM32U375RGI6Q, STM32U375RGT6, STM32U375RGT6Q, STM32U375RGY6GTR, STM32U375RGY6QTR, STM32U375VEI6, STM32U375VEI6Q, STM32U375VET6, STM32U375VET6Q, STM32U375VGI6, STM32U375VGI6Q, STM32U375VGT6, STM32U375VGT6Q, STM32U385CGT6, STM32U385CGT6Q, STM32U385CGU6, STM32U385CGU6Q, STM32U385CGY6QTR, STM32U385KGU6, STM32U385RGI6, STM32U385RGI6Q, STM32U385RGT6, STM32U385RGT6Q, STM32U385RGY6GTR, STM32U385RGY6QTR, STM32U385VGI6, STM32U385VGI6Q, STM32U385VGT6, STM32U385VGT6Q, STM32U535CBT6, STM32U535CBT6Q, STM32U535CBU6, STM32U535CBU6Q, STM32U535CCT6, STM32U535CCT6Q, STM32U535CCU6, STM32U535CCU6Q, STM32U535CET6, STM32U535CET6Q, STM32U535CEU6, STM32U535CEU6Q, STM32U535JEY6QTR, STM32U535NCY6QTR, STM32U535NEY6QTR, STM32U535RBI6, STM32U535RBI6Q, STM32U535RBT6, STM32U535RBT6Q, STM32U535RCI6, STM32U535RCI6Q, STM32U535RCT6, STM32U535RCT6Q, STM32U535REI6, STM32U535REI6Q, STM32U535RET6, STM32U535RET6Q, STM32U535VCI6, STM32U535VCI6Q, STM32U535VCT6, STM32U535VCT6Q, STM32U535VEI6, STM32U535VEI6Q, STM32U535VET6, STM32U535VET6Q, STM32U545CET6, STM32U545CET6Q, STM32U545CEU6, STM32U545CEU6Q, STM32U545JEY6QTR, STM32U545NEY6QTR, STM32U545REI6, STM32U545REI6Q, STM32U545RET6, STM32U545RET6Q, STM32U545VEI6, STM32U545VEI6Q, STM32U545VET6, STM32U545VET6Q, STM32U595AIH6, STM32U595AIH6Q, STM32U595AJH6, STM32U595AJH6Q, STM32U595QII6, STM32U595QII6Q, STM32U595QJI6, STM32U595QJI6Q, STM32U595RIT6, STM32U595RIT6Q, STM32U595RJT6, STM32U595RJT6Q, STM32U595VIT6, STM32U595VIT6Q, STM32U595VJT6, STM32U595VJT6Q, STM32U595ZIT6, STM32U595ZIT6Q, STM32U595ZIY6QTR, STM32U595ZJT6, STM32U595ZJT6Q, STM32U595ZJY6QTR, STM32U599BJY6QTR, STM32U599NIH6Q, STM32U599NJH6Q, STM32U599VIT6Q, STM32U599VJT6, STM32U599VJT6Q, STM32U599ZIT6Q, STM32U599ZIY6QTR, STM32U599ZJT6Q, STM32U599ZJY6QTR, STM32U5A5AJH6, STM32U5A5AJH6Q, STM32U5A5QII3Q , STM32U5A5QJI6, STM32U5A5QJI6Q, STM32U5A5RJT6, STM32U5A5RJT6Q, STM32U5A5VJT6, STM32U5A5VJT6Q, STM32U5A5ZJT6, STM32U5A5ZJT6Q, STM32U5A5ZJY6QTR, STM32U5A9BJY6QTR, STM32U5A9J-DK, STM32U5A9NJH6Q, STM32U5A9VJT6Q, STM32U5A9ZJT6Q, STM32U5A9ZJY6QTR, STM32U5F7VIT6, STM32U5F7VIT6Q, STM32U5F7VJT6, STM32U5F7VJT6Q, STM32U5F9BJY6QTR, STM32U5F9NJH6Q, STM32U5F9VIT6Q, STM32U5F9VJT6Q, STM32U5F9ZIJ6QTR, STM32U5F9ZIT6Q, STM32U5F9ZJJ6QTR, STM32U5F9ZJT6Q, STM32U5G7VJT6, STM32U5G7VJT6Q, STM32U5G9BJY6QTR, STM32U5G9J-DK1, STM32U5G9J-DK2, STM32U5G9NJH6Q, STM32U5G9VJT6Q, STM32U5G9ZJJ6QTR, STM32U5G9ZJT6Q, STM32WB05KZV6TR, STM32WB05KZV7TR, STM32WB05TZF6TR, STM32WB05TZF7TR, STM32WB06CCF6TR, STM32WB06CCF7TR, STM32WB06CCV6TR, STM32WB06CCV7TR, STM32WB06KCV6TR, STM32WB06KCV7TR, STM32WB07CCF6TR, STM32WB07CCF7TR, STM32WB07CCV6TR, STM32WB07CCV7TR, STM32WB07KCV6TR, STM32WB07KCV7TR, STM32WB09KEV6TR, STM32WB09KEV7TR, STM32WB09TEF6TR, STM32WB09TEF7TR, STM32WB1MMCH6, STM32WBA50KGU6, STM32WBA50KGU6TR, STM32WBA52CEU6, STM32WBA52CEU6TR, STM32WBA52CEU7, STM32WBA52CEU7TR, STM32WBA52CGU6, STM32WBA52CGU6TR, STM32WBA52CGU6U, STM32WBA52CGU7, STM32WBA52CGU7TR, STM32WBA52KEU6, STM32WBA52KEU6TR, STM32WBA52KGU6, STM32WBA52KGU6TR, STM32WBA54CEU6, STM32WBA54CEU6TR, STM32WBA54CEU7, STM32WBA54CEU7TR, STM32WBA54CGU6, STM32WBA54CGU6TR, STM32WBA54CGU7, STM32WBA54CGU7TR, STM32WBA54KEU6, STM32WBA54KEU6TR, STM32WBA54KEU7, STM32WBA54KEU7TR, STM32WBA54KGU6, STM32WBA54KGU6TR, STM32WBA54KGU7, STM32WBA54KGU7TR, STM32WBA55CEU6, STM32WBA55CEU6TR, STM32WBA55CEU7, STM32WBA55CEU7TR, STM32WBA55CGU6, STM32WBA55CGU6TR, STM32WBA55CGU6U, STM32WBA55CGU7, STM32WBA55CGU7TR, STM32WBA55G-DK1, STM32WBA55HEF6, STM32WBA55HEF7, STM32WBA55HGF6, STM32WBA55HGF7, STM32WBA55UEI6, STM32WBA55UEI6TR, STM32WBA55UEI7, STM32WBA55UEI7TR, STM32WBA55UGI6, STM32WBA55UGI6TR, STM32WBA55UGI7, STM32WBA55UGI7TR, STM32WBA5MMGH6TR, STM32WBA62MGF6, STM32WBA62MIF6, STM32WBA65MGF7, STM32WBA65MIF6, STM32WBA65MIF7, STM32WL30K8V6, STM32WL30KBV6, STM32WL31C8V6, STM32WL31CBV6, STM32WL31K8V6, STM32WL31KBV6, STM32WL33C8V6, STM32WL33C8V6X, STM32WL33CBV6, STM32WL33CBV6X, STM32WL33CCV6, STM32WL33CCV6A, STM32WL33CCV6X, STM32WL33K8V7, STM32WL33K8V7X, STM32WL33KBV7 , STM32WL33KBV7X, STM32WL33KCV7, STM32WL33KCV7X, STM32WL5MOCH6, STM32WL5MOCH6TR]
2026-05-06 10:27:14,157 [INFO] BoardInfo:889 - No configuration file found for board NUCLEO-H5E5ZJ
2026-05-06 10:27:14,159 [INFO] DbBoards:161 - Board is not supported: NUCLEO-H5E5ZJ
2026-05-06 10:27:14,251 [INFO] BoardInfo:889 - No configuration file found for board NUCLEO-U3C5ZI-Q
2026-05-06 10:27:14,253 [INFO] DbBoards:161 - Board is not supported: NUCLEO-U3C5ZI-Q
2026-05-06 10:27:14,283 [INFO] BoardInfo:889 - No configuration file found for board NUCLEO-WBA25CE1
2026-05-06 10:27:14,284 [INFO] DbBoards:161 - Board is not supported: NUCLEO-WBA25CE1
2026-05-06 10:27:14,300 [INFO] BoardInfo:889 - No configuration file found for board NUCLEO-WL3RKB1
2026-05-06 10:27:14,301 [INFO] DbBoards:161 - Board is not supported: NUCLEO-WL3RKB1
2026-05-06 10:27:14,304 [INFO] BoardInfo:889 - No configuration file found for board NUCLEO-WL3RKB2
2026-05-06 10:27:14,307 [INFO] DbBoards:161 - Board is not supported: NUCLEO-WL3RKB2
2026-05-06 10:27:14,320 [INFO] BoardInfo:889 - No configuration file found for board P-NUCLEO-WB55
2026-05-06 10:27:14,322 [INFO] DbBoards:161 - Kit is not supported: P-NUCLEO-WB55
2026-05-06 10:27:14,336 [INFO] BoardInfo:889 - No configuration file found for board STEVAL-BFA001V1B
2026-05-06 10:27:14,338 [INFO] DbBoards:161 - Kit is not supported: STEVAL-BFA001V1B
2026-05-06 10:27:14,340 [INFO] BoardInfo:889 - No configuration file found for board STEVAL-BFA001V2B
2026-05-06 10:27:14,342 [INFO] DbBoards:161 - Kit is not supported: STEVAL-BFA001V2B
2026-05-06 10:27:14,556 [INFO] BoardInfo:889 - No configuration file found for board STM32H5F5J-DK
2026-05-06 10:27:14,558 [INFO] DbBoards:161 - Board is not supported: STM32H5F5J-DK
2026-05-06 10:27:14,694 [INFO] DbBoards:168 - Found 218 boards, 209 are supported
2026-05-06 10:27:14,694 [INFO] DbBoards:169 - Found 218 boards, 43 of them is supported for  Bsp
2026-05-06 10:27:14,698 [INFO] ApiDb:423 - Load user favorites file C:\Users\jahna/.stm32cubeide/favorites.boards.txt: 0 item(s)
2026-05-06 10:27:14,698 [INFO] ApiDb:427 - User favorites Boards=[]
2026-05-06 10:27:14,699 [INFO] DbBoards:198 - Set 0 / 0 favorites Boards
2026-05-06 10:27:14,699 [INFO] McuFinderGlobals:76 - Set McuFinderConnectedMode to true
2026-05-06 10:27:14,712 [INFO] MultiScanPanel:200 - Auto-refresh data requested => check proxy status ongoing
2026-05-06 10:27:14,716 [INFO] FinderPluginLoader:96 - Searching for filters in installed packs
2026-05-06 10:27:16,252 [INFO] LoadUrlFilesThread:185 - End of LoadServerUrlFiles without Thread
2026-05-06 10:27:16,280 [INFO] DetailPanel:341 - Set advertising image to C:/Users/jahna/STM32Cube/Repository/\en.prom-stm32wba2-stm32-nucleo-board-0426.png
2026-05-06 10:27:24,965 [INFO] MultiScanPanel:200 - Auto-refresh data requested => check proxy status ongoing
2026-05-06 10:27:25,140 [INFO] LoadUrlFilesThread:185 - End of LoadServerUrlFiles without Thread
2026-05-06 10:27:25,140 [INFO] DetailPanel:341 - Set advertising image to C:/Users/jahna/STM32Cube/Repository/\en.prom-stm32wba2-stm32-nucleo-board-0426.png
2026-05-06 10:27:25,156 [INFO] DbBoards:642 - Loading board mini-images...
2026-05-06 10:27:27,573 [INFO] DbBoards:665 - Loaded 218 board mini-images
2026-05-06 10:28:02,932 [INFO] WebApp:194 - Connection lost
2026-05-06 10:28:03,161 [INFO] WebApp:191 - Connection restablished
2026-05-06 10:28:05,414 [INFO] WebApp:194 - Connection lost
2026-05-06 10:28:05,617 [INFO] WebApp:191 - Connection restablished
2026-05-06 10:28:10,709 [INFO] MainUpdater:2872 - connection check result : 10
2026-05-06 10:28:10,709 [INFO] MainUpdater:2872 - connection check result : 10
2026-05-06 10:28:10,759 [INFO] MicroXplorer:468 - Change Database Path : 
2026-05-06 10:28:10,759 [INFO] MicroXplorer:498 - Change Database Version : DB.6.0.150
2026-05-06 10:28:10,770 [WARN] ThirdParty:871 - waiting for thirdparty lock release [close project]
2026-05-06 10:28:10,771 [INFO] ThirdParty:873 - entering critical section [close project]
2026-05-06 10:28:10,773 [INFO] ThirdParty:883 - exiting critical section [close project]
2026-05-06 10:28:10,776 [INFO] PinOutPanel:1589 - setPackage(No Configuration,No Configuration)
2026-05-06 10:28:10,779 [INFO] UtilMem:75 - Begin LoadConfig() Used Memory: 843776072 Bytes (1073741824)
2026-05-06 10:28:10,790 [INFO] OpenFileManager:355 - Change cursor
2026-05-06 10:28:10,849 [INFO] ProjectFactory:514 - No CPN specified for board STM32F407G-DISC1 => set CPN to STM32F407VGT6
2026-05-06 10:28:10,850 [INFO] Mcu:2029 - Initializing MCU STM32F407V(E-G)Tx STM32F407VGTx STM32F407VGT6
2026-05-06 10:28:14,685 [INFO] Context:786 - Trying to add GPIOservice into a context  which must be forbidden
2026-05-06 10:28:15,431 [INFO] Rule:233 - rule 117617 - U5Cobra4M][GTZC] default value MPCBB3 and MPCBB5 - Not Secured memory - MPCBB1 is applicable
2026-05-06 10:28:15,432 [INFO] Rule:233 - rule 117617 - U5Cobra4M][GTZC] default value MPCBB3 and MPCBB5 - Not Secured memory - MPCBB1 is applicable
2026-05-06 10:28:15,432 [INFO] Rule:233 - rule 117617 - U5Cobra4M][GTZC] default value MPCBB3 and MPCBB5 - Not Secured memory - MPCBB2 is applicable
2026-05-06 10:28:15,432 [INFO] Rule:233 - rule 117617 - U5Cobra4M][GTZC] default value MPCBB3 and MPCBB5 - Not Secured memory - MPCBB2 is applicable
2026-05-06 10:28:15,432 [INFO] Rule:233 - rule 117617 - U5Cobra4M][GTZC] default value MPCBB3 and MPCBB5 - Not Secured memory - MPCBB3 is applicable
2026-05-06 10:28:15,433 [INFO] Rule:233 - rule 117617 - U5Cobra4M][GTZC] default value MPCBB3 and MPCBB5 - Not Secured memory - MPCBB3 is applicable
2026-05-06 10:28:15,434 [INFO] Rule:233 - rule 117617 - U5Cobra4M][GTZC] default value MPCBB3 and MPCBB5 - Not Secured memory - MPCBB4 is applicable
2026-05-06 10:28:15,434 [INFO] Rule:233 - rule 117617 - U5Cobra4M][GTZC] default value MPCBB3 and MPCBB5 - Not Secured memory - MPCBB4 is applicable
2026-05-06 10:28:15,434 [INFO] Rule:233 - rule 117617 - U5Cobra4M][GTZC] default value MPCBB3 and MPCBB5 - Secured memory - MPCBB1 is applicable
2026-05-06 10:28:15,435 [INFO] Rule:233 - rule 117617 - U5Cobra4M][GTZC] default value MPCBB3 and MPCBB5 - Secured memory - MPCBB2 is applicable
2026-05-06 10:28:15,435 [INFO] Rule:233 - rule 117617 - U5Cobra4M][GTZC] default value MPCBB3 and MPCBB5 - Secured memory - MPCBB3 is applicable
2026-05-06 10:28:15,435 [INFO] Rule:233 - rule 117617 - U5Cobra4M][GTZC] default value MPCBB3 and MPCBB5 - Secured memory - MPCBB4 is applicable
2026-05-06 10:28:15,435 [INFO] Rule:233 - rule 117617 - U5Cobra4M][GTZC] default value MPCBB3 and MPCBB5 - Privileged memory - MPCBB1 is applicable
2026-05-06 10:28:15,435 [INFO] Rule:233 - rule 117617 - U5Cobra4M][GTZC] default value MPCBB3 and MPCBB5 - Privileged memory - MPCBB2 is applicable
2026-05-06 10:28:15,435 [INFO] Rule:233 - rule 117617 - U5Cobra4M][GTZC] default value MPCBB3 and MPCBB5 - Privileged memory - MPCBB3 is applicable
2026-05-06 10:28:15,435 [INFO] Rule:233 - rule 117617 - U5Cobra4M][GTZC] default value MPCBB3 and MPCBB5 - Privileged memory - MPCBB4 is applicable
2026-05-06 10:28:15,435 [INFO] Rule:233 - rule 117617 - U5Cobra4M][GTZC] default value MPCBB3 and MPCBB5 - Not Privileged memory - MPCBB1 is applicable
2026-05-06 10:28:15,435 [INFO] Rule:233 - rule 117617 - U5Cobra4M][GTZC] default value MPCBB3 and MPCBB5 - Not Privileged memory - MPCBB2 is applicable
2026-05-06 10:28:15,435 [INFO] Rule:233 - rule 117617 - U5Cobra4M][GTZC] default value MPCBB3 and MPCBB5 - Not Privileged memory - MPCBB3 is applicable
2026-05-06 10:28:15,435 [INFO] Rule:233 - rule 117617 - U5Cobra4M][GTZC] default value MPCBB3 and MPCBB5 - Not Privileged memory - MPCBB4 is applicable
2026-05-06 10:28:15,436 [INFO] Rule:233 - rule 117617 - U5Cobra4M][GTZC] default value MPCBB3 and MPCBB5 - Privileged memory - MPCBB1 is applicable
2026-05-06 10:28:15,436 [INFO] Rule:233 - rule 117617 - U5Cobra4M][GTZC] default value MPCBB3 and MPCBB5 - Privileged memory - MPCBB2 is applicable
2026-05-06 10:28:15,436 [INFO] Rule:233 - rule 117617 - U5Cobra4M][GTZC] default value MPCBB3 and MPCBB5 - Privileged memory - MPCBB3 is applicable
2026-05-06 10:28:15,436 [INFO] Rule:233 - rule 117617 - U5Cobra4M][GTZC] default value MPCBB3 and MPCBB5 - Privileged memory - MPCBB4 is applicable
2026-05-06 10:28:15,436 [INFO] Rule:233 - rule 117617 - U5Cobra4M][GTZC] default value MPCBB3 and MPCBB5 - Privileged memory - MPCBB1 is applicable
2026-05-06 10:28:15,437 [INFO] Rule:233 - rule 117617 - U5Cobra4M][GTZC] default value MPCBB3 and MPCBB5 - Privileged memory - MPCBB2 is applicable
2026-05-06 10:28:15,437 [INFO] Rule:233 - rule 117617 - U5Cobra4M][GTZC] default value MPCBB3 and MPCBB5 - Privileged memory - MPCBB3 is applicable
2026-05-06 10:28:15,437 [INFO] Rule:233 - rule 117617 - U5Cobra4M][GTZC] default value MPCBB3 and MPCBB5 - Privileged memory - MPCBB4 is applicable
2026-05-06 10:28:15,437 [INFO] Rule:233 - rule 117617 - U5Cobra4M][GTZC] default value MPCBB3 and MPCBB5 - Not Privileged memory - MPCBB1 is applicable
2026-05-06 10:28:15,437 [INFO] Rule:233 - rule 117617 - U5Cobra4M][GTZC] default value MPCBB3 and MPCBB5 - Not Privileged memory - MPCBB2 is applicable
2026-05-06 10:28:15,437 [INFO] Rule:233 - rule 117617 - U5Cobra4M][GTZC] default value MPCBB3 and MPCBB5 - Not Privileged memory - MPCBB3 is applicable
2026-05-06 10:28:15,437 [INFO] Rule:233 - rule 117617 - U5Cobra4M][GTZC] default value MPCBB3 and MPCBB5 - Not Privileged memory - MPCBB4 is applicable
2026-05-06 10:28:15,437 [INFO] Rule:233 - rule 117617 - U5Cobra4M][GTZC] default value MPCBB3 and MPCBB5 - Privileged memory - MPCBB1 is applicable
2026-05-06 10:28:15,437 [INFO] Rule:233 - rule 117617 - U5Cobra4M][GTZC] default value MPCBB3 and MPCBB5 - Privileged memory - MPCBB2 is applicable
2026-05-06 10:28:15,437 [INFO] Rule:233 - rule 117617 - U5Cobra4M][GTZC] default value MPCBB3 and MPCBB5 - Privileged memory - MPCBB3 is applicable
2026-05-06 10:28:15,438 [INFO] Rule:233 - rule 117617 - U5Cobra4M][GTZC] default value MPCBB3 and MPCBB5 - Privileged memory - MPCBB4 is applicable
2026-05-06 10:28:15,438 [INFO] Rule:233 - rule Rename SubGHz_Phy SUBGHZ_APPLICATION SUBGHZ_PINGPONG to SUBGHZ_ADV_APPLICATION is applicable
2026-05-06 10:28:15,438 [INFO] Rule:233 - rule Rename Enabled to IBEACON is applicable
2026-05-06 10:28:15,438 [INFO] Rule:233 - rule GTZC_S instance for project manager is applicable
2026-05-06 10:28:15,438 [INFO] Rule:233 - rule GTZC_S instance for context M33S is applicable
2026-05-06 10:28:15,438 [INFO] Rule:233 - rule GTZC_S instance value for IP GTZC is applicable
2026-05-06 10:28:15,438 [INFO] Rule:233 - rule GTZC_S instance for mcu.IP is applicable
2026-05-06 10:28:15,438 [INFO] Rule:233 - rule GTZC_S instance for VP is applicable
2026-05-06 10:28:15,438 [INFO] Rule:233 - rule GTZC_S instance for signal is applicable
2026-05-06 10:28:15,438 [INFO] Rule:233 - rule GTZC_S instance for mcu.Pin is applicable
2026-05-06 10:28:15,438 [INFO] Rule:233 - rule GTZC_S instance for VP is applicable
2026-05-06 10:28:15,438 [INFO] Rule:233 - rule GTZC_S instance for signal is applicable
2026-05-06 10:28:15,442 [INFO] Rule:233 - rule GTZC_S instance for mcu is applicable
2026-05-06 10:28:15,443 [INFO] Rule:233 - rule GTZC_S instance for mcu.Pin is applicable
2026-05-06 10:28:15,447 [INFO] Rule:233 - rule GTZC_S instance value for IP GTZC is applicable
2026-05-06 10:28:15,447 [INFO] Rule:233 - rule GTZC_S instance for project manager is applicable
2026-05-06 10:28:15,447 [INFO] Rule:233 - rule GTZC_S instance for context M33S is applicable
2026-05-06 10:28:15,447 [INFO] Rule:233 - rule GTZC_S instance for VP is applicable
2026-05-06 10:28:15,447 [INFO] Rule:233 - rule GTZC_S instance for signal is applicable
2026-05-06 10:28:15,447 [INFO] Rule:233 - rule SPDIFRX instance for mcu is applicable
2026-05-06 10:28:15,447 [INFO] Rule:233 - rule Rename Tracer Mode is applicable
2026-05-06 10:28:15,447 [INFO] Rule:233 - rule SPDIFRX instance value for IP SPDIFRX is applicable
2026-05-06 10:28:15,448 [INFO] Rule:233 - rule SPDIFRX instance for signal is applicable
2026-05-06 10:28:15,448 [INFO] Rule:233 - rule SPDIFRX instance for project manager is applicable
2026-05-06 10:28:15,448 [INFO] Rule:233 - rule SPDIFRX instance for project manager is applicable
2026-05-06 10:28:15,448 [INFO] Rule:233 - rule ADC Scan  fix with FW F7 is applicable
2026-05-06 10:28:15,448 [INFO] Rule:233 - rule ADC Scan  fix with FW F7 is applicable
2026-05-06 10:28:15,448 [INFO] Rule:233 - rule WakeUp0 Mode is applicable
2026-05-06 10:28:15,448 [INFO] Rule:233 - rule WakeUp0 SIGNAL is applicable
2026-05-06 10:28:15,449 [INFO] Rule:233 - rule WakeUp1 Mode is applicable
2026-05-06 10:28:15,449 [INFO] Rule:233 - rule WakeUp1 SIGNAL is applicable
2026-05-06 10:28:15,449 [INFO] Rule:233 - rule WakeUp2 Mode is applicable
2026-05-06 10:28:15,449 [INFO] Rule:233 - rule WakeUp2 SIGNAL is applicable
2026-05-06 10:28:15,449 [INFO] Rule:233 - rule WakeUp4 Mode is applicable
2026-05-06 10:28:15,449 [INFO] Rule:233 - rule WakeUp4 SIGNAL is applicable
2026-05-06 10:28:15,449 [INFO] Rule:233 - rule WakeUp5 Mode is applicable
2026-05-06 10:28:15,449 [INFO] Rule:233 - rule WakeUp5 SIGNAL is applicable
2026-05-06 10:28:15,449 [INFO] Rule:233 - rule UART/USART WORD LENGTH 7 is applicable
2026-05-06 10:28:15,449 [INFO] Rule:233 - rule UART/USART WORD LENGTH 8 is applicable
2026-05-06 10:28:15,450 [INFO] Rule:233 - rule UART/USART WORD LENGTH 9 is applicable
2026-05-06 10:28:15,450 [INFO] Rule:233 - rule Change Default Value for LSE Drive Capability for WB family is applicable
2026-05-06 10:28:15,450 [INFO] Rule:233 - rule Change Default Value for ADC Clock Prescaler G0 family is applicable
2026-05-06 10:28:15,450 [INFO] Rule:233 - rule ADC SamplingTime fix with FW L0  is applicable
2026-05-06 10:28:15,450 [INFO] Rule:233 - rule ADC SamplingTime fix with FW L0  is applicable
2026-05-06 10:28:15,450 [INFO] Rule:233 - rule ADC SamplingTime fix with FW L0 is applicable
2026-05-06 10:28:15,450 [INFO] Rule:233 - rule ADC SamplingTime fix with FW L0 is applicable
2026-05-06 10:28:15,450 [INFO] Rule:233 - rule ADC SamplingTime fix with FW L0  is applicable
2026-05-06 10:28:15,450 [INFO] Rule:233 - rule ADC SamplingTime fix with FW L0 is applicable
2026-05-06 10:28:15,450 [INFO] Rule:233 - rule Rename USB_OE Signal is applicable
2026-05-06 10:28:15,450 [INFO] Rule:233 - rule Rename Activate_OE Mode is applicable
2026-05-06 10:28:15,451 [INFO] Rule:233 - rule Rename DIE462/DIE415 pin PC14/OSC32_IN -> PC14-OSC32_IN (PC14) is applicable
2026-05-06 10:28:15,451 [INFO] Rule:233 - rule Rename DIE462/DIE415 pin PC15/OSC32_OUT -> PC15-OSC32_OUT (PC15) is applicable
2026-05-06 10:28:15,451 [INFO] Rule:233 - rule Rename DIE462/DIE415 pin PH0/OSC_IN -> PH0-OSC_IN (PH0) is applicable
2026-05-06 10:28:15,451 [INFO] Rule:233 - rule Rename DIE462/DIE415 pin PH1/OSC_OUT -> PH1-OSC_OUT (PH1) is applicable
2026-05-06 10:28:15,451 [INFO] Rule:233 - rule Rename DIE462 pin PA13 -> PA13 (JTMS/SWDIO) is applicable
2026-05-06 10:28:15,451 [INFO] Rule:233 - rule Rename DIE415 pin PA13 -> PA13 (JTMS/SWDIO) is applicable
2026-05-06 10:28:15,451 [INFO] Rule:233 - rule Rename DIE462 pin PA14 -> PA14 (JTCK/SWCLK) is applicable
2026-05-06 10:28:15,451 [INFO] Rule:233 - rule Rename DIE415 pin PA14 -> PA14 (JTCK/SWCLK) is applicable
2026-05-06 10:28:15,451 [INFO] Rule:233 - rule Rename DIE462/DIE415 pin PA15 -> PA15 (JTDI) is applicable
2026-05-06 10:28:15,451 [INFO] Rule:233 - rule Rename DIE462 pin PB3 -> PB3 (JTD0/TRACESWO) is applicable
2026-05-06 10:28:15,451 [INFO] Rule:233 - rule Rename DIE415 pin PB3 -> PB3 (JTD0-TRACESWO) is applicable
2026-05-06 10:28:15,451 [INFO] Rule:233 - rule Rename DIE462/DIE415 pin PB4 -> PB4 (NJTRST) is applicable
2026-05-06 10:28:15,451 [INFO] Rule:233 - rule Rename DIE462 pin PH3/BOOT0 -> PH3-BOOT0 (BOOT0) is applicable
2026-05-06 10:28:15,452 [INFO] Rule:233 - rule Rename CRYP DataEncryptionTypesList to Algorithm is applicable
2026-05-06 10:28:15,452 [INFO] Rule:233 - rule Rename AES DataEncryptionTypesList to Algorithm is applicable
2026-05-06 10:28:15,452 [INFO] Rule:233 - rule Rename TDESECB to CRYP_TDES_ECB is applicable
2026-05-06 10:28:15,452 [INFO] Rule:233 - rule Rename TDESCBC to CRYP_TDES_CBC is applicable
2026-05-06 10:28:15,452 [INFO] Rule:233 - rule Rename DESECB to CRYP_DES_ECB is applicable
2026-05-06 10:28:15,452 [INFO] Rule:233 - rule Rename DESCBC to CRYP_DES_CBC is applicable
2026-05-06 10:28:15,452 [INFO] Rule:233 - rule Rename AESECB to CRYP_AES_ECB is applicable
2026-05-06 10:28:15,452 [INFO] Rule:233 - rule Rename AESCBC to CRYP_AES_CBC is applicable
2026-05-06 10:28:15,453 [INFO] Rule:233 - rule Rename AESCTR to CRYP_AES_CTR is applicable
2026-05-06 10:28:15,453 [INFO] Rule:233 - rule Rename AESGCM to CRYP_AES_GCM is applicable
2026-05-06 10:28:15,453 [INFO] Rule:233 - rule Rename AESCCM to CRYP_AES_CCM is applicable
2026-05-06 10:28:15,453 [INFO] Rule:233 - rule Rename CAN TimeSeg1 to BS1 is applicable
2026-05-06 10:28:15,453 [INFO] Rule:233 - rule Rename CAN TimeSeg2 to BS2 is applicable
2026-05-06 10:28:15,453 [INFO] Rule:233 - rule Rename CAN SyncJumpWidth to SJW is applicable
2026-05-06 10:28:15,453 [INFO] Rule:233 - rule TimeTriggeredMode to TTCM is applicable
2026-05-06 10:28:15,453 [INFO] Rule:233 - rule Rename CAN AutoBusOff to ABOM is applicable
2026-05-06 10:28:15,453 [INFO] Rule:233 - rule Rename CAN AutoWakeUp to AWUM is applicable
2026-05-06 10:28:15,453 [INFO] Rule:233 - rule Rename CAN AutoRetransmission to NART is applicable
2026-05-06 10:28:15,453 [INFO] Rule:233 - rule Rename CAN ReceiveFifoLocked to RFLM is applicable
2026-05-06 10:28:15,453 [INFO] Rule:233 - rule Rename CAN TransmitFifoPriority to TXFP is applicable
2026-05-06 10:28:15,454 [INFO] Rule:233 - rule Rename HRTIMER HRTIM_OUTPUTFAULTLEVEL_HIGH in HRTIMER HRTIM_OUTPUTFAULTLEVEL_HIGHZ is applicable
2026-05-06 10:28:15,454 [INFO] Rule:233 - rule Rename TIMER TIM_CLEARINPUTSOURCE_OCREFCLR in  TIMER TIM_CLEARINPUTSOURCE_NONE for F7 family is applicable
2026-05-06 10:28:15,454 [INFO] Rule:233 - rule FDCAN_R1 - Rename FDCAN mode Master into Classic is applicable
2026-05-06 10:28:15,454 [INFO] Rule:233 - rule FDCAN_R2 - Rename FDCAN mode Slave into Classic is applicable
2026-05-06 10:28:15,454 [INFO] Rule:233 - rule FDCAN1_R3 - if PA10.Mode=FullDuplex, add Pin PA12 is applicable
2026-05-06 10:28:15,454 [INFO] Rule:233 - rule FDCAN1_R3 - if PA9.Mode=FullDuplex, add Pin PA11 is applicable
2026-05-06 10:28:15,454 [INFO] Rule:233 - rule FDCAN1_R3 - Alternatepin_1 - if PE1.Mode=FullDuplex, add Pin PB9 is applicable
2026-05-06 10:28:15,455 [INFO] Rule:233 - rule FDCAN1_R3 - Alternatepin_1 - if PE0.Mode=FullDuplex, add Pin PB8 is applicable
2026-05-06 10:28:15,455 [INFO] Rule:233 - rule FDCAN1_R3 - Alternatepin_2 - if PD5.Mode=FullDuplex, add Pin PD1 is applicable
2026-05-06 10:28:15,455 [INFO] Rule:233 - rule FDCAN1_R3 - Alternatepin_2 - if PD4.Mode=FullDuplex, add Pin PD0 is applicable
2026-05-06 10:28:15,455 [INFO] Rule:233 - rule FDCAN1_R4 - Rename Mode FullDuplex into Enable FDCAN_TXFD for pin PA10 is applicable
2026-05-06 10:28:15,455 [INFO] Rule:233 - rule FDCAN1_R4 - Rename Mode FullDuplex into Enable FDCAN_TXFD for pin PA9 is applicable
2026-05-06 10:28:15,455 [INFO] Rule:233 - rule FDCAN1_R4 - Alternatepin_1 - Rename Mode FullDuplex into Enable FDCAN_TXFD for pin PE1 is applicable
2026-05-06 10:28:15,455 [INFO] Rule:233 - rule FDCAN1_R4 - Alternatepin_1 - Rename Mode FullDuplex into Enable FDCAN_TXFD for pin PE0 is applicable
2026-05-06 10:28:15,455 [INFO] Rule:233 - rule FDCAN1_R4 - Alternatepin_2 - Rename Mode FullDuplex into Enable FDCAN_TXFD for pin PD5 is applicable
2026-05-06 10:28:15,455 [INFO] Rule:233 - rule FDCAN1_R4 - Alternatepin_2 - Rename Mode FullDuplex into Enable FDCAN_TXFD for pin PD4 is applicable
2026-05-06 10:28:15,455 [INFO] Rule:233 - rule FDCAN2_R3 - if PD10.Mode=FullDuplex, add Pin PB13 is applicable
2026-05-06 10:28:15,455 [INFO] Rule:233 - rule FDCAN2_R3 - if PD9.Mode=FullDuplex, add Pin PB12 is applicable
2026-05-06 10:28:15,456 [INFO] Rule:233 - rule FDCAN2_R3 - Alternatepin_1 - if PB7.Mode=FullDuplex, add Pin PB6 is applicable
2026-05-06 10:28:15,456 [INFO] Rule:233 - rule FDCAN2_R3 - Alternatepin_1 - if PD9.Mode=FullDuplex, add Pin PB12 is applicable
2026-05-06 10:28:15,456 [INFO] Rule:233 - rule FDCAN2_R4 - Rename Mode FullDuplex into Enable FDCAN_TXFD for pin PD10 is applicable
2026-05-06 10:28:15,456 [INFO] Rule:233 - rule FDCAN2_R4 - Rename Mode FullDuplex into Enable FDCAN_TXFD for pin PD9 is applicable
2026-05-06 10:28:15,456 [INFO] Rule:233 - rule FDCAN2_R4 - Alternatepin_1 - Rename Mode FullDuplex into Enable FDCAN_TXFD for pin PB7 is applicable
2026-05-06 10:28:15,456 [INFO] Rule:233 - rule FDCAN2_R4 - Alternatepin_1 - Rename Mode FullDuplex into Enable FDCAN_TXFD for pin PD6 is applicable
2026-05-06 10:28:15,456 [INFO] Rule:233 - rule USART TxPinLevelInvertParam Mode is applicable
2026-05-06 10:28:15,456 [INFO] Rule:233 - rule USART RxPinLevelInvertParam Mode is applicable
2026-05-06 10:28:15,457 [INFO] Rule:233 - rule USART DataInvertParam Mode is applicable
2026-05-06 10:28:15,457 [INFO] Rule:233 - rule USART SwapParam Mode is applicable
2026-05-06 10:28:15,457 [INFO] Rule:233 - rule USART OverrunDisableParam Mode is applicable
2026-05-06 10:28:15,457 [INFO] Rule:233 - rule USART DMADisableonRxErrorParam Mode is applicable
2026-05-06 10:28:15,457 [INFO] Rule:233 - rule USART MSBFirstParam Mode is applicable
2026-05-06 10:28:15,457 [INFO] Rule:233 - rule Update MwName for USB_DEVICE is applicable
2026-05-06 10:28:15,457 [INFO] Rule:233 - rule Change PWR_Regulator_Voltage_Scale Default Value for RCC  H7 family is applicable
2026-05-06 10:28:15,457 [INFO] Rule:233 - rule UART/USART IPParameter rename Prescaler parameter to ClockPrescaler is applicable
2026-05-06 10:28:15,457 [INFO] Rule:233 - rule UART/USART Prescaler rename Prescaler parameter to ClockPrescaler is applicable
2026-05-06 10:28:15,457 [INFO] Rule:233 - rule TIM1CLockSelection is applicable
2026-05-06 10:28:15,457 [INFO] Rule:233 - rule TIM15CLockSelection is applicable
2026-05-06 10:28:15,457 [INFO] Rule:233 - rule align RCC SDMMC3CLockSelection default value on MP1 is applicable
2026-05-06 10:28:15,457 [INFO] Rule:233 - rule align RCC SDMMC12CLockSelection default value on MP1 is applicable
2026-05-06 10:28:15,457 [INFO] Rule:233 - rule align RCC QSPICLockSelection default value on MP1 is applicable
2026-05-06 10:28:15,458 [INFO] Rule:233 - rule align RCC QSPICLockSelection default value on MP1 is applicable
2026-05-06 10:28:15,458 [INFO] Rule:233 - rule align RCC SPI6CLockSelection default value on MP1 is applicable
2026-05-06 10:28:15,458 [INFO] Rule:233 - rule align RCC LPTIM23CLockSelection default value on MP1 is applicable
2026-05-06 10:28:15,458 [INFO] Rule:233 - rule align RCC LPTIM1CLockSelection default value on MP1 is applicable
2026-05-06 10:28:15,458 [INFO] Rule:233 - rule align RCC USART1CLockSelection default value on MP1 is applicable
2026-05-06 10:28:15,458 [INFO] Rule:233 - rule align RCC USART24CLockSelection default value on MP1 is applicable
2026-05-06 10:28:15,458 [INFO] Rule:233 - rule align RCC USART6CLockSelection default value on MP1 is applicable
2026-05-06 10:28:15,458 [INFO] Rule:233 - rule align RCC UART78CLockSelection default value on MP1 is applicable
2026-05-06 10:28:15,458 [INFO] Rule:233 - rule align RCC USART35CLockSelection default value on MP1 is applicable
2026-05-06 10:28:15,458 [INFO] Rule:233 - rule align RCC SPI45CLockSelection default value on MP1 is applicable
2026-05-06 10:28:15,458 [INFO] Rule:233 - rule align RCC I2C46CLockSelection BCLK value on MP1 is applicable
2026-05-06 10:28:15,458 [INFO] Rule:233 - rule align RCC SPI45CLockSelection default value on MP1 is applicable
2026-05-06 10:28:15,458 [INFO] Rule:233 - rule align RCC I2C12CLockSelection default value on MP1 is applicable
2026-05-06 10:28:15,458 [INFO] Rule:233 - rule align RCC I2C35CLockSelection default value on MP1 is applicable
2026-05-06 10:28:15,458 [INFO] Rule:233 - rule align RCC LPTIM45CLockSelection default value on MP1 is applicable
2026-05-06 10:28:15,459 [INFO] Rule:233 - rule Rename DCMI PIXCK signal is applicable
2026-05-06 10:28:15,459 [INFO] Rule:233 - rule Change Default Value for I2C46CLockSelection MP1 family is applicable
2026-05-06 10:28:15,459 [INFO] Rule:233 - rule Change Default Value for UART for G4, G0 and WB families is applicable
2026-05-06 10:28:15,459 [INFO] Rule:233 - rule Change Default Value for USART for G4, G0 and WB families is applicable
2026-05-06 10:28:15,459 [INFO] Rule:233 - rule Change Default Value for USART for G4 family is applicable
2026-05-06 10:28:15,459 [INFO] Rule:233 - rule Change USART1CLockSelection refparam name for MP1 is applicable
2026-05-06 10:28:15,460 [INFO] Rule:233 - rule Change USART2CLockSelection refparam name for MP1 is applicable
2026-05-06 10:28:15,460 [INFO] Rule:233 - rule Change USART3CLockSelection refparam name for MP1 is applicable
2026-05-06 10:28:15,460 [INFO] Rule:233 - rule Change UART4CLockSelection refparam name for MP1 is applicable
2026-05-06 10:28:15,460 [INFO] Rule:233 - rule Change UART5CLockSelection refparam name for MP1 is applicable
2026-05-06 10:28:15,460 [INFO] Rule:233 - rule Change LPUART1CLockSelection refparam name for MP1 is applicable
2026-05-06 10:28:15,460 [INFO] Rule:233 - rule Change LPTIM1CLockSelection refparam name for MP1 is applicable
2026-05-06 10:28:15,460 [INFO] Rule:233 - rule Change LPTIM2CLockSelection refparam name for MP1 is applicable
2026-05-06 10:28:15,460 [INFO] Rule:233 - rule Change RCC_MCO1Source refparam name for MP1 is applicable
2026-05-06 10:28:15,460 [INFO] Rule:233 - rule Change LSCOSource1 refparam name for MP1 is applicable
2026-05-06 10:28:15,460 [INFO] Rule:233 - rule Change SMPSCLockSelection refparam name for MP1 is applicable
2026-05-06 10:28:15,461 [INFO] Rule:233 - rule Change LPTIM3CLockSelection refparam name for MP1 is applicable
2026-05-06 10:28:15,461 [INFO] Rule:233 - rule Change MPCBB* Default Template Mode to Parameters is applicable
2026-05-06 10:28:15,461 [INFO] Rule:233 - rule Change MPCWM* or MPCBB* Secure Mode to Parameters is applicable
2026-05-06 10:28:15,461 [INFO] Rule:233 - rule Change MPCWM* or MPCBB* No Secure Mode to Parameters is applicable
2026-05-06 10:28:15,461 [INFO] Rule:233 - rule Change TZSC IP Secure Mode to Parameters is applicable
2026-05-06 10:28:15,461 [INFO] Rule:233 - rule Change TZSC IP No Secure Mode to Parameters is applicable
2026-05-06 10:28:15,461 [INFO] Rule:233 - rule Change TZSC IP Privilege Mode to Parameters is applicable
2026-05-06 10:28:15,461 [INFO] Rule:233 - rule Change TZSC IP No Privilege Mode to Parameters is applicable
2026-05-06 10:28:15,461 [INFO] Rule:233 - rule Change TZIC IT Secure Mode to Parameters is applicable
2026-05-06 10:28:15,461 [INFO] Rule:233 - rule Change TZIC IT No Secure Mode to Parameters is applicable
2026-05-06 10:28:15,461 [INFO] Rule:233 - rule Add MPCBB1_NonSecureArea_Start_Address value with referenced to MPCBB1_NonSecureArea_Start value is applicable
2026-05-06 10:28:15,461 [INFO] Rule:233 - rule Add MPCBB2_NonSecureArea_Start_Address value with referenced to MPCBB2_NonSecureArea_Start value is applicable
2026-05-06 10:28:15,461 [INFO] Rule:233 - rule Add MPCWM1_NonSecureArea*_Start_Address value with referenced to MPCWM1_NonSecureArea*_Start value is applicable
2026-05-06 10:28:15,461 [INFO] Rule:233 - rule Add MPCWM2_NonSecureArea*_Start_Address value with referenced to MPCWM2_NonSecureArea*_Start value is applicable
2026-05-06 10:28:15,461 [INFO] Rule:233 - rule Add MPCWM3_NonSecureArea_Start_Address value with referenced to MPCWM3_NonSecureArea_Start value is applicable
2026-05-06 10:28:15,461 [INFO] Rule:233 - rule Change Default Value for PLL1UserDefinedConfig is applicable
2026-05-06 10:28:15,462 [INFO] Rule:233 - rule Change GPIO_PuPd Default Value for USART in async mode is applicable
2026-05-06 10:28:15,462 [INFO] Rule:233 - rule Change SMPSDivider Default Value is applicable
2026-05-06 10:28:15,462 [INFO] Rule:233 - rule OPAMP is applicable
2026-05-06 10:28:15,462 [INFO] Rule:233 - rule LPUART IPParameter rename Prescaler parameter to ClockPrescaler for STM32H7 is applicable
2026-05-06 10:28:15,462 [INFO] Rule:233 - rule LPUART IPParameter rename Prescaler parameter to ClockPrescaler for STM32H7 is applicable
2026-05-06 10:28:15,462 [INFO] Rule:233 - rule LPUART IPParameter rename Prescaler parameter to ClockPrescaler for STM32WB is applicable
2026-05-06 10:28:15,462 [INFO] Rule:233 - rule LPUART IPParameter rename Prescaler parameter to ClockPrescaler for STM32WB is applicable
2026-05-06 10:28:15,462 [INFO] Rule:233 - rule LPUART IPParameter rename Prescaler parameter to ClockPrescaler for STM32G4 is applicable
2026-05-06 10:28:15,462 [INFO] Rule:233 - rule LPUART IPParameter rename Prescaler parameter to ClockPrescaler for STM32G4 is applicable
2026-05-06 10:28:15,462 [INFO] Rule:233 - rule LPUART IPParameter rename Prescaler parameter to ClockPrescaler for STM32L5 is applicable
2026-05-06 10:28:15,462 [INFO] Rule:233 - rule LPUART IPParameter rename Prescaler parameter to ClockPrescaler for STM32L5 is applicable
2026-05-06 10:28:15,462 [INFO] Rule:233 - rule LPUART IPParameter rename Prescaler parameter to ClockPrescaler for STM32G4 is applicable
2026-05-06 10:28:15,462 [INFO] Rule:233 - rule LPUART IPParameter rename Prescaler parameter to ClockPrescaler for STM32G4 is applicable
2026-05-06 10:28:15,462 [INFO] Rule:233 - rule USB device lib V2.5.3 for L0 rename USBD_SUPPORT_USER_STRING parameter to USBD_SUPPORT_USER_STRING_DESC4 is applicable
2026-05-06 10:28:15,463 [INFO] Rule:233 - rule I2SCLockSelection clock entry align is applicable
2026-05-06 10:28:15,463 [INFO] Rule:233 - rule Assign TIMx context if used as SYS timebase is applicable
2026-05-06 10:28:15,464 [INFO] Rule:233 - rule Change GPIO_Pu Default Value for I2C is applicable
2026-05-06 10:28:15,464 [INFO] Rule:233 - rule Change GPIO_Pu Default Value for SMBus is applicable
2026-05-06 10:28:15,464 [INFO] Rule:233 - rule change FDCAN default value is applicable
2026-05-06 10:28:15,465 [INFO] Rule:233 - rule Change mode sai is applicable
2026-05-06 10:28:15,465 [INFO] Rule:233 - rule **Change sai mode is applicable
2026-05-06 10:28:15,465 [INFO] Rule:233 - rule Rename STM32WPAN CFG_BLE_IRK to CFG_BLE_IR is applicable
2026-05-06 10:28:15,465 [INFO] Rule:233 - rule Rename STM32WPAN CFG_BLE_ERK to CFG_BLE_ER is applicable
2026-05-06 10:28:15,465 [INFO] Rule:233 - rule Rename STM32WPAN CFG_BLE_IRK_HEX to CFG_BLE_IR_HEX is applicable
2026-05-06 10:28:15,465 [INFO] Rule:233 - rule Rename STM32WPAN CFG_BLE_ERK_HEX to CFG_BLE_ER_HEX is applicable
2026-05-06 10:28:15,466 [INFO] Rule:233 - rule Adapt Old IOC before rework replace old CORTEX_M33/CORTEX_M55 attributes by the new one. is applicable
2026-05-06 10:28:15,466 [INFO] Rule:233 - rule Rename parametre of RCC RCC_APBDBG_DIV2 to RCC_TIMPRES_DIV2 is applicable
2026-05-06 10:28:15,466 [INFO] Rule:233 - rule Rename DIE493 pin PA10 [PA12] -> PA10 is applicable
2026-05-06 10:28:15,466 [INFO] Rule:233 - rule Rename DIE493 pin PA9 [PA11] -> PA9 is applicable
2026-05-06 10:28:15,466 [INFO] Rule:233 - rule Rename DIE492 PartNumber CPN STM32WBA5MJGHx -> STM32WBA5MMGHx is applicable
2026-05-06 10:28:15,466 [INFO] Rule:233 - rule Rename DIE492 PartNumber  Name STM32WBA5MJGHx -> STM32WBA5MMGHx is applicable
2026-05-06 10:28:15,466 [INFO] Rule:233 - rule Rename DIE492 PartNumber UserName STM32WBA5MJGHx -> STM32WBA5MMGHx is applicable
2026-05-06 10:28:15,466 [INFO] Rule:233 - rule Rename DIE492 PartNumber DeviceId STM32WBA5MJGHx -> STM32WBA5MMGHx is applicable
2026-05-06 10:28:15,466 [INFO] Rule:233 - rule Adapt Old IOC CSI. is applicable
2026-05-06 10:28:15,466 [INFO] Rule:233 - rule Adapt Old IOC DCMIPP. is applicable
2026-05-06 10:28:15,466 [INFO] Rule:233 - rule Adapt Old IOC DCMIPP Mode Parallel. is applicable
2026-05-06 10:28:15,466 [INFO] Rule:233 - rule Adapt Old IOC LTDC. is applicable
2026-05-06 10:28:15,467 [INFO] Rule:233 - rule Rename STM32MP2 RIF Peripheral LTDC RIF.RISUP.LTDC_L0L1.Privilege -> RIF.RISUP.LTDC_L1L2.Privilege is applicable
2026-05-06 10:28:15,467 [INFO] Rule:233 - rule Rename STM32MP2 RIF Peripheral LTDC RIF.RISUP.LTDC_L0L1.Privilege -> RIF.RISUP.LTDC_L1L2.Privilege is applicable
2026-05-06 10:28:15,467 [INFO] Rule:233 - rule Rename STM32MP2 RIF Peripheral LTDC RIF.RISUP.LTDC_L0L1.Lock -> RIF.RISUP.LTDC_L1L2.Lock is applicable
2026-05-06 10:28:15,467 [INFO] Rule:233 - rule Rename STM32MP2 RIF Peripheral LTDC RIF.RISUP.LTDC_L2.Lock -> RIF.RISUP.LTDC_L3.Lock is applicable
2026-05-06 10:28:15,467 [INFO] Rule:233 - rule Adapt the old IOC example for updating the SYS when it is misconfigured. is applicable
2026-05-06 10:28:15,467 [INFO] Rule:233 - rule Rename STM32C09 Mcu.Package LQFP64 -> LQFP48 is applicable
2026-05-06 10:28:15,467 [INFO] Rule:233 - rule Adapt the old IOC example for updating the SYS when it is misconfigured. is applicable
2026-05-06 10:28:15,467 [INFO] Rule:233 - rule Adapt the old IOC example for updating the SYS when it is misconfigured. is applicable
2026-05-06 10:28:15,535 [INFO] DbConfProperties:307 - Apply Compatibility (38/250 Rules)
2026-05-06 10:28:15,581 [INFO] ImportTextPane:234 - (OptionalMessage_ERROR) Unable to find key (Mcu.ThirdPartyNb) in loaded IOC file
2026-05-06 10:28:15,591 [INFO] ImportTextPane:234 - (OptionalMessage_ERROR) Pin34 (VP_RIF_VS_RIF1) cannot be retrieved for this MCU
2026-05-06 10:28:16,119 [INFO] RtosManager:558 - Registered RTOS mode: class=CMSIS, group=RTOS, mode=CMSIS_V1, owner=FREERTOS
2026-05-06 10:28:16,119 [INFO] RtosManager:558 - Registered RTOS mode: class=CMSIS, group=RTOS2, mode=CMSIS_V2, owner=FREERTOS
2026-05-06 10:28:16,120 [INFO] RtosManager:558 - Registered RTOS mode: class=RTOS, group=Core, mode=CMSIS_V1, owner=FREERTOS
2026-05-06 10:28:16,120 [INFO] RtosManager:558 - Registered RTOS mode: class=RTOS, group=Core, mode=CMSIS_V2, owner=FREERTOS
2026-05-06 10:28:16,121 [WARN] ModelIntegratedComponent:184 - Missing modes for component STMicroelectronics:FreeRTOS:0.0.1:STMicroelectronics:RTOS:FreeRTOS:Core:::10.2.0:
2026-05-06 10:28:16,163 [WARN] ModelIntegratedComponent:63 - No mode defined for component null
2026-05-06 10:28:16,164 [WARN] ModelIntegratedComponent:63 - No mode defined for component null
2026-05-06 10:28:16,164 [WARN] ModelIntegratedComponent:63 - No mode defined for component null
2026-05-06 10:28:16,164 [WARN] ModelIntegratedComponent:63 - No mode defined for component null
2026-05-06 10:28:16,164 [WARN] ModelIntegratedComponent:63 - No mode defined for component null
2026-05-06 10:28:16,164 [WARN] ModelIntegratedComponent:63 - No mode defined for component null
2026-05-06 10:28:16,164 [WARN] ModelIntegratedComponent:63 - No mode defined for component null
2026-05-06 10:28:16,164 [WARN] ModelIntegratedComponent:63 - No mode defined for component null
2026-05-06 10:28:16,164 [WARN] ModelIntegratedComponent:63 - No mode defined for component null
2026-05-06 10:28:16,165 [WARN] ModelIntegratedComponent:63 - No mode defined for component null
2026-05-06 10:28:16,165 [WARN] ModelIntegratedComponent:63 - No mode defined for component null
2026-05-06 10:28:16,165 [WARN] ModelIntegratedComponent:63 - No mode defined for component null
2026-05-06 10:28:16,165 [WARN] ModelIntegratedComponent:63 - No mode defined for component null
2026-05-06 10:28:16,165 [WARN] ModelIntegratedComponent:63 - No mode defined for component null
2026-05-06 10:28:16,165 [WARN] ModelIntegratedComponent:63 - No mode defined for component null
2026-05-06 10:28:16,165 [WARN] ModelIntegratedComponent:63 - No mode defined for component null
2026-05-06 10:28:16,165 [WARN] ModelIntegratedComponent:63 - No mode defined for component null
2026-05-06 10:28:16,165 [WARN] ModelIntegratedComponent:63 - No mode defined for component null
2026-05-06 10:28:16,165 [WARN] ModelIntegratedComponent:63 - No mode defined for component null
2026-05-06 10:28:16,165 [WARN] ModelIntegratedComponent:63 - No mode defined for component null
2026-05-06 10:28:16,166 [WARN] ModelIntegratedComponent:63 - No mode defined for component null
2026-05-06 10:28:16,166 [WARN] ModelIntegratedComponent:63 - No mode defined for component null
2026-05-06 10:28:16,166 [WARN] ModelIntegratedComponent:63 - No mode defined for component null
2026-05-06 10:28:16,166 [WARN] ModelIntegratedComponent:63 - No mode defined for component null
2026-05-06 10:28:16,166 [WARN] ModelIntegratedComponent:63 - No mode defined for component null
2026-05-06 10:28:16,166 [WARN] ModelIntegratedComponent:63 - No mode defined for component null
2026-05-06 10:28:16,166 [WARN] ModelIntegratedComponent:63 - No mode defined for component null
2026-05-06 10:28:16,166 [WARN] ModelIntegratedComponent:63 - No mode defined for component null
2026-05-06 10:28:16,166 [WARN] ModelIntegratedComponent:63 - No mode defined for component null
2026-05-06 10:28:16,166 [WARN] ModelIntegratedComponent:63 - No mode defined for component null
2026-05-06 10:28:16,166 [WARN] ModelIntegratedComponent:63 - No mode defined for component null
2026-05-06 10:28:16,166 [WARN] ModelIntegratedComponent:63 - No mode defined for component null
2026-05-06 10:28:16,167 [WARN] ModelIntegratedComponent:63 - No mode defined for component null
2026-05-06 10:28:16,167 [WARN] ModelIntegratedComponent:63 - No mode defined for component null
2026-05-06 10:28:16,167 [WARN] ModelIntegratedComponent:63 - No mode defined for component null
2026-05-06 10:28:16,167 [WARN] ModelPack:524 - Component already loaded: STMicroelectronics:HAL Drivers:0.0.0:STMicroelectronics:Device:STMicro_Driver:XSPI:HAL::0.0.1:HAL_XSPI
2026-05-06 10:28:16,360 [INFO] ThirdPartyModel:298 - Start build external matchings
2026-05-06 10:28:17,265 [INFO] ThirdPartyModel:316 - End build external matchings
2026-05-06 10:28:17,764 [INFO] UtilMem:75 - End LoadConfig() Used Memory: 949026088 Bytes (1073741824)
2026-05-06 10:28:18,257 [WARN] ThirdParty:833 - waiting for thirdparty lock release [change project]
2026-05-06 10:28:18,258 [INFO] ThirdParty:835 - entering critical section [change project]
2026-05-06 10:28:18,258 [INFO] ThirdParty:1030 - CMSIS Pack Vendor :STMicroelectronics X-CUBE-AZRTOS-H7 3.5.0
2026-05-06 10:28:18,258 [INFO] ThirdParty:1030 - CMSIS Pack Vendor :STMicroelectronics X-CUBE-PM33A1 1.0.0
2026-05-06 10:28:18,258 [INFO] ThirdParty:1030 - CMSIS Pack Vendor :STMicroelectronics USBPD 4.1
2026-05-06 10:28:18,258 [INFO] ThirdParty:1030 - CMSIS Pack Vendor :STMicroelectronics X-CUBE-NFC9 1.0.0
2026-05-06 10:28:18,258 [INFO] ThirdParty:1030 - CMSIS Pack Vendor :STMicroelectronics USB_HOST 2.0.0
2026-05-06 10:28:18,258 [INFO] ThirdParty:1030 - CMSIS Pack Vendor :STMicroelectronics X-CUBE-AZRTOS-F4 1.1.0
2026-05-06 10:28:18,258 [INFO] ThirdParty:1030 - CMSIS Pack Vendor :STMicroelectronics LIBJPEG 8.0.0
2026-05-06 10:28:18,258 [INFO] ThirdParty:1030 - CMSIS Pack Vendor :STMicroelectronics FP-ATR-ASTRA1 2.0.2
2026-05-06 10:28:18,258 [INFO] ThirdParty:1030 - CMSIS Pack Vendor :STMicroelectronics X-CUBE-BLE1 7.1.0
2026-05-06 10:28:18,258 [INFO] ThirdParty:1030 - CMSIS Pack Vendor :STMicroelectronics X-CUBE-SMBUS 2.1.0
2026-05-06 10:28:18,258 [INFO] ThirdParty:1030 - CMSIS Pack Vendor :wolfSSL I-CUBE-wolfMQTT 1.19.2
2026-05-06 10:28:18,258 [INFO] ThirdParty:1030 - CMSIS Pack Vendor :STMicroelectronics USB_DEVICE 3.0.0
2026-05-06 10:28:18,259 [INFO] ThirdParty:1030 - CMSIS Pack Vendor :STMicroelectronics X-CUBE-ISPU 2.1.0
2026-05-06 10:28:18,259 [INFO] ThirdParty:1030 - CMSIS Pack Vendor :STMicroelectronics X-CUBE-EEPRMA1 5.2.0
2026-05-06 10:28:18,259 [INFO] ThirdParty:1030 - CMSIS Pack Vendor :STMicroelectronics X-CUBE-IPS 3.2.0
2026-05-06 10:28:18,259 [INFO] ThirdParty:1030 - CMSIS Pack Vendor :STMicroelectronics X-CUBE-BLEMGR 4.1.0
2026-05-06 10:28:18,259 [INFO] ThirdParty:1030 - CMSIS Pack Vendor :STMicroelectronics eDS-WB_DPC_TT-BIDIR 2.1.1
2026-05-06 10:28:18,259 [INFO] ThirdParty:1030 - CMSIS Pack Vendor :STMicroelectronics X-CUBE-AZRTOS-WB 2.0.0
2026-05-06 10:28:18,259 [INFO] ThirdParty:1030 - CMSIS Pack Vendor :wolfSSL I-CUBE-wolfSSL 5.8.4
2026-05-06 10:28:18,259 [INFO] ThirdParty:1030 - CMSIS Pack Vendor :Cesanta I-CUBE-Mongoose 7.20.0
2026-05-06 10:28:18,259 [INFO] ThirdParty:1030 - CMSIS Pack Vendor :STMicroelectronics X-CUBE-NFC12 1.0.0
2026-05-06 10:28:18,259 [INFO] ThirdParty:1030 - CMSIS Pack Vendor :STMicroelectronics X-CUBE-AZRTOS-F7 1.1.0
2026-05-06 10:28:18,259 [INFO] ThirdParty:1030 - CMSIS Pack Vendor :STMicroelectronics X-CUBE-AZRTOS-L5 2.0.0
2026-05-06 10:28:18,259 [INFO] ThirdParty:1030 - CMSIS Pack Vendor :STMicroelectronics USB_DEVICE 2.0.0
2026-05-06 10:28:18,259 [INFO] ThirdParty:1030 - CMSIS Pack Vendor :STMicroelectronics FP-SNS-STAIOTCFT 1.1.0
2026-05-06 10:28:18,259 [INFO] ThirdParty:1030 - CMSIS Pack Vendor :quantropi X-CUBE-qispace-sdk-base 2.1.0
2026-05-06 10:28:18,259 [INFO] ThirdParty:1030 - CMSIS Pack Vendor :STMicroelectronics X-CUBE-MEMS1 12.0.0
2026-05-06 10:28:18,259 [INFO] ThirdParty:1030 - CMSIS Pack Vendor :STMicroelectronics X-CUBE-STSE01 2.0.0
2026-05-06 10:28:18,259 [INFO] ThirdParty:1030 - CMSIS Pack Vendor :STMicroelectronics FP-SNS-MOTENV1 5.1.0
2026-05-06 10:28:18,259 [INFO] ThirdParty:1030 - CMSIS Pack Vendor :STMicroelectronics FreeRTOS 0.0.1
2026-05-06 10:28:18,259 [INFO] ThirdParty:1030 - CMSIS Pack Vendor :STMicroelectronics X-CUBE-AZRTOS-G0 1.1.0
2026-05-06 10:28:18,259 [INFO] ThirdParty:1030 - CMSIS Pack Vendor :STMicroelectronics X-CUBE-NFC4 3.0.0
2026-05-06 10:28:18,259 [INFO] ThirdParty:1030 - CMSIS Pack Vendor :STMicroelectronics X-CUBE-SUBG2 5.0.0
2026-05-06 10:28:18,259 [INFO] ThirdParty:1030 - CMSIS Pack Vendor :STMicroelectronics STM32_WPAN 1.0.0
2026-05-06 10:28:18,259 [INFO] ThirdParty:1030 - CMSIS Pack Vendor :STMicroelectronics eDS-WB_DPC_VIENNA 1.2.0
2026-05-06 10:28:18,260 [INFO] ThirdParty:1030 - CMSIS Pack Vendor :EmbeddedOffice I-CUBE-FS-RTOS 1.0.1
2026-05-06 10:28:18,260 [INFO] ThirdParty:1030 - CMSIS Pack Vendor :STMicroelectronics lwIP 2.0.3
2026-05-06 10:28:18,260 [INFO] ThirdParty:1030 - CMSIS Pack Vendor :WES I-CUBE-Cesium 1.4.0
2026-05-06 10:28:18,260 [INFO] ThirdParty:1030 - CMSIS Pack Vendor :STMicroelectronics eDS-WB_DPC_3PH2L-BIDIR 1.1.1
2026-05-06 10:28:18,260 [INFO] ThirdParty:1030 - CMSIS Pack Vendor :STMicroelectronics USB_HOST 1.0.0
2026-05-06 10:28:18,260 [INFO] ThirdParty:1030 - CMSIS Pack Vendor :STMicroelectronics X-CUBE-AZRTOS-G4 2.0.0
2026-05-06 10:28:18,260 [INFO] ThirdParty:1030 - CMSIS Pack Vendor :STMicroelectronics X-CUBE-WB05N 2.0.0
2026-05-06 10:28:18,260 [INFO] ThirdParty:1030 - CMSIS Pack Vendor :STMicroelectronics PDM2PCM 3.1.0
2026-05-06 10:28:18,260 [INFO] ThirdParty:1030 - CMSIS Pack Vendor :STMicroelectronics PDM2PCM 3.3.0
2026-05-06 10:28:18,260 [INFO] ThirdParty:1030 - CMSIS Pack Vendor :wolfSSL I-CUBE-wolfTPM 3.8.0
2026-05-06 10:28:18,260 [INFO] ThirdParty:1030 - CMSIS Pack Vendor :STMicroelectronics X-CUBE-DISPLAY 3.0.0
2026-05-06 10:28:18,260 [INFO] ThirdParty:1030 - CMSIS Pack Vendor :wolfSSL I-CUBE-wolfSSH 1.4.20
2026-05-06 10:28:18,260 [INFO] ThirdParty:1030 - CMSIS Pack Vendor :STMicroelectronics X-CUBE-NFC7 2.0.0
2026-05-06 10:28:18,260 [INFO] ThirdParty:1030 - CMSIS Pack Vendor :STMicroelectronics X-CUBE-GNSS1 7.1.1
2026-05-06 10:28:18,260 [INFO] ThirdParty:1030 - CMSIS Pack Vendor :STMicroelectronics FP-SNS-MOTENVWB1 1.5.0
2026-05-06 10:28:18,260 [INFO] ThirdParty:1030 - CMSIS Pack Vendor :STMicroelectronics X-CUBE-TCPP 4.2.0
2026-05-06 10:28:18,260 [INFO] ThirdParty:1030 - CMSIS Pack Vendor :RealThread X-CUBE-RT-Thread_Nano 4.1.1
2026-05-06 10:28:18,260 [INFO] ThirdParty:1030 - CMSIS Pack Vendor :STMicroelectronics FP-ATR-SIGFOX1 3.2.0
2026-05-06 10:28:18,260 [INFO] ThirdParty:1030 - CMSIS Pack Vendor :STMicroelectronics X-CUBE-NFC10 1.0.0
2026-05-06 10:28:18,260 [INFO] ThirdParty:1030 - CMSIS Pack Vendor :STMicroelectronics HAL Drivers 0.0.0
2026-05-06 10:28:18,260 [INFO] ThirdParty:1030 - CMSIS Pack Vendor :STMicroelectronics X-CUBE-FREERTOS 1.5.0
2026-05-06 10:28:18,260 [INFO] ThirdParty:1030 - CMSIS Pack Vendor :STMicroelectronics MBEDTLS 2.16.2
2026-05-06 10:28:18,260 [INFO] ThirdParty:1030 - CMSIS Pack Vendor :STMicroelectronics X-CUBE-ST60 1.1.0
2026-05-06 10:28:18,260 [INFO] ThirdParty:1030 - CMSIS Pack Vendor :STMicroelectronics X-CUBE-ALS 1.0.2
2026-05-06 10:28:18,260 [INFO] ThirdParty:1030 - CMSIS Pack Vendor :emotas I-CUBE-CANOPEN 1.3.0
2026-05-06 10:28:18,261 [INFO] ThirdParty:1030 - CMSIS Pack Vendor :STMicroelectronics MBEDTLS 2.14.1
2026-05-06 10:28:18,261 [INFO] ThirdParty:1030 - CMSIS Pack Vendor :STMicroelectronics X-CUBE-GNSS1 7.1.0
2026-05-06 10:28:18,261 [INFO] ThirdParty:1030 - CMSIS Pack Vendor :ITTIA_DB I-CUBE-ITTIADB 8.9.0
2026-05-06 10:28:18,261 [INFO] ThirdParty:1030 - CMSIS Pack Vendor :STMicroelectronics X-CUBE-TOUCHGFX 4.26.1
2026-05-06 10:28:18,261 [INFO] ThirdParty:1030 - CMSIS Pack Vendor :STMicroelectronics X-CUBE-NFC6 3.2.0
2026-05-06 10:28:18,261 [INFO] ThirdParty:1030 - CMSIS Pack Vendor :STMicroelectronics FP-SNS-STBOX1 2.1.0
2026-05-06 10:28:18,261 [INFO] ThirdParty:1030 - CMSIS Pack Vendor :STMicroelectronics X-CUBE-AI 10.2.0
2026-05-06 10:28:18,261 [INFO] ThirdParty:1030 - CMSIS Pack Vendor :STMicroelectronics FP-SNS-STAIOTCFT 1.0.0
2026-05-06 10:28:18,261 [INFO] ThirdParty:1030 - CMSIS Pack Vendor :STMicroelectronics ThreadX 1.0.0
2026-05-06 10:28:18,261 [INFO] ThirdParty:1030 - CMSIS Pack Vendor :STMicroelectronics FP-SNS-SMARTAG2 1.2.0
2026-05-06 10:28:18,261 [INFO] ThirdParty:1030 - CMSIS Pack Vendor :STMicroelectronics X-CUBE-MEMS1 12.1.0
2026-05-06 10:28:18,261 [INFO] ThirdParty:1030 - CMSIS Pack Vendor :STMicroelectronics FP-SNS-FLIGHT1 5.1.0
2026-05-06 10:28:18,261 [INFO] ThirdParty:1030 - CMSIS Pack Vendor :STMicroelectronics X-CUBE-AZRTOS-WL 2.0.0
2026-05-06 10:28:18,261 [INFO] ThirdParty:1030 - CMSIS Pack Vendor :SEGGER I-CUBE-embOS 1.3.1
2026-05-06 10:28:18,261 [INFO] ThirdParty:1030 - CMSIS Pack Vendor :STMicroelectronics X-CUBE-ALGOBUILD 1.4.0
2026-05-06 10:28:18,261 [INFO] ThirdParty:1030 - CMSIS Pack Vendor :STMicroelectronics X-CUBE-DPower 1.3.0
2026-05-06 10:28:18,261 [INFO] ThirdParty:1030 - CMSIS Pack Vendor :STMicroelectronics USB_DEVICE 1.0.0
2026-05-06 10:28:18,261 [INFO] ThirdParty:1030 - CMSIS Pack Vendor :STMicroelectronics X-CUBE-AZRTOS-H7RS 1.2.0
2026-05-06 10:28:18,261 [INFO] ThirdParty:1030 - CMSIS Pack Vendor :STMicroelectronics X-CUBE-AZRTOS-L4 2.0.0
2026-05-06 10:28:18,261 [INFO] ThirdParty:1030 - CMSIS Pack Vendor :STMicroelectronics ThreadX 0.0.2
2026-05-06 10:28:18,261 [INFO] ThirdParty:1030 - CMSIS Pack Vendor :STMicroelectronics lwIP 2.1.2
2026-05-06 10:28:18,261 [INFO] ThirdParty:1030 - CMSIS Pack Vendor :STMicroelectronics X-CUBE-SFXS2LP1 4.0.0
2026-05-06 10:28:18,261 [INFO] ThirdParty:1030 - CMSIS Pack Vendor :STMicroelectronics X-CUBE-BLE2 3.3.0
2026-05-06 10:28:18,261 [INFO] ThirdParty:1030 - CMSIS Pack Vendor :Avnet-IOTCONNECT X-CUBE-iotc-st67-sdk 1.0.0
2026-05-06 10:28:18,262 [INFO] ThirdParty:1030 - CMSIS Pack Vendor :STMicroelectronics X-CUBE-TOF1 3.4.3
2026-05-06 10:28:18,262 [INFO] ThirdParty:1030 - CMSIS Pack Vendor :Infineon AIROC-Wi-Fi-Bluetooth-STM32 1.8.0
2026-05-06 10:28:18,262 [INFO] ThirdParty:1030 - CMSIS Pack Vendor :STMicroelectronics PDM2PCM 3.2.0
2026-05-06 10:28:18,262 [INFO] ThirdParty:1030 - CMSIS Pack Vendor :STMicroelectronics X-CUBE-WB05N 2.1.0
2026-05-06 10:28:18,262 [INFO] ThirdParty:1030 - CMSIS Pack Vendor :STMicroelectronics X-CUBE-ST67W61 1.2.0
2026-05-06 10:28:18,262 [INFO] ThirdParty:841 - exiting critical section [change project]
2026-05-06 10:28:18,931 [INFO] PinOutPanel:1589 - setPackage(No Configuration,No Configuration)
2026-05-06 10:28:18,934 [INFO] PinOutPanel:1589 - setPackage(STM32F407VGTx,LQFP100)
2026-05-06 10:28:19,705 [INFO] UtilMem:75 - Before build in PCC Used Memory: 795472320 Bytes (1073741824)
2026-05-06 10:28:20,931 [INFO] UtilMem:75 - After build in PCC Used Memory: 894651608 Bytes (1073741824)
2026-05-06 10:28:20,974 [INFO] IPUIPlugin:80 - create IPUIPlugin
2026-05-06 10:28:20,975 [INFO] IPUIPlugin:80 - create IPUIPlugin
2026-05-06 10:28:20,975 [INFO] IPUIPlugin:80 - create IPUIPlugin
2026-05-06 10:28:20,975 [INFO] IPUIPlugin:80 - create IPUIPlugin
2026-05-06 10:28:20,975 [INFO] IPUIPlugin:80 - create IPUIPlugin
2026-05-06 10:28:20,975 [INFO] IPUIPlugin:80 - create IPUIPlugin
2026-05-06 10:28:20,975 [INFO] IPUIPlugin:80 - create IPUIPlugin
2026-05-06 10:28:20,976 [INFO] IPUIPlugin:80 - create IPUIPlugin
2026-05-06 10:28:20,976 [INFO] IPUIPlugin:80 - create IPUIPlugin
2026-05-06 10:28:20,976 [INFO] IPUIPlugin:80 - create IPUIPlugin
2026-05-06 10:28:20,976 [INFO] IPUIPlugin:80 - create IPUIPlugin
2026-05-06 10:28:20,976 [INFO] IPUIPlugin:80 - create IPUIPlugin
2026-05-06 10:28:20,977 [INFO] IPUIPlugin:80 - create IPUIPlugin
2026-05-06 10:28:20,977 [INFO] IPUIPlugin:80 - create IPUIPlugin
2026-05-06 10:28:20,977 [INFO] IPUIPlugin:80 - create IPUIPlugin
2026-05-06 10:28:20,977 [INFO] IPUIPlugin:80 - create IPUIPlugin
2026-05-06 10:28:20,977 [INFO] IPUIPlugin:80 - create IPUIPlugin
2026-05-06 10:28:20,977 [INFO] IPUIPlugin:80 - create IPUIPlugin
2026-05-06 10:28:20,978 [INFO] IPUIPlugin:80 - create IPUIPlugin
2026-05-06 10:28:20,978 [INFO] IPUIPlugin:80 - create IPUIPlugin
2026-05-06 10:28:20,978 [INFO] IPUIPlugin:80 - create IPUIPlugin
2026-05-06 10:28:20,978 [INFO] IPUIPlugin:80 - create IPUIPlugin
2026-05-06 10:28:20,978 [INFO] IPUIPlugin:80 - create IPUIPlugin
2026-05-06 10:28:20,979 [INFO] IPUIPlugin:80 - create IPUIPlugin
2026-05-06 10:28:20,979 [INFO] IPUIPlugin:80 - create IPUIPlugin
2026-05-06 10:28:20,979 [INFO] IPUIPlugin:80 - create IPUIPlugin
2026-05-06 10:28:20,979 [INFO] IPUIPlugin:80 - create IPUIPlugin
2026-05-06 10:28:20,980 [INFO] IPUIPlugin:80 - create IPUIPlugin
2026-05-06 10:28:20,980 [INFO] IPUIPlugin:80 - create IPUIPlugin
2026-05-06 10:28:20,980 [INFO] IPUIPlugin:80 - create IPUIPlugin
2026-05-06 10:28:20,980 [INFO] IPUIPlugin:80 - create IPUIPlugin
2026-05-06 10:28:20,981 [INFO] IPUIPlugin:80 - create IPUIPlugin
2026-05-06 10:28:20,981 [INFO] IPUIPlugin:80 - create IPUIPlugin
2026-05-06 10:28:20,981 [INFO] IPUIPlugin:80 - create IPUIPlugin
2026-05-06 10:28:20,981 [INFO] IPUIPlugin:80 - create IPUIPlugin
2026-05-06 10:28:20,982 [INFO] IPUIPlugin:80 - create IPUIPlugin
2026-05-06 10:28:20,982 [INFO] IPUIPlugin:80 - create IPUIPlugin
2026-05-06 10:28:20,982 [INFO] IPUIPlugin:80 - create IPUIPlugin
2026-05-06 10:28:20,982 [INFO] IPUIPlugin:80 - create IPUIPlugin
2026-05-06 10:28:20,982 [INFO] IPUIPlugin:80 - create IPUIPlugin
2026-05-06 10:28:20,983 [INFO] IPUIPlugin:80 - create IPUIPlugin
2026-05-06 10:28:20,983 [INFO] IPUIPlugin:80 - create IPUIPlugin
2026-05-06 10:28:20,983 [INFO] IPUIPlugin:80 - create IPUIPlugin
2026-05-06 10:28:20,984 [INFO] IPUIPlugin:80 - create IPUIPlugin
2026-05-06 10:28:20,984 [INFO] IPUIPlugin:80 - create IPUIPlugin
2026-05-06 10:28:20,984 [INFO] IPUIPlugin:80 - create IPUIPlugin
2026-05-06 10:28:20,984 [INFO] IPUIPlugin:80 - create IPUIPlugin
2026-05-06 10:28:20,985 [INFO] IPUIPlugin:80 - create IPUIPlugin
2026-05-06 10:28:20,985 [INFO] IPUIPlugin:80 - create IPUIPlugin
2026-05-06 10:28:20,986 [INFO] IPUIPlugin:80 - create IPUIPlugin
2026-05-06 10:28:20,988 [INFO] IPUIPlugin:80 - create IPUIPlugin
2026-05-06 10:28:20,989 [INFO] IPUIPlugin:80 - create IPUIPlugin
2026-05-06 10:28:20,989 [INFO] IPUIPlugin:80 - create IPUIPlugin
2026-05-06 10:28:20,990 [INFO] IPUIPlugin:80 - create IPUIPlugin
2026-05-06 10:28:20,990 [INFO] IPUIPlugin:80 - create IPUIPlugin
2026-05-06 10:28:20,991 [INFO] IPUIPlugin:80 - create IPUIPlugin
2026-05-06 10:28:20,991 [INFO] IPUIPlugin:80 - create IPUIPlugin
2026-05-06 10:28:20,992 [INFO] IPUIPlugin:80 - create IPUIPlugin
2026-05-06 10:28:21,129 [INFO] ApiDbMcu:532 - Load IP Config File for PDM2PCM
2026-05-06 10:28:21,427 [INFO] CADModel:165 - CPN selected for project levelSTM32F407VGT6
2026-05-06 10:28:21,427 [INFO] CADModel:114 - Register for checkConnection events
2026-05-06 10:28:21,486 [INFO] OpenFileManager:386 - Restore cursor
2026-05-06 10:28:23,216 [INFO] UtilMem:75 - End SaveConfig() Used Memory: 706235768 Bytes (1073741824)
2026-05-06 10:28:23,376 [INFO] UtilMem:75 - End SaveConfig() Used Memory: 726609472 Bytes (1073741824)
2026-05-06 10:28:24,099 [INFO] BlockDiagram:2775 - set Specific Code input for plugin: SYS
2026-05-06 10:28:24,099 [INFO] BlockDiagram:2775 - set Specific Code input for plugin: RCC
2026-05-06 10:28:24,099 [INFO] BlockDiagram:2775 - set Specific Code input for plugin: NVIC
2026-05-06 10:28:24,101 [INFO] BlockDiagram:2775 - set Specific Code input for plugin: GPIO
2026-05-06 10:28:24,106 [INFO] CodeGenerator:892 - code generatio: config db path: C:\ST\STM32CubeIDE_1.19.0\STM32CubeIDE\plugins\com.st.stm32cube.common.mx_6.15.0.202507011659\\db\
2026-05-06 10:28:24,527 [INFO] CodeEngine:265 - oldGeneratedFile, D:\RTOS_stm32\idle_hook_power_saving\MXTmpFiles\license.tmp_save
2026-05-06 10:28:25,247 [INFO] CodeEngine:289 - Generated code: D:\RTOS_stm32\idle_hook_power_saving\MXTmpFiles\license.tmp
2026-05-06 10:28:25,417 [INFO] CodeEngine:265 - oldGeneratedFile, D:\RTOS_stm32\idle_hook_power_saving\MXTmpFiles\gpio.tmp_save
2026-05-06 10:28:25,701 [INFO] CodeEngine:289 - Generated code: D:\RTOS_stm32\idle_hook_power_saving\MXTmpFiles\gpio.tmp
2026-05-06 10:28:25,872 [INFO] CodeEngine:265 - oldGeneratedFile, D:\RTOS_stm32\idle_hook_power_saving\Core\Src\stm32f4xx_it.c_save
2026-05-06 10:28:26,042 [INFO] CodeEngine:289 - Generated code: D:\RTOS_stm32\idle_hook_power_saving\Core\Src\stm32f4xx_it.c
2026-05-06 10:28:26,051 [INFO] CodeEngine:265 - oldGeneratedFile, D:\RTOS_stm32\idle_hook_power_saving\Core\Inc\stm32f4xx_it.h_save
2026-05-06 10:28:26,218 [INFO] CodeEngine:289 - Generated code: D:\RTOS_stm32\idle_hook_power_saving\Core\Inc\stm32f4xx_it.h
2026-05-06 10:28:26,283 [INFO] CodeEngine:265 - oldGeneratedFile, D:\RTOS_stm32\idle_hook_power_saving\Core\Src\stm32f4xx_hal_msp.c_save
2026-05-06 10:28:26,504 [INFO] CodeEngine:289 - Generated code: D:\RTOS_stm32\idle_hook_power_saving\Core\Src\stm32f4xx_hal_msp.c
2026-05-06 10:28:26,514 [INFO] CodeEngine:265 - oldGeneratedFile, D:\RTOS_stm32\idle_hook_power_saving\MXTmpFiles\system.tmp_save
2026-05-06 10:28:26,630 [INFO] CodeEngine:289 - Generated code: D:\RTOS_stm32\idle_hook_power_saving\MXTmpFiles\system.tmp
2026-05-06 10:28:26,694 [INFO] CodeEngine:321 - oldGeneratedFile, D:\RTOS_stm32\idle_hook_power_saving\Core\Inc\stm32f4xx_hal_conf.h_save
2026-05-06 10:28:26,868 [INFO] CodeEngine:345 - Generated code: D:\RTOS_stm32\idle_hook_power_saving\Core\Inc\stm32f4xx_hal_conf.h
2026-05-06 10:28:26,966 [INFO] ApiDbMcu:532 - Load IP Config File for RCC
2026-05-06 10:28:27,001 [INFO] CodeEngine:265 - oldGeneratedFile, D:\RTOS_stm32\idle_hook_power_saving\Core\Inc\main.h_save
2026-05-06 10:28:27,196 [INFO] CodeEngine:289 - Generated code: D:\RTOS_stm32\idle_hook_power_saving\Core\Inc\main.h
2026-05-06 10:28:27,210 [INFO] CodeEngine:265 - oldGeneratedFile, D:\RTOS_stm32\idle_hook_power_saving\Core\Src\main.c_save
2026-05-06 10:28:27,419 [INFO] CodeEngine:289 - Generated code: D:\RTOS_stm32\idle_hook_power_saving\Core\Src\main.c
2026-05-06 10:28:28,219 [INFO] ProjectBuilder:3606 - Time for Copy HAL[1] : 438mS.
2026-05-06 10:28:28,231 [INFO] ProjectBuilder:5216 - Project Generator version: 4.7.0-B52
2026-05-06 10:28:28,361 [INFO] ConfigFileManager:1595 - The Die is : DIE413
2026-05-06 10:28:28,383 [INFO] ApiDbMcu:532 - Load IP Config File for FATFS
2026-05-06 10:28:28,394 [INFO] ApiDbMcu:532 - Load IP Config File for FREERTOS
2026-05-06 10:28:28,400 [INFO] ApiDbMcu:532 - Load IP Config File for LIBJPEG
2026-05-06 10:28:28,415 [INFO] ApiDbMcu:532 - Load IP Config File for LWIP
2026-05-06 10:28:28,430 [INFO] ApiDbMcu:532 - Load IP Config File for MBEDTLS
2026-05-06 10:28:28,446 [INFO] ApiDbMcu:532 - Load IP Config File for USB_DEVICE
2026-05-06 10:28:28,457 [INFO] ApiDbMcu:532 - Load IP Config File for USB_HOST
2026-05-06 10:28:29,097 [INFO] LogOutputStream:77 - [STDOUT_REDIRECT] 
2026-05-06 10:28:35,187 [INFO] ProjectBuilder:5496 - Time for Generating toolchain IDE Files: 6957mS.
2026-05-06 10:28:35,191 [INFO] ProjectBuilder:3463 - Time for Copy CMSIS : 1mS.
2026-05-06 10:28:35,195 [INFO] ProjectBuilder:3463 - Time for Copy CMSIS : 2mS.
2026-05-06 10:28:36,724 [INFO] McuFinderGlobals:76 - Set McuFinderConnectedMode to true
2026-05-06 10:28:36,733 [INFO] ApiDb:448 - Save user favorites file C:\Users\jahna/.stm32cubeide/favorites.mcus.txt: 0 item(s)
2026-05-06 10:28:36,734 [INFO] ApiDb:452 - User favorites MCUs=[]
2026-05-06 10:28:36,739 [INFO] ApiDb:448 - Save user favorites file C:\Users\jahna/.stm32cubeide/favorites.boards.txt: 0 item(s)
2026-05-06 10:28:36,740 [INFO] ApiDb:452 - User favorites Boards=[]
2026-05-06 10:29:22,041 [INFO] RtosManager:1018 - Current active RTOS is FREERTOS [Cortex-M4NS]
2026-05-06 10:29:23,042 [ERROR] RtosPanel:558 - Can not restore the selected Tab for FREERTOS(A reason can be that the tab is no more available.)
2026-05-06 10:29:23,143 [ERROR] RtosPanel:558 - Can not restore the selected Tab for FREERTOS(A reason can be that the tab is no more available.)
2026-05-06 10:29:25,421 [INFO] UtilMem:75 - End SaveConfig() Used Memory: 745686976 Bytes (1073741824)
2026-05-06 10:29:26,878 [INFO] UtilMem:75 - End SaveConfig() Used Memory: 788156352 Bytes (1073741824)
2026-05-06 10:29:31,553 [INFO] UtilMem:75 - End SaveConfig() Used Memory: 878856080 Bytes (1073741824)
2026-05-06 10:29:32,621 [INFO] BlockDiagram:2775 - set Specific Code input for plugin: FREERTOS
2026-05-06 10:29:32,621 [INFO] BlockDiagram:2775 - set Specific Code input for plugin: SYS
2026-05-06 10:29:32,621 [INFO] BlockDiagram:2775 - set Specific Code input for plugin: RCC
2026-05-06 10:29:32,621 [INFO] BlockDiagram:2775 - set Specific Code input for plugin: NVIC
2026-05-06 10:29:32,621 [INFO] BlockDiagram:2775 - set Specific Code input for plugin: USART
2026-05-06 10:29:32,622 [INFO] BlockDiagram:2775 - set Specific Code input for plugin: GPIO
2026-05-06 10:29:32,624 [INFO] CodeGenerator:892 - code generatio: config db path: C:\ST\STM32CubeIDE_1.19.0\STM32CubeIDE\plugins\com.st.stm32cube.common.mx_6.15.0.202507011659\\db\
2026-05-06 10:29:32,800 [INFO] CodeEngine:265 - oldGeneratedFile, D:\RTOS_stm32\idle_hook_power_saving\MXTmpFiles\license.tmp_save
2026-05-06 10:29:32,911 [INFO] CodeEngine:289 - Generated code: D:\RTOS_stm32\idle_hook_power_saving\MXTmpFiles\license.tmp
2026-05-06 10:29:32,942 [INFO] CodeEngine:265 - oldGeneratedFile, D:\RTOS_stm32\idle_hook_power_saving\MXTmpFiles\gpio.tmp_save
2026-05-06 10:29:33,028 [INFO] CodeEngine:289 - Generated code: D:\RTOS_stm32\idle_hook_power_saving\MXTmpFiles\gpio.tmp
2026-05-06 10:29:33,134 [INFO] Middleware:1452 - No code input for Bsp Dependency
2026-05-06 10:29:33,150 [INFO] CodeEngine:265 - oldGeneratedFile, D:\RTOS_stm32\idle_hook_power_saving\MXTmpFiles\rtos_inc.tmp_save
2026-05-06 10:29:33,230 [INFO] CodeEngine:289 - Generated code: D:\RTOS_stm32\idle_hook_power_saving\MXTmpFiles\rtos_inc.tmp
2026-05-06 10:29:33,242 [INFO] CodeEngine:265 - oldGeneratedFile, D:\RTOS_stm32\idle_hook_power_saving\MXTmpFiles\rtos_vars.tmp_save
2026-05-06 10:29:33,353 [INFO] CodeEngine:289 - Generated code: D:\RTOS_stm32\idle_hook_power_saving\MXTmpFiles\rtos_vars.tmp
2026-05-06 10:29:33,361 [INFO] CodeEngine:265 - oldGeneratedFile, D:\RTOS_stm32\idle_hook_power_saving\MXTmpFiles\rtos_pfp.tmp_save
2026-05-06 10:29:33,454 [INFO] CodeEngine:289 - Generated code: D:\RTOS_stm32\idle_hook_power_saving\MXTmpFiles\rtos_pfp.tmp
2026-05-06 10:29:33,462 [INFO] CodeEngine:265 - oldGeneratedFile, D:\RTOS_stm32\idle_hook_power_saving\MXTmpFiles\rtos_obj_creat.tmp_save
2026-05-06 10:29:33,535 [INFO] CodeEngine:289 - Generated code: D:\RTOS_stm32\idle_hook_power_saving\MXTmpFiles\rtos_obj_creat.tmp
2026-05-06 10:29:33,543 [INFO] CodeEngine:265 - oldGeneratedFile, D:\RTOS_stm32\idle_hook_power_saving\MXTmpFiles\rtos_kernelStart.tmp_save
2026-05-06 10:29:33,616 [INFO] CodeEngine:289 - Generated code: D:\RTOS_stm32\idle_hook_power_saving\MXTmpFiles\rtos_kernelStart.tmp
2026-05-06 10:29:33,627 [INFO] CodeEngine:265 - oldGeneratedFile, D:\RTOS_stm32\idle_hook_power_saving\MXTmpFiles\rtos_default_thread.tmp_save
2026-05-06 10:29:33,697 [INFO] CodeEngine:289 - Generated code: D:\RTOS_stm32\idle_hook_power_saving\MXTmpFiles\rtos_default_thread.tmp
2026-05-06 10:29:33,713 [INFO] CodeEngine:265 - oldGeneratedFile, D:\RTOS_stm32\idle_hook_power_saving\MXTmpFiles\rtos_threads.tmp_save
2026-05-06 10:29:33,812 [INFO] CodeEngine:289 - Generated code: D:\RTOS_stm32\idle_hook_power_saving\MXTmpFiles\rtos_threads.tmp
2026-05-06 10:29:33,842 [INFO] Middleware:1452 - No code input for Bsp Dependency
2026-05-06 10:29:33,860 [INFO] CodeEngine:265 - oldGeneratedFile, D:\RTOS_stm32\idle_hook_power_saving\MXTmpFiles\rtos_inc.tmp_save
2026-05-06 10:29:33,921 [INFO] CodeEngine:289 - Generated code: D:\RTOS_stm32\idle_hook_power_saving\MXTmpFiles\rtos_inc.tmp
2026-05-06 10:29:33,927 [INFO] CodeEngine:265 - oldGeneratedFile, D:\RTOS_stm32\idle_hook_power_saving\MXTmpFiles\rtos_vars.tmp_save
2026-05-06 10:29:34,006 [INFO] CodeEngine:289 - Generated code: D:\RTOS_stm32\idle_hook_power_saving\MXTmpFiles\rtos_vars.tmp
2026-05-06 10:29:34,015 [INFO] CodeEngine:265 - oldGeneratedFile, D:\RTOS_stm32\idle_hook_power_saving\MXTmpFiles\rtos_pfp.tmp_save
2026-05-06 10:29:34,098 [INFO] CodeEngine:289 - Generated code: D:\RTOS_stm32\idle_hook_power_saving\MXTmpFiles\rtos_pfp.tmp
2026-05-06 10:29:34,110 [INFO] CodeEngine:265 - oldGeneratedFile, D:\RTOS_stm32\idle_hook_power_saving\MXTmpFiles\rtos_obj_creat.tmp_save
2026-05-06 10:29:34,182 [INFO] CodeEngine:289 - Generated code: D:\RTOS_stm32\idle_hook_power_saving\MXTmpFiles\rtos_obj_creat.tmp
2026-05-06 10:29:34,191 [INFO] CodeEngine:265 - oldGeneratedFile, D:\RTOS_stm32\idle_hook_power_saving\MXTmpFiles\rtos_kernelStart.tmp_save
2026-05-06 10:29:34,259 [INFO] CodeEngine:289 - Generated code: D:\RTOS_stm32\idle_hook_power_saving\MXTmpFiles\rtos_kernelStart.tmp
2026-05-06 10:29:34,266 [INFO] CodeEngine:265 - oldGeneratedFile, D:\RTOS_stm32\idle_hook_power_saving\MXTmpFiles\rtos_default_thread.tmp_save
2026-05-06 10:29:34,332 [INFO] CodeEngine:289 - Generated code: D:\RTOS_stm32\idle_hook_power_saving\MXTmpFiles\rtos_default_thread.tmp
2026-05-06 10:29:34,342 [INFO] CodeEngine:265 - oldGeneratedFile, D:\RTOS_stm32\idle_hook_power_saving\MXTmpFiles\rtos_threads.tmp_save
2026-05-06 10:29:34,402 [INFO] CodeEngine:289 - Generated code: D:\RTOS_stm32\idle_hook_power_saving\MXTmpFiles\rtos_threads.tmp
2026-05-06 10:29:34,411 [INFO] CodeEngine:265 - oldGeneratedFile, D:\RTOS_stm32\idle_hook_power_saving\Core\Inc\FreeRTOSConfig.h_save
2026-05-06 10:29:34,522 [INFO] CodeEngine:289 - Generated code: D:\RTOS_stm32\idle_hook_power_saving\Core\Inc\FreeRTOSConfig.h
2026-05-06 10:29:34,536 [INFO] CodeEngine:265 - oldGeneratedFile, D:\RTOS_stm32\idle_hook_power_saving\Core\Src\freertos.c_save
2026-05-06 10:29:34,662 [INFO] CodeEngine:289 - Generated code: D:\RTOS_stm32\idle_hook_power_saving\Core\Src\freertos.c
2026-05-06 10:29:34,723 [INFO] CodeEngine:265 - oldGeneratedFile, D:\RTOS_stm32\idle_hook_power_saving\Core\Src\stm32f4xx_it.c_save
2026-05-06 10:29:34,871 [INFO] CodeEngine:289 - Generated code: D:\RTOS_stm32\idle_hook_power_saving\Core\Src\stm32f4xx_it.c
2026-05-06 10:29:34,881 [INFO] CodeEngine:265 - oldGeneratedFile, D:\RTOS_stm32\idle_hook_power_saving\Core\Inc\stm32f4xx_it.h_save
2026-05-06 10:29:34,971 [INFO] CodeEngine:289 - Generated code: D:\RTOS_stm32\idle_hook_power_saving\Core\Inc\stm32f4xx_it.h
2026-05-06 10:29:34,994 [INFO] CodeEngine:265 - oldGeneratedFile, D:\RTOS_stm32\idle_hook_power_saving\Core\Src\stm32f4xx_hal_msp.c_save
2026-05-06 10:29:35,136 [INFO] CodeEngine:289 - Generated code: D:\RTOS_stm32\idle_hook_power_saving\Core\Src\stm32f4xx_hal_msp.c
2026-05-06 10:29:35,146 [INFO] CodeEngine:265 - oldGeneratedFile, D:\RTOS_stm32\idle_hook_power_saving\MXTmpFiles\system.tmp_save
2026-05-06 10:29:35,243 [INFO] CodeEngine:289 - Generated code: D:\RTOS_stm32\idle_hook_power_saving\MXTmpFiles\system.tmp
2026-05-06 10:29:35,265 [INFO] CodeEngine:321 - oldGeneratedFile, D:\RTOS_stm32\idle_hook_power_saving\Core\Inc\stm32f4xx_hal_conf.h_save
2026-05-06 10:29:35,384 [INFO] CodeEngine:345 - Generated code: D:\RTOS_stm32\idle_hook_power_saving\Core\Inc\stm32f4xx_hal_conf.h
2026-05-06 10:29:35,422 [INFO] ApiDbMcu:532 - Load IP Config File for USART2
2026-05-06 10:29:35,438 [INFO] CodeEngine:265 - oldGeneratedFile, D:\RTOS_stm32\idle_hook_power_saving\Core\Inc\main.h_save
2026-05-06 10:29:35,530 [INFO] CodeEngine:289 - Generated code: D:\RTOS_stm32\idle_hook_power_saving\Core\Inc\main.h
2026-05-06 10:29:35,545 [INFO] CodeEngine:265 - oldGeneratedFile, D:\RTOS_stm32\idle_hook_power_saving\Core\Src\main.c_save
2026-05-06 10:29:35,679 [INFO] CodeEngine:289 - Generated code: D:\RTOS_stm32\idle_hook_power_saving\Core\Src\main.c
2026-05-06 10:29:36,447 [INFO] ProjectBuilder:3606 - Time for Copy HAL[1] : 488mS.
2026-05-06 10:29:36,453 [INFO] ProjectBuilder:5216 - Project Generator version: 4.7.0-B52
2026-05-06 10:29:36,584 [INFO] ConfigFileManager:1595 - The Die is : DIE413
2026-05-06 10:29:38,157 [INFO] ProjectBuilder:5496 - Time for Generating toolchain IDE Files: 1703mS.
2026-05-06 10:29:38,158 [INFO] ProjectBuilder:3463 - Time for Copy CMSIS : 1mS.
2026-05-06 10:29:38,163 [INFO] ProjectBuilder:3463 - Time for Copy CMSIS : 0mS.
2026-05-06 11:28:07,319 [INFO] WebApp:194 - Connection lost
2026-05-06 11:28:08,650 [INFO] WebApp:191 - Connection restablished
2026-05-06 11:47:08,786 [INFO] MainUpdater:2872 - connection check result : 10
2026-05-06 11:47:08,947 [INFO] McuFinderGlobals:76 - Set McuFinderConnectedMode to true
2026-05-06 11:47:08,953 [INFO] MultiScanPanel:200 - Auto-refresh data requested => check proxy status ongoing
2026-05-06 11:47:08,955 [INFO] FinderPluginLoader:96 - Searching for filters in installed packs
2026-05-06 11:47:11,419 [INFO] LoadUrlFilesThread:185 - End of LoadServerUrlFiles without Thread
2026-05-06 11:47:11,420 [INFO] DetailPanel:341 - Set advertising image to C:/Users/jahna/STM32Cube/Repository/\en.prom-stm32wba2-stm32-nucleo-board-0426.png
2026-05-06 11:47:15,436 [INFO] MultiScanPanel:200 - Auto-refresh data requested => check proxy status ongoing
2026-05-06 11:47:15,535 [INFO] LoadUrlFilesThread:185 - End of LoadServerUrlFiles without Thread
2026-05-06 11:47:15,535 [INFO] DetailPanel:341 - Set advertising image to C:/Users/jahna/STM32Cube/Repository/\en.prom-stm32wba2-stm32-nucleo-board-0426.png
2026-05-06 11:47:36,556 [INFO] MainUpdater:2872 - connection check result : 10
2026-05-06 11:47:36,556 [INFO] MainUpdater:2872 - connection check result : 10
2026-05-06 11:47:36,721 [INFO] MicroXplorer:468 - Change Database Path : 
2026-05-06 11:47:36,721 [INFO] MicroXplorer:498 - Change Database Version : DB.6.0.150
2026-05-06 11:47:36,770 [ERROR] ProjectManagerView:395 - 
java.lang.NullPointerException: Cannot invoke "javax.swing.JTextField.getText()" because the return value of "java.util.List.get(int)" is null
	at com.st.microxplorer.plugins.projectmanager.gui.ProjectChoiceTab$9.caretUpdate(ProjectChoiceTab.java:2706) ~[filemanager.jar:?]
	at javax.swing.text.JTextComponent.fireCaretUpdate(JTextComponent.java:408) ~[?:?]
	at javax.swing.text.JTextComponent$MutableCaretEvent.fire(JTextComponent.java:4484) ~[?:?]
	at javax.swing.text.JTextComponent$MutableCaretEvent.stateChanged(JTextComponent.java:4506) ~[?:?]
	at javax.swing.text.DefaultCaret.fireStateChanged(DefaultCaret.java:857) ~[?:?]
	at javax.swing.text.DefaultCaret.changeCaretPosition(DefaultCaret.java:1343) ~[?:?]
	at javax.swing.text.DefaultCaret.handleSetDot(DefaultCaret.java:1242) ~[?:?]
	at javax.swing.text.DefaultCaret.setDot(DefaultCaret.java:1223) ~[?:?]
	at javax.swing.text.DefaultCaret$Handler.insertUpdate(DefaultCaret.java:1819) ~[?:?]
	at javax.swing.text.AbstractDocument.fireInsertUpdate(AbstractDocument.java:227) ~[?:?]
	at javax.swing.text.AbstractDocument.handleInsertString(AbstractDocument.java:781) ~[?:?]
	at javax.swing.text.AbstractDocument.insertString(AbstractDocument.java:740) ~[?:?]
	at javax.swing.text.PlainDocument.insertString(PlainDocument.java:131) ~[?:?]
	at javax.swing.text.AbstractDocument.replace(AbstractDocument.java:699) ~[?:?]
	at javax.swing.text.JTextComponent.setText(JTextComponent.java:1725) ~[?:?]
	at com.st.microxplorer.plugins.projectmanager.gui.ProjectChoiceTab.createHeapStackFields(ProjectChoiceTab.java:993) ~[filemanager.jar:?]
	at com.st.microxplorer.plugins.projectmanager.gui.ProjectChoiceTab.buildLinkSettingsPanel(ProjectChoiceTab.java:3813) ~[filemanager.jar:?]
	at com.st.microxplorer.plugins.projectmanager.gui.ProjectChoiceTab.defineWindowsFields(ProjectChoiceTab.java:1987) ~[filemanager.jar:?]
	at com.st.microxplorer.plugins.projectmanager.gui.ProjectChoiceTab.updateSettings(ProjectChoiceTab.java:558) ~[filemanager.jar:?]
	at com.st.microxplorer.plugins.projectmanager.gui.ProjectSettingsPanel.UpdateDialog(ProjectSettingsPanel.java:247) ~[filemanager.jar:?]
	at com.st.microxplorer.plugins.projectmanager.ProjectManagerView.propertyChange(ProjectManagerView.java:392) ~[filemanager.jar:?]
	at java.beans.PropertyChangeSupport.fire(PropertyChangeSupport.java:343) ~[?:?]
	at java.beans.PropertyChangeSupport.firePropertyChange(PropertyChangeSupport.java:335) ~[?:?]
	at java.beans.PropertyChangeSupport.firePropertyChange(PropertyChangeSupport.java:268) ~[?:?]
	at com.st.microxplorer.util.MXPropertyChangeSupport.firePropertyChange(MXPropertyChangeSupport.java:54) ~[STM32CubeMX.jar:?]
	at com.st.microxplorer.mxsystem.MxSystem.closeConfig(MxSystem.java:899) ~[STM32CubeMX.jar:?]
	at com.st.microxplorer.maingui.MainPanel.closeConfig(MainPanel.java:792) ~[STM32CubeMX.jar:?]
	at com.st.microxplorer.plugins.filemanager.engine.OpenFileManager.loadConfigurationFile(OpenFileManager.java:288) ~[filemanager.jar:?]
	at com.st.microxplorer.plugins.filemanager.engine.MainFileManager.userLoadConfig(MainFileManager.java:364) ~[filemanager.jar:?]
	at com.st.microxplorer.plugins.filemanager.FileManagerView.getSpecificTask(FileManagerView.java:268) ~[filemanager.jar:?]
	at com.st.stm32cube.common.mx.editor.CubeMxEditor.getMxTabbedPaneInstance(CubeMxEditor.java:1191) ~[com.st.stm32cube.common.mx_6.15.0.202507011659/:?]
	at com.st.stm32cube.common.mx.editor.CubeMxEditor$12$1.createSwingComponent(CubeMxEditor.java:1068) ~[com.st.stm32cube.common.mx_6.15.0.202507011659/:?]
	at com.st.stm32cube.common.mx.oss.core.awtswtbridge.EmbeddedSwingComposite.doComponentCreation(EmbeddedSwingComposite.java:492) ~[com.st.stm32cube.common.mx.oss_6.15.0.202507011659/:?]
	at com.st.stm32cube.common.mx.oss.core.awtswtbridge.EmbeddedSwingComposite$4.run(EmbeddedSwingComposite.java:291) ~[com.st.stm32cube.common.mx.oss_6.15.0.202507011659/:?]
	at com.st.stm32cube.common.mx.oss.core.awtswtbridge.AwtEnvironment$2.run(AwtEnvironment.java:166) ~[com.st.stm32cube.common.mx.oss_6.15.0.202507011659/:?]
	at java.awt.event.InvocationEvent.dispatch(InvocationEvent.java:318) ~[?:?]
	at java.awt.EventQueue.dispatchEventImpl(EventQueue.java:773) ~[?:?]
	at java.awt.EventQueue$4.run(EventQueue.java:720) ~[?:?]
	at java.awt.EventQueue$4.run(EventQueue.java:714) ~[?:?]
	at java.security.AccessController.doPrivileged(AccessController.java:400) ~[?:?]
	at java.security.ProtectionDomain$JavaSecurityAccessImpl.doIntersectionPrivilege(ProtectionDomain.java:87) ~[?:?]
	at java.awt.EventQueue.dispatchEvent(EventQueue.java:742) ~[?:?]
	at java.awt.EventDispatchThread.pumpOneEventForFilters(EventDispatchThread.java:203) ~[?:?]
	at java.awt.EventDispatchThread.pumpEventsForFilter(EventDispatchThread.java:124) ~[?:?]
	at java.awt.EventDispatchThread.pumpEventsForHierarchy(EventDispatchThread.java:113) ~[?:?]
	at java.awt.EventDispatchThread.pumpEvents(EventDispatchThread.java:109) ~[?:?]
	at java.awt.EventDispatchThread.pumpEvents(EventDispatchThread.java:101) ~[?:?]
	at java.awt.EventDispatchThread.run(EventDispatchThread.java:90) ~[?:?]
2026-05-06 11:47:36,801 [WARN] ThirdParty:871 - waiting for thirdparty lock release [close project]
2026-05-06 11:47:36,801 [INFO] ThirdParty:873 - entering critical section [close project]
2026-05-06 11:47:36,802 [INFO] ThirdParty:883 - exiting critical section [close project]
2026-05-06 11:47:36,805 [INFO] PinOutPanel:1589 - setPackage(No Configuration,No Configuration)
2026-05-06 11:47:36,822 [WARN] IpParametersView:155 - Warning: This peripheral hasn't parameters
2026-05-06 11:47:36,833 [WARN] MainPanel:289 - <html><b><center>Warning: This peripheral has no parameters to be configured<br></b></html>
2026-05-06 11:47:36,847 [INFO] UtilMem:75 - Begin LoadConfig() Used Memory: 882377840 Bytes (1073741824)
2026-05-06 11:47:36,849 [INFO] OpenFileManager:355 - Change cursor
2026-05-06 11:47:36,895 [INFO] RulesReader:64 - Compatibility file has been processed (317 Rules)
2026-05-06 11:47:36,908 [INFO] ProjectFactory:514 - No CPN specified for board STM32F407G-DISC1 => set CPN to STM32F407VGT6
2026-05-06 11:47:36,908 [INFO] Mcu:2029 - Initializing MCU STM32F407V(E-G)Tx STM32F407VGTx STM32F407VGT6
2026-05-06 11:47:38,650 [INFO] Context:786 - Trying to add GPIOservice into a context  which must be forbidden
2026-05-06 11:47:39,304 [INFO] Rule:233 - rule 117617 - U5Cobra4M][GTZC] default value MPCBB3 and MPCBB5 - Not Secured memory - MPCBB1 is applicable
2026-05-06 11:47:39,304 [INFO] Rule:233 - rule 117617 - U5Cobra4M][GTZC] default value MPCBB3 and MPCBB5 - Not Secured memory - MPCBB1 is applicable
2026-05-06 11:47:39,304 [INFO] Rule:233 - rule 117617 - U5Cobra4M][GTZC] default value MPCBB3 and MPCBB5 - Not Secured memory - MPCBB2 is applicable
2026-05-06 11:47:39,304 [INFO] Rule:233 - rule 117617 - U5Cobra4M][GTZC] default value MPCBB3 and MPCBB5 - Not Secured memory - MPCBB2 is applicable
2026-05-06 11:47:39,304 [INFO] Rule:233 - rule 117617 - U5Cobra4M][GTZC] default value MPCBB3 and MPCBB5 - Not Secured memory - MPCBB3 is applicable
2026-05-06 11:47:39,304 [INFO] Rule:233 - rule 117617 - U5Cobra4M][GTZC] default value MPCBB3 and MPCBB5 - Not Secured memory - MPCBB3 is applicable
2026-05-06 11:47:39,304 [INFO] Rule:233 - rule 117617 - U5Cobra4M][GTZC] default value MPCBB3 and MPCBB5 - Not Secured memory - MPCBB4 is applicable
2026-05-06 11:47:39,304 [INFO] Rule:233 - rule 117617 - U5Cobra4M][GTZC] default value MPCBB3 and MPCBB5 - Not Secured memory - MPCBB4 is applicable
2026-05-06 11:47:39,304 [INFO] Rule:233 - rule 117617 - U5Cobra4M][GTZC] default value MPCBB3 and MPCBB5 - Secured memory - MPCBB1 is applicable
2026-05-06 11:47:39,304 [INFO] Rule:233 - rule 117617 - U5Cobra4M][GTZC] default value MPCBB3 and MPCBB5 - Secured memory - MPCBB2 is applicable
2026-05-06 11:47:39,304 [INFO] Rule:233 - rule 117617 - U5Cobra4M][GTZC] default value MPCBB3 and MPCBB5 - Secured memory - MPCBB3 is applicable
2026-05-06 11:47:39,304 [INFO] Rule:233 - rule 117617 - U5Cobra4M][GTZC] default value MPCBB3 and MPCBB5 - Secured memory - MPCBB4 is applicable
2026-05-06 11:47:39,304 [INFO] Rule:233 - rule 117617 - U5Cobra4M][GTZC] default value MPCBB3 and MPCBB5 - Privileged memory - MPCBB1 is applicable
2026-05-06 11:47:39,304 [INFO] Rule:233 - rule 117617 - U5Cobra4M][GTZC] default value MPCBB3 and MPCBB5 - Privileged memory - MPCBB2 is applicable
2026-05-06 11:47:39,304 [INFO] Rule:233 - rule 117617 - U5Cobra4M][GTZC] default value MPCBB3 and MPCBB5 - Privileged memory - MPCBB3 is applicable
2026-05-06 11:47:39,304 [INFO] Rule:233 - rule 117617 - U5Cobra4M][GTZC] default value MPCBB3 and MPCBB5 - Privileged memory - MPCBB4 is applicable
2026-05-06 11:47:39,304 [INFO] Rule:233 - rule 117617 - U5Cobra4M][GTZC] default value MPCBB3 and MPCBB5 - Not Privileged memory - MPCBB1 is applicable
2026-05-06 11:47:39,304 [INFO] Rule:233 - rule 117617 - U5Cobra4M][GTZC] default value MPCBB3 and MPCBB5 - Not Privileged memory - MPCBB2 is applicable
2026-05-06 11:47:39,304 [INFO] Rule:233 - rule 117617 - U5Cobra4M][GTZC] default value MPCBB3 and MPCBB5 - Not Privileged memory - MPCBB3 is applicable
2026-05-06 11:47:39,304 [INFO] Rule:233 - rule 117617 - U5Cobra4M][GTZC] default value MPCBB3 and MPCBB5 - Not Privileged memory - MPCBB4 is applicable
2026-05-06 11:47:39,304 [INFO] Rule:233 - rule 117617 - U5Cobra4M][GTZC] default value MPCBB3 and MPCBB5 - Privileged memory - MPCBB1 is applicable
2026-05-06 11:47:39,304 [INFO] Rule:233 - rule 117617 - U5Cobra4M][GTZC] default value MPCBB3 and MPCBB5 - Privileged memory - MPCBB2 is applicable
2026-05-06 11:47:39,304 [INFO] Rule:233 - rule 117617 - U5Cobra4M][GTZC] default value MPCBB3 and MPCBB5 - Privileged memory - MPCBB3 is applicable
2026-05-06 11:47:39,304 [INFO] Rule:233 - rule 117617 - U5Cobra4M][GTZC] default value MPCBB3 and MPCBB5 - Privileged memory - MPCBB4 is applicable
2026-05-06 11:47:39,304 [INFO] Rule:233 - rule 117617 - U5Cobra4M][GTZC] default value MPCBB3 and MPCBB5 - Privileged memory - MPCBB1 is applicable
2026-05-06 11:47:39,304 [INFO] Rule:233 - rule 117617 - U5Cobra4M][GTZC] default value MPCBB3 and MPCBB5 - Privileged memory - MPCBB2 is applicable
2026-05-06 11:47:39,304 [INFO] Rule:233 - rule 117617 - U5Cobra4M][GTZC] default value MPCBB3 and MPCBB5 - Privileged memory - MPCBB3 is applicable
2026-05-06 11:47:39,304 [INFO] Rule:233 - rule 117617 - U5Cobra4M][GTZC] default value MPCBB3 and MPCBB5 - Privileged memory - MPCBB4 is applicable
2026-05-06 11:47:39,304 [INFO] Rule:233 - rule 117617 - U5Cobra4M][GTZC] default value MPCBB3 and MPCBB5 - Not Privileged memory - MPCBB1 is applicable
2026-05-06 11:47:39,304 [INFO] Rule:233 - rule 117617 - U5Cobra4M][GTZC] default value MPCBB3 and MPCBB5 - Not Privileged memory - MPCBB2 is applicable
2026-05-06 11:47:39,304 [INFO] Rule:233 - rule 117617 - U5Cobra4M][GTZC] default value MPCBB3 and MPCBB5 - Not Privileged memory - MPCBB3 is applicable
2026-05-06 11:47:39,304 [INFO] Rule:233 - rule 117617 - U5Cobra4M][GTZC] default value MPCBB3 and MPCBB5 - Not Privileged memory - MPCBB4 is applicable
2026-05-06 11:47:39,304 [INFO] Rule:233 - rule 117617 - U5Cobra4M][GTZC] default value MPCBB3 and MPCBB5 - Privileged memory - MPCBB1 is applicable
2026-05-06 11:47:39,304 [INFO] Rule:233 - rule 117617 - U5Cobra4M][GTZC] default value MPCBB3 and MPCBB5 - Privileged memory - MPCBB2 is applicable
2026-05-06 11:47:39,304 [INFO] Rule:233 - rule 117617 - U5Cobra4M][GTZC] default value MPCBB3 and MPCBB5 - Privileged memory - MPCBB3 is applicable
2026-05-06 11:47:39,304 [INFO] Rule:233 - rule 117617 - U5Cobra4M][GTZC] default value MPCBB3 and MPCBB5 - Privileged memory - MPCBB4 is applicable
2026-05-06 11:47:39,304 [INFO] Rule:233 - rule Rename SubGHz_Phy SUBGHZ_APPLICATION SUBGHZ_PINGPONG to SUBGHZ_ADV_APPLICATION is applicable
2026-05-06 11:47:39,304 [INFO] Rule:233 - rule Rename Enabled to IBEACON is applicable
2026-05-06 11:47:39,304 [INFO] Rule:233 - rule GTZC_S instance for project manager is applicable
2026-05-06 11:47:39,304 [INFO] Rule:233 - rule GTZC_S instance for context M33S is applicable
2026-05-06 11:47:39,304 [INFO] Rule:233 - rule GTZC_S instance value for IP GTZC is applicable
2026-05-06 11:47:39,304 [INFO] Rule:233 - rule GTZC_S instance for mcu.IP is applicable
2026-05-06 11:47:39,304 [INFO] Rule:233 - rule GTZC_S instance for VP is applicable
2026-05-06 11:47:39,304 [INFO] Rule:233 - rule GTZC_S instance for signal is applicable
2026-05-06 11:47:39,304 [INFO] Rule:233 - rule GTZC_S instance for mcu.Pin is applicable
2026-05-06 11:47:39,304 [INFO] Rule:233 - rule GTZC_S instance for VP is applicable
2026-05-06 11:47:39,304 [INFO] Rule:233 - rule GTZC_S instance for signal is applicable
2026-05-06 11:47:39,304 [INFO] Rule:233 - rule GTZC_S instance for mcu is applicable
2026-05-06 11:47:39,304 [INFO] Rule:233 - rule GTZC_S instance for mcu.Pin is applicable
2026-05-06 11:47:39,304 [INFO] Rule:233 - rule GTZC_S instance value for IP GTZC is applicable
2026-05-06 11:47:39,304 [INFO] Rule:233 - rule GTZC_S instance for project manager is applicable
2026-05-06 11:47:39,304 [INFO] Rule:233 - rule GTZC_S instance for context M33S is applicable
2026-05-06 11:47:39,304 [INFO] Rule:233 - rule GTZC_S instance for VP is applicable
2026-05-06 11:47:39,304 [INFO] Rule:233 - rule GTZC_S instance for signal is applicable
2026-05-06 11:47:39,304 [INFO] Rule:233 - rule SPDIFRX instance for mcu is applicable
2026-05-06 11:47:39,304 [INFO] Rule:233 - rule Rename Tracer Mode is applicable
2026-05-06 11:47:39,304 [INFO] Rule:233 - rule SPDIFRX instance value for IP SPDIFRX is applicable
2026-05-06 11:47:39,304 [INFO] Rule:233 - rule SPDIFRX instance for signal is applicable
2026-05-06 11:47:39,304 [INFO] Rule:233 - rule SPDIFRX instance for project manager is applicable
2026-05-06 11:47:39,304 [INFO] Rule:233 - rule SPDIFRX instance for project manager is applicable
2026-05-06 11:47:39,304 [INFO] Rule:233 - rule ADC Scan  fix with FW F7 is applicable
2026-05-06 11:47:39,304 [INFO] Rule:233 - rule ADC Scan  fix with FW F7 is applicable
2026-05-06 11:47:39,304 [INFO] Rule:233 - rule WakeUp0 Mode is applicable
2026-05-06 11:47:39,304 [INFO] Rule:233 - rule WakeUp0 SIGNAL is applicable
2026-05-06 11:47:39,304 [INFO] Rule:233 - rule WakeUp1 Mode is applicable
2026-05-06 11:47:39,304 [INFO] Rule:233 - rule WakeUp1 SIGNAL is applicable
2026-05-06 11:47:39,304 [INFO] Rule:233 - rule WakeUp2 Mode is applicable
2026-05-06 11:47:39,304 [INFO] Rule:233 - rule WakeUp2 SIGNAL is applicable
2026-05-06 11:47:39,304 [INFO] Rule:233 - rule WakeUp4 Mode is applicable
2026-05-06 11:47:39,304 [INFO] Rule:233 - rule WakeUp4 SIGNAL is applicable
2026-05-06 11:47:39,304 [INFO] Rule:233 - rule WakeUp5 Mode is applicable
2026-05-06 11:47:39,304 [INFO] Rule:233 - rule WakeUp5 SIGNAL is applicable
2026-05-06 11:47:39,304 [INFO] Rule:233 - rule UART/USART WORD LENGTH 7 is applicable
2026-05-06 11:47:39,304 [INFO] Rule:233 - rule UART/USART WORD LENGTH 8 is applicable
2026-05-06 11:47:39,304 [INFO] Rule:233 - rule UART/USART WORD LENGTH 9 is applicable
2026-05-06 11:47:39,304 [INFO] Rule:233 - rule Change Default Value for LSE Drive Capability for WB family is applicable
2026-05-06 11:47:39,304 [INFO] Rule:233 - rule Change Default Value for ADC Clock Prescaler G0 family is applicable
2026-05-06 11:47:39,304 [INFO] Rule:233 - rule ADC SamplingTime fix with FW L0  is applicable
2026-05-06 11:47:39,304 [INFO] Rule:233 - rule ADC SamplingTime fix with FW L0  is applicable
2026-05-06 11:47:39,304 [INFO] Rule:233 - rule ADC SamplingTime fix with FW L0 is applicable
2026-05-06 11:47:39,304 [INFO] Rule:233 - rule ADC SamplingTime fix with FW L0 is applicable
2026-05-06 11:47:39,304 [INFO] Rule:233 - rule ADC SamplingTime fix with FW L0  is applicable
2026-05-06 11:47:39,304 [INFO] Rule:233 - rule ADC SamplingTime fix with FW L0 is applicable
2026-05-06 11:47:39,304 [INFO] Rule:233 - rule Rename USB_OE Signal is applicable
2026-05-06 11:47:39,304 [INFO] Rule:233 - rule Rename Activate_OE Mode is applicable
2026-05-06 11:47:39,304 [INFO] Rule:233 - rule Rename DIE462/DIE415 pin PC14/OSC32_IN -> PC14-OSC32_IN (PC14) is applicable
2026-05-06 11:47:39,304 [INFO] Rule:233 - rule Rename DIE462/DIE415 pin PC15/OSC32_OUT -> PC15-OSC32_OUT (PC15) is applicable
2026-05-06 11:47:39,304 [INFO] Rule:233 - rule Rename DIE462/DIE415 pin PH0/OSC_IN -> PH0-OSC_IN (PH0) is applicable
2026-05-06 11:47:39,304 [INFO] Rule:233 - rule Rename DIE462/DIE415 pin PH1/OSC_OUT -> PH1-OSC_OUT (PH1) is applicable
2026-05-06 11:47:39,304 [INFO] Rule:233 - rule Rename DIE462 pin PA13 -> PA13 (JTMS/SWDIO) is applicable
2026-05-06 11:47:39,304 [INFO] Rule:233 - rule Rename DIE415 pin PA13 -> PA13 (JTMS/SWDIO) is applicable
2026-05-06 11:47:39,304 [INFO] Rule:233 - rule Rename DIE462 pin PA14 -> PA14 (JTCK/SWCLK) is applicable
2026-05-06 11:47:39,304 [INFO] Rule:233 - rule Rename DIE415 pin PA14 -> PA14 (JTCK/SWCLK) is applicable
2026-05-06 11:47:39,304 [INFO] Rule:233 - rule Rename DIE462/DIE415 pin PA15 -> PA15 (JTDI) is applicable
2026-05-06 11:47:39,304 [INFO] Rule:233 - rule Rename DIE462 pin PB3 -> PB3 (JTD0/TRACESWO) is applicable
2026-05-06 11:47:39,304 [INFO] Rule:233 - rule Rename DIE415 pin PB3 -> PB3 (JTD0-TRACESWO) is applicable
2026-05-06 11:47:39,304 [INFO] Rule:233 - rule Rename DIE462/DIE415 pin PB4 -> PB4 (NJTRST) is applicable
2026-05-06 11:47:39,304 [INFO] Rule:233 - rule Rename DIE462 pin PH3/BOOT0 -> PH3-BOOT0 (BOOT0) is applicable
2026-05-06 11:47:39,304 [INFO] Rule:233 - rule Rename CRYP DataEncryptionTypesList to Algorithm is applicable
2026-05-06 11:47:39,304 [INFO] Rule:233 - rule Rename AES DataEncryptionTypesList to Algorithm is applicable
2026-05-06 11:47:39,304 [INFO] Rule:233 - rule Rename TDESECB to CRYP_TDES_ECB is applicable
2026-05-06 11:47:39,304 [INFO] Rule:233 - rule Rename TDESCBC to CRYP_TDES_CBC is applicable
2026-05-06 11:47:39,304 [INFO] Rule:233 - rule Rename DESECB to CRYP_DES_ECB is applicable
2026-05-06 11:47:39,304 [INFO] Rule:233 - rule Rename DESCBC to CRYP_DES_CBC is applicable
2026-05-06 11:47:39,304 [INFO] Rule:233 - rule Rename AESECB to CRYP_AES_ECB is applicable
2026-05-06 11:47:39,304 [INFO] Rule:233 - rule Rename AESCBC to CRYP_AES_CBC is applicable
2026-05-06 11:47:39,304 [INFO] Rule:233 - rule Rename AESCTR to CRYP_AES_CTR is applicable
2026-05-06 11:47:39,304 [INFO] Rule:233 - rule Rename AESGCM to CRYP_AES_GCM is applicable
2026-05-06 11:47:39,304 [INFO] Rule:233 - rule Rename AESCCM to CRYP_AES_CCM is applicable
2026-05-06 11:47:39,304 [INFO] Rule:233 - rule Rename CAN TimeSeg1 to BS1 is applicable
2026-05-06 11:47:39,304 [INFO] Rule:233 - rule Rename CAN TimeSeg2 to BS2 is applicable
2026-05-06 11:47:39,304 [INFO] Rule:233 - rule Rename CAN SyncJumpWidth to SJW is applicable
2026-05-06 11:47:39,304 [INFO] Rule:233 - rule TimeTriggeredMode to TTCM is applicable
2026-05-06 11:47:39,304 [INFO] Rule:233 - rule Rename CAN AutoBusOff to ABOM is applicable
2026-05-06 11:47:39,304 [INFO] Rule:233 - rule Rename CAN AutoWakeUp to AWUM is applicable
2026-05-06 11:47:39,304 [INFO] Rule:233 - rule Rename CAN AutoRetransmission to NART is applicable
2026-05-06 11:47:39,304 [INFO] Rule:233 - rule Rename CAN ReceiveFifoLocked to RFLM is applicable
2026-05-06 11:47:39,304 [INFO] Rule:233 - rule Rename CAN TransmitFifoPriority to TXFP is applicable
2026-05-06 11:47:39,304 [INFO] Rule:233 - rule Rename HRTIMER HRTIM_OUTPUTFAULTLEVEL_HIGH in HRTIMER HRTIM_OUTPUTFAULTLEVEL_HIGHZ is applicable
2026-05-06 11:47:39,304 [INFO] Rule:233 - rule Rename TIMER TIM_CLEARINPUTSOURCE_OCREFCLR in  TIMER TIM_CLEARINPUTSOURCE_NONE for F7 family is applicable
2026-05-06 11:47:39,304 [INFO] Rule:233 - rule FDCAN_R1 - Rename FDCAN mode Master into Classic is applicable
2026-05-06 11:47:39,304 [INFO] Rule:233 - rule FDCAN_R2 - Rename FDCAN mode Slave into Classic is applicable
2026-05-06 11:47:39,304 [INFO] Rule:233 - rule FDCAN1_R3 - if PA10.Mode=FullDuplex, add Pin PA12 is applicable
2026-05-06 11:47:39,304 [INFO] Rule:233 - rule FDCAN1_R3 - if PA9.Mode=FullDuplex, add Pin PA11 is applicable
2026-05-06 11:47:39,304 [INFO] Rule:233 - rule FDCAN1_R3 - Alternatepin_1 - if PE1.Mode=FullDuplex, add Pin PB9 is applicable
2026-05-06 11:47:39,304 [INFO] Rule:233 - rule FDCAN1_R3 - Alternatepin_1 - if PE0.Mode=FullDuplex, add Pin PB8 is applicable
2026-05-06 11:47:39,304 [INFO] Rule:233 - rule FDCAN1_R3 - Alternatepin_2 - if PD5.Mode=FullDuplex, add Pin PD1 is applicable
2026-05-06 11:47:39,304 [INFO] Rule:233 - rule FDCAN1_R3 - Alternatepin_2 - if PD4.Mode=FullDuplex, add Pin PD0 is applicable
2026-05-06 11:47:39,304 [INFO] Rule:233 - rule FDCAN1_R4 - Rename Mode FullDuplex into Enable FDCAN_TXFD for pin PA10 is applicable
2026-05-06 11:47:39,304 [INFO] Rule:233 - rule FDCAN1_R4 - Rename Mode FullDuplex into Enable FDCAN_TXFD for pin PA9 is applicable
2026-05-06 11:47:39,304 [INFO] Rule:233 - rule FDCAN1_R4 - Alternatepin_1 - Rename Mode FullDuplex into Enable FDCAN_TXFD for pin PE1 is applicable
2026-05-06 11:47:39,304 [INFO] Rule:233 - rule FDCAN1_R4 - Alternatepin_1 - Rename Mode FullDuplex into Enable FDCAN_TXFD for pin PE0 is applicable
2026-05-06 11:47:39,304 [INFO] Rule:233 - rule FDCAN1_R4 - Alternatepin_2 - Rename Mode FullDuplex into Enable FDCAN_TXFD for pin PD5 is applicable
2026-05-06 11:47:39,304 [INFO] Rule:233 - rule FDCAN1_R4 - Alternatepin_2 - Rename Mode FullDuplex into Enable FDCAN_TXFD for pin PD4 is applicable
2026-05-06 11:47:39,304 [INFO] Rule:233 - rule FDCAN2_R3 - if PD10.Mode=FullDuplex, add Pin PB13 is applicable
2026-05-06 11:47:39,304 [INFO] Rule:233 - rule FDCAN2_R3 - if PD9.Mode=FullDuplex, add Pin PB12 is applicable
2026-05-06 11:47:39,304 [INFO] Rule:233 - rule FDCAN2_R3 - Alternatepin_1 - if PB7.Mode=FullDuplex, add Pin PB6 is applicable
2026-05-06 11:47:39,304 [INFO] Rule:233 - rule FDCAN2_R3 - Alternatepin_1 - if PD9.Mode=FullDuplex, add Pin PB12 is applicable
2026-05-06 11:47:39,304 [INFO] Rule:233 - rule FDCAN2_R4 - Rename Mode FullDuplex into Enable FDCAN_TXFD for pin PD10 is applicable
2026-05-06 11:47:39,304 [INFO] Rule:233 - rule FDCAN2_R4 - Rename Mode FullDuplex into Enable FDCAN_TXFD for pin PD9 is applicable
2026-05-06 11:47:39,304 [INFO] Rule:233 - rule FDCAN2_R4 - Alternatepin_1 - Rename Mode FullDuplex into Enable FDCAN_TXFD for pin PB7 is applicable
2026-05-06 11:47:39,304 [INFO] Rule:233 - rule FDCAN2_R4 - Alternatepin_1 - Rename Mode FullDuplex into Enable FDCAN_TXFD for pin PD6 is applicable
2026-05-06 11:47:39,304 [INFO] Rule:233 - rule USART TxPinLevelInvertParam Mode is applicable
2026-05-06 11:47:39,304 [INFO] Rule:233 - rule USART RxPinLevelInvertParam Mode is applicable
2026-05-06 11:47:39,304 [INFO] Rule:233 - rule USART DataInvertParam Mode is applicable
2026-05-06 11:47:39,304 [INFO] Rule:233 - rule USART SwapParam Mode is applicable
2026-05-06 11:47:39,304 [INFO] Rule:233 - rule USART OverrunDisableParam Mode is applicable
2026-05-06 11:47:39,304 [INFO] Rule:233 - rule USART DMADisableonRxErrorParam Mode is applicable
2026-05-06 11:47:39,304 [INFO] Rule:233 - rule USART MSBFirstParam Mode is applicable
2026-05-06 11:47:39,304 [INFO] Rule:233 - rule Update MwName for USB_DEVICE is applicable
2026-05-06 11:47:39,304 [INFO] Rule:233 - rule Change PWR_Regulator_Voltage_Scale Default Value for RCC  H7 family is applicable
2026-05-06 11:47:39,304 [INFO] Rule:233 - rule UART/USART IPParameter rename Prescaler parameter to ClockPrescaler is applicable
2026-05-06 11:47:39,304 [INFO] Rule:233 - rule UART/USART Prescaler rename Prescaler parameter to ClockPrescaler is applicable
2026-05-06 11:47:39,304 [INFO] Rule:233 - rule TIM1CLockSelection is applicable
2026-05-06 11:47:39,304 [INFO] Rule:233 - rule TIM15CLockSelection is applicable
2026-05-06 11:47:39,304 [INFO] Rule:233 - rule align RCC SDMMC3CLockSelection default value on MP1 is applicable
2026-05-06 11:47:39,304 [INFO] Rule:233 - rule align RCC SDMMC12CLockSelection default value on MP1 is applicable
2026-05-06 11:47:39,304 [INFO] Rule:233 - rule align RCC QSPICLockSelection default value on MP1 is applicable
2026-05-06 11:47:39,304 [INFO] Rule:233 - rule align RCC QSPICLockSelection default value on MP1 is applicable
2026-05-06 11:47:39,304 [INFO] Rule:233 - rule align RCC SPI6CLockSelection default value on MP1 is applicable
2026-05-06 11:47:39,304 [INFO] Rule:233 - rule align RCC LPTIM23CLockSelection default value on MP1 is applicable
2026-05-06 11:47:39,304 [INFO] Rule:233 - rule align RCC LPTIM1CLockSelection default value on MP1 is applicable
2026-05-06 11:47:39,304 [INFO] Rule:233 - rule align RCC USART1CLockSelection default value on MP1 is applicable
2026-05-06 11:47:39,304 [INFO] Rule:233 - rule align RCC USART24CLockSelection default value on MP1 is applicable
2026-05-06 11:47:39,304 [INFO] Rule:233 - rule align RCC USART6CLockSelection default value on MP1 is applicable
2026-05-06 11:47:39,304 [INFO] Rule:233 - rule align RCC UART78CLockSelection default value on MP1 is applicable
2026-05-06 11:47:39,304 [INFO] Rule:233 - rule align RCC USART35CLockSelection default value on MP1 is applicable
2026-05-06 11:47:39,304 [INFO] Rule:233 - rule align RCC SPI45CLockSelection default value on MP1 is applicable
2026-05-06 11:47:39,304 [INFO] Rule:233 - rule align RCC I2C46CLockSelection BCLK value on MP1 is applicable
2026-05-06 11:47:39,304 [INFO] Rule:233 - rule align RCC SPI45CLockSelection default value on MP1 is applicable
2026-05-06 11:47:39,304 [INFO] Rule:233 - rule align RCC I2C12CLockSelection default value on MP1 is applicable
2026-05-06 11:47:39,304 [INFO] Rule:233 - rule align RCC I2C35CLockSelection default value on MP1 is applicable
2026-05-06 11:47:39,304 [INFO] Rule:233 - rule align RCC LPTIM45CLockSelection default value on MP1 is applicable
2026-05-06 11:47:39,304 [INFO] Rule:233 - rule Rename DCMI PIXCK signal is applicable
2026-05-06 11:47:39,304 [INFO] Rule:233 - rule Change Default Value for I2C46CLockSelection MP1 family is applicable
2026-05-06 11:47:39,304 [INFO] Rule:233 - rule Change Default Value for UART for G4, G0 and WB families is applicable
2026-05-06 11:47:39,304 [INFO] Rule:233 - rule Change Default Value for USART for G4, G0 and WB families is applicable
2026-05-06 11:47:39,304 [INFO] Rule:233 - rule Change Default Value for USART for G4 family is applicable
2026-05-06 11:47:39,304 [INFO] Rule:233 - rule Change USART1CLockSelection refparam name for MP1 is applicable
2026-05-06 11:47:39,304 [INFO] Rule:233 - rule Change USART2CLockSelection refparam name for MP1 is applicable
2026-05-06 11:47:39,304 [INFO] Rule:233 - rule Change USART3CLockSelection refparam name for MP1 is applicable
2026-05-06 11:47:39,304 [INFO] Rule:233 - rule Change UART4CLockSelection refparam name for MP1 is applicable
2026-05-06 11:47:39,304 [INFO] Rule:233 - rule Change UART5CLockSelection refparam name for MP1 is applicable
2026-05-06 11:47:39,304 [INFO] Rule:233 - rule Change LPUART1CLockSelection refparam name for MP1 is applicable
2026-05-06 11:47:39,304 [INFO] Rule:233 - rule Change LPTIM1CLockSelection refparam name for MP1 is applicable
2026-05-06 11:47:39,304 [INFO] Rule:233 - rule Change LPTIM2CLockSelection refparam name for MP1 is applicable
2026-05-06 11:47:39,304 [INFO] Rule:233 - rule Change RCC_MCO1Source refparam name for MP1 is applicable
2026-05-06 11:47:39,304 [INFO] Rule:233 - rule Change LSCOSource1 refparam name for MP1 is applicable
2026-05-06 11:47:39,304 [INFO] Rule:233 - rule Change SMPSCLockSelection refparam name for MP1 is applicable
2026-05-06 11:47:39,304 [INFO] Rule:233 - rule Change LPTIM3CLockSelection refparam name for MP1 is applicable
2026-05-06 11:47:39,304 [INFO] Rule:233 - rule Change MPCBB* Default Template Mode to Parameters is applicable
2026-05-06 11:47:39,304 [INFO] Rule:233 - rule Change MPCWM* or MPCBB* Secure Mode to Parameters is applicable
2026-05-06 11:47:39,304 [INFO] Rule:233 - rule Change MPCWM* or MPCBB* No Secure Mode to Parameters is applicable
2026-05-06 11:47:39,304 [INFO] Rule:233 - rule Change TZSC IP Secure Mode to Parameters is applicable
2026-05-06 11:47:39,317 [INFO] Rule:233 - rule Change TZSC IP No Secure Mode to Parameters is applicable
2026-05-06 11:47:39,317 [INFO] Rule:233 - rule Change TZSC IP Privilege Mode to Parameters is applicable
2026-05-06 11:47:39,317 [INFO] Rule:233 - rule Change TZSC IP No Privilege Mode to Parameters is applicable
2026-05-06 11:47:39,317 [INFO] Rule:233 - rule Change TZIC IT Secure Mode to Parameters is applicable
2026-05-06 11:47:39,317 [INFO] Rule:233 - rule Change TZIC IT No Secure Mode to Parameters is applicable
2026-05-06 11:47:39,317 [INFO] Rule:233 - rule Add MPCBB1_NonSecureArea_Start_Address value with referenced to MPCBB1_NonSecureArea_Start value is applicable
2026-05-06 11:47:39,317 [INFO] Rule:233 - rule Add MPCBB2_NonSecureArea_Start_Address value with referenced to MPCBB2_NonSecureArea_Start value is applicable
2026-05-06 11:47:39,317 [INFO] Rule:233 - rule Add MPCWM1_NonSecureArea*_Start_Address value with referenced to MPCWM1_NonSecureArea*_Start value is applicable
2026-05-06 11:47:39,317 [INFO] Rule:233 - rule Add MPCWM2_NonSecureArea*_Start_Address value with referenced to MPCWM2_NonSecureArea*_Start value is applicable
2026-05-06 11:47:39,317 [INFO] Rule:233 - rule Add MPCWM3_NonSecureArea_Start_Address value with referenced to MPCWM3_NonSecureArea_Start value is applicable
2026-05-06 11:47:39,317 [INFO] Rule:233 - rule Change Default Value for PLL1UserDefinedConfig is applicable
2026-05-06 11:47:39,317 [INFO] Rule:233 - rule Change GPIO_PuPd Default Value for USART in async mode is applicable
2026-05-06 11:47:39,317 [INFO] Rule:233 - rule Change SMPSDivider Default Value is applicable
2026-05-06 11:47:39,317 [INFO] Rule:233 - rule OPAMP is applicable
2026-05-06 11:47:39,317 [INFO] Rule:233 - rule LPUART IPParameter rename Prescaler parameter to ClockPrescaler for STM32H7 is applicable
2026-05-06 11:47:39,317 [INFO] Rule:233 - rule LPUART IPParameter rename Prescaler parameter to ClockPrescaler for STM32H7 is applicable
2026-05-06 11:47:39,317 [INFO] Rule:233 - rule LPUART IPParameter rename Prescaler parameter to ClockPrescaler for STM32WB is applicable
2026-05-06 11:47:39,317 [INFO] Rule:233 - rule LPUART IPParameter rename Prescaler parameter to ClockPrescaler for STM32WB is applicable
2026-05-06 11:47:39,317 [INFO] Rule:233 - rule LPUART IPParameter rename Prescaler parameter to ClockPrescaler for STM32G4 is applicable
2026-05-06 11:47:39,317 [INFO] Rule:233 - rule LPUART IPParameter rename Prescaler parameter to ClockPrescaler for STM32G4 is applicable
2026-05-06 11:47:39,317 [INFO] Rule:233 - rule LPUART IPParameter rename Prescaler parameter to ClockPrescaler for STM32L5 is applicable
2026-05-06 11:47:39,317 [INFO] Rule:233 - rule LPUART IPParameter rename Prescaler parameter to ClockPrescaler for STM32L5 is applicable
2026-05-06 11:47:39,317 [INFO] Rule:233 - rule LPUART IPParameter rename Prescaler parameter to ClockPrescaler for STM32G4 is applicable
2026-05-06 11:47:39,317 [INFO] Rule:233 - rule LPUART IPParameter rename Prescaler parameter to ClockPrescaler for STM32G4 is applicable
2026-05-06 11:47:39,317 [INFO] Rule:233 - rule USB device lib V2.5.3 for L0 rename USBD_SUPPORT_USER_STRING parameter to USBD_SUPPORT_USER_STRING_DESC4 is applicable
2026-05-06 11:47:39,317 [INFO] Rule:233 - rule I2SCLockSelection clock entry align is applicable
2026-05-06 11:47:39,317 [INFO] Rule:233 - rule Assign TIMx context if used as SYS timebase is applicable
2026-05-06 11:47:39,317 [INFO] Rule:233 - rule Change GPIO_Pu Default Value for I2C is applicable
2026-05-06 11:47:39,318 [INFO] Rule:233 - rule Change GPIO_Pu Default Value for SMBus is applicable
2026-05-06 11:47:39,318 [INFO] Rule:233 - rule change FDCAN default value is applicable
2026-05-06 11:47:39,318 [INFO] Rule:233 - rule Change mode sai is applicable
2026-05-06 11:47:39,318 [INFO] Rule:233 - rule **Change sai mode is applicable
2026-05-06 11:47:39,319 [INFO] Rule:233 - rule Rename STM32WPAN CFG_BLE_IRK to CFG_BLE_IR is applicable
2026-05-06 11:47:39,319 [INFO] Rule:233 - rule Rename STM32WPAN CFG_BLE_ERK to CFG_BLE_ER is applicable
2026-05-06 11:47:39,319 [INFO] Rule:233 - rule Rename STM32WPAN CFG_BLE_IRK_HEX to CFG_BLE_IR_HEX is applicable
2026-05-06 11:47:39,319 [INFO] Rule:233 - rule Rename STM32WPAN CFG_BLE_ERK_HEX to CFG_BLE_ER_HEX is applicable
2026-05-06 11:47:39,319 [INFO] Rule:233 - rule Adapt Old IOC before rework replace old CORTEX_M33/CORTEX_M55 attributes by the new one. is applicable
2026-05-06 11:47:39,319 [INFO] Rule:233 - rule Rename parametre of RCC RCC_APBDBG_DIV2 to RCC_TIMPRES_DIV2 is applicable
2026-05-06 11:47:39,319 [INFO] Rule:233 - rule Rename DIE493 pin PA10 [PA12] -> PA10 is applicable
2026-05-06 11:47:39,319 [INFO] Rule:233 - rule Rename DIE493 pin PA9 [PA11] -> PA9 is applicable
2026-05-06 11:47:39,319 [INFO] Rule:233 - rule Rename DIE492 PartNumber CPN STM32WBA5MJGHx -> STM32WBA5MMGHx is applicable
2026-05-06 11:47:39,319 [INFO] Rule:233 - rule Rename DIE492 PartNumber  Name STM32WBA5MJGHx -> STM32WBA5MMGHx is applicable
2026-05-06 11:47:39,319 [INFO] Rule:233 - rule Rename DIE492 PartNumber UserName STM32WBA5MJGHx -> STM32WBA5MMGHx is applicable
2026-05-06 11:47:39,319 [INFO] Rule:233 - rule Rename DIE492 PartNumber DeviceId STM32WBA5MJGHx -> STM32WBA5MMGHx is applicable
2026-05-06 11:47:39,319 [INFO] Rule:233 - rule Adapt Old IOC CSI. is applicable
2026-05-06 11:47:39,319 [INFO] Rule:233 - rule Adapt Old IOC DCMIPP. is applicable
2026-05-06 11:47:39,319 [INFO] Rule:233 - rule Adapt Old IOC DCMIPP Mode Parallel. is applicable
2026-05-06 11:47:39,319 [INFO] Rule:233 - rule Adapt Old IOC LTDC. is applicable
2026-05-06 11:47:39,319 [INFO] Rule:233 - rule Rename STM32MP2 RIF Peripheral LTDC RIF.RISUP.LTDC_L0L1.Privilege -> RIF.RISUP.LTDC_L1L2.Privilege is applicable
2026-05-06 11:47:39,319 [INFO] Rule:233 - rule Rename STM32MP2 RIF Peripheral LTDC RIF.RISUP.LTDC_L0L1.Privilege -> RIF.RISUP.LTDC_L1L2.Privilege is applicable
2026-05-06 11:47:39,319 [INFO] Rule:233 - rule Rename STM32MP2 RIF Peripheral LTDC RIF.RISUP.LTDC_L0L1.Lock -> RIF.RISUP.LTDC_L1L2.Lock is applicable
2026-05-06 11:47:39,319 [INFO] Rule:233 - rule Rename STM32MP2 RIF Peripheral LTDC RIF.RISUP.LTDC_L2.Lock -> RIF.RISUP.LTDC_L3.Lock is applicable
2026-05-06 11:47:39,319 [INFO] Rule:233 - rule Adapt the old IOC example for updating the SYS when it is misconfigured. is applicable
2026-05-06 11:47:39,319 [INFO] Rule:233 - rule Rename STM32C09 Mcu.Package LQFP64 -> LQFP48 is applicable
2026-05-06 11:47:39,319 [INFO] Rule:233 - rule Adapt the old IOC example for updating the SYS when it is misconfigured. is applicable
2026-05-06 11:47:39,319 [INFO] Rule:233 - rule Adapt the old IOC example for updating the SYS when it is misconfigured. is applicable
2026-05-06 11:47:39,329 [INFO] DbConfProperties:307 - Apply Compatibility (38/250 Rules)
2026-05-06 11:47:39,347 [INFO] ImportTextPane:234 - (OptionalMessage_ERROR) Unable to find key (Mcu.ThirdPartyNb) in loaded IOC file
2026-05-06 11:47:39,349 [INFO] ImportTextPane:234 - (OptionalMessage_ERROR) Pin34 (VP_RIF_VS_RIF1) cannot be retrieved for this MCU
2026-05-06 11:47:39,452 [INFO] RtosManager:558 - Registered RTOS mode: class=CMSIS, group=RTOS, mode=CMSIS_V1, owner=FREERTOS
2026-05-06 11:47:39,452 [INFO] RtosManager:558 - Registered RTOS mode: class=CMSIS, group=RTOS2, mode=CMSIS_V2, owner=FREERTOS
2026-05-06 11:47:39,452 [INFO] RtosManager:558 - Registered RTOS mode: class=RTOS, group=Core, mode=CMSIS_V1, owner=FREERTOS
2026-05-06 11:47:39,452 [INFO] RtosManager:558 - Registered RTOS mode: class=RTOS, group=Core, mode=CMSIS_V2, owner=FREERTOS
2026-05-06 11:47:39,452 [WARN] ModelIntegratedComponent:184 - Missing modes for component STMicroelectronics:FreeRTOS:0.0.1:STMicroelectronics:RTOS:FreeRTOS:Core:::10.2.0:
2026-05-06 11:47:39,460 [WARN] ModelIntegratedComponent:63 - No mode defined for component null
2026-05-06 11:47:39,460 [WARN] ModelIntegratedComponent:63 - No mode defined for component null
2026-05-06 11:47:39,460 [WARN] ModelIntegratedComponent:63 - No mode defined for component null
2026-05-06 11:47:39,460 [WARN] ModelIntegratedComponent:63 - No mode defined for component null
2026-05-06 11:47:39,460 [WARN] ModelIntegratedComponent:63 - No mode defined for component null
2026-05-06 11:47:39,460 [WARN] ModelIntegratedComponent:63 - No mode defined for component null
2026-05-06 11:47:39,460 [WARN] ModelIntegratedComponent:63 - No mode defined for component null
2026-05-06 11:47:39,460 [WARN] ModelIntegratedComponent:63 - No mode defined for component null
2026-05-06 11:47:39,460 [WARN] ModelIntegratedComponent:63 - No mode defined for component null
2026-05-06 11:47:39,460 [WARN] ModelIntegratedComponent:63 - No mode defined for component null
2026-05-06 11:47:39,460 [WARN] ModelIntegratedComponent:63 - No mode defined for component null
2026-05-06 11:47:39,460 [WARN] ModelIntegratedComponent:63 - No mode defined for component null
2026-05-06 11:47:39,460 [WARN] ModelIntegratedComponent:63 - No mode defined for component null
2026-05-06 11:47:39,460 [WARN] ModelIntegratedComponent:63 - No mode defined for component null
2026-05-06 11:47:39,460 [WARN] ModelIntegratedComponent:63 - No mode defined for component null
2026-05-06 11:47:39,460 [WARN] ModelIntegratedComponent:63 - No mode defined for component null
2026-05-06 11:47:39,460 [WARN] ModelIntegratedComponent:63 - No mode defined for component null
2026-05-06 11:47:39,460 [WARN] ModelIntegratedComponent:63 - No mode defined for component null
2026-05-06 11:47:39,460 [WARN] ModelIntegratedComponent:63 - No mode defined for component null
2026-05-06 11:47:39,460 [WARN] ModelIntegratedComponent:63 - No mode defined for component null
2026-05-06 11:47:39,460 [WARN] ModelIntegratedComponent:63 - No mode defined for component null
2026-05-06 11:47:39,460 [WARN] ModelIntegratedComponent:63 - No mode defined for component null
2026-05-06 11:47:39,460 [WARN] ModelIntegratedComponent:63 - No mode defined for component null
2026-05-06 11:47:39,460 [WARN] ModelIntegratedComponent:63 - No mode defined for component null
2026-05-06 11:47:39,460 [WARN] ModelIntegratedComponent:63 - No mode defined for component null
2026-05-06 11:47:39,460 [WARN] ModelIntegratedComponent:63 - No mode defined for component null
2026-05-06 11:47:39,460 [WARN] ModelIntegratedComponent:63 - No mode defined for component null
2026-05-06 11:47:39,460 [WARN] ModelIntegratedComponent:63 - No mode defined for component null
2026-05-06 11:47:39,460 [WARN] ModelIntegratedComponent:63 - No mode defined for component null
2026-05-06 11:47:39,460 [WARN] ModelIntegratedComponent:63 - No mode defined for component null
2026-05-06 11:47:39,460 [WARN] ModelIntegratedComponent:63 - No mode defined for component null
2026-05-06 11:47:39,460 [WARN] ModelIntegratedComponent:63 - No mode defined for component null
2026-05-06 11:47:39,460 [WARN] ModelIntegratedComponent:63 - No mode defined for component null
2026-05-06 11:47:39,460 [WARN] ModelIntegratedComponent:63 - No mode defined for component null
2026-05-06 11:47:39,460 [WARN] ModelIntegratedComponent:63 - No mode defined for component null
2026-05-06 11:47:39,460 [WARN] ModelPack:524 - Component already loaded: STMicroelectronics:HAL Drivers:0.0.0:STMicroelectronics:Device:STMicro_Driver:XSPI:HAL::0.0.1:HAL_XSPI
2026-05-06 11:47:39,519 [INFO] ThirdPartyModel:298 - Start build external matchings
2026-05-06 11:47:40,216 [INFO] ThirdPartyModel:316 - End build external matchings
2026-05-06 11:47:40,542 [INFO] UtilMem:75 - End LoadConfig() Used Memory: 983756504 Bytes (1073741824)
2026-05-06 11:47:40,578 [WARN] ThirdParty:833 - waiting for thirdparty lock release [change project]
2026-05-06 11:47:40,579 [INFO] ThirdParty:835 - entering critical section [change project]
2026-05-06 11:47:40,579 [INFO] ThirdParty:1030 - CMSIS Pack Vendor :STMicroelectronics X-CUBE-AZRTOS-H7 3.5.0
2026-05-06 11:47:40,580 [INFO] ThirdParty:1030 - CMSIS Pack Vendor :STMicroelectronics X-CUBE-PM33A1 1.0.0
2026-05-06 11:47:40,580 [INFO] ThirdParty:1030 - CMSIS Pack Vendor :STMicroelectronics USBPD 4.1
2026-05-06 11:47:40,580 [INFO] ThirdParty:1030 - CMSIS Pack Vendor :STMicroelectronics X-CUBE-NFC9 1.0.0
2026-05-06 11:47:40,580 [INFO] ThirdParty:1030 - CMSIS Pack Vendor :STMicroelectronics USB_HOST 2.0.0
2026-05-06 11:47:40,580 [INFO] ThirdParty:1030 - CMSIS Pack Vendor :STMicroelectronics X-CUBE-AZRTOS-F4 1.1.0
2026-05-06 11:47:40,580 [INFO] ThirdParty:1030 - CMSIS Pack Vendor :STMicroelectronics LIBJPEG 8.0.0
2026-05-06 11:47:40,580 [INFO] ThirdParty:1030 - CMSIS Pack Vendor :STMicroelectronics FP-ATR-ASTRA1 2.0.2
2026-05-06 11:47:40,580 [INFO] ThirdParty:1030 - CMSIS Pack Vendor :STMicroelectronics X-CUBE-BLE1 7.1.0
2026-05-06 11:47:40,580 [INFO] ThirdParty:1030 - CMSIS Pack Vendor :STMicroelectronics X-CUBE-SMBUS 2.1.0
2026-05-06 11:47:40,580 [INFO] ThirdParty:1030 - CMSIS Pack Vendor :wolfSSL I-CUBE-wolfMQTT 1.19.2
2026-05-06 11:47:40,580 [INFO] ThirdParty:1030 - CMSIS Pack Vendor :STMicroelectronics USB_DEVICE 3.0.0
2026-05-06 11:47:40,580 [INFO] ThirdParty:1030 - CMSIS Pack Vendor :STMicroelectronics X-CUBE-ISPU 2.1.0
2026-05-06 11:47:40,580 [INFO] ThirdParty:1030 - CMSIS Pack Vendor :STMicroelectronics X-CUBE-EEPRMA1 5.2.0
2026-05-06 11:47:40,580 [INFO] ThirdParty:1030 - CMSIS Pack Vendor :STMicroelectronics X-CUBE-IPS 3.2.0
2026-05-06 11:47:40,580 [INFO] ThirdParty:1030 - CMSIS Pack Vendor :STMicroelectronics X-CUBE-BLEMGR 4.1.0
2026-05-06 11:47:40,580 [INFO] ThirdParty:1030 - CMSIS Pack Vendor :STMicroelectronics eDS-WB_DPC_TT-BIDIR 2.1.1
2026-05-06 11:47:40,580 [INFO] ThirdParty:1030 - CMSIS Pack Vendor :STMicroelectronics X-CUBE-AZRTOS-WB 2.0.0
2026-05-06 11:47:40,580 [INFO] ThirdParty:1030 - CMSIS Pack Vendor :wolfSSL I-CUBE-wolfSSL 5.8.4
2026-05-06 11:47:40,580 [INFO] ThirdParty:1030 - CMSIS Pack Vendor :Cesanta I-CUBE-Mongoose 7.20.0
2026-05-06 11:47:40,580 [INFO] ThirdParty:1030 - CMSIS Pack Vendor :STMicroelectronics X-CUBE-NFC12 1.0.0
2026-05-06 11:47:40,581 [INFO] ThirdParty:1030 - CMSIS Pack Vendor :STMicroelectronics X-CUBE-AZRTOS-F7 1.1.0
2026-05-06 11:47:40,581 [INFO] ThirdParty:1030 - CMSIS Pack Vendor :STMicroelectronics X-CUBE-AZRTOS-L5 2.0.0
2026-05-06 11:47:40,581 [INFO] ThirdParty:1030 - CMSIS Pack Vendor :STMicroelectronics USB_DEVICE 2.0.0
2026-05-06 11:47:40,581 [INFO] ThirdParty:1030 - CMSIS Pack Vendor :STMicroelectronics FP-SNS-STAIOTCFT 1.1.0
2026-05-06 11:47:40,581 [INFO] ThirdParty:1030 - CMSIS Pack Vendor :quantropi X-CUBE-qispace-sdk-base 2.1.0
2026-05-06 11:47:40,581 [INFO] ThirdParty:1030 - CMSIS Pack Vendor :STMicroelectronics X-CUBE-MEMS1 12.0.0
2026-05-06 11:47:40,581 [INFO] ThirdParty:1030 - CMSIS Pack Vendor :STMicroelectronics X-CUBE-STSE01 2.0.0
2026-05-06 11:47:40,581 [INFO] ThirdParty:1030 - CMSIS Pack Vendor :STMicroelectronics FP-SNS-MOTENV1 5.1.0
2026-05-06 11:47:40,581 [INFO] ThirdParty:1030 - CMSIS Pack Vendor :STMicroelectronics FreeRTOS 0.0.1
2026-05-06 11:47:40,581 [INFO] ThirdParty:1030 - CMSIS Pack Vendor :STMicroelectronics X-CUBE-AZRTOS-G0 1.1.0
2026-05-06 11:47:40,581 [INFO] ThirdParty:1030 - CMSIS Pack Vendor :STMicroelectronics X-CUBE-NFC4 3.0.0
2026-05-06 11:47:40,581 [INFO] ThirdParty:1030 - CMSIS Pack Vendor :STMicroelectronics X-CUBE-SUBG2 5.0.0
2026-05-06 11:47:40,581 [INFO] ThirdParty:1030 - CMSIS Pack Vendor :STMicroelectronics STM32_WPAN 1.0.0
2026-05-06 11:47:40,581 [INFO] ThirdParty:1030 - CMSIS Pack Vendor :STMicroelectronics eDS-WB_DPC_VIENNA 1.2.0
2026-05-06 11:47:40,581 [INFO] ThirdParty:1030 - CMSIS Pack Vendor :EmbeddedOffice I-CUBE-FS-RTOS 1.0.1
2026-05-06 11:47:40,581 [INFO] ThirdParty:1030 - CMSIS Pack Vendor :STMicroelectronics lwIP 2.0.3
2026-05-06 11:47:40,581 [INFO] ThirdParty:1030 - CMSIS Pack Vendor :WES I-CUBE-Cesium 1.4.0
2026-05-06 11:47:40,582 [INFO] ThirdParty:1030 - CMSIS Pack Vendor :STMicroelectronics eDS-WB_DPC_3PH2L-BIDIR 1.1.1
2026-05-06 11:47:40,582 [INFO] ThirdParty:1030 - CMSIS Pack Vendor :STMicroelectronics USB_HOST 1.0.0
2026-05-06 11:47:40,582 [INFO] ThirdParty:1030 - CMSIS Pack Vendor :STMicroelectronics X-CUBE-AZRTOS-G4 2.0.0
2026-05-06 11:47:40,582 [INFO] ThirdParty:1030 - CMSIS Pack Vendor :STMicroelectronics X-CUBE-WB05N 2.0.0
2026-05-06 11:47:40,582 [INFO] ThirdParty:1030 - CMSIS Pack Vendor :STMicroelectronics PDM2PCM 3.1.0
2026-05-06 11:47:40,582 [INFO] ThirdParty:1030 - CMSIS Pack Vendor :STMicroelectronics PDM2PCM 3.3.0
2026-05-06 11:47:40,582 [INFO] ThirdParty:1030 - CMSIS Pack Vendor :wolfSSL I-CUBE-wolfTPM 3.8.0
2026-05-06 11:47:40,582 [INFO] ThirdParty:1030 - CMSIS Pack Vendor :STMicroelectronics X-CUBE-DISPLAY 3.0.0
2026-05-06 11:47:40,582 [INFO] ThirdParty:1030 - CMSIS Pack Vendor :wolfSSL I-CUBE-wolfSSH 1.4.20
2026-05-06 11:47:40,582 [INFO] ThirdParty:1030 - CMSIS Pack Vendor :STMicroelectronics X-CUBE-NFC7 2.0.0
2026-05-06 11:47:40,582 [INFO] ThirdParty:1030 - CMSIS Pack Vendor :STMicroelectronics X-CUBE-GNSS1 7.1.1
2026-05-06 11:47:40,584 [INFO] ThirdParty:1030 - CMSIS Pack Vendor :STMicroelectronics FP-SNS-MOTENVWB1 1.5.0
2026-05-06 11:47:40,584 [INFO] ThirdParty:1030 - CMSIS Pack Vendor :STMicroelectronics X-CUBE-TCPP 4.2.0
2026-05-06 11:47:40,588 [INFO] ThirdParty:1030 - CMSIS Pack Vendor :RealThread X-CUBE-RT-Thread_Nano 4.1.1
2026-05-06 11:47:40,589 [INFO] ThirdParty:1030 - CMSIS Pack Vendor :STMicroelectronics FP-ATR-SIGFOX1 3.2.0
2026-05-06 11:47:40,589 [INFO] ThirdParty:1030 - CMSIS Pack Vendor :STMicroelectronics X-CUBE-NFC10 1.0.0
2026-05-06 11:47:40,589 [INFO] ThirdParty:1030 - CMSIS Pack Vendor :STMicroelectronics HAL Drivers 0.0.0
2026-05-06 11:47:40,589 [INFO] ThirdParty:1030 - CMSIS Pack Vendor :STMicroelectronics X-CUBE-FREERTOS 1.5.0
2026-05-06 11:47:40,589 [INFO] ThirdParty:1030 - CMSIS Pack Vendor :STMicroelectronics MBEDTLS 2.16.2
2026-05-06 11:47:40,589 [INFO] ThirdParty:1030 - CMSIS Pack Vendor :STMicroelectronics X-CUBE-ST60 1.1.0
2026-05-06 11:47:40,589 [INFO] ThirdParty:1030 - CMSIS Pack Vendor :STMicroelectronics X-CUBE-ALS 1.0.2
2026-05-06 11:47:40,589 [INFO] ThirdParty:1030 - CMSIS Pack Vendor :emotas I-CUBE-CANOPEN 1.3.0
2026-05-06 11:47:40,589 [INFO] ThirdParty:1030 - CMSIS Pack Vendor :STMicroelectronics MBEDTLS 2.14.1
2026-05-06 11:47:40,589 [INFO] ThirdParty:1030 - CMSIS Pack Vendor :STMicroelectronics X-CUBE-GNSS1 7.1.0
2026-05-06 11:47:40,589 [INFO] ThirdParty:1030 - CMSIS Pack Vendor :ITTIA_DB I-CUBE-ITTIADB 8.9.0
2026-05-06 11:47:40,589 [INFO] ThirdParty:1030 - CMSIS Pack Vendor :STMicroelectronics X-CUBE-TOUCHGFX 4.26.1
2026-05-06 11:47:40,589 [INFO] ThirdParty:1030 - CMSIS Pack Vendor :STMicroelectronics X-CUBE-NFC6 3.2.0
2026-05-06 11:47:40,589 [INFO] ThirdParty:1030 - CMSIS Pack Vendor :STMicroelectronics FP-SNS-STBOX1 2.1.0
2026-05-06 11:47:40,589 [INFO] ThirdParty:1030 - CMSIS Pack Vendor :STMicroelectronics X-CUBE-AI 10.2.0
2026-05-06 11:47:40,589 [INFO] ThirdParty:1030 - CMSIS Pack Vendor :STMicroelectronics FP-SNS-STAIOTCFT 1.0.0
2026-05-06 11:47:40,589 [INFO] ThirdParty:1030 - CMSIS Pack Vendor :STMicroelectronics ThreadX 1.0.0
2026-05-06 11:47:40,589 [INFO] ThirdParty:1030 - CMSIS Pack Vendor :STMicroelectronics FP-SNS-SMARTAG2 1.2.0
2026-05-06 11:47:40,589 [INFO] ThirdParty:1030 - CMSIS Pack Vendor :STMicroelectronics X-CUBE-MEMS1 12.1.0
2026-05-06 11:47:40,589 [INFO] ThirdParty:1030 - CMSIS Pack Vendor :STMicroelectronics FP-SNS-FLIGHT1 5.1.0
2026-05-06 11:47:40,589 [INFO] ThirdParty:1030 - CMSIS Pack Vendor :STMicroelectronics X-CUBE-AZRTOS-WL 2.0.0
2026-05-06 11:47:40,590 [INFO] ThirdParty:1030 - CMSIS Pack Vendor :SEGGER I-CUBE-embOS 1.3.1
2026-05-06 11:47:40,590 [INFO] ThirdParty:1030 - CMSIS Pack Vendor :STMicroelectronics X-CUBE-ALGOBUILD 1.4.0
2026-05-06 11:47:40,590 [INFO] ThirdParty:1030 - CMSIS Pack Vendor :STMicroelectronics X-CUBE-DPower 1.3.0
2026-05-06 11:47:40,590 [INFO] ThirdParty:1030 - CMSIS Pack Vendor :STMicroelectronics USB_DEVICE 1.0.0
2026-05-06 11:47:40,590 [INFO] ThirdParty:1030 - CMSIS Pack Vendor :STMicroelectronics X-CUBE-AZRTOS-H7RS 1.2.0
2026-05-06 11:47:40,590 [INFO] ThirdParty:1030 - CMSIS Pack Vendor :STMicroelectronics X-CUBE-AZRTOS-L4 2.0.0
2026-05-06 11:47:40,590 [INFO] ThirdParty:1030 - CMSIS Pack Vendor :STMicroelectronics ThreadX 0.0.2
2026-05-06 11:47:40,590 [INFO] ThirdParty:1030 - CMSIS Pack Vendor :STMicroelectronics lwIP 2.1.2
2026-05-06 11:47:40,590 [INFO] ThirdParty:1030 - CMSIS Pack Vendor :STMicroelectronics X-CUBE-SFXS2LP1 4.0.0
2026-05-06 11:47:40,590 [INFO] ThirdParty:1030 - CMSIS Pack Vendor :STMicroelectronics X-CUBE-BLE2 3.3.0
2026-05-06 11:47:40,590 [INFO] ThirdParty:1030 - CMSIS Pack Vendor :Avnet-IOTCONNECT X-CUBE-iotc-st67-sdk 1.0.0
2026-05-06 11:47:40,590 [INFO] ThirdParty:1030 - CMSIS Pack Vendor :STMicroelectronics X-CUBE-TOF1 3.4.3
2026-05-06 11:47:40,590 [INFO] ThirdParty:1030 - CMSIS Pack Vendor :Infineon AIROC-Wi-Fi-Bluetooth-STM32 1.8.0
2026-05-06 11:47:40,590 [INFO] ThirdParty:1030 - CMSIS Pack Vendor :STMicroelectronics PDM2PCM 3.2.0
2026-05-06 11:47:40,590 [INFO] ThirdParty:1030 - CMSIS Pack Vendor :STMicroelectronics X-CUBE-WB05N 2.1.0
2026-05-06 11:47:40,590 [INFO] ThirdParty:1030 - CMSIS Pack Vendor :STMicroelectronics X-CUBE-ST67W61 1.2.0
2026-05-06 11:47:40,590 [INFO] ThirdParty:841 - exiting critical section [change project]
2026-05-06 11:47:40,825 [INFO] PinOutPanel:1589 - setPackage(No Configuration,No Configuration)
2026-05-06 11:47:40,829 [INFO] PinOutPanel:1589 - setPackage(STM32F407VGTx,LQFP100)
2026-05-06 11:47:41,142 [INFO] UtilMem:75 - Before build in PCC Used Memory: 913239200 Bytes (1073741824)
2026-05-06 11:47:41,395 [INFO] UtilMem:75 - After build in PCC Used Memory: 959808088 Bytes (1073741824)
2026-05-06 11:47:41,421 [INFO] IPUIPlugin:80 - create IPUIPlugin
2026-05-06 11:47:41,421 [INFO] IPUIPlugin:80 - create IPUIPlugin
2026-05-06 11:47:41,421 [INFO] IPUIPlugin:80 - create IPUIPlugin
2026-05-06 11:47:41,421 [INFO] IPUIPlugin:80 - create IPUIPlugin
2026-05-06 11:47:41,421 [INFO] IPUIPlugin:80 - create IPUIPlugin
2026-05-06 11:47:41,421 [INFO] IPUIPlugin:80 - create IPUIPlugin
2026-05-06 11:47:41,421 [INFO] IPUIPlugin:80 - create IPUIPlugin
2026-05-06 11:47:41,421 [INFO] IPUIPlugin:80 - create IPUIPlugin
2026-05-06 11:47:41,421 [INFO] IPUIPlugin:80 - create IPUIPlugin
2026-05-06 11:47:41,422 [INFO] IPUIPlugin:80 - create IPUIPlugin
2026-05-06 11:47:41,422 [INFO] IPUIPlugin:80 - create IPUIPlugin
2026-05-06 11:47:41,422 [INFO] IPUIPlugin:80 - create IPUIPlugin
2026-05-06 11:47:41,422 [INFO] IPUIPlugin:80 - create IPUIPlugin
2026-05-06 11:47:41,422 [INFO] IPUIPlugin:80 - create IPUIPlugin
2026-05-06 11:47:41,422 [INFO] IPUIPlugin:80 - create IPUIPlugin
2026-05-06 11:47:41,422 [INFO] IPUIPlugin:80 - create IPUIPlugin
2026-05-06 11:47:41,422 [INFO] IPUIPlugin:80 - create IPUIPlugin
2026-05-06 11:47:41,422 [INFO] IPUIPlugin:80 - create IPUIPlugin
2026-05-06 11:47:41,422 [INFO] IPUIPlugin:80 - create IPUIPlugin
2026-05-06 11:47:41,422 [INFO] IPUIPlugin:80 - create IPUIPlugin
2026-05-06 11:47:41,422 [INFO] IPUIPlugin:80 - create IPUIPlugin
2026-05-06 11:47:41,423 [INFO] IPUIPlugin:80 - create IPUIPlugin
2026-05-06 11:47:41,423 [INFO] IPUIPlugin:80 - create IPUIPlugin
2026-05-06 11:47:41,423 [INFO] IPUIPlugin:80 - create IPUIPlugin
2026-05-06 11:47:41,423 [INFO] IPUIPlugin:80 - create IPUIPlugin
2026-05-06 11:47:41,423 [INFO] IPUIPlugin:80 - create IPUIPlugin
2026-05-06 11:47:41,423 [INFO] IPUIPlugin:80 - create IPUIPlugin
2026-05-06 11:47:41,423 [INFO] IPUIPlugin:80 - create IPUIPlugin
2026-05-06 11:47:41,424 [INFO] IPUIPlugin:80 - create IPUIPlugin
2026-05-06 11:47:41,424 [INFO] IPUIPlugin:80 - create IPUIPlugin
2026-05-06 11:47:41,424 [INFO] IPUIPlugin:80 - create IPUIPlugin
2026-05-06 11:47:41,424 [INFO] IPUIPlugin:80 - create IPUIPlugin
2026-05-06 11:47:41,424 [INFO] IPUIPlugin:80 - create IPUIPlugin
2026-05-06 11:47:41,424 [INFO] IPUIPlugin:80 - create IPUIPlugin
2026-05-06 11:47:41,424 [INFO] IPUIPlugin:80 - create IPUIPlugin
2026-05-06 11:47:41,425 [INFO] IPUIPlugin:80 - create IPUIPlugin
2026-05-06 11:47:41,425 [INFO] IPUIPlugin:80 - create IPUIPlugin
2026-05-06 11:47:41,425 [INFO] IPUIPlugin:80 - create IPUIPlugin
2026-05-06 11:47:41,425 [INFO] IPUIPlugin:80 - create IPUIPlugin
2026-05-06 11:47:41,425 [INFO] IPUIPlugin:80 - create IPUIPlugin
2026-05-06 11:47:41,425 [INFO] IPUIPlugin:80 - create IPUIPlugin
2026-05-06 11:47:41,425 [INFO] IPUIPlugin:80 - create IPUIPlugin
2026-05-06 11:47:41,425 [INFO] IPUIPlugin:80 - create IPUIPlugin
2026-05-06 11:47:41,426 [INFO] IPUIPlugin:80 - create IPUIPlugin
2026-05-06 11:47:41,426 [INFO] IPUIPlugin:80 - create IPUIPlugin
2026-05-06 11:47:41,426 [INFO] IPUIPlugin:80 - create IPUIPlugin
2026-05-06 11:47:41,426 [INFO] IPUIPlugin:80 - create IPUIPlugin
2026-05-06 11:47:41,426 [INFO] IPUIPlugin:80 - create IPUIPlugin
2026-05-06 11:47:41,426 [INFO] IPUIPlugin:80 - create IPUIPlugin
2026-05-06 11:47:41,427 [INFO] IPUIPlugin:80 - create IPUIPlugin
2026-05-06 11:47:41,427 [INFO] IPUIPlugin:80 - create IPUIPlugin
2026-05-06 11:47:41,427 [INFO] IPUIPlugin:80 - create IPUIPlugin
2026-05-06 11:47:41,427 [INFO] IPUIPlugin:80 - create IPUIPlugin
2026-05-06 11:47:41,427 [INFO] IPUIPlugin:80 - create IPUIPlugin
2026-05-06 11:47:41,428 [INFO] IPUIPlugin:80 - create IPUIPlugin
2026-05-06 11:47:41,428 [INFO] IPUIPlugin:80 - create IPUIPlugin
2026-05-06 11:47:41,428 [INFO] IPUIPlugin:80 - create IPUIPlugin
2026-05-06 11:47:41,428 [INFO] IPUIPlugin:80 - create IPUIPlugin
2026-05-06 11:47:41,434 [INFO] ApiDbMcu:532 - Load IP Config File for PDM2PCM
2026-05-06 11:47:41,471 [INFO] CADModel:165 - CPN selected for project levelSTM32F407VGT6
2026-05-06 11:47:41,472 [INFO] CADModel:114 - Register for checkConnection events
2026-05-06 11:47:41,521 [INFO] OpenFileManager:386 - Restore cursor
2026-05-06 11:47:42,034 [INFO] UtilMem:75 - End SaveConfig() Used Memory: 824361264 Bytes (1073741824)
2026-05-06 11:47:42,149 [INFO] UtilMem:75 - End SaveConfig() Used Memory: 845560840 Bytes (1073741824)
2026-05-06 11:47:42,477 [INFO] BlockDiagram:2775 - set Specific Code input for plugin: SYS
2026-05-06 11:47:42,477 [INFO] BlockDiagram:2775 - set Specific Code input for plugin: RCC
2026-05-06 11:47:42,477 [INFO] BlockDiagram:2775 - set Specific Code input for plugin: NVIC
2026-05-06 11:47:42,478 [INFO] BlockDiagram:2775 - set Specific Code input for plugin: GPIO
2026-05-06 11:47:42,492 [INFO] CodeGenerator:892 - code generatio: config db path: C:\ST\STM32CubeIDE_1.19.0\STM32CubeIDE\plugins\com.st.stm32cube.common.mx_6.15.0.202507011659\\db\
2026-05-06 11:47:42,672 [INFO] CodeEngine:265 - oldGeneratedFile, D:\RTOS_stm32\queue_processing\MXTmpFiles\license.tmp_save
2026-05-06 11:47:43,011 [INFO] CodeEngine:289 - Generated code: D:\RTOS_stm32\queue_processing\MXTmpFiles\license.tmp
2026-05-06 11:47:43,127 [INFO] CodeEngine:265 - oldGeneratedFile, D:\RTOS_stm32\queue_processing\MXTmpFiles\gpio.tmp_save
2026-05-06 11:47:43,289 [INFO] CodeEngine:289 - Generated code: D:\RTOS_stm32\queue_processing\MXTmpFiles\gpio.tmp
2026-05-06 11:47:43,365 [INFO] CodeEngine:265 - oldGeneratedFile, D:\RTOS_stm32\queue_processing\Core\Src\stm32f4xx_it.c_save
2026-05-06 11:47:43,614 [INFO] CodeEngine:289 - Generated code: D:\RTOS_stm32\queue_processing\Core\Src\stm32f4xx_it.c
2026-05-06 11:47:43,623 [INFO] CodeEngine:265 - oldGeneratedFile, D:\RTOS_stm32\queue_processing\Core\Inc\stm32f4xx_it.h_save
2026-05-06 11:47:43,689 [INFO] CodeEngine:289 - Generated code: D:\RTOS_stm32\queue_processing\Core\Inc\stm32f4xx_it.h
2026-05-06 11:47:43,704 [INFO] CodeEngine:265 - oldGeneratedFile, D:\RTOS_stm32\queue_processing\Core\Src\stm32f4xx_hal_msp.c_save
2026-05-06 11:47:43,807 [INFO] CodeEngine:289 - Generated code: D:\RTOS_stm32\queue_processing\Core\Src\stm32f4xx_hal_msp.c
2026-05-06 11:47:43,814 [INFO] CodeEngine:265 - oldGeneratedFile, D:\RTOS_stm32\queue_processing\MXTmpFiles\system.tmp_save
2026-05-06 11:47:43,882 [INFO] CodeEngine:289 - Generated code: D:\RTOS_stm32\queue_processing\MXTmpFiles\system.tmp
2026-05-06 11:47:43,890 [INFO] CodeEngine:321 - oldGeneratedFile, D:\RTOS_stm32\queue_processing\Core\Inc\stm32f4xx_hal_conf.h_save
2026-05-06 11:47:43,972 [INFO] CodeEngine:345 - Generated code: D:\RTOS_stm32\queue_processing\Core\Inc\stm32f4xx_hal_conf.h
2026-05-06 11:47:44,003 [INFO] ApiDbMcu:532 - Load IP Config File for RCC
2026-05-06 11:47:44,017 [INFO] CodeEngine:265 - oldGeneratedFile, D:\RTOS_stm32\queue_processing\Core\Inc\main.h_save
2026-05-06 11:47:44,113 [INFO] CodeEngine:289 - Generated code: D:\RTOS_stm32\queue_processing\Core\Inc\main.h
2026-05-06 11:47:44,113 [INFO] CodeEngine:265 - oldGeneratedFile, D:\RTOS_stm32\queue_processing\Core\Src\main.c_save
2026-05-06 11:47:44,237 [INFO] CodeEngine:289 - Generated code: D:\RTOS_stm32\queue_processing\Core\Src\main.c
2026-05-06 11:47:44,717 [INFO] ProjectBuilder:3606 - Time for Copy HAL[1] : 297mS.
2026-05-06 11:47:44,717 [INFO] ProjectBuilder:5216 - Project Generator version: 4.7.0-B52
2026-05-06 11:47:44,811 [INFO] ConfigFileManager:1595 - The Die is : DIE413
2026-05-06 11:47:44,812 [INFO] ApiDbMcu:532 - Load IP Config File for FATFS
2026-05-06 11:47:44,820 [INFO] ApiDbMcu:532 - Load IP Config File for FREERTOS
2026-05-06 11:47:44,822 [INFO] ApiDbMcu:532 - Load IP Config File for LIBJPEG
2026-05-06 11:47:44,828 [INFO] ApiDbMcu:532 - Load IP Config File for LWIP
2026-05-06 11:47:44,836 [INFO] ApiDbMcu:532 - Load IP Config File for MBEDTLS
2026-05-06 11:47:44,871 [INFO] ApiDbMcu:532 - Load IP Config File for USB_DEVICE
2026-05-06 11:47:44,877 [INFO] ApiDbMcu:532 - Load IP Config File for USB_HOST
2026-05-06 11:47:48,840 [INFO] ProjectBuilder:5496 - Time for Generating toolchain IDE Files: 4122mS.
2026-05-06 11:47:48,841 [INFO] ProjectBuilder:3463 - Time for Copy CMSIS : 1mS.
2026-05-06 11:47:48,842 [INFO] ProjectBuilder:3463 - Time for Copy CMSIS : 0mS.
2026-05-06 11:47:50,990 [INFO] McuFinderGlobals:76 - Set McuFinderConnectedMode to true
2026-05-06 11:47:50,995 [INFO] ApiDb:448 - Save user favorites file C:\Users\jahna/.stm32cubeide/favorites.mcus.txt: 0 item(s)
2026-05-06 11:47:50,995 [INFO] ApiDb:452 - User favorites MCUs=[]
2026-05-06 11:47:50,997 [INFO] ApiDb:448 - Save user favorites file C:\Users\jahna/.stm32cubeide/favorites.boards.txt: 0 item(s)
2026-05-06 11:47:50,997 [INFO] ApiDb:452 - User favorites Boards=[]
2026-05-06 11:48:42,291 [INFO] RtosManager:1018 - Current active RTOS is FREERTOS [Cortex-M4NS]
2026-05-06 11:48:42,844 [ERROR] RtosPanel:558 - Can not restore the selected Tab for FREERTOS(A reason can be that the tab is no more available.)
2026-05-06 11:48:43,050 [ERROR] RtosPanel:558 - Can not restore the selected Tab for FREERTOS(A reason can be that the tab is no more available.)
2026-05-06 11:48:47,974 [INFO] UtilMem:75 - End SaveConfig() Used Memory: 891574824 Bytes (1073741824)
2026-05-06 11:48:50,814 [INFO] UtilMem:75 - End SaveConfig() Used Memory: 709961616 Bytes (1073741824)
2026-05-06 11:48:53,781 [INFO] UtilMem:75 - End SaveConfig() Used Memory: 840511376 Bytes (1073741824)
2026-05-06 11:48:55,081 [INFO] BlockDiagram:2775 - set Specific Code input for plugin: FREERTOS
2026-05-06 11:48:55,081 [INFO] BlockDiagram:2775 - set Specific Code input for plugin: SYS
2026-05-06 11:48:55,081 [INFO] BlockDiagram:2775 - set Specific Code input for plugin: RCC
2026-05-06 11:48:55,081 [INFO] BlockDiagram:2775 - set Specific Code input for plugin: NVIC
2026-05-06 11:48:55,081 [INFO] BlockDiagram:2775 - set Specific Code input for plugin: USART
2026-05-06 11:48:55,082 [INFO] BlockDiagram:2775 - set Specific Code input for plugin: GPIO
2026-05-06 11:48:55,083 [INFO] CodeGenerator:892 - code generatio: config db path: C:\ST\STM32CubeIDE_1.19.0\STM32CubeIDE\plugins\com.st.stm32cube.common.mx_6.15.0.202507011659\\db\
2026-05-06 11:48:55,213 [INFO] CodeEngine:265 - oldGeneratedFile, D:\RTOS_stm32\queue_processing\MXTmpFiles\license.tmp_save
2026-05-06 11:48:55,459 [INFO] CodeEngine:289 - Generated code: D:\RTOS_stm32\queue_processing\MXTmpFiles\license.tmp
2026-05-06 11:48:55,499 [INFO] CodeEngine:265 - oldGeneratedFile, D:\RTOS_stm32\queue_processing\MXTmpFiles\gpio.tmp_save
2026-05-06 11:48:55,649 [INFO] CodeEngine:289 - Generated code: D:\RTOS_stm32\queue_processing\MXTmpFiles\gpio.tmp
2026-05-06 11:48:55,822 [INFO] Middleware:1452 - No code input for Bsp Dependency
2026-05-06 11:48:55,835 [INFO] CodeEngine:265 - oldGeneratedFile, D:\RTOS_stm32\queue_processing\MXTmpFiles\rtos_inc.tmp_save
2026-05-06 11:48:55,982 [INFO] CodeEngine:289 - Generated code: D:\RTOS_stm32\queue_processing\MXTmpFiles\rtos_inc.tmp
2026-05-06 11:48:55,994 [INFO] CodeEngine:265 - oldGeneratedFile, D:\RTOS_stm32\queue_processing\MXTmpFiles\rtos_vars.tmp_save
2026-05-06 11:48:56,141 [INFO] CodeEngine:289 - Generated code: D:\RTOS_stm32\queue_processing\MXTmpFiles\rtos_vars.tmp
2026-05-06 11:48:56,150 [INFO] CodeEngine:265 - oldGeneratedFile, D:\RTOS_stm32\queue_processing\MXTmpFiles\rtos_pfp.tmp_save
2026-05-06 11:48:56,262 [INFO] CodeEngine:289 - Generated code: D:\RTOS_stm32\queue_processing\MXTmpFiles\rtos_pfp.tmp
2026-05-06 11:48:56,277 [INFO] CodeEngine:265 - oldGeneratedFile, D:\RTOS_stm32\queue_processing\MXTmpFiles\rtos_obj_creat.tmp_save
2026-05-06 11:48:56,403 [INFO] CodeEngine:289 - Generated code: D:\RTOS_stm32\queue_processing\MXTmpFiles\rtos_obj_creat.tmp
2026-05-06 11:48:56,412 [INFO] CodeEngine:265 - oldGeneratedFile, D:\RTOS_stm32\queue_processing\MXTmpFiles\rtos_kernelStart.tmp_save
2026-05-06 11:48:56,502 [INFO] CodeEngine:289 - Generated code: D:\RTOS_stm32\queue_processing\MXTmpFiles\rtos_kernelStart.tmp
2026-05-06 11:48:56,512 [INFO] CodeEngine:265 - oldGeneratedFile, D:\RTOS_stm32\queue_processing\MXTmpFiles\rtos_default_thread.tmp_save
2026-05-06 11:48:56,630 [INFO] CodeEngine:289 - Generated code: D:\RTOS_stm32\queue_processing\MXTmpFiles\rtos_default_thread.tmp
2026-05-06 11:48:56,641 [INFO] CodeEngine:265 - oldGeneratedFile, D:\RTOS_stm32\queue_processing\MXTmpFiles\rtos_threads.tmp_save
2026-05-06 11:48:56,742 [INFO] CodeEngine:289 - Generated code: D:\RTOS_stm32\queue_processing\MXTmpFiles\rtos_threads.tmp
2026-05-06 11:48:56,777 [INFO] Middleware:1452 - No code input for Bsp Dependency
2026-05-06 11:48:56,795 [INFO] CodeEngine:265 - oldGeneratedFile, D:\RTOS_stm32\queue_processing\MXTmpFiles\rtos_inc.tmp_save
2026-05-06 11:48:56,878 [INFO] CodeEngine:289 - Generated code: D:\RTOS_stm32\queue_processing\MXTmpFiles\rtos_inc.tmp
2026-05-06 11:48:56,890 [INFO] CodeEngine:265 - oldGeneratedFile, D:\RTOS_stm32\queue_processing\MXTmpFiles\rtos_vars.tmp_save
2026-05-06 11:48:56,965 [INFO] CodeEngine:289 - Generated code: D:\RTOS_stm32\queue_processing\MXTmpFiles\rtos_vars.tmp
2026-05-06 11:48:56,976 [INFO] CodeEngine:265 - oldGeneratedFile, D:\RTOS_stm32\queue_processing\MXTmpFiles\rtos_pfp.tmp_save
2026-05-06 11:48:57,049 [INFO] CodeEngine:289 - Generated code: D:\RTOS_stm32\queue_processing\MXTmpFiles\rtos_pfp.tmp
2026-05-06 11:48:57,059 [INFO] CodeEngine:265 - oldGeneratedFile, D:\RTOS_stm32\queue_processing\MXTmpFiles\rtos_obj_creat.tmp_save
2026-05-06 11:48:57,143 [INFO] CodeEngine:289 - Generated code: D:\RTOS_stm32\queue_processing\MXTmpFiles\rtos_obj_creat.tmp
2026-05-06 11:48:57,152 [INFO] CodeEngine:265 - oldGeneratedFile, D:\RTOS_stm32\queue_processing\MXTmpFiles\rtos_kernelStart.tmp_save
2026-05-06 11:48:57,238 [INFO] CodeEngine:289 - Generated code: D:\RTOS_stm32\queue_processing\MXTmpFiles\rtos_kernelStart.tmp
2026-05-06 11:48:57,244 [INFO] CodeEngine:265 - oldGeneratedFile, D:\RTOS_stm32\queue_processing\MXTmpFiles\rtos_default_thread.tmp_save
2026-05-06 11:48:57,313 [INFO] CodeEngine:289 - Generated code: D:\RTOS_stm32\queue_processing\MXTmpFiles\rtos_default_thread.tmp
2026-05-06 11:48:57,323 [INFO] CodeEngine:265 - oldGeneratedFile, D:\RTOS_stm32\queue_processing\MXTmpFiles\rtos_threads.tmp_save
2026-05-06 11:48:57,388 [INFO] CodeEngine:289 - Generated code: D:\RTOS_stm32\queue_processing\MXTmpFiles\rtos_threads.tmp
2026-05-06 11:48:57,394 [INFO] CodeEngine:265 - oldGeneratedFile, D:\RTOS_stm32\queue_processing\Core\Inc\FreeRTOSConfig.h_save
2026-05-06 11:48:57,482 [INFO] CodeEngine:289 - Generated code: D:\RTOS_stm32\queue_processing\Core\Inc\FreeRTOSConfig.h
2026-05-06 11:48:57,489 [INFO] CodeEngine:265 - oldGeneratedFile, D:\RTOS_stm32\queue_processing\Core\Src\freertos.c_save
2026-05-06 11:48:57,557 [INFO] CodeEngine:289 - Generated code: D:\RTOS_stm32\queue_processing\Core\Src\freertos.c
2026-05-06 11:48:57,584 [INFO] CodeEngine:265 - oldGeneratedFile, D:\RTOS_stm32\queue_processing\Core\Src\stm32f4xx_it.c_save
2026-05-06 11:48:57,690 [INFO] CodeEngine:289 - Generated code: D:\RTOS_stm32\queue_processing\Core\Src\stm32f4xx_it.c
2026-05-06 11:48:57,698 [INFO] CodeEngine:265 - oldGeneratedFile, D:\RTOS_stm32\queue_processing\Core\Inc\stm32f4xx_it.h_save
2026-05-06 11:48:57,780 [INFO] CodeEngine:289 - Generated code: D:\RTOS_stm32\queue_processing\Core\Inc\stm32f4xx_it.h
2026-05-06 11:48:57,796 [INFO] CodeEngine:265 - oldGeneratedFile, D:\RTOS_stm32\queue_processing\Core\Src\stm32f4xx_hal_msp.c_save
2026-05-06 11:48:57,901 [INFO] CodeEngine:289 - Generated code: D:\RTOS_stm32\queue_processing\Core\Src\stm32f4xx_hal_msp.c
2026-05-06 11:48:57,901 [INFO] CodeEngine:265 - oldGeneratedFile, D:\RTOS_stm32\queue_processing\MXTmpFiles\system.tmp_save
2026-05-06 11:48:57,990 [INFO] CodeEngine:289 - Generated code: D:\RTOS_stm32\queue_processing\MXTmpFiles\system.tmp
2026-05-06 11:48:58,007 [INFO] CodeEngine:321 - oldGeneratedFile, D:\RTOS_stm32\queue_processing\Core\Inc\stm32f4xx_hal_conf.h_save
2026-05-06 11:48:58,119 [INFO] CodeEngine:345 - Generated code: D:\RTOS_stm32\queue_processing\Core\Inc\stm32f4xx_hal_conf.h
2026-05-06 11:48:58,152 [INFO] ApiDbMcu:532 - Load IP Config File for USART2
2026-05-06 11:48:58,178 [INFO] CodeEngine:265 - oldGeneratedFile, D:\RTOS_stm32\queue_processing\Core\Inc\main.h_save
2026-05-06 11:48:58,253 [INFO] CodeEngine:289 - Generated code: D:\RTOS_stm32\queue_processing\Core\Inc\main.h
2026-05-06 11:48:58,279 [INFO] CodeEngine:265 - oldGeneratedFile, D:\RTOS_stm32\queue_processing\Core\Src\main.c_save
2026-05-06 11:48:58,410 [INFO] CodeEngine:289 - Generated code: D:\RTOS_stm32\queue_processing\Core\Src\main.c
2026-05-06 11:48:58,928 [INFO] ProjectBuilder:3606 - Time for Copy HAL[1] : 327mS.
2026-05-06 11:48:58,934 [INFO] ProjectBuilder:5216 - Project Generator version: 4.7.0-B52
2026-05-06 11:48:59,010 [INFO] ConfigFileManager:1595 - The Die is : DIE413
2026-05-06 11:49:01,215 [INFO] ProjectBuilder:5496 - Time for Generating toolchain IDE Files: 2282mS.
2026-05-06 11:49:01,216 [INFO] ProjectBuilder:3463 - Time for Copy CMSIS : 1mS.
2026-05-06 11:49:01,222 [INFO] ProjectBuilder:3463 - Time for Copy CMSIS : 0mS.
2026-05-06 12:28:09,192 [INFO] WebApp:194 - Connection lost
2026-05-06 12:28:10,891 [INFO] WebApp:191 - Connection restablished
2026-05-06 14:06:00,523 [INFO] WebApp:194 - Connection lost
2026-05-06 14:06:03,211 [INFO] WebApp:191 - Connection restablished
2026-05-06 14:29:35,036 [INFO] WebApp:194 - Connection lost
2026-05-06 14:29:36,000 [INFO] WebApp:191 - Connection restablished
2026-05-06 15:29:35,619 [INFO] WebApp:194 - Connection lost
2026-05-06 15:29:37,526 [INFO] WebApp:191 - Connection restablished
2026-05-06 15:59:57,644 [INFO] MainUpdater:2872 - connection check result : 10
2026-05-06 15:59:57,935 [INFO] McuFinderGlobals:76 - Set McuFinderConnectedMode to true
2026-05-06 15:59:57,943 [INFO] MultiScanPanel:200 - Auto-refresh data requested => check proxy status ongoing
2026-05-06 15:59:57,944 [INFO] FinderPluginLoader:96 - Searching for filters in installed packs
2026-05-06 16:00:01,428 [INFO] LoadUrlFilesThread:185 - End of LoadServerUrlFiles without Thread
2026-05-06 16:00:01,429 [INFO] DetailPanel:341 - Set advertising image to C:/Users/jahna/STM32Cube/Repository/\en.prom-stm32wba2-stm32-nucleo-board-0426.png
2026-05-06 16:00:23,990 [INFO] MultiScanPanel:200 - Auto-refresh data requested => check proxy status ongoing
2026-05-06 16:00:24,109 [INFO] LoadUrlFilesThread:185 - End of LoadServerUrlFiles without Thread
2026-05-06 16:00:24,110 [INFO] DetailPanel:341 - Set advertising image to C:/Users/jahna/STM32Cube/Repository/\en.prom-stm32wba2-stm32-nucleo-board-0426.png
2026-05-06 16:00:46,486 [INFO] MainUpdater:2872 - connection check result : 10
2026-05-06 16:00:46,486 [INFO] MainUpdater:2872 - connection check result : 10
2026-05-06 16:00:46,757 [INFO] MicroXplorer:468 - Change Database Path : 
2026-05-06 16:00:46,757 [INFO] MicroXplorer:498 - Change Database Version : DB.6.0.150
2026-05-06 16:00:46,819 [ERROR] ProjectManagerView:395 - 
java.lang.NullPointerException: Cannot invoke "javax.swing.JTextField.getText()" because the return value of "java.util.List.get(int)" is null
	at com.st.microxplorer.plugins.projectmanager.gui.ProjectChoiceTab$9.caretUpdate(ProjectChoiceTab.java:2706) ~[filemanager.jar:?]
	at javax.swing.text.JTextComponent.fireCaretUpdate(JTextComponent.java:408) ~[?:?]
	at javax.swing.text.JTextComponent$MutableCaretEvent.fire(JTextComponent.java:4484) ~[?:?]
	at javax.swing.text.JTextComponent$MutableCaretEvent.stateChanged(JTextComponent.java:4506) ~[?:?]
	at javax.swing.text.DefaultCaret.fireStateChanged(DefaultCaret.java:857) ~[?:?]
	at javax.swing.text.DefaultCaret.changeCaretPosition(DefaultCaret.java:1343) ~[?:?]
	at javax.swing.text.DefaultCaret.handleSetDot(DefaultCaret.java:1242) ~[?:?]
	at javax.swing.text.DefaultCaret.setDot(DefaultCaret.java:1223) ~[?:?]
	at javax.swing.text.DefaultCaret$Handler.insertUpdate(DefaultCaret.java:1819) ~[?:?]
	at javax.swing.text.AbstractDocument.fireInsertUpdate(AbstractDocument.java:227) ~[?:?]
	at javax.swing.text.AbstractDocument.handleInsertString(AbstractDocument.java:781) ~[?:?]
	at javax.swing.text.AbstractDocument.insertString(AbstractDocument.java:740) ~[?:?]
	at javax.swing.text.PlainDocument.insertString(PlainDocument.java:131) ~[?:?]
	at javax.swing.text.AbstractDocument.replace(AbstractDocument.java:699) ~[?:?]
	at javax.swing.text.JTextComponent.setText(JTextComponent.java:1725) ~[?:?]
	at com.st.microxplorer.plugins.projectmanager.gui.ProjectChoiceTab.createHeapStackFields(ProjectChoiceTab.java:993) ~[filemanager.jar:?]
	at com.st.microxplorer.plugins.projectmanager.gui.ProjectChoiceTab.buildLinkSettingsPanel(ProjectChoiceTab.java:3813) ~[filemanager.jar:?]
	at com.st.microxplorer.plugins.projectmanager.gui.ProjectChoiceTab.defineWindowsFields(ProjectChoiceTab.java:1987) ~[filemanager.jar:?]
	at com.st.microxplorer.plugins.projectmanager.gui.ProjectChoiceTab.updateSettings(ProjectChoiceTab.java:558) ~[filemanager.jar:?]
	at com.st.microxplorer.plugins.projectmanager.gui.ProjectSettingsPanel.UpdateDialog(ProjectSettingsPanel.java:247) ~[filemanager.jar:?]
	at com.st.microxplorer.plugins.projectmanager.ProjectManagerView.propertyChange(ProjectManagerView.java:392) ~[filemanager.jar:?]
	at java.beans.PropertyChangeSupport.fire(PropertyChangeSupport.java:343) ~[?:?]
	at java.beans.PropertyChangeSupport.firePropertyChange(PropertyChangeSupport.java:335) ~[?:?]
	at java.beans.PropertyChangeSupport.firePropertyChange(PropertyChangeSupport.java:268) ~[?:?]
	at com.st.microxplorer.util.MXPropertyChangeSupport.firePropertyChange(MXPropertyChangeSupport.java:54) ~[STM32CubeMX.jar:?]
	at com.st.microxplorer.mxsystem.MxSystem.closeConfig(MxSystem.java:899) ~[STM32CubeMX.jar:?]
	at com.st.microxplorer.maingui.MainPanel.closeConfig(MainPanel.java:792) ~[STM32CubeMX.jar:?]
	at com.st.microxplorer.plugins.filemanager.engine.OpenFileManager.loadConfigurationFile(OpenFileManager.java:288) ~[filemanager.jar:?]
	at com.st.microxplorer.plugins.filemanager.engine.MainFileManager.userLoadConfig(MainFileManager.java:364) ~[filemanager.jar:?]
	at com.st.microxplorer.plugins.filemanager.FileManagerView.getSpecificTask(FileManagerView.java:268) ~[filemanager.jar:?]
	at com.st.stm32cube.common.mx.editor.CubeMxEditor.getMxTabbedPaneInstance(CubeMxEditor.java:1191) ~[com.st.stm32cube.common.mx_6.15.0.202507011659/:?]
	at com.st.stm32cube.common.mx.editor.CubeMxEditor$12$1.createSwingComponent(CubeMxEditor.java:1068) ~[com.st.stm32cube.common.mx_6.15.0.202507011659/:?]
	at com.st.stm32cube.common.mx.oss.core.awtswtbridge.EmbeddedSwingComposite.doComponentCreation(EmbeddedSwingComposite.java:492) ~[com.st.stm32cube.common.mx.oss_6.15.0.202507011659/:?]
	at com.st.stm32cube.common.mx.oss.core.awtswtbridge.EmbeddedSwingComposite$4.run(EmbeddedSwingComposite.java:291) ~[com.st.stm32cube.common.mx.oss_6.15.0.202507011659/:?]
	at com.st.stm32cube.common.mx.oss.core.awtswtbridge.AwtEnvironment$2.run(AwtEnvironment.java:166) ~[com.st.stm32cube.common.mx.oss_6.15.0.202507011659/:?]
	at java.awt.event.InvocationEvent.dispatch(InvocationEvent.java:318) ~[?:?]
	at java.awt.EventQueue.dispatchEventImpl(EventQueue.java:773) ~[?:?]
	at java.awt.EventQueue$4.run(EventQueue.java:720) ~[?:?]
	at java.awt.EventQueue$4.run(EventQueue.java:714) ~[?:?]
	at java.security.AccessController.doPrivileged(AccessController.java:400) ~[?:?]
	at java.security.ProtectionDomain$JavaSecurityAccessImpl.doIntersectionPrivilege(ProtectionDomain.java:87) ~[?:?]
	at java.awt.EventQueue.dispatchEvent(EventQueue.java:742) ~[?:?]
	at java.awt.EventDispatchThread.pumpOneEventForFilters(EventDispatchThread.java:203) ~[?:?]
	at java.awt.EventDispatchThread.pumpEventsForFilter(EventDispatchThread.java:124) ~[?:?]
	at java.awt.EventDispatchThread.pumpEventsForHierarchy(EventDispatchThread.java:113) ~[?:?]
	at java.awt.EventDispatchThread.pumpEvents(EventDispatchThread.java:109) ~[?:?]
	at java.awt.EventDispatchThread.pumpEvents(EventDispatchThread.java:101) ~[?:?]
	at java.awt.EventDispatchThread.run(EventDispatchThread.java:90) ~[?:?]
2026-05-06 16:00:46,823 [WARN] ThirdParty:871 - waiting for thirdparty lock release [close project]
2026-05-06 16:00:46,823 [INFO] ThirdParty:873 - entering critical section [close project]
2026-05-06 16:00:46,823 [INFO] ThirdParty:883 - exiting critical section [close project]
2026-05-06 16:00:46,828 [INFO] PinOutPanel:1589 - setPackage(No Configuration,No Configuration)
2026-05-06 16:00:46,853 [WARN] IpParametersView:155 - Warning: This peripheral hasn't parameters
2026-05-06 16:00:46,868 [WARN] MainPanel:289 - <html><b><center>Warning: This peripheral has no parameters to be configured<br></b></html>
2026-05-06 16:00:46,876 [INFO] UtilMem:75 - Begin LoadConfig() Used Memory: 912445448 Bytes (1073741824)
2026-05-06 16:00:46,879 [INFO] OpenFileManager:355 - Change cursor
2026-05-06 16:00:46,919 [INFO] RulesReader:64 - Compatibility file has been processed (317 Rules)
2026-05-06 16:00:46,934 [INFO] ProjectFactory:514 - No CPN specified for board STM32F407G-DISC1 => set CPN to STM32F407VGT6
2026-05-06 16:00:46,935 [INFO] Mcu:2029 - Initializing MCU STM32F407V(E-G)Tx STM32F407VGTx STM32F407VGT6
2026-05-06 16:00:49,243 [INFO] Context:786 - Trying to add GPIOservice into a context  which must be forbidden
2026-05-06 16:00:50,133 [INFO] Rule:233 - rule 117617 - U5Cobra4M][GTZC] default value MPCBB3 and MPCBB5 - Not Secured memory - MPCBB1 is applicable
2026-05-06 16:00:50,134 [INFO] Rule:233 - rule 117617 - U5Cobra4M][GTZC] default value MPCBB3 and MPCBB5 - Not Secured memory - MPCBB1 is applicable
2026-05-06 16:00:50,134 [INFO] Rule:233 - rule 117617 - U5Cobra4M][GTZC] default value MPCBB3 and MPCBB5 - Not Secured memory - MPCBB2 is applicable
2026-05-06 16:00:50,134 [INFO] Rule:233 - rule 117617 - U5Cobra4M][GTZC] default value MPCBB3 and MPCBB5 - Not Secured memory - MPCBB2 is applicable
2026-05-06 16:00:50,134 [INFO] Rule:233 - rule 117617 - U5Cobra4M][GTZC] default value MPCBB3 and MPCBB5 - Not Secured memory - MPCBB3 is applicable
2026-05-06 16:00:50,134 [INFO] Rule:233 - rule 117617 - U5Cobra4M][GTZC] default value MPCBB3 and MPCBB5 - Not Secured memory - MPCBB3 is applicable
2026-05-06 16:00:50,135 [INFO] Rule:233 - rule 117617 - U5Cobra4M][GTZC] default value MPCBB3 and MPCBB5 - Not Secured memory - MPCBB4 is applicable
2026-05-06 16:00:50,135 [INFO] Rule:233 - rule 117617 - U5Cobra4M][GTZC] default value MPCBB3 and MPCBB5 - Not Secured memory - MPCBB4 is applicable
2026-05-06 16:00:50,135 [INFO] Rule:233 - rule 117617 - U5Cobra4M][GTZC] default value MPCBB3 and MPCBB5 - Secured memory - MPCBB1 is applicable
2026-05-06 16:00:50,135 [INFO] Rule:233 - rule 117617 - U5Cobra4M][GTZC] default value MPCBB3 and MPCBB5 - Secured memory - MPCBB2 is applicable
2026-05-06 16:00:50,135 [INFO] Rule:233 - rule 117617 - U5Cobra4M][GTZC] default value MPCBB3 and MPCBB5 - Secured memory - MPCBB3 is applicable
2026-05-06 16:00:50,135 [INFO] Rule:233 - rule 117617 - U5Cobra4M][GTZC] default value MPCBB3 and MPCBB5 - Secured memory - MPCBB4 is applicable
2026-05-06 16:00:50,135 [INFO] Rule:233 - rule 117617 - U5Cobra4M][GTZC] default value MPCBB3 and MPCBB5 - Privileged memory - MPCBB1 is applicable
2026-05-06 16:00:50,135 [INFO] Rule:233 - rule 117617 - U5Cobra4M][GTZC] default value MPCBB3 and MPCBB5 - Privileged memory - MPCBB2 is applicable
2026-05-06 16:00:50,135 [INFO] Rule:233 - rule 117617 - U5Cobra4M][GTZC] default value MPCBB3 and MPCBB5 - Privileged memory - MPCBB3 is applicable
2026-05-06 16:00:50,135 [INFO] Rule:233 - rule 117617 - U5Cobra4M][GTZC] default value MPCBB3 and MPCBB5 - Privileged memory - MPCBB4 is applicable
2026-05-06 16:00:50,135 [INFO] Rule:233 - rule 117617 - U5Cobra4M][GTZC] default value MPCBB3 and MPCBB5 - Not Privileged memory - MPCBB1 is applicable
2026-05-06 16:00:50,135 [INFO] Rule:233 - rule 117617 - U5Cobra4M][GTZC] default value MPCBB3 and MPCBB5 - Not Privileged memory - MPCBB2 is applicable
2026-05-06 16:00:50,135 [INFO] Rule:233 - rule 117617 - U5Cobra4M][GTZC] default value MPCBB3 and MPCBB5 - Not Privileged memory - MPCBB3 is applicable
2026-05-06 16:00:50,135 [INFO] Rule:233 - rule 117617 - U5Cobra4M][GTZC] default value MPCBB3 and MPCBB5 - Not Privileged memory - MPCBB4 is applicable
2026-05-06 16:00:50,135 [INFO] Rule:233 - rule 117617 - U5Cobra4M][GTZC] default value MPCBB3 and MPCBB5 - Privileged memory - MPCBB1 is applicable
2026-05-06 16:00:50,135 [INFO] Rule:233 - rule 117617 - U5Cobra4M][GTZC] default value MPCBB3 and MPCBB5 - Privileged memory - MPCBB2 is applicable
2026-05-06 16:00:50,135 [INFO] Rule:233 - rule 117617 - U5Cobra4M][GTZC] default value MPCBB3 and MPCBB5 - Privileged memory - MPCBB3 is applicable
2026-05-06 16:00:50,136 [INFO] Rule:233 - rule 117617 - U5Cobra4M][GTZC] default value MPCBB3 and MPCBB5 - Privileged memory - MPCBB4 is applicable
2026-05-06 16:00:50,136 [INFO] Rule:233 - rule 117617 - U5Cobra4M][GTZC] default value MPCBB3 and MPCBB5 - Privileged memory - MPCBB1 is applicable
2026-05-06 16:00:50,136 [INFO] Rule:233 - rule 117617 - U5Cobra4M][GTZC] default value MPCBB3 and MPCBB5 - Privileged memory - MPCBB2 is applicable
2026-05-06 16:00:50,136 [INFO] Rule:233 - rule 117617 - U5Cobra4M][GTZC] default value MPCBB3 and MPCBB5 - Privileged memory - MPCBB3 is applicable
2026-05-06 16:00:50,136 [INFO] Rule:233 - rule 117617 - U5Cobra4M][GTZC] default value MPCBB3 and MPCBB5 - Privileged memory - MPCBB4 is applicable
2026-05-06 16:00:50,136 [INFO] Rule:233 - rule 117617 - U5Cobra4M][GTZC] default value MPCBB3 and MPCBB5 - Not Privileged memory - MPCBB1 is applicable
2026-05-06 16:00:50,136 [INFO] Rule:233 - rule 117617 - U5Cobra4M][GTZC] default value MPCBB3 and MPCBB5 - Not Privileged memory - MPCBB2 is applicable
2026-05-06 16:00:50,136 [INFO] Rule:233 - rule 117617 - U5Cobra4M][GTZC] default value MPCBB3 and MPCBB5 - Not Privileged memory - MPCBB3 is applicable
2026-05-06 16:00:50,136 [INFO] Rule:233 - rule 117617 - U5Cobra4M][GTZC] default value MPCBB3 and MPCBB5 - Not Privileged memory - MPCBB4 is applicable
2026-05-06 16:00:50,136 [INFO] Rule:233 - rule 117617 - U5Cobra4M][GTZC] default value MPCBB3 and MPCBB5 - Privileged memory - MPCBB1 is applicable
2026-05-06 16:00:50,136 [INFO] Rule:233 - rule 117617 - U5Cobra4M][GTZC] default value MPCBB3 and MPCBB5 - Privileged memory - MPCBB2 is applicable
2026-05-06 16:00:50,136 [INFO] Rule:233 - rule 117617 - U5Cobra4M][GTZC] default value MPCBB3 and MPCBB5 - Privileged memory - MPCBB3 is applicable
2026-05-06 16:00:50,136 [INFO] Rule:233 - rule 117617 - U5Cobra4M][GTZC] default value MPCBB3 and MPCBB5 - Privileged memory - MPCBB4 is applicable
2026-05-06 16:00:50,136 [INFO] Rule:233 - rule Rename SubGHz_Phy SUBGHZ_APPLICATION SUBGHZ_PINGPONG to SUBGHZ_ADV_APPLICATION is applicable
2026-05-06 16:00:50,136 [INFO] Rule:233 - rule Rename Enabled to IBEACON is applicable
2026-05-06 16:00:50,136 [INFO] Rule:233 - rule GTZC_S instance for project manager is applicable
2026-05-06 16:00:50,136 [INFO] Rule:233 - rule GTZC_S instance for context M33S is applicable
2026-05-06 16:00:50,136 [INFO] Rule:233 - rule GTZC_S instance value for IP GTZC is applicable
2026-05-06 16:00:50,136 [INFO] Rule:233 - rule GTZC_S instance for mcu.IP is applicable
2026-05-06 16:00:50,136 [INFO] Rule:233 - rule GTZC_S instance for VP is applicable
2026-05-06 16:00:50,136 [INFO] Rule:233 - rule GTZC_S instance for signal is applicable
2026-05-06 16:00:50,136 [INFO] Rule:233 - rule GTZC_S instance for mcu.Pin is applicable
2026-05-06 16:00:50,136 [INFO] Rule:233 - rule GTZC_S instance for VP is applicable
2026-05-06 16:00:50,136 [INFO] Rule:233 - rule GTZC_S instance for signal is applicable
2026-05-06 16:00:50,137 [INFO] Rule:233 - rule GTZC_S instance for mcu is applicable
2026-05-06 16:00:50,137 [INFO] Rule:233 - rule GTZC_S instance for mcu.Pin is applicable
2026-05-06 16:00:50,137 [INFO] Rule:233 - rule GTZC_S instance value for IP GTZC is applicable
2026-05-06 16:00:50,137 [INFO] Rule:233 - rule GTZC_S instance for project manager is applicable
2026-05-06 16:00:50,137 [INFO] Rule:233 - rule GTZC_S instance for context M33S is applicable
2026-05-06 16:00:50,137 [INFO] Rule:233 - rule GTZC_S instance for VP is applicable
2026-05-06 16:00:50,137 [INFO] Rule:233 - rule GTZC_S instance for signal is applicable
2026-05-06 16:00:50,137 [INFO] Rule:233 - rule SPDIFRX instance for mcu is applicable
2026-05-06 16:00:50,137 [INFO] Rule:233 - rule Rename Tracer Mode is applicable
2026-05-06 16:00:50,137 [INFO] Rule:233 - rule SPDIFRX instance value for IP SPDIFRX is applicable
2026-05-06 16:00:50,137 [INFO] Rule:233 - rule SPDIFRX instance for signal is applicable
2026-05-06 16:00:50,137 [INFO] Rule:233 - rule SPDIFRX instance for project manager is applicable
2026-05-06 16:00:50,137 [INFO] Rule:233 - rule SPDIFRX instance for project manager is applicable
2026-05-06 16:00:50,137 [INFO] Rule:233 - rule ADC Scan  fix with FW F7 is applicable
2026-05-06 16:00:50,137 [INFO] Rule:233 - rule ADC Scan  fix with FW F7 is applicable
2026-05-06 16:00:50,137 [INFO] Rule:233 - rule WakeUp0 Mode is applicable
2026-05-06 16:00:50,137 [INFO] Rule:233 - rule WakeUp0 SIGNAL is applicable
2026-05-06 16:00:50,137 [INFO] Rule:233 - rule WakeUp1 Mode is applicable
2026-05-06 16:00:50,137 [INFO] Rule:233 - rule WakeUp1 SIGNAL is applicable
2026-05-06 16:00:50,137 [INFO] Rule:233 - rule WakeUp2 Mode is applicable
2026-05-06 16:00:50,137 [INFO] Rule:233 - rule WakeUp2 SIGNAL is applicable
2026-05-06 16:00:50,137 [INFO] Rule:233 - rule WakeUp4 Mode is applicable
2026-05-06 16:00:50,137 [INFO] Rule:233 - rule WakeUp4 SIGNAL is applicable
2026-05-06 16:00:50,138 [INFO] Rule:233 - rule WakeUp5 Mode is applicable
2026-05-06 16:00:50,138 [INFO] Rule:233 - rule WakeUp5 SIGNAL is applicable
2026-05-06 16:00:50,138 [INFO] Rule:233 - rule UART/USART WORD LENGTH 7 is applicable
2026-05-06 16:00:50,138 [INFO] Rule:233 - rule UART/USART WORD LENGTH 8 is applicable
2026-05-06 16:00:50,138 [INFO] Rule:233 - rule UART/USART WORD LENGTH 9 is applicable
2026-05-06 16:00:50,138 [INFO] Rule:233 - rule Change Default Value for LSE Drive Capability for WB family is applicable
2026-05-06 16:00:50,138 [INFO] Rule:233 - rule Change Default Value for ADC Clock Prescaler G0 family is applicable
2026-05-06 16:00:50,138 [INFO] Rule:233 - rule ADC SamplingTime fix with FW L0  is applicable
2026-05-06 16:00:50,138 [INFO] Rule:233 - rule ADC SamplingTime fix with FW L0  is applicable
2026-05-06 16:00:50,138 [INFO] Rule:233 - rule ADC SamplingTime fix with FW L0 is applicable
2026-05-06 16:00:50,138 [INFO] Rule:233 - rule ADC SamplingTime fix with FW L0 is applicable
2026-05-06 16:00:50,138 [INFO] Rule:233 - rule ADC SamplingTime fix with FW L0  is applicable
2026-05-06 16:00:50,138 [INFO] Rule:233 - rule ADC SamplingTime fix with FW L0 is applicable
2026-05-06 16:00:50,138 [INFO] Rule:233 - rule Rename USB_OE Signal is applicable
2026-05-06 16:00:50,138 [INFO] Rule:233 - rule Rename Activate_OE Mode is applicable
2026-05-06 16:00:50,138 [INFO] Rule:233 - rule Rename DIE462/DIE415 pin PC14/OSC32_IN -> PC14-OSC32_IN (PC14) is applicable
2026-05-06 16:00:50,138 [INFO] Rule:233 - rule Rename DIE462/DIE415 pin PC15/OSC32_OUT -> PC15-OSC32_OUT (PC15) is applicable
2026-05-06 16:00:50,138 [INFO] Rule:233 - rule Rename DIE462/DIE415 pin PH0/OSC_IN -> PH0-OSC_IN (PH0) is applicable
2026-05-06 16:00:50,138 [INFO] Rule:233 - rule Rename DIE462/DIE415 pin PH1/OSC_OUT -> PH1-OSC_OUT (PH1) is applicable
2026-05-06 16:00:50,138 [INFO] Rule:233 - rule Rename DIE462 pin PA13 -> PA13 (JTMS/SWDIO) is applicable
2026-05-06 16:00:50,139 [INFO] Rule:233 - rule Rename DIE415 pin PA13 -> PA13 (JTMS/SWDIO) is applicable
2026-05-06 16:00:50,139 [INFO] Rule:233 - rule Rename DIE462 pin PA14 -> PA14 (JTCK/SWCLK) is applicable
2026-05-06 16:00:50,139 [INFO] Rule:233 - rule Rename DIE415 pin PA14 -> PA14 (JTCK/SWCLK) is applicable
2026-05-06 16:00:50,139 [INFO] Rule:233 - rule Rename DIE462/DIE415 pin PA15 -> PA15 (JTDI) is applicable
2026-05-06 16:00:50,139 [INFO] Rule:233 - rule Rename DIE462 pin PB3 -> PB3 (JTD0/TRACESWO) is applicable
2026-05-06 16:00:50,139 [INFO] Rule:233 - rule Rename DIE415 pin PB3 -> PB3 (JTD0-TRACESWO) is applicable
2026-05-06 16:00:50,139 [INFO] Rule:233 - rule Rename DIE462/DIE415 pin PB4 -> PB4 (NJTRST) is applicable
2026-05-06 16:00:50,139 [INFO] Rule:233 - rule Rename DIE462 pin PH3/BOOT0 -> PH3-BOOT0 (BOOT0) is applicable
2026-05-06 16:00:50,139 [INFO] Rule:233 - rule Rename CRYP DataEncryptionTypesList to Algorithm is applicable
2026-05-06 16:00:50,139 [INFO] Rule:233 - rule Rename AES DataEncryptionTypesList to Algorithm is applicable
2026-05-06 16:00:50,139 [INFO] Rule:233 - rule Rename TDESECB to CRYP_TDES_ECB is applicable
2026-05-06 16:00:50,139 [INFO] Rule:233 - rule Rename TDESCBC to CRYP_TDES_CBC is applicable
2026-05-06 16:00:50,139 [INFO] Rule:233 - rule Rename DESECB to CRYP_DES_ECB is applicable
2026-05-06 16:00:50,139 [INFO] Rule:233 - rule Rename DESCBC to CRYP_DES_CBC is applicable
2026-05-06 16:00:50,139 [INFO] Rule:233 - rule Rename AESECB to CRYP_AES_ECB is applicable
2026-05-06 16:00:50,139 [INFO] Rule:233 - rule Rename AESCBC to CRYP_AES_CBC is applicable
2026-05-06 16:00:50,139 [INFO] Rule:233 - rule Rename AESCTR to CRYP_AES_CTR is applicable
2026-05-06 16:00:50,139 [INFO] Rule:233 - rule Rename AESGCM to CRYP_AES_GCM is applicable
2026-05-06 16:00:50,139 [INFO] Rule:233 - rule Rename AESCCM to CRYP_AES_CCM is applicable
2026-05-06 16:00:50,139 [INFO] Rule:233 - rule Rename CAN TimeSeg1 to BS1 is applicable
2026-05-06 16:00:50,139 [INFO] Rule:233 - rule Rename CAN TimeSeg2 to BS2 is applicable
2026-05-06 16:00:50,139 [INFO] Rule:233 - rule Rename CAN SyncJumpWidth to SJW is applicable
2026-05-06 16:00:50,139 [INFO] Rule:233 - rule TimeTriggeredMode to TTCM is applicable
2026-05-06 16:00:50,139 [INFO] Rule:233 - rule Rename CAN AutoBusOff to ABOM is applicable
2026-05-06 16:00:50,139 [INFO] Rule:233 - rule Rename CAN AutoWakeUp to AWUM is applicable
2026-05-06 16:00:50,139 [INFO] Rule:233 - rule Rename CAN AutoRetransmission to NART is applicable
2026-05-06 16:00:50,139 [INFO] Rule:233 - rule Rename CAN ReceiveFifoLocked to RFLM is applicable
2026-05-06 16:00:50,139 [INFO] Rule:233 - rule Rename CAN TransmitFifoPriority to TXFP is applicable
2026-05-06 16:00:50,139 [INFO] Rule:233 - rule Rename HRTIMER HRTIM_OUTPUTFAULTLEVEL_HIGH in HRTIMER HRTIM_OUTPUTFAULTLEVEL_HIGHZ is applicable
2026-05-06 16:00:50,139 [INFO] Rule:233 - rule Rename TIMER TIM_CLEARINPUTSOURCE_OCREFCLR in  TIMER TIM_CLEARINPUTSOURCE_NONE for F7 family is applicable
2026-05-06 16:00:50,140 [INFO] Rule:233 - rule FDCAN_R1 - Rename FDCAN mode Master into Classic is applicable
2026-05-06 16:00:50,140 [INFO] Rule:233 - rule FDCAN_R2 - Rename FDCAN mode Slave into Classic is applicable
2026-05-06 16:00:50,140 [INFO] Rule:233 - rule FDCAN1_R3 - if PA10.Mode=FullDuplex, add Pin PA12 is applicable
2026-05-06 16:00:50,140 [INFO] Rule:233 - rule FDCAN1_R3 - if PA9.Mode=FullDuplex, add Pin PA11 is applicable
2026-05-06 16:00:50,140 [INFO] Rule:233 - rule FDCAN1_R3 - Alternatepin_1 - if PE1.Mode=FullDuplex, add Pin PB9 is applicable
2026-05-06 16:00:50,140 [INFO] Rule:233 - rule FDCAN1_R3 - Alternatepin_1 - if PE0.Mode=FullDuplex, add Pin PB8 is applicable
2026-05-06 16:00:50,140 [INFO] Rule:233 - rule FDCAN1_R3 - Alternatepin_2 - if PD5.Mode=FullDuplex, add Pin PD1 is applicable
2026-05-06 16:00:50,140 [INFO] Rule:233 - rule FDCAN1_R3 - Alternatepin_2 - if PD4.Mode=FullDuplex, add Pin PD0 is applicable
2026-05-06 16:00:50,140 [INFO] Rule:233 - rule FDCAN1_R4 - Rename Mode FullDuplex into Enable FDCAN_TXFD for pin PA10 is applicable
2026-05-06 16:00:50,140 [INFO] Rule:233 - rule FDCAN1_R4 - Rename Mode FullDuplex into Enable FDCAN_TXFD for pin PA9 is applicable
2026-05-06 16:00:50,140 [INFO] Rule:233 - rule FDCAN1_R4 - Alternatepin_1 - Rename Mode FullDuplex into Enable FDCAN_TXFD for pin PE1 is applicable
2026-05-06 16:00:50,140 [INFO] Rule:233 - rule FDCAN1_R4 - Alternatepin_1 - Rename Mode FullDuplex into Enable FDCAN_TXFD for pin PE0 is applicable
2026-05-06 16:00:50,140 [INFO] Rule:233 - rule FDCAN1_R4 - Alternatepin_2 - Rename Mode FullDuplex into Enable FDCAN_TXFD for pin PD5 is applicable
2026-05-06 16:00:50,140 [INFO] Rule:233 - rule FDCAN1_R4 - Alternatepin_2 - Rename Mode FullDuplex into Enable FDCAN_TXFD for pin PD4 is applicable
2026-05-06 16:00:50,140 [INFO] Rule:233 - rule FDCAN2_R3 - if PD10.Mode=FullDuplex, add Pin PB13 is applicable
2026-05-06 16:00:50,140 [INFO] Rule:233 - rule FDCAN2_R3 - if PD9.Mode=FullDuplex, add Pin PB12 is applicable
2026-05-06 16:00:50,140 [INFO] Rule:233 - rule FDCAN2_R3 - Alternatepin_1 - if PB7.Mode=FullDuplex, add Pin PB6 is applicable
2026-05-06 16:00:50,140 [INFO] Rule:233 - rule FDCAN2_R3 - Alternatepin_1 - if PD9.Mode=FullDuplex, add Pin PB12 is applicable
2026-05-06 16:00:50,140 [INFO] Rule:233 - rule FDCAN2_R4 - Rename Mode FullDuplex into Enable FDCAN_TXFD for pin PD10 is applicable
2026-05-06 16:00:50,140 [INFO] Rule:233 - rule FDCAN2_R4 - Rename Mode FullDuplex into Enable FDCAN_TXFD for pin PD9 is applicable
2026-05-06 16:00:50,140 [INFO] Rule:233 - rule FDCAN2_R4 - Alternatepin_1 - Rename Mode FullDuplex into Enable FDCAN_TXFD for pin PB7 is applicable
2026-05-06 16:00:50,140 [INFO] Rule:233 - rule FDCAN2_R4 - Alternatepin_1 - Rename Mode FullDuplex into Enable FDCAN_TXFD for pin PD6 is applicable
2026-05-06 16:00:50,140 [INFO] Rule:233 - rule USART TxPinLevelInvertParam Mode is applicable
2026-05-06 16:00:50,140 [INFO] Rule:233 - rule USART RxPinLevelInvertParam Mode is applicable
2026-05-06 16:00:50,140 [INFO] Rule:233 - rule USART DataInvertParam Mode is applicable
2026-05-06 16:00:50,140 [INFO] Rule:233 - rule USART SwapParam Mode is applicable
2026-05-06 16:00:50,141 [INFO] Rule:233 - rule USART OverrunDisableParam Mode is applicable
2026-05-06 16:00:50,141 [INFO] Rule:233 - rule USART DMADisableonRxErrorParam Mode is applicable
2026-05-06 16:00:50,141 [INFO] Rule:233 - rule USART MSBFirstParam Mode is applicable
2026-05-06 16:00:50,141 [INFO] Rule:233 - rule Update MwName for USB_DEVICE is applicable
2026-05-06 16:00:50,141 [INFO] Rule:233 - rule Change PWR_Regulator_Voltage_Scale Default Value for RCC  H7 family is applicable
2026-05-06 16:00:50,141 [INFO] Rule:233 - rule UART/USART IPParameter rename Prescaler parameter to ClockPrescaler is applicable
2026-05-06 16:00:50,141 [INFO] Rule:233 - rule UART/USART Prescaler rename Prescaler parameter to ClockPrescaler is applicable
2026-05-06 16:00:50,141 [INFO] Rule:233 - rule TIM1CLockSelection is applicable
2026-05-06 16:00:50,141 [INFO] Rule:233 - rule TIM15CLockSelection is applicable
2026-05-06 16:00:50,141 [INFO] Rule:233 - rule align RCC SDMMC3CLockSelection default value on MP1 is applicable
2026-05-06 16:00:50,141 [INFO] Rule:233 - rule align RCC SDMMC12CLockSelection default value on MP1 is applicable
2026-05-06 16:00:50,141 [INFO] Rule:233 - rule align RCC QSPICLockSelection default value on MP1 is applicable
2026-05-06 16:00:50,141 [INFO] Rule:233 - rule align RCC QSPICLockSelection default value on MP1 is applicable
2026-05-06 16:00:50,141 [INFO] Rule:233 - rule align RCC SPI6CLockSelection default value on MP1 is applicable
2026-05-06 16:00:50,141 [INFO] Rule:233 - rule align RCC LPTIM23CLockSelection default value on MP1 is applicable
2026-05-06 16:00:50,141 [INFO] Rule:233 - rule align RCC LPTIM1CLockSelection default value on MP1 is applicable
2026-05-06 16:00:50,141 [INFO] Rule:233 - rule align RCC USART1CLockSelection default value on MP1 is applicable
2026-05-06 16:00:50,141 [INFO] Rule:233 - rule align RCC USART24CLockSelection default value on MP1 is applicable
2026-05-06 16:00:50,141 [INFO] Rule:233 - rule align RCC USART6CLockSelection default value on MP1 is applicable
2026-05-06 16:00:50,141 [INFO] Rule:233 - rule align RCC UART78CLockSelection default value on MP1 is applicable
2026-05-06 16:00:50,141 [INFO] Rule:233 - rule align RCC USART35CLockSelection default value on MP1 is applicable
2026-05-06 16:00:50,141 [INFO] Rule:233 - rule align RCC SPI45CLockSelection default value on MP1 is applicable
2026-05-06 16:00:50,141 [INFO] Rule:233 - rule align RCC I2C46CLockSelection BCLK value on MP1 is applicable
2026-05-06 16:00:50,141 [INFO] Rule:233 - rule align RCC SPI45CLockSelection default value on MP1 is applicable
2026-05-06 16:00:50,141 [INFO] Rule:233 - rule align RCC I2C12CLockSelection default value on MP1 is applicable
2026-05-06 16:00:50,141 [INFO] Rule:233 - rule align RCC I2C35CLockSelection default value on MP1 is applicable
2026-05-06 16:00:50,141 [INFO] Rule:233 - rule align RCC LPTIM45CLockSelection default value on MP1 is applicable
2026-05-06 16:00:50,141 [INFO] Rule:233 - rule Rename DCMI PIXCK signal is applicable
2026-05-06 16:00:50,142 [INFO] Rule:233 - rule Change Default Value for I2C46CLockSelection MP1 family is applicable
2026-05-06 16:00:50,142 [INFO] Rule:233 - rule Change Default Value for UART for G4, G0 and WB families is applicable
2026-05-06 16:00:50,142 [INFO] Rule:233 - rule Change Default Value for USART for G4, G0 and WB families is applicable
2026-05-06 16:00:50,142 [INFO] Rule:233 - rule Change Default Value for USART for G4 family is applicable
2026-05-06 16:00:50,142 [INFO] Rule:233 - rule Change USART1CLockSelection refparam name for MP1 is applicable
2026-05-06 16:00:50,142 [INFO] Rule:233 - rule Change USART2CLockSelection refparam name for MP1 is applicable
2026-05-06 16:00:50,142 [INFO] Rule:233 - rule Change USART3CLockSelection refparam name for MP1 is applicable
2026-05-06 16:00:50,142 [INFO] Rule:233 - rule Change UART4CLockSelection refparam name for MP1 is applicable
2026-05-06 16:00:50,142 [INFO] Rule:233 - rule Change UART5CLockSelection refparam name for MP1 is applicable
2026-05-06 16:00:50,142 [INFO] Rule:233 - rule Change LPUART1CLockSelection refparam name for MP1 is applicable
2026-05-06 16:00:50,142 [INFO] Rule:233 - rule Change LPTIM1CLockSelection refparam name for MP1 is applicable
2026-05-06 16:00:50,142 [INFO] Rule:233 - rule Change LPTIM2CLockSelection refparam name for MP1 is applicable
2026-05-06 16:00:50,142 [INFO] Rule:233 - rule Change RCC_MCO1Source refparam name for MP1 is applicable
2026-05-06 16:00:50,142 [INFO] Rule:233 - rule Change LSCOSource1 refparam name for MP1 is applicable
2026-05-06 16:00:50,142 [INFO] Rule:233 - rule Change SMPSCLockSelection refparam name for MP1 is applicable
2026-05-06 16:00:50,142 [INFO] Rule:233 - rule Change LPTIM3CLockSelection refparam name for MP1 is applicable
2026-05-06 16:00:50,142 [INFO] Rule:233 - rule Change MPCBB* Default Template Mode to Parameters is applicable
2026-05-06 16:00:50,142 [INFO] Rule:233 - rule Change MPCWM* or MPCBB* Secure Mode to Parameters is applicable
2026-05-06 16:00:50,142 [INFO] Rule:233 - rule Change MPCWM* or MPCBB* No Secure Mode to Parameters is applicable
2026-05-06 16:00:50,142 [INFO] Rule:233 - rule Change TZSC IP Secure Mode to Parameters is applicable
2026-05-06 16:00:50,142 [INFO] Rule:233 - rule Change TZSC IP No Secure Mode to Parameters is applicable
2026-05-06 16:00:50,142 [INFO] Rule:233 - rule Change TZSC IP Privilege Mode to Parameters is applicable
2026-05-06 16:00:50,142 [INFO] Rule:233 - rule Change TZSC IP No Privilege Mode to Parameters is applicable
2026-05-06 16:00:50,142 [INFO] Rule:233 - rule Change TZIC IT Secure Mode to Parameters is applicable
2026-05-06 16:00:50,142 [INFO] Rule:233 - rule Change TZIC IT No Secure Mode to Parameters is applicable
2026-05-06 16:00:50,142 [INFO] Rule:233 - rule Add MPCBB1_NonSecureArea_Start_Address value with referenced to MPCBB1_NonSecureArea_Start value is applicable
2026-05-06 16:00:50,142 [INFO] Rule:233 - rule Add MPCBB2_NonSecureArea_Start_Address value with referenced to MPCBB2_NonSecureArea_Start value is applicable
2026-05-06 16:00:50,143 [INFO] Rule:233 - rule Add MPCWM1_NonSecureArea*_Start_Address value with referenced to MPCWM1_NonSecureArea*_Start value is applicable
2026-05-06 16:00:50,143 [INFO] Rule:233 - rule Add MPCWM2_NonSecureArea*_Start_Address value with referenced to MPCWM2_NonSecureArea*_Start value is applicable
2026-05-06 16:00:50,143 [INFO] Rule:233 - rule Add MPCWM3_NonSecureArea_Start_Address value with referenced to MPCWM3_NonSecureArea_Start value is applicable
2026-05-06 16:00:50,143 [INFO] Rule:233 - rule Change Default Value for PLL1UserDefinedConfig is applicable
2026-05-06 16:00:50,143 [INFO] Rule:233 - rule Change GPIO_PuPd Default Value for USART in async mode is applicable
2026-05-06 16:00:50,143 [INFO] Rule:233 - rule Change SMPSDivider Default Value is applicable
2026-05-06 16:00:50,143 [INFO] Rule:233 - rule OPAMP is applicable
2026-05-06 16:00:50,143 [INFO] Rule:233 - rule LPUART IPParameter rename Prescaler parameter to ClockPrescaler for STM32H7 is applicable
2026-05-06 16:00:50,143 [INFO] Rule:233 - rule LPUART IPParameter rename Prescaler parameter to ClockPrescaler for STM32H7 is applicable
2026-05-06 16:00:50,143 [INFO] Rule:233 - rule LPUART IPParameter rename Prescaler parameter to ClockPrescaler for STM32WB is applicable
2026-05-06 16:00:50,143 [INFO] Rule:233 - rule LPUART IPParameter rename Prescaler parameter to ClockPrescaler for STM32WB is applicable
2026-05-06 16:00:50,143 [INFO] Rule:233 - rule LPUART IPParameter rename Prescaler parameter to ClockPrescaler for STM32G4 is applicable
2026-05-06 16:00:50,143 [INFO] Rule:233 - rule LPUART IPParameter rename Prescaler parameter to ClockPrescaler for STM32G4 is applicable
2026-05-06 16:00:50,143 [INFO] Rule:233 - rule LPUART IPParameter rename Prescaler parameter to ClockPrescaler for STM32L5 is applicable
2026-05-06 16:00:50,143 [INFO] Rule:233 - rule LPUART IPParameter rename Prescaler parameter to ClockPrescaler for STM32L5 is applicable
2026-05-06 16:00:50,143 [INFO] Rule:233 - rule LPUART IPParameter rename Prescaler parameter to ClockPrescaler for STM32G4 is applicable
2026-05-06 16:00:50,143 [INFO] Rule:233 - rule LPUART IPParameter rename Prescaler parameter to ClockPrescaler for STM32G4 is applicable
2026-05-06 16:00:50,143 [INFO] Rule:233 - rule USB device lib V2.5.3 for L0 rename USBD_SUPPORT_USER_STRING parameter to USBD_SUPPORT_USER_STRING_DESC4 is applicable
2026-05-06 16:00:50,143 [INFO] Rule:233 - rule I2SCLockSelection clock entry align is applicable
2026-05-06 16:00:50,143 [INFO] Rule:233 - rule Assign TIMx context if used as SYS timebase is applicable
2026-05-06 16:00:50,143 [INFO] Rule:233 - rule Change GPIO_Pu Default Value for I2C is applicable
2026-05-06 16:00:50,143 [INFO] Rule:233 - rule Change GPIO_Pu Default Value for SMBus is applicable
2026-05-06 16:00:50,143 [INFO] Rule:233 - rule change FDCAN default value is applicable
2026-05-06 16:00:50,143 [INFO] Rule:233 - rule Change mode sai is applicable
2026-05-06 16:00:50,143 [INFO] Rule:233 - rule **Change sai mode is applicable
2026-05-06 16:00:50,143 [INFO] Rule:233 - rule Rename STM32WPAN CFG_BLE_IRK to CFG_BLE_IR is applicable
2026-05-06 16:00:50,143 [INFO] Rule:233 - rule Rename STM32WPAN CFG_BLE_ERK to CFG_BLE_ER is applicable
2026-05-06 16:00:50,143 [INFO] Rule:233 - rule Rename STM32WPAN CFG_BLE_IRK_HEX to CFG_BLE_IR_HEX is applicable
2026-05-06 16:00:50,143 [INFO] Rule:233 - rule Rename STM32WPAN CFG_BLE_ERK_HEX to CFG_BLE_ER_HEX is applicable
2026-05-06 16:00:50,143 [INFO] Rule:233 - rule Adapt Old IOC before rework replace old CORTEX_M33/CORTEX_M55 attributes by the new one. is applicable
2026-05-06 16:00:50,143 [INFO] Rule:233 - rule Rename parametre of RCC RCC_APBDBG_DIV2 to RCC_TIMPRES_DIV2 is applicable
2026-05-06 16:00:50,144 [INFO] Rule:233 - rule Rename DIE493 pin PA10 [PA12] -> PA10 is applicable
2026-05-06 16:00:50,144 [INFO] Rule:233 - rule Rename DIE493 pin PA9 [PA11] -> PA9 is applicable
2026-05-06 16:00:50,144 [INFO] Rule:233 - rule Rename DIE492 PartNumber CPN STM32WBA5MJGHx -> STM32WBA5MMGHx is applicable
2026-05-06 16:00:50,144 [INFO] Rule:233 - rule Rename DIE492 PartNumber  Name STM32WBA5MJGHx -> STM32WBA5MMGHx is applicable
2026-05-06 16:00:50,144 [INFO] Rule:233 - rule Rename DIE492 PartNumber UserName STM32WBA5MJGHx -> STM32WBA5MMGHx is applicable
2026-05-06 16:00:50,144 [INFO] Rule:233 - rule Rename DIE492 PartNumber DeviceId STM32WBA5MJGHx -> STM32WBA5MMGHx is applicable
2026-05-06 16:00:50,144 [INFO] Rule:233 - rule Adapt Old IOC CSI. is applicable
2026-05-06 16:00:50,144 [INFO] Rule:233 - rule Adapt Old IOC DCMIPP. is applicable
2026-05-06 16:00:50,144 [INFO] Rule:233 - rule Adapt Old IOC DCMIPP Mode Parallel. is applicable
2026-05-06 16:00:50,144 [INFO] Rule:233 - rule Adapt Old IOC LTDC. is applicable
2026-05-06 16:00:50,144 [INFO] Rule:233 - rule Rename STM32MP2 RIF Peripheral LTDC RIF.RISUP.LTDC_L0L1.Privilege -> RIF.RISUP.LTDC_L1L2.Privilege is applicable
2026-05-06 16:00:50,144 [INFO] Rule:233 - rule Rename STM32MP2 RIF Peripheral LTDC RIF.RISUP.LTDC_L0L1.Privilege -> RIF.RISUP.LTDC_L1L2.Privilege is applicable
2026-05-06 16:00:50,144 [INFO] Rule:233 - rule Rename STM32MP2 RIF Peripheral LTDC RIF.RISUP.LTDC_L0L1.Lock -> RIF.RISUP.LTDC_L1L2.Lock is applicable
2026-05-06 16:00:50,144 [INFO] Rule:233 - rule Rename STM32MP2 RIF Peripheral LTDC RIF.RISUP.LTDC_L2.Lock -> RIF.RISUP.LTDC_L3.Lock is applicable
2026-05-06 16:00:50,144 [INFO] Rule:233 - rule Adapt the old IOC example for updating the SYS when it is misconfigured. is applicable
2026-05-06 16:00:50,144 [INFO] Rule:233 - rule Rename STM32C09 Mcu.Package LQFP64 -> LQFP48 is applicable
2026-05-06 16:00:50,144 [INFO] Rule:233 - rule Adapt the old IOC example for updating the SYS when it is misconfigured. is applicable
2026-05-06 16:00:50,144 [INFO] Rule:233 - rule Adapt the old IOC example for updating the SYS when it is misconfigured. is applicable
2026-05-06 16:00:50,170 [INFO] DbConfProperties:307 - Apply Compatibility (38/250 Rules)
2026-05-06 16:00:50,190 [INFO] ImportTextPane:234 - (OptionalMessage_ERROR) Unable to find key (Mcu.ThirdPartyNb) in loaded IOC file
2026-05-06 16:00:50,192 [INFO] ImportTextPane:234 - (OptionalMessage_ERROR) Pin34 (VP_RIF_VS_RIF1) cannot be retrieved for this MCU
2026-05-06 16:00:50,378 [INFO] RtosManager:558 - Registered RTOS mode: class=CMSIS, group=RTOS, mode=CMSIS_V1, owner=FREERTOS
2026-05-06 16:00:50,379 [INFO] RtosManager:558 - Registered RTOS mode: class=CMSIS, group=RTOS2, mode=CMSIS_V2, owner=FREERTOS
2026-05-06 16:00:50,379 [INFO] RtosManager:558 - Registered RTOS mode: class=RTOS, group=Core, mode=CMSIS_V1, owner=FREERTOS
2026-05-06 16:00:50,379 [INFO] RtosManager:558 - Registered RTOS mode: class=RTOS, group=Core, mode=CMSIS_V2, owner=FREERTOS
2026-05-06 16:00:50,379 [WARN] ModelIntegratedComponent:184 - Missing modes for component STMicroelectronics:FreeRTOS:0.0.1:STMicroelectronics:RTOS:FreeRTOS:Core:::10.2.0:
2026-05-06 16:00:50,390 [WARN] ModelIntegratedComponent:63 - No mode defined for component null
2026-05-06 16:00:50,390 [WARN] ModelIntegratedComponent:63 - No mode defined for component null
2026-05-06 16:00:50,390 [WARN] ModelIntegratedComponent:63 - No mode defined for component null
2026-05-06 16:00:50,390 [WARN] ModelIntegratedComponent:63 - No mode defined for component null
2026-05-06 16:00:50,390 [WARN] ModelIntegratedComponent:63 - No mode defined for component null
2026-05-06 16:00:50,390 [WARN] ModelIntegratedComponent:63 - No mode defined for component null
2026-05-06 16:00:50,390 [WARN] ModelIntegratedComponent:63 - No mode defined for component null
2026-05-06 16:00:50,390 [WARN] ModelIntegratedComponent:63 - No mode defined for component null
2026-05-06 16:00:50,391 [WARN] ModelIntegratedComponent:63 - No mode defined for component null
2026-05-06 16:00:50,391 [WARN] ModelIntegratedComponent:63 - No mode defined for component null
2026-05-06 16:00:50,391 [WARN] ModelIntegratedComponent:63 - No mode defined for component null
2026-05-06 16:00:50,391 [WARN] ModelIntegratedComponent:63 - No mode defined for component null
2026-05-06 16:00:50,391 [WARN] ModelIntegratedComponent:63 - No mode defined for component null
2026-05-06 16:00:50,391 [WARN] ModelIntegratedComponent:63 - No mode defined for component null
2026-05-06 16:00:50,391 [WARN] ModelIntegratedComponent:63 - No mode defined for component null
2026-05-06 16:00:50,391 [WARN] ModelIntegratedComponent:63 - No mode defined for component null
2026-05-06 16:00:50,391 [WARN] ModelIntegratedComponent:63 - No mode defined for component null
2026-05-06 16:00:50,391 [WARN] ModelIntegratedComponent:63 - No mode defined for component null
2026-05-06 16:00:50,391 [WARN] ModelIntegratedComponent:63 - No mode defined for component null
2026-05-06 16:00:50,391 [WARN] ModelIntegratedComponent:63 - No mode defined for component null
2026-05-06 16:00:50,391 [WARN] ModelIntegratedComponent:63 - No mode defined for component null
2026-05-06 16:00:50,391 [WARN] ModelIntegratedComponent:63 - No mode defined for component null
2026-05-06 16:00:50,391 [WARN] ModelIntegratedComponent:63 - No mode defined for component null
2026-05-06 16:00:50,391 [WARN] ModelIntegratedComponent:63 - No mode defined for component null
2026-05-06 16:00:50,391 [WARN] ModelIntegratedComponent:63 - No mode defined for component null
2026-05-06 16:00:50,391 [WARN] ModelIntegratedComponent:63 - No mode defined for component null
2026-05-06 16:00:50,391 [WARN] ModelIntegratedComponent:63 - No mode defined for component null
2026-05-06 16:00:50,392 [WARN] ModelIntegratedComponent:63 - No mode defined for component null
2026-05-06 16:00:50,392 [WARN] ModelIntegratedComponent:63 - No mode defined for component null
2026-05-06 16:00:50,392 [WARN] ModelIntegratedComponent:63 - No mode defined for component null
2026-05-06 16:00:50,392 [WARN] ModelIntegratedComponent:63 - No mode defined for component null
2026-05-06 16:00:50,392 [WARN] ModelIntegratedComponent:63 - No mode defined for component null
2026-05-06 16:00:50,392 [WARN] ModelIntegratedComponent:63 - No mode defined for component null
2026-05-06 16:00:50,392 [WARN] ModelIntegratedComponent:63 - No mode defined for component null
2026-05-06 16:00:50,392 [WARN] ModelIntegratedComponent:63 - No mode defined for component null
2026-05-06 16:00:50,392 [WARN] ModelPack:524 - Component already loaded: STMicroelectronics:HAL Drivers:0.0.0:STMicroelectronics:Device:STMicro_Driver:XSPI:HAL::0.0.1:HAL_XSPI
2026-05-06 16:00:50,477 [INFO] ThirdPartyModel:298 - Start build external matchings
2026-05-06 16:00:51,311 [INFO] ThirdPartyModel:316 - End build external matchings
2026-05-06 16:00:51,928 [INFO] UtilMem:75 - End LoadConfig() Used Memory: 845310856 Bytes (1073741824)
2026-05-06 16:00:51,977 [WARN] ThirdParty:833 - waiting for thirdparty lock release [change project]
2026-05-06 16:00:51,977 [INFO] ThirdParty:835 - entering critical section [change project]
2026-05-06 16:00:51,977 [INFO] ThirdParty:1030 - CMSIS Pack Vendor :STMicroelectronics X-CUBE-AZRTOS-H7 3.5.0
2026-05-06 16:00:51,977 [INFO] ThirdParty:1030 - CMSIS Pack Vendor :STMicroelectronics X-CUBE-PM33A1 1.0.0
2026-05-06 16:00:51,977 [INFO] ThirdParty:1030 - CMSIS Pack Vendor :STMicroelectronics USBPD 4.1
2026-05-06 16:00:51,977 [INFO] ThirdParty:1030 - CMSIS Pack Vendor :STMicroelectronics X-CUBE-NFC9 1.0.0
2026-05-06 16:00:51,977 [INFO] ThirdParty:1030 - CMSIS Pack Vendor :STMicroelectronics USB_HOST 2.0.0
2026-05-06 16:00:51,977 [INFO] ThirdParty:1030 - CMSIS Pack Vendor :STMicroelectronics X-CUBE-AZRTOS-F4 1.1.0
2026-05-06 16:00:51,977 [INFO] ThirdParty:1030 - CMSIS Pack Vendor :STMicroelectronics LIBJPEG 8.0.0
2026-05-06 16:00:51,977 [INFO] ThirdParty:1030 - CMSIS Pack Vendor :STMicroelectronics FP-ATR-ASTRA1 2.0.2
2026-05-06 16:00:51,977 [INFO] ThirdParty:1030 - CMSIS Pack Vendor :STMicroelectronics X-CUBE-BLE1 7.1.0
2026-05-06 16:00:51,977 [INFO] ThirdParty:1030 - CMSIS Pack Vendor :STMicroelectronics X-CUBE-SMBUS 2.1.0
2026-05-06 16:00:51,977 [INFO] ThirdParty:1030 - CMSIS Pack Vendor :wolfSSL I-CUBE-wolfMQTT 1.19.2
2026-05-06 16:00:51,978 [INFO] ThirdParty:1030 - CMSIS Pack Vendor :STMicroelectronics USB_DEVICE 3.0.0
2026-05-06 16:00:51,978 [INFO] ThirdParty:1030 - CMSIS Pack Vendor :STMicroelectronics X-CUBE-ISPU 2.1.0
2026-05-06 16:00:51,978 [INFO] ThirdParty:1030 - CMSIS Pack Vendor :STMicroelectronics X-CUBE-EEPRMA1 5.2.0
2026-05-06 16:00:51,978 [INFO] ThirdParty:1030 - CMSIS Pack Vendor :STMicroelectronics X-CUBE-IPS 3.2.0
2026-05-06 16:00:51,978 [INFO] ThirdParty:1030 - CMSIS Pack Vendor :STMicroelectronics X-CUBE-BLEMGR 4.1.0
2026-05-06 16:00:51,978 [INFO] ThirdParty:1030 - CMSIS Pack Vendor :STMicroelectronics eDS-WB_DPC_TT-BIDIR 2.1.1
2026-05-06 16:00:51,978 [INFO] ThirdParty:1030 - CMSIS Pack Vendor :STMicroelectronics X-CUBE-AZRTOS-WB 2.0.0
2026-05-06 16:00:51,978 [INFO] ThirdParty:1030 - CMSIS Pack Vendor :wolfSSL I-CUBE-wolfSSL 5.8.4
2026-05-06 16:00:51,978 [INFO] ThirdParty:1030 - CMSIS Pack Vendor :Cesanta I-CUBE-Mongoose 7.20.0
2026-05-06 16:00:51,978 [INFO] ThirdParty:1030 - CMSIS Pack Vendor :STMicroelectronics X-CUBE-NFC12 1.0.0
2026-05-06 16:00:51,978 [INFO] ThirdParty:1030 - CMSIS Pack Vendor :STMicroelectronics X-CUBE-AZRTOS-F7 1.1.0
2026-05-06 16:00:51,978 [INFO] ThirdParty:1030 - CMSIS Pack Vendor :STMicroelectronics X-CUBE-AZRTOS-L5 2.0.0
2026-05-06 16:00:51,978 [INFO] ThirdParty:1030 - CMSIS Pack Vendor :STMicroelectronics USB_DEVICE 2.0.0
2026-05-06 16:00:51,978 [INFO] ThirdParty:1030 - CMSIS Pack Vendor :STMicroelectronics FP-SNS-STAIOTCFT 1.1.0
2026-05-06 16:00:51,978 [INFO] ThirdParty:1030 - CMSIS Pack Vendor :quantropi X-CUBE-qispace-sdk-base 2.1.0
2026-05-06 16:00:51,978 [INFO] ThirdParty:1030 - CMSIS Pack Vendor :STMicroelectronics X-CUBE-MEMS1 12.0.0
2026-05-06 16:00:51,978 [INFO] ThirdParty:1030 - CMSIS Pack Vendor :STMicroelectronics X-CUBE-STSE01 2.0.0
2026-05-06 16:00:51,978 [INFO] ThirdParty:1030 - CMSIS Pack Vendor :STMicroelectronics FP-SNS-MOTENV1 5.1.0
2026-05-06 16:00:51,978 [INFO] ThirdParty:1030 - CMSIS Pack Vendor :STMicroelectronics FreeRTOS 0.0.1
2026-05-06 16:00:51,978 [INFO] ThirdParty:1030 - CMSIS Pack Vendor :STMicroelectronics X-CUBE-AZRTOS-G0 1.1.0
2026-05-06 16:00:51,978 [INFO] ThirdParty:1030 - CMSIS Pack Vendor :STMicroelectronics X-CUBE-NFC4 3.0.0
2026-05-06 16:00:51,978 [INFO] ThirdParty:1030 - CMSIS Pack Vendor :STMicroelectronics X-CUBE-SUBG2 5.0.0
2026-05-06 16:00:51,978 [INFO] ThirdParty:1030 - CMSIS Pack Vendor :STMicroelectronics STM32_WPAN 1.0.0
2026-05-06 16:00:51,978 [INFO] ThirdParty:1030 - CMSIS Pack Vendor :STMicroelectronics eDS-WB_DPC_VIENNA 1.2.0
2026-05-06 16:00:51,978 [INFO] ThirdParty:1030 - CMSIS Pack Vendor :EmbeddedOffice I-CUBE-FS-RTOS 1.0.1
2026-05-06 16:00:51,978 [INFO] ThirdParty:1030 - CMSIS Pack Vendor :STMicroelectronics lwIP 2.0.3
2026-05-06 16:00:51,978 [INFO] ThirdParty:1030 - CMSIS Pack Vendor :WES I-CUBE-Cesium 1.4.0
2026-05-06 16:00:51,978 [INFO] ThirdParty:1030 - CMSIS Pack Vendor :STMicroelectronics eDS-WB_DPC_3PH2L-BIDIR 1.1.1
2026-05-06 16:00:51,978 [INFO] ThirdParty:1030 - CMSIS Pack Vendor :STMicroelectronics USB_HOST 1.0.0
2026-05-06 16:00:51,979 [INFO] ThirdParty:1030 - CMSIS Pack Vendor :STMicroelectronics X-CUBE-AZRTOS-G4 2.0.0
2026-05-06 16:00:51,979 [INFO] ThirdParty:1030 - CMSIS Pack Vendor :STMicroelectronics X-CUBE-WB05N 2.0.0
2026-05-06 16:00:51,979 [INFO] ThirdParty:1030 - CMSIS Pack Vendor :STMicroelectronics PDM2PCM 3.1.0
2026-05-06 16:00:51,979 [INFO] ThirdParty:1030 - CMSIS Pack Vendor :STMicroelectronics PDM2PCM 3.3.0
2026-05-06 16:00:51,979 [INFO] ThirdParty:1030 - CMSIS Pack Vendor :wolfSSL I-CUBE-wolfTPM 3.8.0
2026-05-06 16:00:51,979 [INFO] ThirdParty:1030 - CMSIS Pack Vendor :STMicroelectronics X-CUBE-DISPLAY 3.0.0
2026-05-06 16:00:51,979 [INFO] ThirdParty:1030 - CMSIS Pack Vendor :wolfSSL I-CUBE-wolfSSH 1.4.20
2026-05-06 16:00:51,979 [INFO] ThirdParty:1030 - CMSIS Pack Vendor :STMicroelectronics X-CUBE-NFC7 2.0.0
2026-05-06 16:00:51,979 [INFO] ThirdParty:1030 - CMSIS Pack Vendor :STMicroelectronics X-CUBE-GNSS1 7.1.1
2026-05-06 16:00:51,979 [INFO] ThirdParty:1030 - CMSIS Pack Vendor :STMicroelectronics FP-SNS-MOTENVWB1 1.5.0
2026-05-06 16:00:51,980 [INFO] ThirdParty:1030 - CMSIS Pack Vendor :STMicroelectronics X-CUBE-TCPP 4.2.0
2026-05-06 16:00:51,980 [INFO] ThirdParty:1030 - CMSIS Pack Vendor :RealThread X-CUBE-RT-Thread_Nano 4.1.1
2026-05-06 16:00:51,981 [INFO] ThirdParty:1030 - CMSIS Pack Vendor :STMicroelectronics FP-ATR-SIGFOX1 3.2.0
2026-05-06 16:00:51,981 [INFO] ThirdParty:1030 - CMSIS Pack Vendor :STMicroelectronics X-CUBE-NFC10 1.0.0
2026-05-06 16:00:51,981 [INFO] ThirdParty:1030 - CMSIS Pack Vendor :STMicroelectronics HAL Drivers 0.0.0
2026-05-06 16:00:51,981 [INFO] ThirdParty:1030 - CMSIS Pack Vendor :STMicroelectronics X-CUBE-FREERTOS 1.5.0
2026-05-06 16:00:51,981 [INFO] ThirdParty:1030 - CMSIS Pack Vendor :STMicroelectronics MBEDTLS 2.16.2
2026-05-06 16:00:51,981 [INFO] ThirdParty:1030 - CMSIS Pack Vendor :STMicroelectronics X-CUBE-ST60 1.1.0
2026-05-06 16:00:51,981 [INFO] ThirdParty:1030 - CMSIS Pack Vendor :STMicroelectronics X-CUBE-ALS 1.0.2
2026-05-06 16:00:51,981 [INFO] ThirdParty:1030 - CMSIS Pack Vendor :emotas I-CUBE-CANOPEN 1.3.0
2026-05-06 16:00:51,981 [INFO] ThirdParty:1030 - CMSIS Pack Vendor :STMicroelectronics MBEDTLS 2.14.1
2026-05-06 16:00:51,981 [INFO] ThirdParty:1030 - CMSIS Pack Vendor :STMicroelectronics X-CUBE-GNSS1 7.1.0
2026-05-06 16:00:51,981 [INFO] ThirdParty:1030 - CMSIS Pack Vendor :ITTIA_DB I-CUBE-ITTIADB 8.9.0
2026-05-06 16:00:51,981 [INFO] ThirdParty:1030 - CMSIS Pack Vendor :STMicroelectronics X-CUBE-TOUCHGFX 4.26.1
2026-05-06 16:00:51,981 [INFO] ThirdParty:1030 - CMSIS Pack Vendor :STMicroelectronics X-CUBE-NFC6 3.2.0
2026-05-06 16:00:51,981 [INFO] ThirdParty:1030 - CMSIS Pack Vendor :STMicroelectronics FP-SNS-STBOX1 2.1.0
2026-05-06 16:00:51,981 [INFO] ThirdParty:1030 - CMSIS Pack Vendor :STMicroelectronics X-CUBE-AI 10.2.0
2026-05-06 16:00:51,981 [INFO] ThirdParty:1030 - CMSIS Pack Vendor :STMicroelectronics FP-SNS-STAIOTCFT 1.0.0
2026-05-06 16:00:51,982 [INFO] ThirdParty:1030 - CMSIS Pack Vendor :STMicroelectronics ThreadX 1.0.0
2026-05-06 16:00:51,982 [INFO] ThirdParty:1030 - CMSIS Pack Vendor :STMicroelectronics FP-SNS-SMARTAG2 1.2.0
2026-05-06 16:00:51,982 [INFO] ThirdParty:1030 - CMSIS Pack Vendor :STMicroelectronics X-CUBE-MEMS1 12.1.0
2026-05-06 16:00:51,982 [INFO] ThirdParty:1030 - CMSIS Pack Vendor :STMicroelectronics FP-SNS-FLIGHT1 5.1.0
2026-05-06 16:00:51,982 [INFO] ThirdParty:1030 - CMSIS Pack Vendor :STMicroelectronics X-CUBE-AZRTOS-WL 2.0.0
2026-05-06 16:00:51,982 [INFO] ThirdParty:1030 - CMSIS Pack Vendor :SEGGER I-CUBE-embOS 1.3.1
2026-05-06 16:00:51,982 [INFO] ThirdParty:1030 - CMSIS Pack Vendor :STMicroelectronics X-CUBE-ALGOBUILD 1.4.0
2026-05-06 16:00:51,982 [INFO] ThirdParty:1030 - CMSIS Pack Vendor :STMicroelectronics X-CUBE-DPower 1.3.0
2026-05-06 16:00:51,983 [INFO] ThirdParty:1030 - CMSIS Pack Vendor :STMicroelectronics USB_DEVICE 1.0.0
2026-05-06 16:00:51,983 [INFO] ThirdParty:1030 - CMSIS Pack Vendor :STMicroelectronics X-CUBE-AZRTOS-H7RS 1.2.0
2026-05-06 16:00:51,983 [INFO] ThirdParty:1030 - CMSIS Pack Vendor :STMicroelectronics X-CUBE-AZRTOS-L4 2.0.0
2026-05-06 16:00:51,983 [INFO] ThirdParty:1030 - CMSIS Pack Vendor :STMicroelectronics ThreadX 0.0.2
2026-05-06 16:00:51,983 [INFO] ThirdParty:1030 - CMSIS Pack Vendor :STMicroelectronics lwIP 2.1.2
2026-05-06 16:00:51,983 [INFO] ThirdParty:1030 - CMSIS Pack Vendor :STMicroelectronics X-CUBE-SFXS2LP1 4.0.0
2026-05-06 16:00:51,983 [INFO] ThirdParty:1030 - CMSIS Pack Vendor :STMicroelectronics X-CUBE-BLE2 3.3.0
2026-05-06 16:00:51,984 [INFO] ThirdParty:1030 - CMSIS Pack Vendor :Avnet-IOTCONNECT X-CUBE-iotc-st67-sdk 1.0.0
2026-05-06 16:00:51,984 [INFO] ThirdParty:1030 - CMSIS Pack Vendor :STMicroelectronics X-CUBE-TOF1 3.4.3
2026-05-06 16:00:51,984 [INFO] ThirdParty:1030 - CMSIS Pack Vendor :Infineon AIROC-Wi-Fi-Bluetooth-STM32 1.8.0
2026-05-06 16:00:51,984 [INFO] ThirdParty:1030 - CMSIS Pack Vendor :STMicroelectronics PDM2PCM 3.2.0
2026-05-06 16:00:51,984 [INFO] ThirdParty:1030 - CMSIS Pack Vendor :STMicroelectronics X-CUBE-WB05N 2.1.0
2026-05-06 16:00:51,984 [INFO] ThirdParty:1030 - CMSIS Pack Vendor :STMicroelectronics X-CUBE-ST67W61 1.2.0
2026-05-06 16:00:51,984 [INFO] ThirdParty:841 - exiting critical section [change project]
2026-05-06 16:00:52,253 [INFO] PinOutPanel:1589 - setPackage(No Configuration,No Configuration)
2026-05-06 16:00:52,255 [INFO] PinOutPanel:1589 - setPackage(STM32F407VGTx,LQFP100)
2026-05-06 16:00:52,607 [INFO] UtilMem:75 - Before build in PCC Used Memory: 1006371480 Bytes (1073741824)
2026-05-06 16:00:52,958 [INFO] UtilMem:75 - After build in PCC Used Memory: 861185416 Bytes (1073741824)
2026-05-06 16:00:52,989 [INFO] IPUIPlugin:80 - create IPUIPlugin
2026-05-06 16:00:52,989 [INFO] IPUIPlugin:80 - create IPUIPlugin
2026-05-06 16:00:52,990 [INFO] IPUIPlugin:80 - create IPUIPlugin
2026-05-06 16:00:52,990 [INFO] IPUIPlugin:80 - create IPUIPlugin
2026-05-06 16:00:52,990 [INFO] IPUIPlugin:80 - create IPUIPlugin
2026-05-06 16:00:52,990 [INFO] IPUIPlugin:80 - create IPUIPlugin
2026-05-06 16:00:52,990 [INFO] IPUIPlugin:80 - create IPUIPlugin
2026-05-06 16:00:52,990 [INFO] IPUIPlugin:80 - create IPUIPlugin
2026-05-06 16:00:52,991 [INFO] IPUIPlugin:80 - create IPUIPlugin
2026-05-06 16:00:52,991 [INFO] IPUIPlugin:80 - create IPUIPlugin
2026-05-06 16:00:52,991 [INFO] IPUIPlugin:80 - create IPUIPlugin
2026-05-06 16:00:52,991 [INFO] IPUIPlugin:80 - create IPUIPlugin
2026-05-06 16:00:52,992 [INFO] IPUIPlugin:80 - create IPUIPlugin
2026-05-06 16:00:52,992 [INFO] IPUIPlugin:80 - create IPUIPlugin
2026-05-06 16:00:52,992 [INFO] IPUIPlugin:80 - create IPUIPlugin
2026-05-06 16:00:52,992 [INFO] IPUIPlugin:80 - create IPUIPlugin
2026-05-06 16:00:52,992 [INFO] IPUIPlugin:80 - create IPUIPlugin
2026-05-06 16:00:52,992 [INFO] IPUIPlugin:80 - create IPUIPlugin
2026-05-06 16:00:52,992 [INFO] IPUIPlugin:80 - create IPUIPlugin
2026-05-06 16:00:52,992 [INFO] IPUIPlugin:80 - create IPUIPlugin
2026-05-06 16:00:52,993 [INFO] IPUIPlugin:80 - create IPUIPlugin
2026-05-06 16:00:52,993 [INFO] IPUIPlugin:80 - create IPUIPlugin
2026-05-06 16:00:52,993 [INFO] IPUIPlugin:80 - create IPUIPlugin
2026-05-06 16:00:52,993 [INFO] IPUIPlugin:80 - create IPUIPlugin
2026-05-06 16:00:52,993 [INFO] IPUIPlugin:80 - create IPUIPlugin
2026-05-06 16:00:52,993 [INFO] IPUIPlugin:80 - create IPUIPlugin
2026-05-06 16:00:52,993 [INFO] IPUIPlugin:80 - create IPUIPlugin
2026-05-06 16:00:52,994 [INFO] IPUIPlugin:80 - create IPUIPlugin
2026-05-06 16:00:52,994 [INFO] IPUIPlugin:80 - create IPUIPlugin
2026-05-06 16:00:52,994 [INFO] IPUIPlugin:80 - create IPUIPlugin
2026-05-06 16:00:52,994 [INFO] IPUIPlugin:80 - create IPUIPlugin
2026-05-06 16:00:52,994 [INFO] IPUIPlugin:80 - create IPUIPlugin
2026-05-06 16:00:52,995 [INFO] IPUIPlugin:80 - create IPUIPlugin
2026-05-06 16:00:52,995 [INFO] IPUIPlugin:80 - create IPUIPlugin
2026-05-06 16:00:52,995 [INFO] IPUIPlugin:80 - create IPUIPlugin
2026-05-06 16:00:52,995 [INFO] IPUIPlugin:80 - create IPUIPlugin
2026-05-06 16:00:52,995 [INFO] IPUIPlugin:80 - create IPUIPlugin
2026-05-06 16:00:52,996 [INFO] IPUIPlugin:80 - create IPUIPlugin
2026-05-06 16:00:52,996 [INFO] IPUIPlugin:80 - create IPUIPlugin
2026-05-06 16:00:52,996 [INFO] IPUIPlugin:80 - create IPUIPlugin
2026-05-06 16:00:52,996 [INFO] IPUIPlugin:80 - create IPUIPlugin
2026-05-06 16:00:52,996 [INFO] IPUIPlugin:80 - create IPUIPlugin
2026-05-06 16:00:52,997 [INFO] IPUIPlugin:80 - create IPUIPlugin
2026-05-06 16:00:52,997 [INFO] IPUIPlugin:80 - create IPUIPlugin
2026-05-06 16:00:52,998 [INFO] IPUIPlugin:80 - create IPUIPlugin
2026-05-06 16:00:52,998 [INFO] IPUIPlugin:80 - create IPUIPlugin
2026-05-06 16:00:52,999 [INFO] IPUIPlugin:80 - create IPUIPlugin
2026-05-06 16:00:52,999 [INFO] IPUIPlugin:80 - create IPUIPlugin
2026-05-06 16:00:52,999 [INFO] IPUIPlugin:80 - create IPUIPlugin
2026-05-06 16:00:52,999 [INFO] IPUIPlugin:80 - create IPUIPlugin
2026-05-06 16:00:53,000 [INFO] IPUIPlugin:80 - create IPUIPlugin
2026-05-06 16:00:53,000 [INFO] IPUIPlugin:80 - create IPUIPlugin
2026-05-06 16:00:53,000 [INFO] IPUIPlugin:80 - create IPUIPlugin
2026-05-06 16:00:53,000 [INFO] IPUIPlugin:80 - create IPUIPlugin
2026-05-06 16:00:53,000 [INFO] IPUIPlugin:80 - create IPUIPlugin
2026-05-06 16:00:53,001 [INFO] IPUIPlugin:80 - create IPUIPlugin
2026-05-06 16:00:53,001 [INFO] IPUIPlugin:80 - create IPUIPlugin
2026-05-06 16:00:53,001 [INFO] IPUIPlugin:80 - create IPUIPlugin
2026-05-06 16:00:53,011 [INFO] ApiDbMcu:532 - Load IP Config File for PDM2PCM
2026-05-06 16:00:53,059 [INFO] CADModel:165 - CPN selected for project levelSTM32F407VGT6
2026-05-06 16:00:53,059 [INFO] CADModel:114 - Register for checkConnection events
2026-05-06 16:00:53,115 [INFO] OpenFileManager:386 - Restore cursor
2026-05-06 16:00:53,532 [INFO] UtilMem:75 - End SaveConfig() Used Memory: 954630592 Bytes (1073741824)
2026-05-06 16:00:53,670 [INFO] UtilMem:75 - End SaveConfig() Used Memory: 975514808 Bytes (1073741824)
2026-05-06 16:00:54,177 [INFO] BlockDiagram:2775 - set Specific Code input for plugin: SYS
2026-05-06 16:00:54,177 [INFO] BlockDiagram:2775 - set Specific Code input for plugin: RCC
2026-05-06 16:00:54,178 [INFO] BlockDiagram:2775 - set Specific Code input for plugin: NVIC
2026-05-06 16:00:54,178 [INFO] BlockDiagram:2775 - set Specific Code input for plugin: GPIO
2026-05-06 16:00:54,181 [INFO] CodeGenerator:892 - code generatio: config db path: C:\ST\STM32CubeIDE_1.19.0\STM32CubeIDE\plugins\com.st.stm32cube.common.mx_6.15.0.202507011659\\db\
2026-05-06 16:00:54,334 [INFO] CodeEngine:265 - oldGeneratedFile, D:\RTOS_stm32\binary_semaphores\MXTmpFiles\license.tmp_save
2026-05-06 16:00:54,794 [INFO] CodeEngine:289 - Generated code: D:\RTOS_stm32\binary_semaphores\MXTmpFiles\license.tmp
2026-05-06 16:00:54,901 [INFO] CodeEngine:265 - oldGeneratedFile, D:\RTOS_stm32\binary_semaphores\MXTmpFiles\gpio.tmp_save
2026-05-06 16:00:55,114 [INFO] CodeEngine:289 - Generated code: D:\RTOS_stm32\binary_semaphores\MXTmpFiles\gpio.tmp
2026-05-06 16:00:55,179 [INFO] CodeEngine:265 - oldGeneratedFile, D:\RTOS_stm32\binary_semaphores\Core\Src\stm32f4xx_it.c_save
2026-05-06 16:00:55,525 [INFO] CodeEngine:289 - Generated code: D:\RTOS_stm32\binary_semaphores\Core\Src\stm32f4xx_it.c
2026-05-06 16:00:55,537 [INFO] CodeEngine:265 - oldGeneratedFile, D:\RTOS_stm32\binary_semaphores\Core\Inc\stm32f4xx_it.h_save
2026-05-06 16:00:55,644 [INFO] CodeEngine:289 - Generated code: D:\RTOS_stm32\binary_semaphores\Core\Inc\stm32f4xx_it.h
2026-05-06 16:00:55,664 [INFO] CodeEngine:265 - oldGeneratedFile, D:\RTOS_stm32\binary_semaphores\Core\Src\stm32f4xx_hal_msp.c_save
2026-05-06 16:00:55,833 [INFO] CodeEngine:289 - Generated code: D:\RTOS_stm32\binary_semaphores\Core\Src\stm32f4xx_hal_msp.c
2026-05-06 16:00:55,840 [INFO] CodeEngine:265 - oldGeneratedFile, D:\RTOS_stm32\binary_semaphores\MXTmpFiles\system.tmp_save
2026-05-06 16:00:55,919 [INFO] CodeEngine:289 - Generated code: D:\RTOS_stm32\binary_semaphores\MXTmpFiles\system.tmp
2026-05-06 16:00:55,934 [INFO] CodeEngine:321 - oldGeneratedFile, D:\RTOS_stm32\binary_semaphores\Core\Inc\stm32f4xx_hal_conf.h_save
2026-05-06 16:00:56,017 [INFO] CodeEngine:345 - Generated code: D:\RTOS_stm32\binary_semaphores\Core\Inc\stm32f4xx_hal_conf.h
2026-05-06 16:00:56,046 [INFO] ApiDbMcu:532 - Load IP Config File for RCC
2026-05-06 16:00:56,059 [INFO] CodeEngine:265 - oldGeneratedFile, D:\RTOS_stm32\binary_semaphores\Core\Inc\main.h_save
2026-05-06 16:00:56,199 [INFO] CodeEngine:289 - Generated code: D:\RTOS_stm32\binary_semaphores\Core\Inc\main.h
2026-05-06 16:00:56,206 [INFO] CodeEngine:265 - oldGeneratedFile, D:\RTOS_stm32\binary_semaphores\Core\Src\main.c_save
2026-05-06 16:00:56,320 [INFO] CodeEngine:289 - Generated code: D:\RTOS_stm32\binary_semaphores\Core\Src\main.c
2026-05-06 16:00:57,033 [INFO] ProjectBuilder:3606 - Time for Copy HAL[1] : 347mS.
2026-05-06 16:00:57,039 [INFO] ProjectBuilder:5216 - Project Generator version: 4.7.0-B52
2026-05-06 16:00:57,230 [INFO] ConfigFileManager:1595 - The Die is : DIE413
2026-05-06 16:00:57,236 [INFO] ApiDbMcu:532 - Load IP Config File for FATFS
2026-05-06 16:00:57,243 [INFO] ApiDbMcu:532 - Load IP Config File for FREERTOS
2026-05-06 16:00:57,249 [INFO] ApiDbMcu:532 - Load IP Config File for LIBJPEG
2026-05-06 16:00:57,256 [INFO] ApiDbMcu:532 - Load IP Config File for LWIP
2026-05-06 16:00:57,264 [INFO] ApiDbMcu:532 - Load IP Config File for MBEDTLS
2026-05-06 16:00:57,275 [INFO] ApiDbMcu:532 - Load IP Config File for USB_DEVICE
2026-05-06 16:00:57,285 [INFO] ApiDbMcu:532 - Load IP Config File for USB_HOST
2026-05-06 16:01:01,327 [INFO] ProjectBuilder:5496 - Time for Generating toolchain IDE Files: 4287mS.
2026-05-06 16:01:01,328 [INFO] ProjectBuilder:3463 - Time for Copy CMSIS : 1mS.
2026-05-06 16:01:01,332 [INFO] ProjectBuilder:3463 - Time for Copy CMSIS : 0mS.
2026-05-06 16:01:02,615 [INFO] McuFinderGlobals:76 - Set McuFinderConnectedMode to true
2026-05-06 16:01:02,683 [INFO] ApiDb:448 - Save user favorites file C:\Users\jahna/.stm32cubeide/favorites.mcus.txt: 0 item(s)
2026-05-06 16:01:02,684 [INFO] ApiDb:452 - User favorites MCUs=[]
2026-05-06 16:01:02,698 [INFO] ApiDb:448 - Save user favorites file C:\Users\jahna/.stm32cubeide/favorites.boards.txt: 0 item(s)
2026-05-06 16:01:02,699 [INFO] ApiDb:452 - User favorites Boards=[]
2026-05-06 16:01:43,242 [INFO] RtosManager:1018 - Current active RTOS is FREERTOS [Cortex-M4NS]
2026-05-06 16:01:43,845 [ERROR] RtosPanel:558 - Can not restore the selected Tab for FREERTOS(A reason can be that the tab is no more available.)
2026-05-06 16:01:43,933 [ERROR] RtosPanel:558 - Can not restore the selected Tab for FREERTOS(A reason can be that the tab is no more available.)
2026-05-06 16:01:45,152 [INFO] UtilMem:75 - End SaveConfig() Used Memory: 847013944 Bytes (1073741824)
2026-05-06 16:01:46,395 [INFO] UtilMem:75 - End SaveConfig() Used Memory: 876374072 Bytes (1073741824)
2026-05-06 16:01:49,475 [INFO] UtilMem:75 - End SaveConfig() Used Memory: 1002729528 Bytes (1073741824)
2026-05-06 16:01:51,503 [INFO] BlockDiagram:2775 - set Specific Code input for plugin: FREERTOS
2026-05-06 16:01:51,503 [INFO] BlockDiagram:2775 - set Specific Code input for plugin: SYS
2026-05-06 16:01:51,503 [INFO] BlockDiagram:2775 - set Specific Code input for plugin: RCC
2026-05-06 16:01:51,503 [INFO] BlockDiagram:2775 - set Specific Code input for plugin: NVIC
2026-05-06 16:01:51,503 [INFO] BlockDiagram:2775 - set Specific Code input for plugin: USART
2026-05-06 16:01:51,504 [INFO] BlockDiagram:2775 - set Specific Code input for plugin: GPIO
2026-05-06 16:01:51,508 [INFO] CodeGenerator:892 - code generatio: config db path: C:\ST\STM32CubeIDE_1.19.0\STM32CubeIDE\plugins\com.st.stm32cube.common.mx_6.15.0.202507011659\\db\
2026-05-06 16:01:51,672 [INFO] CodeEngine:265 - oldGeneratedFile, D:\RTOS_stm32\binary_semaphores\MXTmpFiles\license.tmp_save
2026-05-06 16:01:51,950 [INFO] CodeEngine:289 - Generated code: D:\RTOS_stm32\binary_semaphores\MXTmpFiles\license.tmp
2026-05-06 16:01:51,995 [INFO] CodeEngine:265 - oldGeneratedFile, D:\RTOS_stm32\binary_semaphores\MXTmpFiles\gpio.tmp_save
2026-05-06 16:01:52,158 [INFO] CodeEngine:289 - Generated code: D:\RTOS_stm32\binary_semaphores\MXTmpFiles\gpio.tmp
2026-05-06 16:01:52,328 [INFO] Middleware:1452 - No code input for Bsp Dependency
2026-05-06 16:01:52,344 [INFO] CodeEngine:265 - oldGeneratedFile, D:\RTOS_stm32\binary_semaphores\MXTmpFiles\rtos_inc.tmp_save
2026-05-06 16:01:52,493 [INFO] CodeEngine:289 - Generated code: D:\RTOS_stm32\binary_semaphores\MXTmpFiles\rtos_inc.tmp
2026-05-06 16:01:52,514 [INFO] CodeEngine:265 - oldGeneratedFile, D:\RTOS_stm32\binary_semaphores\MXTmpFiles\rtos_vars.tmp_save
2026-05-06 16:01:52,689 [INFO] CodeEngine:289 - Generated code: D:\RTOS_stm32\binary_semaphores\MXTmpFiles\rtos_vars.tmp
2026-05-06 16:01:52,708 [INFO] CodeEngine:265 - oldGeneratedFile, D:\RTOS_stm32\binary_semaphores\MXTmpFiles\rtos_pfp.tmp_save
2026-05-06 16:01:52,866 [INFO] CodeEngine:289 - Generated code: D:\RTOS_stm32\binary_semaphores\MXTmpFiles\rtos_pfp.tmp
2026-05-06 16:01:52,877 [INFO] CodeEngine:265 - oldGeneratedFile, D:\RTOS_stm32\binary_semaphores\MXTmpFiles\rtos_obj_creat.tmp_save
2026-05-06 16:01:53,029 [INFO] CodeEngine:289 - Generated code: D:\RTOS_stm32\binary_semaphores\MXTmpFiles\rtos_obj_creat.tmp
2026-05-06 16:01:53,050 [INFO] CodeEngine:265 - oldGeneratedFile, D:\RTOS_stm32\binary_semaphores\MXTmpFiles\rtos_kernelStart.tmp_save
2026-05-06 16:01:53,194 [INFO] CodeEngine:289 - Generated code: D:\RTOS_stm32\binary_semaphores\MXTmpFiles\rtos_kernelStart.tmp
2026-05-06 16:01:53,204 [INFO] CodeEngine:265 - oldGeneratedFile, D:\RTOS_stm32\binary_semaphores\MXTmpFiles\rtos_default_thread.tmp_save
2026-05-06 16:01:53,335 [INFO] CodeEngine:289 - Generated code: D:\RTOS_stm32\binary_semaphores\MXTmpFiles\rtos_default_thread.tmp
2026-05-06 16:01:53,344 [INFO] CodeEngine:265 - oldGeneratedFile, D:\RTOS_stm32\binary_semaphores\MXTmpFiles\rtos_threads.tmp_save
2026-05-06 16:01:53,440 [INFO] CodeEngine:289 - Generated code: D:\RTOS_stm32\binary_semaphores\MXTmpFiles\rtos_threads.tmp
2026-05-06 16:01:53,469 [INFO] Middleware:1452 - No code input for Bsp Dependency
2026-05-06 16:01:53,485 [INFO] CodeEngine:265 - oldGeneratedFile, D:\RTOS_stm32\binary_semaphores\MXTmpFiles\rtos_inc.tmp_save
2026-05-06 16:01:53,576 [INFO] CodeEngine:289 - Generated code: D:\RTOS_stm32\binary_semaphores\MXTmpFiles\rtos_inc.tmp
2026-05-06 16:01:53,598 [INFO] CodeEngine:265 - oldGeneratedFile, D:\RTOS_stm32\binary_semaphores\MXTmpFiles\rtos_vars.tmp_save
2026-05-06 16:01:53,689 [INFO] CodeEngine:289 - Generated code: D:\RTOS_stm32\binary_semaphores\MXTmpFiles\rtos_vars.tmp
2026-05-06 16:01:53,700 [INFO] CodeEngine:265 - oldGeneratedFile, D:\RTOS_stm32\binary_semaphores\MXTmpFiles\rtos_pfp.tmp_save
2026-05-06 16:01:53,789 [INFO] CodeEngine:289 - Generated code: D:\RTOS_stm32\binary_semaphores\MXTmpFiles\rtos_pfp.tmp
2026-05-06 16:01:53,799 [INFO] CodeEngine:265 - oldGeneratedFile, D:\RTOS_stm32\binary_semaphores\MXTmpFiles\rtos_obj_creat.tmp_save
2026-05-06 16:01:53,900 [INFO] CodeEngine:289 - Generated code: D:\RTOS_stm32\binary_semaphores\MXTmpFiles\rtos_obj_creat.tmp
2026-05-06 16:01:53,909 [INFO] CodeEngine:265 - oldGeneratedFile, D:\RTOS_stm32\binary_semaphores\MXTmpFiles\rtos_kernelStart.tmp_save
2026-05-06 16:01:53,990 [INFO] CodeEngine:289 - Generated code: D:\RTOS_stm32\binary_semaphores\MXTmpFiles\rtos_kernelStart.tmp
2026-05-06 16:01:54,015 [INFO] CodeEngine:265 - oldGeneratedFile, D:\RTOS_stm32\binary_semaphores\MXTmpFiles\rtos_default_thread.tmp_save
2026-05-06 16:01:54,106 [INFO] CodeEngine:289 - Generated code: D:\RTOS_stm32\binary_semaphores\MXTmpFiles\rtos_default_thread.tmp
2026-05-06 16:01:54,118 [INFO] CodeEngine:265 - oldGeneratedFile, D:\RTOS_stm32\binary_semaphores\MXTmpFiles\rtos_threads.tmp_save
2026-05-06 16:01:54,216 [INFO] CodeEngine:289 - Generated code: D:\RTOS_stm32\binary_semaphores\MXTmpFiles\rtos_threads.tmp
2026-05-06 16:01:54,234 [INFO] CodeEngine:265 - oldGeneratedFile, D:\RTOS_stm32\binary_semaphores\Core\Inc\FreeRTOSConfig.h_save
2026-05-06 16:01:54,390 [INFO] CodeEngine:289 - Generated code: D:\RTOS_stm32\binary_semaphores\Core\Inc\FreeRTOSConfig.h
2026-05-06 16:01:54,399 [INFO] CodeEngine:265 - oldGeneratedFile, D:\RTOS_stm32\binary_semaphores\Core\Src\freertos.c_save
2026-05-06 16:01:54,499 [INFO] CodeEngine:289 - Generated code: D:\RTOS_stm32\binary_semaphores\Core\Src\freertos.c
2026-05-06 16:01:54,524 [INFO] CodeEngine:265 - oldGeneratedFile, D:\RTOS_stm32\binary_semaphores\Core\Src\stm32f4xx_it.c_save
2026-05-06 16:01:54,682 [INFO] CodeEngine:289 - Generated code: D:\RTOS_stm32\binary_semaphores\Core\Src\stm32f4xx_it.c
2026-05-06 16:01:54,693 [INFO] CodeEngine:265 - oldGeneratedFile, D:\RTOS_stm32\binary_semaphores\Core\Inc\stm32f4xx_it.h_save
2026-05-06 16:01:54,799 [INFO] CodeEngine:289 - Generated code: D:\RTOS_stm32\binary_semaphores\Core\Inc\stm32f4xx_it.h
2026-05-06 16:01:54,820 [INFO] CodeEngine:265 - oldGeneratedFile, D:\RTOS_stm32\binary_semaphores\Core\Src\stm32f4xx_hal_msp.c_save
2026-05-06 16:01:54,971 [INFO] CodeEngine:289 - Generated code: D:\RTOS_stm32\binary_semaphores\Core\Src\stm32f4xx_hal_msp.c
2026-05-06 16:01:54,979 [INFO] CodeEngine:265 - oldGeneratedFile, D:\RTOS_stm32\binary_semaphores\MXTmpFiles\system.tmp_save
2026-05-06 16:01:55,059 [INFO] CodeEngine:289 - Generated code: D:\RTOS_stm32\binary_semaphores\MXTmpFiles\system.tmp
2026-05-06 16:01:55,077 [INFO] CodeEngine:321 - oldGeneratedFile, D:\RTOS_stm32\binary_semaphores\Core\Inc\stm32f4xx_hal_conf.h_save
2026-05-06 16:01:55,183 [INFO] CodeEngine:345 - Generated code: D:\RTOS_stm32\binary_semaphores\Core\Inc\stm32f4xx_hal_conf.h
2026-05-06 16:01:55,241 [INFO] ApiDbMcu:532 - Load IP Config File for USART2
2026-05-06 16:01:55,257 [INFO] CodeEngine:265 - oldGeneratedFile, D:\RTOS_stm32\binary_semaphores\Core\Inc\main.h_save
2026-05-06 16:01:55,354 [INFO] CodeEngine:289 - Generated code: D:\RTOS_stm32\binary_semaphores\Core\Inc\main.h
2026-05-06 16:01:55,364 [INFO] CodeEngine:265 - oldGeneratedFile, D:\RTOS_stm32\binary_semaphores\Core\Src\main.c_save
2026-05-06 16:01:55,537 [INFO] CodeEngine:289 - Generated code: D:\RTOS_stm32\binary_semaphores\Core\Src\main.c
2026-05-06 16:01:56,256 [INFO] ProjectBuilder:3606 - Time for Copy HAL[1] : 464mS.
2026-05-06 16:01:56,261 [INFO] ProjectBuilder:5216 - Project Generator version: 4.7.0-B52
2026-05-06 16:01:56,393 [INFO] ConfigFileManager:1595 - The Die is : DIE413
2026-05-06 16:01:58,874 [INFO] ProjectBuilder:5496 - Time for Generating toolchain IDE Files: 2613mS.
2026-05-06 16:01:58,877 [INFO] ProjectBuilder:3463 - Time for Copy CMSIS : 2mS.
2026-05-06 16:01:58,885 [INFO] ProjectBuilder:3463 - Time for Copy CMSIS : 0mS.
2026-05-06 16:29:36,766 [INFO] WebApp:194 - Connection lost
2026-05-06 16:29:37,253 [INFO] WebApp:191 - Connection restablished
2026-05-06 17:18:37,236 [INFO] MainUpdater:2872 - connection check result : 10
2026-05-06 17:18:37,705 [INFO] McuFinderGlobals:76 - Set McuFinderConnectedMode to true
2026-05-06 17:18:37,713 [INFO] MultiScanPanel:200 - Auto-refresh data requested => check proxy status ongoing
2026-05-06 17:18:37,718 [INFO] FinderPluginLoader:96 - Searching for filters in installed packs
2026-05-06 17:18:40,930 [INFO] LoadUrlFilesThread:185 - End of LoadServerUrlFiles without Thread
2026-05-06 17:18:40,932 [INFO] DetailPanel:341 - Set advertising image to C:/Users/jahna/STM32Cube/Repository/\en.prom-stm32wba2-stm32-nucleo-board-0426.png
2026-05-06 17:18:45,983 [INFO] MultiScanPanel:200 - Auto-refresh data requested => check proxy status ongoing
2026-05-06 17:18:46,254 [INFO] LoadUrlFilesThread:185 - End of LoadServerUrlFiles without Thread
2026-05-06 17:18:46,255 [INFO] DetailPanel:341 - Set advertising image to C:/Users/jahna/STM32Cube/Repository/\en.prom-stm32wba2-stm32-nucleo-board-0426.png
2026-05-06 17:19:05,009 [INFO] MainUpdater:2872 - connection check result : 10
2026-05-06 17:19:05,010 [INFO] MainUpdater:2872 - connection check result : 10
2026-05-06 17:19:05,238 [INFO] MicroXplorer:468 - Change Database Path : 
2026-05-06 17:19:05,238 [INFO] MicroXplorer:498 - Change Database Version : DB.6.0.150
2026-05-06 17:19:05,295 [ERROR] ProjectManagerView:395 - 
java.lang.NullPointerException: Cannot invoke "javax.swing.JTextField.getText()" because the return value of "java.util.List.get(int)" is null
	at com.st.microxplorer.plugins.projectmanager.gui.ProjectChoiceTab$9.caretUpdate(ProjectChoiceTab.java:2706) ~[filemanager.jar:?]
	at javax.swing.text.JTextComponent.fireCaretUpdate(JTextComponent.java:408) ~[?:?]
	at javax.swing.text.JTextComponent$MutableCaretEvent.fire(JTextComponent.java:4484) ~[?:?]
	at javax.swing.text.JTextComponent$MutableCaretEvent.stateChanged(JTextComponent.java:4506) ~[?:?]
	at javax.swing.text.DefaultCaret.fireStateChanged(DefaultCaret.java:857) ~[?:?]
	at javax.swing.text.DefaultCaret.changeCaretPosition(DefaultCaret.java:1343) ~[?:?]
	at javax.swing.text.DefaultCaret.handleSetDot(DefaultCaret.java:1242) ~[?:?]
	at javax.swing.text.DefaultCaret.setDot(DefaultCaret.java:1223) ~[?:?]
	at javax.swing.text.DefaultCaret$Handler.insertUpdate(DefaultCaret.java:1819) ~[?:?]
	at javax.swing.text.AbstractDocument.fireInsertUpdate(AbstractDocument.java:227) ~[?:?]
	at javax.swing.text.AbstractDocument.handleInsertString(AbstractDocument.java:781) ~[?:?]
	at javax.swing.text.AbstractDocument.insertString(AbstractDocument.java:740) ~[?:?]
	at javax.swing.text.PlainDocument.insertString(PlainDocument.java:131) ~[?:?]
	at javax.swing.text.AbstractDocument.replace(AbstractDocument.java:699) ~[?:?]
	at javax.swing.text.JTextComponent.setText(JTextComponent.java:1725) ~[?:?]
	at com.st.microxplorer.plugins.projectmanager.gui.ProjectChoiceTab.createHeapStackFields(ProjectChoiceTab.java:993) ~[filemanager.jar:?]
	at com.st.microxplorer.plugins.projectmanager.gui.ProjectChoiceTab.buildLinkSettingsPanel(ProjectChoiceTab.java:3813) ~[filemanager.jar:?]
	at com.st.microxplorer.plugins.projectmanager.gui.ProjectChoiceTab.defineWindowsFields(ProjectChoiceTab.java:1987) ~[filemanager.jar:?]
	at com.st.microxplorer.plugins.projectmanager.gui.ProjectChoiceTab.updateSettings(ProjectChoiceTab.java:558) ~[filemanager.jar:?]
	at com.st.microxplorer.plugins.projectmanager.gui.ProjectSettingsPanel.UpdateDialog(ProjectSettingsPanel.java:247) ~[filemanager.jar:?]
	at com.st.microxplorer.plugins.projectmanager.ProjectManagerView.propertyChange(ProjectManagerView.java:392) ~[filemanager.jar:?]
	at java.beans.PropertyChangeSupport.fire(PropertyChangeSupport.java:343) ~[?:?]
	at java.beans.PropertyChangeSupport.firePropertyChange(PropertyChangeSupport.java:335) ~[?:?]
	at java.beans.PropertyChangeSupport.firePropertyChange(PropertyChangeSupport.java:268) ~[?:?]
	at com.st.microxplorer.util.MXPropertyChangeSupport.firePropertyChange(MXPropertyChangeSupport.java:54) ~[STM32CubeMX.jar:?]
	at com.st.microxplorer.mxsystem.MxSystem.closeConfig(MxSystem.java:899) ~[STM32CubeMX.jar:?]
	at com.st.microxplorer.maingui.MainPanel.closeConfig(MainPanel.java:792) ~[STM32CubeMX.jar:?]
	at com.st.microxplorer.plugins.filemanager.engine.OpenFileManager.loadConfigurationFile(OpenFileManager.java:288) ~[filemanager.jar:?]
	at com.st.microxplorer.plugins.filemanager.engine.MainFileManager.userLoadConfig(MainFileManager.java:364) ~[filemanager.jar:?]
	at com.st.microxplorer.plugins.filemanager.FileManagerView.getSpecificTask(FileManagerView.java:268) ~[filemanager.jar:?]
	at com.st.stm32cube.common.mx.editor.CubeMxEditor.getMxTabbedPaneInstance(CubeMxEditor.java:1191) ~[com.st.stm32cube.common.mx_6.15.0.202507011659/:?]
	at com.st.stm32cube.common.mx.editor.CubeMxEditor$12$1.createSwingComponent(CubeMxEditor.java:1068) ~[com.st.stm32cube.common.mx_6.15.0.202507011659/:?]
	at com.st.stm32cube.common.mx.oss.core.awtswtbridge.EmbeddedSwingComposite.doComponentCreation(EmbeddedSwingComposite.java:492) ~[com.st.stm32cube.common.mx.oss_6.15.0.202507011659/:?]
	at com.st.stm32cube.common.mx.oss.core.awtswtbridge.EmbeddedSwingComposite$4.run(EmbeddedSwingComposite.java:291) ~[com.st.stm32cube.common.mx.oss_6.15.0.202507011659/:?]
	at com.st.stm32cube.common.mx.oss.core.awtswtbridge.AwtEnvironment$2.run(AwtEnvironment.java:166) ~[com.st.stm32cube.common.mx.oss_6.15.0.202507011659/:?]
	at java.awt.event.InvocationEvent.dispatch(InvocationEvent.java:318) ~[?:?]
	at java.awt.EventQueue.dispatchEventImpl(EventQueue.java:773) ~[?:?]
	at java.awt.EventQueue$4.run(EventQueue.java:720) ~[?:?]
	at java.awt.EventQueue$4.run(EventQueue.java:714) ~[?:?]
	at java.security.AccessController.doPrivileged(AccessController.java:400) ~[?:?]
	at java.security.ProtectionDomain$JavaSecurityAccessImpl.doIntersectionPrivilege(ProtectionDomain.java:87) ~[?:?]
	at java.awt.EventQueue.dispatchEvent(EventQueue.java:742) ~[?:?]
	at java.awt.EventDispatchThread.pumpOneEventForFilters(EventDispatchThread.java:203) ~[?:?]
	at java.awt.EventDispatchThread.pumpEventsForFilter(EventDispatchThread.java:124) ~[?:?]
	at java.awt.EventDispatchThread.pumpEventsForHierarchy(EventDispatchThread.java:113) ~[?:?]
	at java.awt.EventDispatchThread.pumpEvents(EventDispatchThread.java:109) ~[?:?]
	at java.awt.EventDispatchThread.pumpEvents(EventDispatchThread.java:101) ~[?:?]
	at java.awt.EventDispatchThread.run(EventDispatchThread.java:90) ~[?:?]
2026-05-06 17:19:05,300 [WARN] ThirdParty:871 - waiting for thirdparty lock release [close project]
2026-05-06 17:19:05,300 [INFO] ThirdParty:873 - entering critical section [close project]
2026-05-06 17:19:05,301 [INFO] ThirdParty:883 - exiting critical section [close project]
2026-05-06 17:19:05,306 [INFO] PinOutPanel:1589 - setPackage(No Configuration,No Configuration)
2026-05-06 17:19:05,323 [WARN] IpParametersView:155 - Warning: This peripheral hasn't parameters
2026-05-06 17:19:05,345 [WARN] MainPanel:289 - <html><b><center>Warning: This peripheral has no parameters to be configured<br></b></html>
2026-05-06 17:19:05,352 [INFO] UtilMem:75 - Begin LoadConfig() Used Memory: 951667800 Bytes (1073741824)
2026-05-06 17:19:05,354 [INFO] OpenFileManager:355 - Change cursor
2026-05-06 17:19:05,411 [INFO] RulesReader:64 - Compatibility file has been processed (317 Rules)
2026-05-06 17:19:05,425 [INFO] ProjectFactory:514 - No CPN specified for board STM32F407G-DISC1 => set CPN to STM32F407VGT6
2026-05-06 17:19:05,425 [INFO] Mcu:2029 - Initializing MCU STM32F407V(E-G)Tx STM32F407VGTx STM32F407VGT6
2026-05-06 17:19:07,543 [INFO] Context:786 - Trying to add GPIOservice into a context  which must be forbidden
2026-05-06 17:19:08,380 [INFO] Rule:233 - rule 117617 - U5Cobra4M][GTZC] default value MPCBB3 and MPCBB5 - Not Secured memory - MPCBB1 is applicable
2026-05-06 17:19:08,380 [INFO] Rule:233 - rule 117617 - U5Cobra4M][GTZC] default value MPCBB3 and MPCBB5 - Not Secured memory - MPCBB1 is applicable
2026-05-06 17:19:08,380 [INFO] Rule:233 - rule 117617 - U5Cobra4M][GTZC] default value MPCBB3 and MPCBB5 - Not Secured memory - MPCBB2 is applicable
2026-05-06 17:19:08,380 [INFO] Rule:233 - rule 117617 - U5Cobra4M][GTZC] default value MPCBB3 and MPCBB5 - Not Secured memory - MPCBB2 is applicable
2026-05-06 17:19:08,381 [INFO] Rule:233 - rule 117617 - U5Cobra4M][GTZC] default value MPCBB3 and MPCBB5 - Not Secured memory - MPCBB3 is applicable
2026-05-06 17:19:08,381 [INFO] Rule:233 - rule 117617 - U5Cobra4M][GTZC] default value MPCBB3 and MPCBB5 - Not Secured memory - MPCBB3 is applicable
2026-05-06 17:19:08,381 [INFO] Rule:233 - rule 117617 - U5Cobra4M][GTZC] default value MPCBB3 and MPCBB5 - Not Secured memory - MPCBB4 is applicable
2026-05-06 17:19:08,381 [INFO] Rule:233 - rule 117617 - U5Cobra4M][GTZC] default value MPCBB3 and MPCBB5 - Not Secured memory - MPCBB4 is applicable
2026-05-06 17:19:08,381 [INFO] Rule:233 - rule 117617 - U5Cobra4M][GTZC] default value MPCBB3 and MPCBB5 - Secured memory - MPCBB1 is applicable
2026-05-06 17:19:08,381 [INFO] Rule:233 - rule 117617 - U5Cobra4M][GTZC] default value MPCBB3 and MPCBB5 - Secured memory - MPCBB2 is applicable
2026-05-06 17:19:08,381 [INFO] Rule:233 - rule 117617 - U5Cobra4M][GTZC] default value MPCBB3 and MPCBB5 - Secured memory - MPCBB3 is applicable
2026-05-06 17:19:08,381 [INFO] Rule:233 - rule 117617 - U5Cobra4M][GTZC] default value MPCBB3 and MPCBB5 - Secured memory - MPCBB4 is applicable
2026-05-06 17:19:08,381 [INFO] Rule:233 - rule 117617 - U5Cobra4M][GTZC] default value MPCBB3 and MPCBB5 - Privileged memory - MPCBB1 is applicable
2026-05-06 17:19:08,381 [INFO] Rule:233 - rule 117617 - U5Cobra4M][GTZC] default value MPCBB3 and MPCBB5 - Privileged memory - MPCBB2 is applicable
2026-05-06 17:19:08,381 [INFO] Rule:233 - rule 117617 - U5Cobra4M][GTZC] default value MPCBB3 and MPCBB5 - Privileged memory - MPCBB3 is applicable
2026-05-06 17:19:08,381 [INFO] Rule:233 - rule 117617 - U5Cobra4M][GTZC] default value MPCBB3 and MPCBB5 - Privileged memory - MPCBB4 is applicable
2026-05-06 17:19:08,381 [INFO] Rule:233 - rule 117617 - U5Cobra4M][GTZC] default value MPCBB3 and MPCBB5 - Not Privileged memory - MPCBB1 is applicable
2026-05-06 17:19:08,381 [INFO] Rule:233 - rule 117617 - U5Cobra4M][GTZC] default value MPCBB3 and MPCBB5 - Not Privileged memory - MPCBB2 is applicable
2026-05-06 17:19:08,381 [INFO] Rule:233 - rule 117617 - U5Cobra4M][GTZC] default value MPCBB3 and MPCBB5 - Not Privileged memory - MPCBB3 is applicable
2026-05-06 17:19:08,381 [INFO] Rule:233 - rule 117617 - U5Cobra4M][GTZC] default value MPCBB3 and MPCBB5 - Not Privileged memory - MPCBB4 is applicable
2026-05-06 17:19:08,382 [INFO] Rule:233 - rule 117617 - U5Cobra4M][GTZC] default value MPCBB3 and MPCBB5 - Privileged memory - MPCBB1 is applicable
2026-05-06 17:19:08,382 [INFO] Rule:233 - rule 117617 - U5Cobra4M][GTZC] default value MPCBB3 and MPCBB5 - Privileged memory - MPCBB2 is applicable
2026-05-06 17:19:08,382 [INFO] Rule:233 - rule 117617 - U5Cobra4M][GTZC] default value MPCBB3 and MPCBB5 - Privileged memory - MPCBB3 is applicable
2026-05-06 17:19:08,382 [INFO] Rule:233 - rule 117617 - U5Cobra4M][GTZC] default value MPCBB3 and MPCBB5 - Privileged memory - MPCBB4 is applicable
2026-05-06 17:19:08,382 [INFO] Rule:233 - rule 117617 - U5Cobra4M][GTZC] default value MPCBB3 and MPCBB5 - Privileged memory - MPCBB1 is applicable
2026-05-06 17:19:08,382 [INFO] Rule:233 - rule 117617 - U5Cobra4M][GTZC] default value MPCBB3 and MPCBB5 - Privileged memory - MPCBB2 is applicable
2026-05-06 17:19:08,382 [INFO] Rule:233 - rule 117617 - U5Cobra4M][GTZC] default value MPCBB3 and MPCBB5 - Privileged memory - MPCBB3 is applicable
2026-05-06 17:19:08,382 [INFO] Rule:233 - rule 117617 - U5Cobra4M][GTZC] default value MPCBB3 and MPCBB5 - Privileged memory - MPCBB4 is applicable
2026-05-06 17:19:08,382 [INFO] Rule:233 - rule 117617 - U5Cobra4M][GTZC] default value MPCBB3 and MPCBB5 - Not Privileged memory - MPCBB1 is applicable
2026-05-06 17:19:08,382 [INFO] Rule:233 - rule 117617 - U5Cobra4M][GTZC] default value MPCBB3 and MPCBB5 - Not Privileged memory - MPCBB2 is applicable
2026-05-06 17:19:08,382 [INFO] Rule:233 - rule 117617 - U5Cobra4M][GTZC] default value MPCBB3 and MPCBB5 - Not Privileged memory - MPCBB3 is applicable
2026-05-06 17:19:08,382 [INFO] Rule:233 - rule 117617 - U5Cobra4M][GTZC] default value MPCBB3 and MPCBB5 - Not Privileged memory - MPCBB4 is applicable
2026-05-06 17:19:08,382 [INFO] Rule:233 - rule 117617 - U5Cobra4M][GTZC] default value MPCBB3 and MPCBB5 - Privileged memory - MPCBB1 is applicable
2026-05-06 17:19:08,382 [INFO] Rule:233 - rule 117617 - U5Cobra4M][GTZC] default value MPCBB3 and MPCBB5 - Privileged memory - MPCBB2 is applicable
2026-05-06 17:19:08,382 [INFO] Rule:233 - rule 117617 - U5Cobra4M][GTZC] default value MPCBB3 and MPCBB5 - Privileged memory - MPCBB3 is applicable
2026-05-06 17:19:08,382 [INFO] Rule:233 - rule 117617 - U5Cobra4M][GTZC] default value MPCBB3 and MPCBB5 - Privileged memory - MPCBB4 is applicable
2026-05-06 17:19:08,382 [INFO] Rule:233 - rule Rename SubGHz_Phy SUBGHZ_APPLICATION SUBGHZ_PINGPONG to SUBGHZ_ADV_APPLICATION is applicable
2026-05-06 17:19:08,382 [INFO] Rule:233 - rule Rename Enabled to IBEACON is applicable
2026-05-06 17:19:08,383 [INFO] Rule:233 - rule GTZC_S instance for project manager is applicable
2026-05-06 17:19:08,383 [INFO] Rule:233 - rule GTZC_S instance for context M33S is applicable
2026-05-06 17:19:08,383 [INFO] Rule:233 - rule GTZC_S instance value for IP GTZC is applicable
2026-05-06 17:19:08,383 [INFO] Rule:233 - rule GTZC_S instance for mcu.IP is applicable
2026-05-06 17:19:08,383 [INFO] Rule:233 - rule GTZC_S instance for VP is applicable
2026-05-06 17:19:08,383 [INFO] Rule:233 - rule GTZC_S instance for signal is applicable
2026-05-06 17:19:08,383 [INFO] Rule:233 - rule GTZC_S instance for mcu.Pin is applicable
2026-05-06 17:19:08,383 [INFO] Rule:233 - rule GTZC_S instance for VP is applicable
2026-05-06 17:19:08,383 [INFO] Rule:233 - rule GTZC_S instance for signal is applicable
2026-05-06 17:19:08,384 [INFO] Rule:233 - rule GTZC_S instance for mcu is applicable
2026-05-06 17:19:08,384 [INFO] Rule:233 - rule GTZC_S instance for mcu.Pin is applicable
2026-05-06 17:19:08,384 [INFO] Rule:233 - rule GTZC_S instance value for IP GTZC is applicable
2026-05-06 17:19:08,384 [INFO] Rule:233 - rule GTZC_S instance for project manager is applicable
2026-05-06 17:19:08,384 [INFO] Rule:233 - rule GTZC_S instance for context M33S is applicable
2026-05-06 17:19:08,384 [INFO] Rule:233 - rule GTZC_S instance for VP is applicable
2026-05-06 17:19:08,385 [INFO] Rule:233 - rule GTZC_S instance for signal is applicable
2026-05-06 17:19:08,385 [INFO] Rule:233 - rule SPDIFRX instance for mcu is applicable
2026-05-06 17:19:08,385 [INFO] Rule:233 - rule Rename Tracer Mode is applicable
2026-05-06 17:19:08,385 [INFO] Rule:233 - rule SPDIFRX instance value for IP SPDIFRX is applicable
2026-05-06 17:19:08,385 [INFO] Rule:233 - rule SPDIFRX instance for signal is applicable
2026-05-06 17:19:08,385 [INFO] Rule:233 - rule SPDIFRX instance for project manager is applicable
2026-05-06 17:19:08,385 [INFO] Rule:233 - rule SPDIFRX instance for project manager is applicable
2026-05-06 17:19:08,385 [INFO] Rule:233 - rule ADC Scan  fix with FW F7 is applicable
2026-05-06 17:19:08,385 [INFO] Rule:233 - rule ADC Scan  fix with FW F7 is applicable
2026-05-06 17:19:08,386 [INFO] Rule:233 - rule WakeUp0 Mode is applicable
2026-05-06 17:19:08,386 [INFO] Rule:233 - rule WakeUp0 SIGNAL is applicable
2026-05-06 17:19:08,386 [INFO] Rule:233 - rule WakeUp1 Mode is applicable
2026-05-06 17:19:08,386 [INFO] Rule:233 - rule WakeUp1 SIGNAL is applicable
2026-05-06 17:19:08,386 [INFO] Rule:233 - rule WakeUp2 Mode is applicable
2026-05-06 17:19:08,386 [INFO] Rule:233 - rule WakeUp2 SIGNAL is applicable
2026-05-06 17:19:08,386 [INFO] Rule:233 - rule WakeUp4 Mode is applicable
2026-05-06 17:19:08,386 [INFO] Rule:233 - rule WakeUp4 SIGNAL is applicable
2026-05-06 17:19:08,386 [INFO] Rule:233 - rule WakeUp5 Mode is applicable
2026-05-06 17:19:08,386 [INFO] Rule:233 - rule WakeUp5 SIGNAL is applicable
2026-05-06 17:19:08,386 [INFO] Rule:233 - rule UART/USART WORD LENGTH 7 is applicable
2026-05-06 17:19:08,387 [INFO] Rule:233 - rule UART/USART WORD LENGTH 8 is applicable
2026-05-06 17:19:08,387 [INFO] Rule:233 - rule UART/USART WORD LENGTH 9 is applicable
2026-05-06 17:19:08,387 [INFO] Rule:233 - rule Change Default Value for LSE Drive Capability for WB family is applicable
2026-05-06 17:19:08,387 [INFO] Rule:233 - rule Change Default Value for ADC Clock Prescaler G0 family is applicable
2026-05-06 17:19:08,387 [INFO] Rule:233 - rule ADC SamplingTime fix with FW L0  is applicable
2026-05-06 17:19:08,387 [INFO] Rule:233 - rule ADC SamplingTime fix with FW L0  is applicable
2026-05-06 17:19:08,387 [INFO] Rule:233 - rule ADC SamplingTime fix with FW L0 is applicable
2026-05-06 17:19:08,387 [INFO] Rule:233 - rule ADC SamplingTime fix with FW L0 is applicable
2026-05-06 17:19:08,387 [INFO] Rule:233 - rule ADC SamplingTime fix with FW L0  is applicable
2026-05-06 17:19:08,387 [INFO] Rule:233 - rule ADC SamplingTime fix with FW L0 is applicable
2026-05-06 17:19:08,387 [INFO] Rule:233 - rule Rename USB_OE Signal is applicable
2026-05-06 17:19:08,387 [INFO] Rule:233 - rule Rename Activate_OE Mode is applicable
2026-05-06 17:19:08,387 [INFO] Rule:233 - rule Rename DIE462/DIE415 pin PC14/OSC32_IN -> PC14-OSC32_IN (PC14) is applicable
2026-05-06 17:19:08,387 [INFO] Rule:233 - rule Rename DIE462/DIE415 pin PC15/OSC32_OUT -> PC15-OSC32_OUT (PC15) is applicable
2026-05-06 17:19:08,387 [INFO] Rule:233 - rule Rename DIE462/DIE415 pin PH0/OSC_IN -> PH0-OSC_IN (PH0) is applicable
2026-05-06 17:19:08,387 [INFO] Rule:233 - rule Rename DIE462/DIE415 pin PH1/OSC_OUT -> PH1-OSC_OUT (PH1) is applicable
2026-05-06 17:19:08,387 [INFO] Rule:233 - rule Rename DIE462 pin PA13 -> PA13 (JTMS/SWDIO) is applicable
2026-05-06 17:19:08,387 [INFO] Rule:233 - rule Rename DIE415 pin PA13 -> PA13 (JTMS/SWDIO) is applicable
2026-05-06 17:19:08,387 [INFO] Rule:233 - rule Rename DIE462 pin PA14 -> PA14 (JTCK/SWCLK) is applicable
2026-05-06 17:19:08,387 [INFO] Rule:233 - rule Rename DIE415 pin PA14 -> PA14 (JTCK/SWCLK) is applicable
2026-05-06 17:19:08,387 [INFO] Rule:233 - rule Rename DIE462/DIE415 pin PA15 -> PA15 (JTDI) is applicable
2026-05-06 17:19:08,387 [INFO] Rule:233 - rule Rename DIE462 pin PB3 -> PB3 (JTD0/TRACESWO) is applicable
2026-05-06 17:19:08,387 [INFO] Rule:233 - rule Rename DIE415 pin PB3 -> PB3 (JTD0-TRACESWO) is applicable
2026-05-06 17:19:08,388 [INFO] Rule:233 - rule Rename DIE462/DIE415 pin PB4 -> PB4 (NJTRST) is applicable
2026-05-06 17:19:08,388 [INFO] Rule:233 - rule Rename DIE462 pin PH3/BOOT0 -> PH3-BOOT0 (BOOT0) is applicable
2026-05-06 17:19:08,388 [INFO] Rule:233 - rule Rename CRYP DataEncryptionTypesList to Algorithm is applicable
2026-05-06 17:19:08,388 [INFO] Rule:233 - rule Rename AES DataEncryptionTypesList to Algorithm is applicable
2026-05-06 17:19:08,388 [INFO] Rule:233 - rule Rename TDESECB to CRYP_TDES_ECB is applicable
2026-05-06 17:19:08,388 [INFO] Rule:233 - rule Rename TDESCBC to CRYP_TDES_CBC is applicable
2026-05-06 17:19:08,388 [INFO] Rule:233 - rule Rename DESECB to CRYP_DES_ECB is applicable
2026-05-06 17:19:08,388 [INFO] Rule:233 - rule Rename DESCBC to CRYP_DES_CBC is applicable
2026-05-06 17:19:08,388 [INFO] Rule:233 - rule Rename AESECB to CRYP_AES_ECB is applicable
2026-05-06 17:19:08,388 [INFO] Rule:233 - rule Rename AESCBC to CRYP_AES_CBC is applicable
2026-05-06 17:19:08,388 [INFO] Rule:233 - rule Rename AESCTR to CRYP_AES_CTR is applicable
2026-05-06 17:19:08,388 [INFO] Rule:233 - rule Rename AESGCM to CRYP_AES_GCM is applicable
2026-05-06 17:19:08,388 [INFO] Rule:233 - rule Rename AESCCM to CRYP_AES_CCM is applicable
2026-05-06 17:19:08,388 [INFO] Rule:233 - rule Rename CAN TimeSeg1 to BS1 is applicable
2026-05-06 17:19:08,388 [INFO] Rule:233 - rule Rename CAN TimeSeg2 to BS2 is applicable
2026-05-06 17:19:08,388 [INFO] Rule:233 - rule Rename CAN SyncJumpWidth to SJW is applicable
2026-05-06 17:19:08,388 [INFO] Rule:233 - rule TimeTriggeredMode to TTCM is applicable
2026-05-06 17:19:08,388 [INFO] Rule:233 - rule Rename CAN AutoBusOff to ABOM is applicable
2026-05-06 17:19:08,388 [INFO] Rule:233 - rule Rename CAN AutoWakeUp to AWUM is applicable
2026-05-06 17:19:08,388 [INFO] Rule:233 - rule Rename CAN AutoRetransmission to NART is applicable
2026-05-06 17:19:08,388 [INFO] Rule:233 - rule Rename CAN ReceiveFifoLocked to RFLM is applicable
2026-05-06 17:19:08,388 [INFO] Rule:233 - rule Rename CAN TransmitFifoPriority to TXFP is applicable
2026-05-06 17:19:08,388 [INFO] Rule:233 - rule Rename HRTIMER HRTIM_OUTPUTFAULTLEVEL_HIGH in HRTIMER HRTIM_OUTPUTFAULTLEVEL_HIGHZ is applicable
2026-05-06 17:19:08,388 [INFO] Rule:233 - rule Rename TIMER TIM_CLEARINPUTSOURCE_OCREFCLR in  TIMER TIM_CLEARINPUTSOURCE_NONE for F7 family is applicable
2026-05-06 17:19:08,389 [INFO] Rule:233 - rule FDCAN_R1 - Rename FDCAN mode Master into Classic is applicable
2026-05-06 17:19:08,389 [INFO] Rule:233 - rule FDCAN_R2 - Rename FDCAN mode Slave into Classic is applicable
2026-05-06 17:19:08,389 [INFO] Rule:233 - rule FDCAN1_R3 - if PA10.Mode=FullDuplex, add Pin PA12 is applicable
2026-05-06 17:19:08,389 [INFO] Rule:233 - rule FDCAN1_R3 - if PA9.Mode=FullDuplex, add Pin PA11 is applicable
2026-05-06 17:19:08,389 [INFO] Rule:233 - rule FDCAN1_R3 - Alternatepin_1 - if PE1.Mode=FullDuplex, add Pin PB9 is applicable
2026-05-06 17:19:08,389 [INFO] Rule:233 - rule FDCAN1_R3 - Alternatepin_1 - if PE0.Mode=FullDuplex, add Pin PB8 is applicable
2026-05-06 17:19:08,389 [INFO] Rule:233 - rule FDCAN1_R3 - Alternatepin_2 - if PD5.Mode=FullDuplex, add Pin PD1 is applicable
2026-05-06 17:19:08,389 [INFO] Rule:233 - rule FDCAN1_R3 - Alternatepin_2 - if PD4.Mode=FullDuplex, add Pin PD0 is applicable
2026-05-06 17:19:08,389 [INFO] Rule:233 - rule FDCAN1_R4 - Rename Mode FullDuplex into Enable FDCAN_TXFD for pin PA10 is applicable
2026-05-06 17:19:08,389 [INFO] Rule:233 - rule FDCAN1_R4 - Rename Mode FullDuplex into Enable FDCAN_TXFD for pin PA9 is applicable
2026-05-06 17:19:08,389 [INFO] Rule:233 - rule FDCAN1_R4 - Alternatepin_1 - Rename Mode FullDuplex into Enable FDCAN_TXFD for pin PE1 is applicable
2026-05-06 17:19:08,389 [INFO] Rule:233 - rule FDCAN1_R4 - Alternatepin_1 - Rename Mode FullDuplex into Enable FDCAN_TXFD for pin PE0 is applicable
2026-05-06 17:19:08,389 [INFO] Rule:233 - rule FDCAN1_R4 - Alternatepin_2 - Rename Mode FullDuplex into Enable FDCAN_TXFD for pin PD5 is applicable
2026-05-06 17:19:08,389 [INFO] Rule:233 - rule FDCAN1_R4 - Alternatepin_2 - Rename Mode FullDuplex into Enable FDCAN_TXFD for pin PD4 is applicable
2026-05-06 17:19:08,389 [INFO] Rule:233 - rule FDCAN2_R3 - if PD10.Mode=FullDuplex, add Pin PB13 is applicable
2026-05-06 17:19:08,389 [INFO] Rule:233 - rule FDCAN2_R3 - if PD9.Mode=FullDuplex, add Pin PB12 is applicable
2026-05-06 17:19:08,389 [INFO] Rule:233 - rule FDCAN2_R3 - Alternatepin_1 - if PB7.Mode=FullDuplex, add Pin PB6 is applicable
2026-05-06 17:19:08,389 [INFO] Rule:233 - rule FDCAN2_R3 - Alternatepin_1 - if PD9.Mode=FullDuplex, add Pin PB12 is applicable
2026-05-06 17:19:08,389 [INFO] Rule:233 - rule FDCAN2_R4 - Rename Mode FullDuplex into Enable FDCAN_TXFD for pin PD10 is applicable
2026-05-06 17:19:08,389 [INFO] Rule:233 - rule FDCAN2_R4 - Rename Mode FullDuplex into Enable FDCAN_TXFD for pin PD9 is applicable
2026-05-06 17:19:08,389 [INFO] Rule:233 - rule FDCAN2_R4 - Alternatepin_1 - Rename Mode FullDuplex into Enable FDCAN_TXFD for pin PB7 is applicable
2026-05-06 17:19:08,389 [INFO] Rule:233 - rule FDCAN2_R4 - Alternatepin_1 - Rename Mode FullDuplex into Enable FDCAN_TXFD for pin PD6 is applicable
2026-05-06 17:19:08,389 [INFO] Rule:233 - rule USART TxPinLevelInvertParam Mode is applicable
2026-05-06 17:19:08,389 [INFO] Rule:233 - rule USART RxPinLevelInvertParam Mode is applicable
2026-05-06 17:19:08,389 [INFO] Rule:233 - rule USART DataInvertParam Mode is applicable
2026-05-06 17:19:08,389 [INFO] Rule:233 - rule USART SwapParam Mode is applicable
2026-05-06 17:19:08,389 [INFO] Rule:233 - rule USART OverrunDisableParam Mode is applicable
2026-05-06 17:19:08,389 [INFO] Rule:233 - rule USART DMADisableonRxErrorParam Mode is applicable
2026-05-06 17:19:08,389 [INFO] Rule:233 - rule USART MSBFirstParam Mode is applicable
2026-05-06 17:19:08,390 [INFO] Rule:233 - rule Update MwName for USB_DEVICE is applicable
2026-05-06 17:19:08,390 [INFO] Rule:233 - rule Change PWR_Regulator_Voltage_Scale Default Value for RCC  H7 family is applicable
2026-05-06 17:19:08,390 [INFO] Rule:233 - rule UART/USART IPParameter rename Prescaler parameter to ClockPrescaler is applicable
2026-05-06 17:19:08,390 [INFO] Rule:233 - rule UART/USART Prescaler rename Prescaler parameter to ClockPrescaler is applicable
2026-05-06 17:19:08,390 [INFO] Rule:233 - rule TIM1CLockSelection is applicable
2026-05-06 17:19:08,390 [INFO] Rule:233 - rule TIM15CLockSelection is applicable
2026-05-06 17:19:08,390 [INFO] Rule:233 - rule align RCC SDMMC3CLockSelection default value on MP1 is applicable
2026-05-06 17:19:08,390 [INFO] Rule:233 - rule align RCC SDMMC12CLockSelection default value on MP1 is applicable
2026-05-06 17:19:08,390 [INFO] Rule:233 - rule align RCC QSPICLockSelection default value on MP1 is applicable
2026-05-06 17:19:08,390 [INFO] Rule:233 - rule align RCC QSPICLockSelection default value on MP1 is applicable
2026-05-06 17:19:08,390 [INFO] Rule:233 - rule align RCC SPI6CLockSelection default value on MP1 is applicable
2026-05-06 17:19:08,390 [INFO] Rule:233 - rule align RCC LPTIM23CLockSelection default value on MP1 is applicable
2026-05-06 17:19:08,390 [INFO] Rule:233 - rule align RCC LPTIM1CLockSelection default value on MP1 is applicable
2026-05-06 17:19:08,390 [INFO] Rule:233 - rule align RCC USART1CLockSelection default value on MP1 is applicable
2026-05-06 17:19:08,390 [INFO] Rule:233 - rule align RCC USART24CLockSelection default value on MP1 is applicable
2026-05-06 17:19:08,390 [INFO] Rule:233 - rule align RCC USART6CLockSelection default value on MP1 is applicable
2026-05-06 17:19:08,390 [INFO] Rule:233 - rule align RCC UART78CLockSelection default value on MP1 is applicable
2026-05-06 17:19:08,390 [INFO] Rule:233 - rule align RCC USART35CLockSelection default value on MP1 is applicable
2026-05-06 17:19:08,390 [INFO] Rule:233 - rule align RCC SPI45CLockSelection default value on MP1 is applicable
2026-05-06 17:19:08,390 [INFO] Rule:233 - rule align RCC I2C46CLockSelection BCLK value on MP1 is applicable
2026-05-06 17:19:08,390 [INFO] Rule:233 - rule align RCC SPI45CLockSelection default value on MP1 is applicable
2026-05-06 17:19:08,390 [INFO] Rule:233 - rule align RCC I2C12CLockSelection default value on MP1 is applicable
2026-05-06 17:19:08,390 [INFO] Rule:233 - rule align RCC I2C35CLockSelection default value on MP1 is applicable
2026-05-06 17:19:08,390 [INFO] Rule:233 - rule align RCC LPTIM45CLockSelection default value on MP1 is applicable
2026-05-06 17:19:08,390 [INFO] Rule:233 - rule Rename DCMI PIXCK signal is applicable
2026-05-06 17:19:08,390 [INFO] Rule:233 - rule Change Default Value for I2C46CLockSelection MP1 family is applicable
2026-05-06 17:19:08,390 [INFO] Rule:233 - rule Change Default Value for UART for G4, G0 and WB families is applicable
2026-05-06 17:19:08,390 [INFO] Rule:233 - rule Change Default Value for USART for G4, G0 and WB families is applicable
2026-05-06 17:19:08,390 [INFO] Rule:233 - rule Change Default Value for USART for G4 family is applicable
2026-05-06 17:19:08,390 [INFO] Rule:233 - rule Change USART1CLockSelection refparam name for MP1 is applicable
2026-05-06 17:19:08,390 [INFO] Rule:233 - rule Change USART2CLockSelection refparam name for MP1 is applicable
2026-05-06 17:19:08,390 [INFO] Rule:233 - rule Change USART3CLockSelection refparam name for MP1 is applicable
2026-05-06 17:19:08,391 [INFO] Rule:233 - rule Change UART4CLockSelection refparam name for MP1 is applicable
2026-05-06 17:19:08,391 [INFO] Rule:233 - rule Change UART5CLockSelection refparam name for MP1 is applicable
2026-05-06 17:19:08,391 [INFO] Rule:233 - rule Change LPUART1CLockSelection refparam name for MP1 is applicable
2026-05-06 17:19:08,391 [INFO] Rule:233 - rule Change LPTIM1CLockSelection refparam name for MP1 is applicable
2026-05-06 17:19:08,391 [INFO] Rule:233 - rule Change LPTIM2CLockSelection refparam name for MP1 is applicable
2026-05-06 17:19:08,391 [INFO] Rule:233 - rule Change RCC_MCO1Source refparam name for MP1 is applicable
2026-05-06 17:19:08,391 [INFO] Rule:233 - rule Change LSCOSource1 refparam name for MP1 is applicable
2026-05-06 17:19:08,391 [INFO] Rule:233 - rule Change SMPSCLockSelection refparam name for MP1 is applicable
2026-05-06 17:19:08,391 [INFO] Rule:233 - rule Change LPTIM3CLockSelection refparam name for MP1 is applicable
2026-05-06 17:19:08,391 [INFO] Rule:233 - rule Change MPCBB* Default Template Mode to Parameters is applicable
2026-05-06 17:19:08,391 [INFO] Rule:233 - rule Change MPCWM* or MPCBB* Secure Mode to Parameters is applicable
2026-05-06 17:19:08,391 [INFO] Rule:233 - rule Change MPCWM* or MPCBB* No Secure Mode to Parameters is applicable
2026-05-06 17:19:08,391 [INFO] Rule:233 - rule Change TZSC IP Secure Mode to Parameters is applicable
2026-05-06 17:19:08,391 [INFO] Rule:233 - rule Change TZSC IP No Secure Mode to Parameters is applicable
2026-05-06 17:19:08,391 [INFO] Rule:233 - rule Change TZSC IP Privilege Mode to Parameters is applicable
2026-05-06 17:19:08,391 [INFO] Rule:233 - rule Change TZSC IP No Privilege Mode to Parameters is applicable
2026-05-06 17:19:08,391 [INFO] Rule:233 - rule Change TZIC IT Secure Mode to Parameters is applicable
2026-05-06 17:19:08,391 [INFO] Rule:233 - rule Change TZIC IT No Secure Mode to Parameters is applicable
2026-05-06 17:19:08,391 [INFO] Rule:233 - rule Add MPCBB1_NonSecureArea_Start_Address value with referenced to MPCBB1_NonSecureArea_Start value is applicable
2026-05-06 17:19:08,391 [INFO] Rule:233 - rule Add MPCBB2_NonSecureArea_Start_Address value with referenced to MPCBB2_NonSecureArea_Start value is applicable
2026-05-06 17:19:08,391 [INFO] Rule:233 - rule Add MPCWM1_NonSecureArea*_Start_Address value with referenced to MPCWM1_NonSecureArea*_Start value is applicable
2026-05-06 17:19:08,391 [INFO] Rule:233 - rule Add MPCWM2_NonSecureArea*_Start_Address value with referenced to MPCWM2_NonSecureArea*_Start value is applicable
2026-05-06 17:19:08,391 [INFO] Rule:233 - rule Add MPCWM3_NonSecureArea_Start_Address value with referenced to MPCWM3_NonSecureArea_Start value is applicable
2026-05-06 17:19:08,391 [INFO] Rule:233 - rule Change Default Value for PLL1UserDefinedConfig is applicable
2026-05-06 17:19:08,391 [INFO] Rule:233 - rule Change GPIO_PuPd Default Value for USART in async mode is applicable
2026-05-06 17:19:08,391 [INFO] Rule:233 - rule Change SMPSDivider Default Value is applicable
2026-05-06 17:19:08,391 [INFO] Rule:233 - rule OPAMP is applicable
2026-05-06 17:19:08,391 [INFO] Rule:233 - rule LPUART IPParameter rename Prescaler parameter to ClockPrescaler for STM32H7 is applicable
2026-05-06 17:19:08,391 [INFO] Rule:233 - rule LPUART IPParameter rename Prescaler parameter to ClockPrescaler for STM32H7 is applicable
2026-05-06 17:19:08,391 [INFO] Rule:233 - rule LPUART IPParameter rename Prescaler parameter to ClockPrescaler for STM32WB is applicable
2026-05-06 17:19:08,392 [INFO] Rule:233 - rule LPUART IPParameter rename Prescaler parameter to ClockPrescaler for STM32WB is applicable
2026-05-06 17:19:08,392 [INFO] Rule:233 - rule LPUART IPParameter rename Prescaler parameter to ClockPrescaler for STM32G4 is applicable
2026-05-06 17:19:08,392 [INFO] Rule:233 - rule LPUART IPParameter rename Prescaler parameter to ClockPrescaler for STM32G4 is applicable
2026-05-06 17:19:08,392 [INFO] Rule:233 - rule LPUART IPParameter rename Prescaler parameter to ClockPrescaler for STM32L5 is applicable
2026-05-06 17:19:08,392 [INFO] Rule:233 - rule LPUART IPParameter rename Prescaler parameter to ClockPrescaler for STM32L5 is applicable
2026-05-06 17:19:08,392 [INFO] Rule:233 - rule LPUART IPParameter rename Prescaler parameter to ClockPrescaler for STM32G4 is applicable
2026-05-06 17:19:08,392 [INFO] Rule:233 - rule LPUART IPParameter rename Prescaler parameter to ClockPrescaler for STM32G4 is applicable
2026-05-06 17:19:08,392 [INFO] Rule:233 - rule USB device lib V2.5.3 for L0 rename USBD_SUPPORT_USER_STRING parameter to USBD_SUPPORT_USER_STRING_DESC4 is applicable
2026-05-06 17:19:08,392 [INFO] Rule:233 - rule I2SCLockSelection clock entry align is applicable
2026-05-06 17:19:08,392 [INFO] Rule:233 - rule Assign TIMx context if used as SYS timebase is applicable
2026-05-06 17:19:08,392 [INFO] Rule:233 - rule Change GPIO_Pu Default Value for I2C is applicable
2026-05-06 17:19:08,392 [INFO] Rule:233 - rule Change GPIO_Pu Default Value for SMBus is applicable
2026-05-06 17:19:08,392 [INFO] Rule:233 - rule change FDCAN default value is applicable
2026-05-06 17:19:08,392 [INFO] Rule:233 - rule Change mode sai is applicable
2026-05-06 17:19:08,392 [INFO] Rule:233 - rule **Change sai mode is applicable
2026-05-06 17:19:08,392 [INFO] Rule:233 - rule Rename STM32WPAN CFG_BLE_IRK to CFG_BLE_IR is applicable
2026-05-06 17:19:08,392 [INFO] Rule:233 - rule Rename STM32WPAN CFG_BLE_ERK to CFG_BLE_ER is applicable
2026-05-06 17:19:08,392 [INFO] Rule:233 - rule Rename STM32WPAN CFG_BLE_IRK_HEX to CFG_BLE_IR_HEX is applicable
2026-05-06 17:19:08,392 [INFO] Rule:233 - rule Rename STM32WPAN CFG_BLE_ERK_HEX to CFG_BLE_ER_HEX is applicable
2026-05-06 17:19:08,392 [INFO] Rule:233 - rule Adapt Old IOC before rework replace old CORTEX_M33/CORTEX_M55 attributes by the new one. is applicable
2026-05-06 17:19:08,392 [INFO] Rule:233 - rule Rename parametre of RCC RCC_APBDBG_DIV2 to RCC_TIMPRES_DIV2 is applicable
2026-05-06 17:19:08,392 [INFO] Rule:233 - rule Rename DIE493 pin PA10 [PA12] -> PA10 is applicable
2026-05-06 17:19:08,392 [INFO] Rule:233 - rule Rename DIE493 pin PA9 [PA11] -> PA9 is applicable
2026-05-06 17:19:08,392 [INFO] Rule:233 - rule Rename DIE492 PartNumber CPN STM32WBA5MJGHx -> STM32WBA5MMGHx is applicable
2026-05-06 17:19:08,393 [INFO] Rule:233 - rule Rename DIE492 PartNumber  Name STM32WBA5MJGHx -> STM32WBA5MMGHx is applicable
2026-05-06 17:19:08,393 [INFO] Rule:233 - rule Rename DIE492 PartNumber UserName STM32WBA5MJGHx -> STM32WBA5MMGHx is applicable
2026-05-06 17:19:08,393 [INFO] Rule:233 - rule Rename DIE492 PartNumber DeviceId STM32WBA5MJGHx -> STM32WBA5MMGHx is applicable
2026-05-06 17:19:08,393 [INFO] Rule:233 - rule Adapt Old IOC CSI. is applicable
2026-05-06 17:19:08,393 [INFO] Rule:233 - rule Adapt Old IOC DCMIPP. is applicable
2026-05-06 17:19:08,393 [INFO] Rule:233 - rule Adapt Old IOC DCMIPP Mode Parallel. is applicable
2026-05-06 17:19:08,393 [INFO] Rule:233 - rule Adapt Old IOC LTDC. is applicable
2026-05-06 17:19:08,393 [INFO] Rule:233 - rule Rename STM32MP2 RIF Peripheral LTDC RIF.RISUP.LTDC_L0L1.Privilege -> RIF.RISUP.LTDC_L1L2.Privilege is applicable
2026-05-06 17:19:08,393 [INFO] Rule:233 - rule Rename STM32MP2 RIF Peripheral LTDC RIF.RISUP.LTDC_L0L1.Privilege -> RIF.RISUP.LTDC_L1L2.Privilege is applicable
2026-05-06 17:19:08,393 [INFO] Rule:233 - rule Rename STM32MP2 RIF Peripheral LTDC RIF.RISUP.LTDC_L0L1.Lock -> RIF.RISUP.LTDC_L1L2.Lock is applicable
2026-05-06 17:19:08,393 [INFO] Rule:233 - rule Rename STM32MP2 RIF Peripheral LTDC RIF.RISUP.LTDC_L2.Lock -> RIF.RISUP.LTDC_L3.Lock is applicable
2026-05-06 17:19:08,393 [INFO] Rule:233 - rule Adapt the old IOC example for updating the SYS when it is misconfigured. is applicable
2026-05-06 17:19:08,393 [INFO] Rule:233 - rule Rename STM32C09 Mcu.Package LQFP64 -> LQFP48 is applicable
2026-05-06 17:19:08,393 [INFO] Rule:233 - rule Adapt the old IOC example for updating the SYS when it is misconfigured. is applicable
2026-05-06 17:19:08,393 [INFO] Rule:233 - rule Adapt the old IOC example for updating the SYS when it is misconfigured. is applicable
2026-05-06 17:19:08,411 [INFO] DbConfProperties:307 - Apply Compatibility (38/250 Rules)
2026-05-06 17:19:08,430 [INFO] ImportTextPane:234 - (OptionalMessage_ERROR) Unable to find key (Mcu.ThirdPartyNb) in loaded IOC file
2026-05-06 17:19:08,431 [INFO] ImportTextPane:234 - (OptionalMessage_ERROR) Pin34 (VP_RIF_VS_RIF1) cannot be retrieved for this MCU
2026-05-06 17:19:08,588 [INFO] RtosManager:558 - Registered RTOS mode: class=CMSIS, group=RTOS, mode=CMSIS_V1, owner=FREERTOS
2026-05-06 17:19:08,589 [INFO] RtosManager:558 - Registered RTOS mode: class=CMSIS, group=RTOS2, mode=CMSIS_V2, owner=FREERTOS
2026-05-06 17:19:08,589 [INFO] RtosManager:558 - Registered RTOS mode: class=RTOS, group=Core, mode=CMSIS_V1, owner=FREERTOS
2026-05-06 17:19:08,589 [INFO] RtosManager:558 - Registered RTOS mode: class=RTOS, group=Core, mode=CMSIS_V2, owner=FREERTOS
2026-05-06 17:19:08,589 [WARN] ModelIntegratedComponent:184 - Missing modes for component STMicroelectronics:FreeRTOS:0.0.1:STMicroelectronics:RTOS:FreeRTOS:Core:::10.2.0:
2026-05-06 17:19:08,596 [WARN] ModelIntegratedComponent:63 - No mode defined for component null
2026-05-06 17:19:08,596 [WARN] ModelIntegratedComponent:63 - No mode defined for component null
2026-05-06 17:19:08,596 [WARN] ModelIntegratedComponent:63 - No mode defined for component null
2026-05-06 17:19:08,596 [WARN] ModelIntegratedComponent:63 - No mode defined for component null
2026-05-06 17:19:08,596 [WARN] ModelIntegratedComponent:63 - No mode defined for component null
2026-05-06 17:19:08,596 [WARN] ModelIntegratedComponent:63 - No mode defined for component null
2026-05-06 17:19:08,596 [WARN] ModelIntegratedComponent:63 - No mode defined for component null
2026-05-06 17:19:08,596 [WARN] ModelIntegratedComponent:63 - No mode defined for component null
2026-05-06 17:19:08,596 [WARN] ModelIntegratedComponent:63 - No mode defined for component null
2026-05-06 17:19:08,596 [WARN] ModelIntegratedComponent:63 - No mode defined for component null
2026-05-06 17:19:08,596 [WARN] ModelIntegratedComponent:63 - No mode defined for component null
2026-05-06 17:19:08,596 [WARN] ModelIntegratedComponent:63 - No mode defined for component null
2026-05-06 17:19:08,596 [WARN] ModelIntegratedComponent:63 - No mode defined for component null
2026-05-06 17:19:08,596 [WARN] ModelIntegratedComponent:63 - No mode defined for component null
2026-05-06 17:19:08,596 [WARN] ModelIntegratedComponent:63 - No mode defined for component null
2026-05-06 17:19:08,596 [WARN] ModelIntegratedComponent:63 - No mode defined for component null
2026-05-06 17:19:08,596 [WARN] ModelIntegratedComponent:63 - No mode defined for component null
2026-05-06 17:19:08,596 [WARN] ModelIntegratedComponent:63 - No mode defined for component null
2026-05-06 17:19:08,596 [WARN] ModelIntegratedComponent:63 - No mode defined for component null
2026-05-06 17:19:08,596 [WARN] ModelIntegratedComponent:63 - No mode defined for component null
2026-05-06 17:19:08,596 [WARN] ModelIntegratedComponent:63 - No mode defined for component null
2026-05-06 17:19:08,596 [WARN] ModelIntegratedComponent:63 - No mode defined for component null
2026-05-06 17:19:08,596 [WARN] ModelIntegratedComponent:63 - No mode defined for component null
2026-05-06 17:19:08,596 [WARN] ModelIntegratedComponent:63 - No mode defined for component null
2026-05-06 17:19:08,596 [WARN] ModelIntegratedComponent:63 - No mode defined for component null
2026-05-06 17:19:08,596 [WARN] ModelIntegratedComponent:63 - No mode defined for component null
2026-05-06 17:19:08,596 [WARN] ModelIntegratedComponent:63 - No mode defined for component null
2026-05-06 17:19:08,596 [WARN] ModelIntegratedComponent:63 - No mode defined for component null
2026-05-06 17:19:08,596 [WARN] ModelIntegratedComponent:63 - No mode defined for component null
2026-05-06 17:19:08,596 [WARN] ModelIntegratedComponent:63 - No mode defined for component null
2026-05-06 17:19:08,596 [WARN] ModelIntegratedComponent:63 - No mode defined for component null
2026-05-06 17:19:08,596 [WARN] ModelIntegratedComponent:63 - No mode defined for component null
2026-05-06 17:19:08,596 [WARN] ModelIntegratedComponent:63 - No mode defined for component null
2026-05-06 17:19:08,596 [WARN] ModelIntegratedComponent:63 - No mode defined for component null
2026-05-06 17:19:08,596 [WARN] ModelIntegratedComponent:63 - No mode defined for component null
2026-05-06 17:19:08,597 [WARN] ModelPack:524 - Component already loaded: STMicroelectronics:HAL Drivers:0.0.0:STMicroelectronics:Device:STMicro_Driver:XSPI:HAL::0.0.1:HAL_XSPI
2026-05-06 17:19:08,663 [INFO] ThirdPartyModel:298 - Start build external matchings
2026-05-06 17:19:09,657 [INFO] ThirdPartyModel:316 - End build external matchings
2026-05-06 17:19:09,949 [INFO] UtilMem:75 - End LoadConfig() Used Memory: 944549792 Bytes (1073741824)
2026-05-06 17:19:10,003 [WARN] ThirdParty:833 - waiting for thirdparty lock release [change project]
2026-05-06 17:19:10,004 [INFO] ThirdParty:835 - entering critical section [change project]
2026-05-06 17:19:10,004 [INFO] ThirdParty:1030 - CMSIS Pack Vendor :STMicroelectronics X-CUBE-AZRTOS-H7 3.5.0
2026-05-06 17:19:10,004 [INFO] ThirdParty:1030 - CMSIS Pack Vendor :STMicroelectronics X-CUBE-PM33A1 1.0.0
2026-05-06 17:19:10,004 [INFO] ThirdParty:1030 - CMSIS Pack Vendor :STMicroelectronics USBPD 4.1
2026-05-06 17:19:10,004 [INFO] ThirdParty:1030 - CMSIS Pack Vendor :STMicroelectronics X-CUBE-NFC9 1.0.0
2026-05-06 17:19:10,004 [INFO] ThirdParty:1030 - CMSIS Pack Vendor :STMicroelectronics USB_HOST 2.0.0
2026-05-06 17:19:10,004 [INFO] ThirdParty:1030 - CMSIS Pack Vendor :STMicroelectronics X-CUBE-AZRTOS-F4 1.1.0
2026-05-06 17:19:10,004 [INFO] ThirdParty:1030 - CMSIS Pack Vendor :STMicroelectronics LIBJPEG 8.0.0
2026-05-06 17:19:10,004 [INFO] ThirdParty:1030 - CMSIS Pack Vendor :STMicroelectronics FP-ATR-ASTRA1 2.0.2
2026-05-06 17:19:10,004 [INFO] ThirdParty:1030 - CMSIS Pack Vendor :STMicroelectronics X-CUBE-BLE1 7.1.0
2026-05-06 17:19:10,004 [INFO] ThirdParty:1030 - CMSIS Pack Vendor :STMicroelectronics X-CUBE-SMBUS 2.1.0
2026-05-06 17:19:10,004 [INFO] ThirdParty:1030 - CMSIS Pack Vendor :wolfSSL I-CUBE-wolfMQTT 1.19.2
2026-05-06 17:19:10,004 [INFO] ThirdParty:1030 - CMSIS Pack Vendor :STMicroelectronics USB_DEVICE 3.0.0
2026-05-06 17:19:10,004 [INFO] ThirdParty:1030 - CMSIS Pack Vendor :STMicroelectronics X-CUBE-ISPU 2.1.0
2026-05-06 17:19:10,004 [INFO] ThirdParty:1030 - CMSIS Pack Vendor :STMicroelectronics X-CUBE-EEPRMA1 5.2.0
2026-05-06 17:19:10,004 [INFO] ThirdParty:1030 - CMSIS Pack Vendor :STMicroelectronics X-CUBE-IPS 3.2.0
2026-05-06 17:19:10,004 [INFO] ThirdParty:1030 - CMSIS Pack Vendor :STMicroelectronics X-CUBE-BLEMGR 4.1.0
2026-05-06 17:19:10,004 [INFO] ThirdParty:1030 - CMSIS Pack Vendor :STMicroelectronics eDS-WB_DPC_TT-BIDIR 2.1.1
2026-05-06 17:19:10,004 [INFO] ThirdParty:1030 - CMSIS Pack Vendor :STMicroelectronics X-CUBE-AZRTOS-WB 2.0.0
2026-05-06 17:19:10,004 [INFO] ThirdParty:1030 - CMSIS Pack Vendor :wolfSSL I-CUBE-wolfSSL 5.8.4
2026-05-06 17:19:10,004 [INFO] ThirdParty:1030 - CMSIS Pack Vendor :Cesanta I-CUBE-Mongoose 7.20.0
2026-05-06 17:19:10,004 [INFO] ThirdParty:1030 - CMSIS Pack Vendor :STMicroelectronics X-CUBE-NFC12 1.0.0
2026-05-06 17:19:10,004 [INFO] ThirdParty:1030 - CMSIS Pack Vendor :STMicroelectronics X-CUBE-AZRTOS-F7 1.1.0
2026-05-06 17:19:10,004 [INFO] ThirdParty:1030 - CMSIS Pack Vendor :STMicroelectronics X-CUBE-AZRTOS-L5 2.0.0
2026-05-06 17:19:10,004 [INFO] ThirdParty:1030 - CMSIS Pack Vendor :STMicroelectronics USB_DEVICE 2.0.0
2026-05-06 17:19:10,004 [INFO] ThirdParty:1030 - CMSIS Pack Vendor :STMicroelectronics FP-SNS-STAIOTCFT 1.1.0
2026-05-06 17:19:10,004 [INFO] ThirdParty:1030 - CMSIS Pack Vendor :quantropi X-CUBE-qispace-sdk-base 2.1.0
2026-05-06 17:19:10,004 [INFO] ThirdParty:1030 - CMSIS Pack Vendor :STMicroelectronics X-CUBE-MEMS1 12.0.0
2026-05-06 17:19:10,005 [INFO] ThirdParty:1030 - CMSIS Pack Vendor :STMicroelectronics X-CUBE-STSE01 2.0.0
2026-05-06 17:19:10,005 [INFO] ThirdParty:1030 - CMSIS Pack Vendor :STMicroelectronics FP-SNS-MOTENV1 5.1.0
2026-05-06 17:19:10,005 [INFO] ThirdParty:1030 - CMSIS Pack Vendor :STMicroelectronics FreeRTOS 0.0.1
2026-05-06 17:19:10,005 [INFO] ThirdParty:1030 - CMSIS Pack Vendor :STMicroelectronics X-CUBE-AZRTOS-G0 1.1.0
2026-05-06 17:19:10,005 [INFO] ThirdParty:1030 - CMSIS Pack Vendor :STMicroelectronics X-CUBE-NFC4 3.0.0
2026-05-06 17:19:10,005 [INFO] ThirdParty:1030 - CMSIS Pack Vendor :STMicroelectronics X-CUBE-SUBG2 5.0.0
2026-05-06 17:19:10,005 [INFO] ThirdParty:1030 - CMSIS Pack Vendor :STMicroelectronics STM32_WPAN 1.0.0
2026-05-06 17:19:10,005 [INFO] ThirdParty:1030 - CMSIS Pack Vendor :STMicroelectronics eDS-WB_DPC_VIENNA 1.2.0
2026-05-06 17:19:10,005 [INFO] ThirdParty:1030 - CMSIS Pack Vendor :EmbeddedOffice I-CUBE-FS-RTOS 1.0.1
2026-05-06 17:19:10,005 [INFO] ThirdParty:1030 - CMSIS Pack Vendor :STMicroelectronics lwIP 2.0.3
2026-05-06 17:19:10,005 [INFO] ThirdParty:1030 - CMSIS Pack Vendor :WES I-CUBE-Cesium 1.4.0
2026-05-06 17:19:10,005 [INFO] ThirdParty:1030 - CMSIS Pack Vendor :STMicroelectronics eDS-WB_DPC_3PH2L-BIDIR 1.1.1
2026-05-06 17:19:10,005 [INFO] ThirdParty:1030 - CMSIS Pack Vendor :STMicroelectronics USB_HOST 1.0.0
2026-05-06 17:19:10,005 [INFO] ThirdParty:1030 - CMSIS Pack Vendor :STMicroelectronics X-CUBE-AZRTOS-G4 2.0.0
2026-05-06 17:19:10,005 [INFO] ThirdParty:1030 - CMSIS Pack Vendor :STMicroelectronics X-CUBE-WB05N 2.0.0
2026-05-06 17:19:10,005 [INFO] ThirdParty:1030 - CMSIS Pack Vendor :STMicroelectronics PDM2PCM 3.1.0
2026-05-06 17:19:10,005 [INFO] ThirdParty:1030 - CMSIS Pack Vendor :STMicroelectronics PDM2PCM 3.3.0
2026-05-06 17:19:10,005 [INFO] ThirdParty:1030 - CMSIS Pack Vendor :wolfSSL I-CUBE-wolfTPM 3.8.0
2026-05-06 17:19:10,005 [INFO] ThirdParty:1030 - CMSIS Pack Vendor :STMicroelectronics X-CUBE-DISPLAY 3.0.0
2026-05-06 17:19:10,005 [INFO] ThirdParty:1030 - CMSIS Pack Vendor :wolfSSL I-CUBE-wolfSSH 1.4.20
2026-05-06 17:19:10,005 [INFO] ThirdParty:1030 - CMSIS Pack Vendor :STMicroelectronics X-CUBE-NFC7 2.0.0
2026-05-06 17:19:10,005 [INFO] ThirdParty:1030 - CMSIS Pack Vendor :STMicroelectronics X-CUBE-GNSS1 7.1.1
2026-05-06 17:19:10,005 [INFO] ThirdParty:1030 - CMSIS Pack Vendor :STMicroelectronics FP-SNS-MOTENVWB1 1.5.0
2026-05-06 17:19:10,005 [INFO] ThirdParty:1030 - CMSIS Pack Vendor :STMicroelectronics X-CUBE-TCPP 4.2.0
2026-05-06 17:19:10,005 [INFO] ThirdParty:1030 - CMSIS Pack Vendor :RealThread X-CUBE-RT-Thread_Nano 4.1.1
2026-05-06 17:19:10,005 [INFO] ThirdParty:1030 - CMSIS Pack Vendor :STMicroelectronics FP-ATR-SIGFOX1 3.2.0
2026-05-06 17:19:10,005 [INFO] ThirdParty:1030 - CMSIS Pack Vendor :STMicroelectronics X-CUBE-NFC10 1.0.0
2026-05-06 17:19:10,006 [INFO] ThirdParty:1030 - CMSIS Pack Vendor :STMicroelectronics HAL Drivers 0.0.0
2026-05-06 17:19:10,006 [INFO] ThirdParty:1030 - CMSIS Pack Vendor :STMicroelectronics X-CUBE-FREERTOS 1.5.0
2026-05-06 17:19:10,006 [INFO] ThirdParty:1030 - CMSIS Pack Vendor :STMicroelectronics MBEDTLS 2.16.2
2026-05-06 17:19:10,006 [INFO] ThirdParty:1030 - CMSIS Pack Vendor :STMicroelectronics X-CUBE-ST60 1.1.0
2026-05-06 17:19:10,006 [INFO] ThirdParty:1030 - CMSIS Pack Vendor :STMicroelectronics X-CUBE-ALS 1.0.2
2026-05-06 17:19:10,006 [INFO] ThirdParty:1030 - CMSIS Pack Vendor :emotas I-CUBE-CANOPEN 1.3.0
2026-05-06 17:19:10,006 [INFO] ThirdParty:1030 - CMSIS Pack Vendor :STMicroelectronics MBEDTLS 2.14.1
2026-05-06 17:19:10,006 [INFO] ThirdParty:1030 - CMSIS Pack Vendor :STMicroelectronics X-CUBE-GNSS1 7.1.0
2026-05-06 17:19:10,006 [INFO] ThirdParty:1030 - CMSIS Pack Vendor :ITTIA_DB I-CUBE-ITTIADB 8.9.0
2026-05-06 17:19:10,006 [INFO] ThirdParty:1030 - CMSIS Pack Vendor :STMicroelectronics X-CUBE-TOUCHGFX 4.26.1
2026-05-06 17:19:10,006 [INFO] ThirdParty:1030 - CMSIS Pack Vendor :STMicroelectronics X-CUBE-NFC6 3.2.0
2026-05-06 17:19:10,006 [INFO] ThirdParty:1030 - CMSIS Pack Vendor :STMicroelectronics FP-SNS-STBOX1 2.1.0
2026-05-06 17:19:10,006 [INFO] ThirdParty:1030 - CMSIS Pack Vendor :STMicroelectronics X-CUBE-AI 10.2.0
2026-05-06 17:19:10,006 [INFO] ThirdParty:1030 - CMSIS Pack Vendor :STMicroelectronics FP-SNS-STAIOTCFT 1.0.0
2026-05-06 17:19:10,006 [INFO] ThirdParty:1030 - CMSIS Pack Vendor :STMicroelectronics ThreadX 1.0.0
2026-05-06 17:19:10,006 [INFO] ThirdParty:1030 - CMSIS Pack Vendor :STMicroelectronics FP-SNS-SMARTAG2 1.2.0
2026-05-06 17:19:10,006 [INFO] ThirdParty:1030 - CMSIS Pack Vendor :STMicroelectronics X-CUBE-MEMS1 12.1.0
2026-05-06 17:19:10,006 [INFO] ThirdParty:1030 - CMSIS Pack Vendor :STMicroelectronics FP-SNS-FLIGHT1 5.1.0
2026-05-06 17:19:10,006 [INFO] ThirdParty:1030 - CMSIS Pack Vendor :STMicroelectronics X-CUBE-AZRTOS-WL 2.0.0
2026-05-06 17:19:10,006 [INFO] ThirdParty:1030 - CMSIS Pack Vendor :SEGGER I-CUBE-embOS 1.3.1
2026-05-06 17:19:10,006 [INFO] ThirdParty:1030 - CMSIS Pack Vendor :STMicroelectronics X-CUBE-ALGOBUILD 1.4.0
2026-05-06 17:19:10,006 [INFO] ThirdParty:1030 - CMSIS Pack Vendor :STMicroelectronics X-CUBE-DPower 1.3.0
2026-05-06 17:19:10,006 [INFO] ThirdParty:1030 - CMSIS Pack Vendor :STMicroelectronics USB_DEVICE 1.0.0
2026-05-06 17:19:10,006 [INFO] ThirdParty:1030 - CMSIS Pack Vendor :STMicroelectronics X-CUBE-AZRTOS-H7RS 1.2.0
2026-05-06 17:19:10,006 [INFO] ThirdParty:1030 - CMSIS Pack Vendor :STMicroelectronics X-CUBE-AZRTOS-L4 2.0.0
2026-05-06 17:19:10,006 [INFO] ThirdParty:1030 - CMSIS Pack Vendor :STMicroelectronics ThreadX 0.0.2
2026-05-06 17:19:10,006 [INFO] ThirdParty:1030 - CMSIS Pack Vendor :STMicroelectronics lwIP 2.1.2
2026-05-06 17:19:10,006 [INFO] ThirdParty:1030 - CMSIS Pack Vendor :STMicroelectronics X-CUBE-SFXS2LP1 4.0.0
2026-05-06 17:19:10,006 [INFO] ThirdParty:1030 - CMSIS Pack Vendor :STMicroelectronics X-CUBE-BLE2 3.3.0
2026-05-06 17:19:10,006 [INFO] ThirdParty:1030 - CMSIS Pack Vendor :Avnet-IOTCONNECT X-CUBE-iotc-st67-sdk 1.0.0
2026-05-06 17:19:10,007 [INFO] ThirdParty:1030 - CMSIS Pack Vendor :STMicroelectronics X-CUBE-TOF1 3.4.3
2026-05-06 17:19:10,007 [INFO] ThirdParty:1030 - CMSIS Pack Vendor :Infineon AIROC-Wi-Fi-Bluetooth-STM32 1.8.0
2026-05-06 17:19:10,007 [INFO] ThirdParty:1030 - CMSIS Pack Vendor :STMicroelectronics PDM2PCM 3.2.0
2026-05-06 17:19:10,007 [INFO] ThirdParty:1030 - CMSIS Pack Vendor :STMicroelectronics X-CUBE-WB05N 2.1.0
2026-05-06 17:19:10,007 [INFO] ThirdParty:1030 - CMSIS Pack Vendor :STMicroelectronics X-CUBE-ST67W61 1.2.0
2026-05-06 17:19:10,007 [INFO] ThirdParty:841 - exiting critical section [change project]
2026-05-06 17:19:10,289 [INFO] PinOutPanel:1589 - setPackage(No Configuration,No Configuration)
2026-05-06 17:19:10,291 [INFO] PinOutPanel:1589 - setPackage(STM32F407VGTx,LQFP100)
2026-05-06 17:19:10,619 [INFO] UtilMem:75 - Before build in PCC Used Memory: 842434312 Bytes (1073741824)
2026-05-06 17:19:10,998 [INFO] UtilMem:75 - After build in PCC Used Memory: 888049416 Bytes (1073741824)
2026-05-06 17:19:11,033 [INFO] IPUIPlugin:80 - create IPUIPlugin
2026-05-06 17:19:11,033 [INFO] IPUIPlugin:80 - create IPUIPlugin
2026-05-06 17:19:11,034 [INFO] IPUIPlugin:80 - create IPUIPlugin
2026-05-06 17:19:11,034 [INFO] IPUIPlugin:80 - create IPUIPlugin
2026-05-06 17:19:11,034 [INFO] IPUIPlugin:80 - create IPUIPlugin
2026-05-06 17:19:11,035 [INFO] IPUIPlugin:80 - create IPUIPlugin
2026-05-06 17:19:11,035 [INFO] IPUIPlugin:80 - create IPUIPlugin
2026-05-06 17:19:11,036 [INFO] IPUIPlugin:80 - create IPUIPlugin
2026-05-06 17:19:11,036 [INFO] IPUIPlugin:80 - create IPUIPlugin
2026-05-06 17:19:11,036 [INFO] IPUIPlugin:80 - create IPUIPlugin
2026-05-06 17:19:11,037 [INFO] IPUIPlugin:80 - create IPUIPlugin
2026-05-06 17:19:11,038 [INFO] IPUIPlugin:80 - create IPUIPlugin
2026-05-06 17:19:11,038 [INFO] IPUIPlugin:80 - create IPUIPlugin
2026-05-06 17:19:11,038 [INFO] IPUIPlugin:80 - create IPUIPlugin
2026-05-06 17:19:11,038 [INFO] IPUIPlugin:80 - create IPUIPlugin
2026-05-06 17:19:11,038 [INFO] IPUIPlugin:80 - create IPUIPlugin
2026-05-06 17:19:11,039 [INFO] IPUIPlugin:80 - create IPUIPlugin
2026-05-06 17:19:11,039 [INFO] IPUIPlugin:80 - create IPUIPlugin
2026-05-06 17:19:11,039 [INFO] IPUIPlugin:80 - create IPUIPlugin
2026-05-06 17:19:11,039 [INFO] IPUIPlugin:80 - create IPUIPlugin
2026-05-06 17:19:11,039 [INFO] IPUIPlugin:80 - create IPUIPlugin
2026-05-06 17:19:11,039 [INFO] IPUIPlugin:80 - create IPUIPlugin
2026-05-06 17:19:11,040 [INFO] IPUIPlugin:80 - create IPUIPlugin
2026-05-06 17:19:11,040 [INFO] IPUIPlugin:80 - create IPUIPlugin
2026-05-06 17:19:11,040 [INFO] IPUIPlugin:80 - create IPUIPlugin
2026-05-06 17:19:11,040 [INFO] IPUIPlugin:80 - create IPUIPlugin
2026-05-06 17:19:11,041 [INFO] IPUIPlugin:80 - create IPUIPlugin
2026-05-06 17:19:11,041 [INFO] IPUIPlugin:80 - create IPUIPlugin
2026-05-06 17:19:11,041 [INFO] IPUIPlugin:80 - create IPUIPlugin
2026-05-06 17:19:11,041 [INFO] IPUIPlugin:80 - create IPUIPlugin
2026-05-06 17:19:11,042 [INFO] IPUIPlugin:80 - create IPUIPlugin
2026-05-06 17:19:11,042 [INFO] IPUIPlugin:80 - create IPUIPlugin
2026-05-06 17:19:11,042 [INFO] IPUIPlugin:80 - create IPUIPlugin
2026-05-06 17:19:11,042 [INFO] IPUIPlugin:80 - create IPUIPlugin
2026-05-06 17:19:11,043 [INFO] IPUIPlugin:80 - create IPUIPlugin
2026-05-06 17:19:11,043 [INFO] IPUIPlugin:80 - create IPUIPlugin
2026-05-06 17:19:11,043 [INFO] IPUIPlugin:80 - create IPUIPlugin
2026-05-06 17:19:11,043 [INFO] IPUIPlugin:80 - create IPUIPlugin
2026-05-06 17:19:11,044 [INFO] IPUIPlugin:80 - create IPUIPlugin
2026-05-06 17:19:11,044 [INFO] IPUIPlugin:80 - create IPUIPlugin
2026-05-06 17:19:11,044 [INFO] IPUIPlugin:80 - create IPUIPlugin
2026-05-06 17:19:11,044 [INFO] IPUIPlugin:80 - create IPUIPlugin
2026-05-06 17:19:11,045 [INFO] IPUIPlugin:80 - create IPUIPlugin
2026-05-06 17:19:11,045 [INFO] IPUIPlugin:80 - create IPUIPlugin
2026-05-06 17:19:11,045 [INFO] IPUIPlugin:80 - create IPUIPlugin
2026-05-06 17:19:11,045 [INFO] IPUIPlugin:80 - create IPUIPlugin
2026-05-06 17:19:11,045 [INFO] IPUIPlugin:80 - create IPUIPlugin
2026-05-06 17:19:11,046 [INFO] IPUIPlugin:80 - create IPUIPlugin
2026-05-06 17:19:11,046 [INFO] IPUIPlugin:80 - create IPUIPlugin
2026-05-06 17:19:11,046 [INFO] IPUIPlugin:80 - create IPUIPlugin
2026-05-06 17:19:11,046 [INFO] IPUIPlugin:80 - create IPUIPlugin
2026-05-06 17:19:11,046 [INFO] IPUIPlugin:80 - create IPUIPlugin
2026-05-06 17:19:11,047 [INFO] IPUIPlugin:80 - create IPUIPlugin
2026-05-06 17:19:11,047 [INFO] IPUIPlugin:80 - create IPUIPlugin
2026-05-06 17:19:11,047 [INFO] IPUIPlugin:80 - create IPUIPlugin
2026-05-06 17:19:11,047 [INFO] IPUIPlugin:80 - create IPUIPlugin
2026-05-06 17:19:11,048 [INFO] IPUIPlugin:80 - create IPUIPlugin
2026-05-06 17:19:11,048 [INFO] IPUIPlugin:80 - create IPUIPlugin
2026-05-06 17:19:11,057 [INFO] ApiDbMcu:532 - Load IP Config File for PDM2PCM
2026-05-06 17:19:11,106 [INFO] CADModel:165 - CPN selected for project levelSTM32F407VGT6
2026-05-06 17:19:11,107 [INFO] CADModel:114 - Register for checkConnection events
2026-05-06 17:19:11,163 [INFO] OpenFileManager:386 - Restore cursor
2026-05-06 17:19:11,690 [INFO] UtilMem:75 - End SaveConfig() Used Memory: 982311992 Bytes (1073741824)
2026-05-06 17:19:11,804 [INFO] UtilMem:75 - End SaveConfig() Used Memory: 1004039984 Bytes (1073741824)
2026-05-06 17:19:11,978 [INFO] BlockDiagram:2775 - set Specific Code input for plugin: SYS
2026-05-06 17:19:11,978 [INFO] BlockDiagram:2775 - set Specific Code input for plugin: RCC
2026-05-06 17:19:11,978 [INFO] BlockDiagram:2775 - set Specific Code input for plugin: NVIC
2026-05-06 17:19:11,979 [INFO] BlockDiagram:2775 - set Specific Code input for plugin: GPIO
2026-05-06 17:19:11,981 [INFO] CodeGenerator:892 - code generatio: config db path: C:\ST\STM32CubeIDE_1.19.0\STM32CubeIDE\plugins\com.st.stm32cube.common.mx_6.15.0.202507011659\\db\
2026-05-06 17:19:12,099 [INFO] CodeEngine:265 - oldGeneratedFile, D:\RTOS_stm32\counting_semaphore\MXTmpFiles\license.tmp_save
2026-05-06 17:19:12,401 [INFO] CodeEngine:289 - Generated code: D:\RTOS_stm32\counting_semaphore\MXTmpFiles\license.tmp
2026-05-06 17:19:12,478 [INFO] CodeEngine:265 - oldGeneratedFile, D:\RTOS_stm32\counting_semaphore\MXTmpFiles\gpio.tmp_save
2026-05-06 17:19:12,628 [INFO] CodeEngine:289 - Generated code: D:\RTOS_stm32\counting_semaphore\MXTmpFiles\gpio.tmp
2026-05-06 17:19:12,676 [INFO] CodeEngine:265 - oldGeneratedFile, D:\RTOS_stm32\counting_semaphore\Core\Src\stm32f4xx_it.c_save
2026-05-06 17:19:12,938 [INFO] CodeEngine:289 - Generated code: D:\RTOS_stm32\counting_semaphore\Core\Src\stm32f4xx_it.c
2026-05-06 17:19:12,951 [INFO] CodeEngine:265 - oldGeneratedFile, D:\RTOS_stm32\counting_semaphore\Core\Inc\stm32f4xx_it.h_save
2026-05-06 17:19:13,043 [INFO] CodeEngine:289 - Generated code: D:\RTOS_stm32\counting_semaphore\Core\Inc\stm32f4xx_it.h
2026-05-06 17:19:13,062 [INFO] CodeEngine:265 - oldGeneratedFile, D:\RTOS_stm32\counting_semaphore\Core\Src\stm32f4xx_hal_msp.c_save
2026-05-06 17:19:13,199 [INFO] CodeEngine:289 - Generated code: D:\RTOS_stm32\counting_semaphore\Core\Src\stm32f4xx_hal_msp.c
2026-05-06 17:19:13,207 [INFO] CodeEngine:265 - oldGeneratedFile, D:\RTOS_stm32\counting_semaphore\MXTmpFiles\system.tmp_save
2026-05-06 17:19:13,274 [INFO] CodeEngine:289 - Generated code: D:\RTOS_stm32\counting_semaphore\MXTmpFiles\system.tmp
2026-05-06 17:19:13,295 [INFO] CodeEngine:321 - oldGeneratedFile, D:\RTOS_stm32\counting_semaphore\Core\Inc\stm32f4xx_hal_conf.h_save
2026-05-06 17:19:13,365 [INFO] CodeEngine:345 - Generated code: D:\RTOS_stm32\counting_semaphore\Core\Inc\stm32f4xx_hal_conf.h
2026-05-06 17:19:13,413 [INFO] ApiDbMcu:532 - Load IP Config File for RCC
2026-05-06 17:19:13,435 [INFO] CodeEngine:265 - oldGeneratedFile, D:\RTOS_stm32\counting_semaphore\Core\Inc\main.h_save
2026-05-06 17:19:13,594 [INFO] CodeEngine:289 - Generated code: D:\RTOS_stm32\counting_semaphore\Core\Inc\main.h
2026-05-06 17:19:13,603 [INFO] CodeEngine:265 - oldGeneratedFile, D:\RTOS_stm32\counting_semaphore\Core\Src\main.c_save
2026-05-06 17:19:13,754 [INFO] CodeEngine:289 - Generated code: D:\RTOS_stm32\counting_semaphore\Core\Src\main.c
2026-05-06 17:19:14,534 [INFO] ProjectBuilder:3606 - Time for Copy HAL[1] : 429mS.
2026-05-06 17:19:14,539 [INFO] ProjectBuilder:5216 - Project Generator version: 4.7.0-B52
2026-05-06 17:19:14,626 [INFO] ConfigFileManager:1595 - The Die is : DIE413
2026-05-06 17:19:14,630 [INFO] ApiDbMcu:532 - Load IP Config File for FATFS
2026-05-06 17:19:14,636 [INFO] ApiDbMcu:532 - Load IP Config File for FREERTOS
2026-05-06 17:19:14,640 [INFO] ApiDbMcu:532 - Load IP Config File for LIBJPEG
2026-05-06 17:19:14,646 [INFO] ApiDbMcu:532 - Load IP Config File for LWIP
2026-05-06 17:19:14,652 [INFO] ApiDbMcu:532 - Load IP Config File for MBEDTLS
2026-05-06 17:19:14,660 [INFO] ApiDbMcu:532 - Load IP Config File for USB_DEVICE
2026-05-06 17:19:14,664 [INFO] ApiDbMcu:532 - Load IP Config File for USB_HOST
2026-05-06 17:19:17,528 [INFO] ProjectBuilder:5496 - Time for Generating toolchain IDE Files: 2989mS.
2026-05-06 17:19:17,530 [INFO] ProjectBuilder:3463 - Time for Copy CMSIS : 1mS.
2026-05-06 17:19:17,534 [INFO] ProjectBuilder:3463 - Time for Copy CMSIS : 0mS.
2026-05-06 17:19:19,177 [INFO] McuFinderGlobals:76 - Set McuFinderConnectedMode to true
2026-05-06 17:19:19,184 [INFO] ApiDb:448 - Save user favorites file C:\Users\jahna/.stm32cubeide/favorites.mcus.txt: 0 item(s)
2026-05-06 17:19:19,184 [INFO] ApiDb:452 - User favorites MCUs=[]
2026-05-06 17:19:19,188 [INFO] ApiDb:448 - Save user favorites file C:\Users\jahna/.stm32cubeide/favorites.boards.txt: 0 item(s)
2026-05-06 17:19:19,188 [INFO] ApiDb:452 - User favorites Boards=[]
2026-05-06 17:22:33,942 [INFO] RtosManager:1018 - Current active RTOS is FREERTOS [Cortex-M4NS]
2026-05-06 17:22:34,728 [ERROR] RtosPanel:558 - Can not restore the selected Tab for FREERTOS(A reason can be that the tab is no more available.)
2026-05-06 17:22:34,812 [ERROR] RtosPanel:558 - Can not restore the selected Tab for FREERTOS(A reason can be that the tab is no more available.)
2026-05-06 17:22:37,531 [INFO] UtilMem:75 - End SaveConfig() Used Memory: 972023568 Bytes (1073741824)
2026-05-06 17:22:39,187 [INFO] UtilMem:75 - End SaveConfig() Used Memory: 1000857360 Bytes (1073741824)
2026-05-06 17:22:43,760 [INFO] UtilMem:75 - End SaveConfig() Used Memory: 843801808 Bytes (1073741824)
2026-05-06 17:22:47,272 [INFO] BlockDiagram:2775 - set Specific Code input for plugin: FREERTOS
2026-05-06 17:22:47,273 [INFO] BlockDiagram:2775 - set Specific Code input for plugin: SYS
2026-05-06 17:22:47,273 [INFO] BlockDiagram:2775 - set Specific Code input for plugin: RCC
2026-05-06 17:22:47,273 [INFO] BlockDiagram:2775 - set Specific Code input for plugin: NVIC
2026-05-06 17:22:47,273 [INFO] BlockDiagram:2775 - set Specific Code input for plugin: USART
2026-05-06 17:22:47,273 [INFO] BlockDiagram:2775 - set Specific Code input for plugin: GPIO
2026-05-06 17:22:47,291 [INFO] CodeGenerator:892 - code generatio: config db path: C:\ST\STM32CubeIDE_1.19.0\STM32CubeIDE\plugins\com.st.stm32cube.common.mx_6.15.0.202507011659\\db\
2026-05-06 17:22:47,411 [INFO] CodeEngine:265 - oldGeneratedFile, D:\RTOS_stm32\counting_semaphore\MXTmpFiles\license.tmp_save
2026-05-06 17:22:47,591 [INFO] CodeEngine:289 - Generated code: D:\RTOS_stm32\counting_semaphore\MXTmpFiles\license.tmp
2026-05-06 17:22:47,625 [INFO] CodeEngine:265 - oldGeneratedFile, D:\RTOS_stm32\counting_semaphore\MXTmpFiles\gpio.tmp_save
2026-05-06 17:22:47,738 [INFO] CodeEngine:289 - Generated code: D:\RTOS_stm32\counting_semaphore\MXTmpFiles\gpio.tmp
2026-05-06 17:22:47,864 [INFO] Middleware:1452 - No code input for Bsp Dependency
2026-05-06 17:22:47,877 [INFO] CodeEngine:265 - oldGeneratedFile, D:\RTOS_stm32\counting_semaphore\MXTmpFiles\rtos_inc.tmp_save
2026-05-06 17:22:47,973 [INFO] CodeEngine:289 - Generated code: D:\RTOS_stm32\counting_semaphore\MXTmpFiles\rtos_inc.tmp
2026-05-06 17:22:47,980 [INFO] CodeEngine:265 - oldGeneratedFile, D:\RTOS_stm32\counting_semaphore\MXTmpFiles\rtos_vars.tmp_save
2026-05-06 17:22:48,090 [INFO] CodeEngine:289 - Generated code: D:\RTOS_stm32\counting_semaphore\MXTmpFiles\rtos_vars.tmp
2026-05-06 17:22:48,097 [INFO] CodeEngine:265 - oldGeneratedFile, D:\RTOS_stm32\counting_semaphore\MXTmpFiles\rtos_pfp.tmp_save
2026-05-06 17:22:48,193 [INFO] CodeEngine:289 - Generated code: D:\RTOS_stm32\counting_semaphore\MXTmpFiles\rtos_pfp.tmp
2026-05-06 17:22:48,210 [INFO] CodeEngine:265 - oldGeneratedFile, D:\RTOS_stm32\counting_semaphore\MXTmpFiles\rtos_obj_creat.tmp_save
2026-05-06 17:22:48,298 [INFO] CodeEngine:289 - Generated code: D:\RTOS_stm32\counting_semaphore\MXTmpFiles\rtos_obj_creat.tmp
2026-05-06 17:22:48,317 [INFO] CodeEngine:265 - oldGeneratedFile, D:\RTOS_stm32\counting_semaphore\MXTmpFiles\rtos_kernelStart.tmp_save
2026-05-06 17:22:48,387 [INFO] CodeEngine:289 - Generated code: D:\RTOS_stm32\counting_semaphore\MXTmpFiles\rtos_kernelStart.tmp
2026-05-06 17:22:48,407 [INFO] CodeEngine:265 - oldGeneratedFile, D:\RTOS_stm32\counting_semaphore\MXTmpFiles\rtos_default_thread.tmp_save
2026-05-06 17:22:48,496 [INFO] CodeEngine:289 - Generated code: D:\RTOS_stm32\counting_semaphore\MXTmpFiles\rtos_default_thread.tmp
2026-05-06 17:22:48,505 [INFO] CodeEngine:265 - oldGeneratedFile, D:\RTOS_stm32\counting_semaphore\MXTmpFiles\rtos_threads.tmp_save
2026-05-06 17:22:48,793 [INFO] CodeEngine:289 - Generated code: D:\RTOS_stm32\counting_semaphore\MXTmpFiles\rtos_threads.tmp
2026-05-06 17:22:48,823 [INFO] Middleware:1452 - No code input for Bsp Dependency
2026-05-06 17:22:48,837 [INFO] CodeEngine:265 - oldGeneratedFile, D:\RTOS_stm32\counting_semaphore\MXTmpFiles\rtos_inc.tmp_save
2026-05-06 17:22:48,894 [INFO] CodeEngine:289 - Generated code: D:\RTOS_stm32\counting_semaphore\MXTmpFiles\rtos_inc.tmp
2026-05-06 17:22:48,903 [INFO] CodeEngine:265 - oldGeneratedFile, D:\RTOS_stm32\counting_semaphore\MXTmpFiles\rtos_vars.tmp_save
2026-05-06 17:22:48,961 [INFO] CodeEngine:289 - Generated code: D:\RTOS_stm32\counting_semaphore\MXTmpFiles\rtos_vars.tmp
2026-05-06 17:22:48,969 [INFO] CodeEngine:265 - oldGeneratedFile, D:\RTOS_stm32\counting_semaphore\MXTmpFiles\rtos_pfp.tmp_save
2026-05-06 17:22:49,028 [INFO] CodeEngine:289 - Generated code: D:\RTOS_stm32\counting_semaphore\MXTmpFiles\rtos_pfp.tmp
2026-05-06 17:22:49,036 [INFO] CodeEngine:265 - oldGeneratedFile, D:\RTOS_stm32\counting_semaphore\MXTmpFiles\rtos_obj_creat.tmp_save
2026-05-06 17:22:49,095 [INFO] CodeEngine:289 - Generated code: D:\RTOS_stm32\counting_semaphore\MXTmpFiles\rtos_obj_creat.tmp
2026-05-06 17:22:49,103 [INFO] CodeEngine:265 - oldGeneratedFile, D:\RTOS_stm32\counting_semaphore\MXTmpFiles\rtos_kernelStart.tmp_save
2026-05-06 17:22:49,154 [INFO] CodeEngine:289 - Generated code: D:\RTOS_stm32\counting_semaphore\MXTmpFiles\rtos_kernelStart.tmp
2026-05-06 17:22:49,160 [INFO] CodeEngine:265 - oldGeneratedFile, D:\RTOS_stm32\counting_semaphore\MXTmpFiles\rtos_default_thread.tmp_save
2026-05-06 17:22:49,208 [INFO] CodeEngine:289 - Generated code: D:\RTOS_stm32\counting_semaphore\MXTmpFiles\rtos_default_thread.tmp
2026-05-06 17:22:49,225 [INFO] CodeEngine:265 - oldGeneratedFile, D:\RTOS_stm32\counting_semaphore\MXTmpFiles\rtos_threads.tmp_save
2026-05-06 17:22:49,279 [INFO] CodeEngine:289 - Generated code: D:\RTOS_stm32\counting_semaphore\MXTmpFiles\rtos_threads.tmp
2026-05-06 17:22:49,287 [INFO] CodeEngine:265 - oldGeneratedFile, D:\RTOS_stm32\counting_semaphore\Core\Inc\FreeRTOSConfig.h_save
2026-05-06 17:22:49,351 [INFO] CodeEngine:289 - Generated code: D:\RTOS_stm32\counting_semaphore\Core\Inc\FreeRTOSConfig.h
2026-05-06 17:22:49,362 [INFO] CodeEngine:265 - oldGeneratedFile, D:\RTOS_stm32\counting_semaphore\Core\Src\freertos.c_save
2026-05-06 17:22:49,423 [INFO] CodeEngine:289 - Generated code: D:\RTOS_stm32\counting_semaphore\Core\Src\freertos.c
2026-05-06 17:22:49,445 [INFO] CodeEngine:265 - oldGeneratedFile, D:\RTOS_stm32\counting_semaphore\Core\Src\stm32f4xx_it.c_save
2026-05-06 17:22:49,535 [INFO] CodeEngine:289 - Generated code: D:\RTOS_stm32\counting_semaphore\Core\Src\stm32f4xx_it.c
2026-05-06 17:22:49,543 [INFO] CodeEngine:265 - oldGeneratedFile, D:\RTOS_stm32\counting_semaphore\Core\Inc\stm32f4xx_it.h_save
2026-05-06 17:22:49,607 [INFO] CodeEngine:289 - Generated code: D:\RTOS_stm32\counting_semaphore\Core\Inc\stm32f4xx_it.h
2026-05-06 17:22:49,628 [INFO] CodeEngine:265 - oldGeneratedFile, D:\RTOS_stm32\counting_semaphore\Core\Src\stm32f4xx_hal_msp.c_save
2026-05-06 17:22:49,762 [INFO] CodeEngine:289 - Generated code: D:\RTOS_stm32\counting_semaphore\Core\Src\stm32f4xx_hal_msp.c
2026-05-06 17:22:49,781 [INFO] CodeEngine:265 - oldGeneratedFile, D:\RTOS_stm32\counting_semaphore\MXTmpFiles\system.tmp_save
2026-05-06 17:22:49,838 [INFO] CodeEngine:289 - Generated code: D:\RTOS_stm32\counting_semaphore\MXTmpFiles\system.tmp
2026-05-06 17:22:49,860 [INFO] CodeEngine:321 - oldGeneratedFile, D:\RTOS_stm32\counting_semaphore\Core\Inc\stm32f4xx_hal_conf.h_save
2026-05-06 17:22:49,930 [INFO] CodeEngine:345 - Generated code: D:\RTOS_stm32\counting_semaphore\Core\Inc\stm32f4xx_hal_conf.h
2026-05-06 17:22:49,970 [INFO] ApiDbMcu:532 - Load IP Config File for USART2
2026-05-06 17:22:49,982 [INFO] CodeEngine:265 - oldGeneratedFile, D:\RTOS_stm32\counting_semaphore\Core\Inc\main.h_save
2026-05-06 17:22:50,043 [INFO] CodeEngine:289 - Generated code: D:\RTOS_stm32\counting_semaphore\Core\Inc\main.h
2026-05-06 17:22:50,059 [INFO] CodeEngine:265 - oldGeneratedFile, D:\RTOS_stm32\counting_semaphore\Core\Src\main.c_save
2026-05-06 17:22:50,241 [INFO] CodeEngine:289 - Generated code: D:\RTOS_stm32\counting_semaphore\Core\Src\main.c
2026-05-06 17:22:51,125 [INFO] ProjectBuilder:3606 - Time for Copy HAL[1] : 539mS.
2026-05-06 17:22:51,131 [INFO] ProjectBuilder:5216 - Project Generator version: 4.7.0-B52
2026-05-06 17:22:51,240 [INFO] ConfigFileManager:1595 - The Die is : DIE413
2026-05-06 17:22:52,402 [INFO] ProjectBuilder:5496 - Time for Generating toolchain IDE Files: 1271mS.
2026-05-06 17:22:52,403 [INFO] ProjectBuilder:3463 - Time for Copy CMSIS : 1mS.
2026-05-06 17:22:52,406 [INFO] ProjectBuilder:3463 - Time for Copy CMSIS : 1mS.
2026-05-06 17:29:38,159 [INFO] WebApp:194 - Connection lost
2026-05-06 17:29:38,959 [INFO] WebApp:191 - Connection restablished
2026-05-06 17:30:49,251 [INFO] MainUpdater:2872 - connection check result : 10
2026-05-06 17:30:49,512 [INFO] McuFinderGlobals:76 - Set McuFinderConnectedMode to true
2026-05-06 17:30:49,519 [INFO] MultiScanPanel:200 - Auto-refresh data requested => check proxy status ongoing
2026-05-06 17:30:49,522 [INFO] FinderPluginLoader:96 - Searching for filters in installed packs
2026-05-06 17:30:51,565 [INFO] LoadUrlFilesThread:185 - End of LoadServerUrlFiles without Thread
2026-05-06 17:30:51,567 [INFO] DetailPanel:341 - Set advertising image to C:/Users/jahna/STM32Cube/Repository/\en.prom-stm32wba2-stm32-nucleo-board-0426.png
2026-05-06 17:30:55,624 [INFO] MultiScanPanel:200 - Auto-refresh data requested => check proxy status ongoing
2026-05-06 17:30:55,715 [INFO] LoadUrlFilesThread:185 - End of LoadServerUrlFiles without Thread
2026-05-06 17:30:55,718 [INFO] DetailPanel:341 - Set advertising image to C:/Users/jahna/STM32Cube/Repository/\en.prom-stm32wba2-stm32-nucleo-board-0426.png
2026-05-06 17:31:27,786 [INFO] MainUpdater:2872 - connection check result : 10
2026-05-06 17:31:27,786 [INFO] MainUpdater:2872 - connection check result : 10
2026-05-06 17:31:28,044 [INFO] MicroXplorer:468 - Change Database Path : 
2026-05-06 17:31:28,045 [INFO] MicroXplorer:498 - Change Database Version : DB.6.0.150
2026-05-06 17:31:28,079 [ERROR] ProjectManagerView:395 - 
java.lang.NullPointerException: Cannot invoke "javax.swing.JTextField.getText()" because the return value of "java.util.List.get(int)" is null
	at com.st.microxplorer.plugins.projectmanager.gui.ProjectChoiceTab$9.caretUpdate(ProjectChoiceTab.java:2706) ~[filemanager.jar:?]
	at javax.swing.text.JTextComponent.fireCaretUpdate(JTextComponent.java:408) ~[?:?]
	at javax.swing.text.JTextComponent$MutableCaretEvent.fire(JTextComponent.java:4484) ~[?:?]
	at javax.swing.text.JTextComponent$MutableCaretEvent.stateChanged(JTextComponent.java:4506) ~[?:?]
	at javax.swing.text.DefaultCaret.fireStateChanged(DefaultCaret.java:857) ~[?:?]
	at javax.swing.text.DefaultCaret.changeCaretPosition(DefaultCaret.java:1343) ~[?:?]
	at javax.swing.text.DefaultCaret.handleSetDot(DefaultCaret.java:1242) ~[?:?]
	at javax.swing.text.DefaultCaret.setDot(DefaultCaret.java:1223) ~[?:?]
	at javax.swing.text.DefaultCaret$Handler.insertUpdate(DefaultCaret.java:1819) ~[?:?]
	at javax.swing.text.AbstractDocument.fireInsertUpdate(AbstractDocument.java:227) ~[?:?]
	at javax.swing.text.AbstractDocument.handleInsertString(AbstractDocument.java:781) ~[?:?]
	at javax.swing.text.AbstractDocument.insertString(AbstractDocument.java:740) ~[?:?]
	at javax.swing.text.PlainDocument.insertString(PlainDocument.java:131) ~[?:?]
	at javax.swing.text.AbstractDocument.replace(AbstractDocument.java:699) ~[?:?]
	at javax.swing.text.JTextComponent.setText(JTextComponent.java:1725) ~[?:?]
	at com.st.microxplorer.plugins.projectmanager.gui.ProjectChoiceTab.createHeapStackFields(ProjectChoiceTab.java:993) ~[filemanager.jar:?]
	at com.st.microxplorer.plugins.projectmanager.gui.ProjectChoiceTab.buildLinkSettingsPanel(ProjectChoiceTab.java:3813) ~[filemanager.jar:?]
	at com.st.microxplorer.plugins.projectmanager.gui.ProjectChoiceTab.defineWindowsFields(ProjectChoiceTab.java:1987) ~[filemanager.jar:?]
	at com.st.microxplorer.plugins.projectmanager.gui.ProjectChoiceTab.updateSettings(ProjectChoiceTab.java:558) ~[filemanager.jar:?]
	at com.st.microxplorer.plugins.projectmanager.gui.ProjectSettingsPanel.UpdateDialog(ProjectSettingsPanel.java:247) ~[filemanager.jar:?]
	at com.st.microxplorer.plugins.projectmanager.ProjectManagerView.propertyChange(ProjectManagerView.java:392) ~[filemanager.jar:?]
	at java.beans.PropertyChangeSupport.fire(PropertyChangeSupport.java:343) ~[?:?]
	at java.beans.PropertyChangeSupport.firePropertyChange(PropertyChangeSupport.java:335) ~[?:?]
	at java.beans.PropertyChangeSupport.firePropertyChange(PropertyChangeSupport.java:268) ~[?:?]
	at com.st.microxplorer.util.MXPropertyChangeSupport.firePropertyChange(MXPropertyChangeSupport.java:54) ~[STM32CubeMX.jar:?]
	at com.st.microxplorer.mxsystem.MxSystem.closeConfig(MxSystem.java:899) ~[STM32CubeMX.jar:?]
	at com.st.microxplorer.maingui.MainPanel.closeConfig(MainPanel.java:792) ~[STM32CubeMX.jar:?]
	at com.st.microxplorer.plugins.filemanager.engine.OpenFileManager.loadConfigurationFile(OpenFileManager.java:288) ~[filemanager.jar:?]
	at com.st.microxplorer.plugins.filemanager.engine.MainFileManager.userLoadConfig(MainFileManager.java:364) ~[filemanager.jar:?]
	at com.st.microxplorer.plugins.filemanager.FileManagerView.getSpecificTask(FileManagerView.java:268) ~[filemanager.jar:?]
	at com.st.stm32cube.common.mx.editor.CubeMxEditor.getMxTabbedPaneInstance(CubeMxEditor.java:1191) ~[com.st.stm32cube.common.mx_6.15.0.202507011659/:?]
	at com.st.stm32cube.common.mx.editor.CubeMxEditor$12$1.createSwingComponent(CubeMxEditor.java:1068) ~[com.st.stm32cube.common.mx_6.15.0.202507011659/:?]
	at com.st.stm32cube.common.mx.oss.core.awtswtbridge.EmbeddedSwingComposite.doComponentCreation(EmbeddedSwingComposite.java:492) ~[com.st.stm32cube.common.mx.oss_6.15.0.202507011659/:?]
	at com.st.stm32cube.common.mx.oss.core.awtswtbridge.EmbeddedSwingComposite$4.run(EmbeddedSwingComposite.java:291) ~[com.st.stm32cube.common.mx.oss_6.15.0.202507011659/:?]
	at com.st.stm32cube.common.mx.oss.core.awtswtbridge.AwtEnvironment$2.run(AwtEnvironment.java:166) ~[com.st.stm32cube.common.mx.oss_6.15.0.202507011659/:?]
	at java.awt.event.InvocationEvent.dispatch(InvocationEvent.java:318) ~[?:?]
	at java.awt.EventQueue.dispatchEventImpl(EventQueue.java:773) ~[?:?]
	at java.awt.EventQueue$4.run(EventQueue.java:720) ~[?:?]
	at java.awt.EventQueue$4.run(EventQueue.java:714) ~[?:?]
	at java.security.AccessController.doPrivileged(AccessController.java:400) ~[?:?]
	at java.security.ProtectionDomain$JavaSecurityAccessImpl.doIntersectionPrivilege(ProtectionDomain.java:87) ~[?:?]
	at java.awt.EventQueue.dispatchEvent(EventQueue.java:742) ~[?:?]
	at java.awt.EventDispatchThread.pumpOneEventForFilters(EventDispatchThread.java:203) ~[?:?]
	at java.awt.EventDispatchThread.pumpEventsForFilter(EventDispatchThread.java:124) ~[?:?]
	at java.awt.EventDispatchThread.pumpEventsForHierarchy(EventDispatchThread.java:113) ~[?:?]
	at java.awt.EventDispatchThread.pumpEvents(EventDispatchThread.java:109) ~[?:?]
	at java.awt.EventDispatchThread.pumpEvents(EventDispatchThread.java:101) ~[?:?]
	at java.awt.EventDispatchThread.run(EventDispatchThread.java:90) ~[?:?]
2026-05-06 17:31:28,083 [WARN] ThirdParty:871 - waiting for thirdparty lock release [close project]
2026-05-06 17:31:28,083 [INFO] ThirdParty:873 - entering critical section [close project]
2026-05-06 17:31:28,083 [INFO] ThirdParty:883 - exiting critical section [close project]
2026-05-06 17:31:28,086 [INFO] PinOutPanel:1589 - setPackage(No Configuration,No Configuration)
2026-05-06 17:31:28,098 [WARN] IpParametersView:155 - Warning: This peripheral hasn't parameters
2026-05-06 17:31:28,103 [WARN] MainPanel:289 - <html><b><center>Warning: This peripheral has no parameters to be configured<br></b></html>
2026-05-06 17:31:28,108 [INFO] UtilMem:75 - Begin LoadConfig() Used Memory: 932824800 Bytes (1073741824)
2026-05-06 17:31:28,110 [INFO] OpenFileManager:355 - Change cursor
2026-05-06 17:31:28,142 [INFO] RulesReader:64 - Compatibility file has been processed (317 Rules)
2026-05-06 17:31:28,152 [INFO] ProjectFactory:514 - No CPN specified for board STM32F407G-DISC1 => set CPN to STM32F407VGT6
2026-05-06 17:31:28,152 [INFO] Mcu:2029 - Initializing MCU STM32F407V(E-G)Tx STM32F407VGTx STM32F407VGT6
2026-05-06 17:31:29,804 [INFO] Context:786 - Trying to add GPIOservice into a context  which must be forbidden
2026-05-06 17:31:30,434 [INFO] Rule:233 - rule 117617 - U5Cobra4M][GTZC] default value MPCBB3 and MPCBB5 - Not Secured memory - MPCBB1 is applicable
2026-05-06 17:31:30,435 [INFO] Rule:233 - rule 117617 - U5Cobra4M][GTZC] default value MPCBB3 and MPCBB5 - Not Secured memory - MPCBB1 is applicable
2026-05-06 17:31:30,435 [INFO] Rule:233 - rule 117617 - U5Cobra4M][GTZC] default value MPCBB3 and MPCBB5 - Not Secured memory - MPCBB2 is applicable
2026-05-06 17:31:30,435 [INFO] Rule:233 - rule 117617 - U5Cobra4M][GTZC] default value MPCBB3 and MPCBB5 - Not Secured memory - MPCBB2 is applicable
2026-05-06 17:31:30,435 [INFO] Rule:233 - rule 117617 - U5Cobra4M][GTZC] default value MPCBB3 and MPCBB5 - Not Secured memory - MPCBB3 is applicable
2026-05-06 17:31:30,435 [INFO] Rule:233 - rule 117617 - U5Cobra4M][GTZC] default value MPCBB3 and MPCBB5 - Not Secured memory - MPCBB3 is applicable
2026-05-06 17:31:30,435 [INFO] Rule:233 - rule 117617 - U5Cobra4M][GTZC] default value MPCBB3 and MPCBB5 - Not Secured memory - MPCBB4 is applicable
2026-05-06 17:31:30,435 [INFO] Rule:233 - rule 117617 - U5Cobra4M][GTZC] default value MPCBB3 and MPCBB5 - Not Secured memory - MPCBB4 is applicable
2026-05-06 17:31:30,435 [INFO] Rule:233 - rule 117617 - U5Cobra4M][GTZC] default value MPCBB3 and MPCBB5 - Secured memory - MPCBB1 is applicable
2026-05-06 17:31:30,435 [INFO] Rule:233 - rule 117617 - U5Cobra4M][GTZC] default value MPCBB3 and MPCBB5 - Secured memory - MPCBB2 is applicable
2026-05-06 17:31:30,435 [INFO] Rule:233 - rule 117617 - U5Cobra4M][GTZC] default value MPCBB3 and MPCBB5 - Secured memory - MPCBB3 is applicable
2026-05-06 17:31:30,435 [INFO] Rule:233 - rule 117617 - U5Cobra4M][GTZC] default value MPCBB3 and MPCBB5 - Secured memory - MPCBB4 is applicable
2026-05-06 17:31:30,435 [INFO] Rule:233 - rule 117617 - U5Cobra4M][GTZC] default value MPCBB3 and MPCBB5 - Privileged memory - MPCBB1 is applicable
2026-05-06 17:31:30,435 [INFO] Rule:233 - rule 117617 - U5Cobra4M][GTZC] default value MPCBB3 and MPCBB5 - Privileged memory - MPCBB2 is applicable
2026-05-06 17:31:30,435 [INFO] Rule:233 - rule 117617 - U5Cobra4M][GTZC] default value MPCBB3 and MPCBB5 - Privileged memory - MPCBB3 is applicable
2026-05-06 17:31:30,435 [INFO] Rule:233 - rule 117617 - U5Cobra4M][GTZC] default value MPCBB3 and MPCBB5 - Privileged memory - MPCBB4 is applicable
2026-05-06 17:31:30,435 [INFO] Rule:233 - rule 117617 - U5Cobra4M][GTZC] default value MPCBB3 and MPCBB5 - Not Privileged memory - MPCBB1 is applicable
2026-05-06 17:31:30,435 [INFO] Rule:233 - rule 117617 - U5Cobra4M][GTZC] default value MPCBB3 and MPCBB5 - Not Privileged memory - MPCBB2 is applicable
2026-05-06 17:31:30,436 [INFO] Rule:233 - rule 117617 - U5Cobra4M][GTZC] default value MPCBB3 and MPCBB5 - Not Privileged memory - MPCBB3 is applicable
2026-05-06 17:31:30,436 [INFO] Rule:233 - rule 117617 - U5Cobra4M][GTZC] default value MPCBB3 and MPCBB5 - Not Privileged memory - MPCBB4 is applicable
2026-05-06 17:31:30,436 [INFO] Rule:233 - rule 117617 - U5Cobra4M][GTZC] default value MPCBB3 and MPCBB5 - Privileged memory - MPCBB1 is applicable
2026-05-06 17:31:30,436 [INFO] Rule:233 - rule 117617 - U5Cobra4M][GTZC] default value MPCBB3 and MPCBB5 - Privileged memory - MPCBB2 is applicable
2026-05-06 17:31:30,436 [INFO] Rule:233 - rule 117617 - U5Cobra4M][GTZC] default value MPCBB3 and MPCBB5 - Privileged memory - MPCBB3 is applicable
2026-05-06 17:31:30,436 [INFO] Rule:233 - rule 117617 - U5Cobra4M][GTZC] default value MPCBB3 and MPCBB5 - Privileged memory - MPCBB4 is applicable
2026-05-06 17:31:30,436 [INFO] Rule:233 - rule 117617 - U5Cobra4M][GTZC] default value MPCBB3 and MPCBB5 - Privileged memory - MPCBB1 is applicable
2026-05-06 17:31:30,436 [INFO] Rule:233 - rule 117617 - U5Cobra4M][GTZC] default value MPCBB3 and MPCBB5 - Privileged memory - MPCBB2 is applicable
2026-05-06 17:31:30,436 [INFO] Rule:233 - rule 117617 - U5Cobra4M][GTZC] default value MPCBB3 and MPCBB5 - Privileged memory - MPCBB3 is applicable
2026-05-06 17:31:30,436 [INFO] Rule:233 - rule 117617 - U5Cobra4M][GTZC] default value MPCBB3 and MPCBB5 - Privileged memory - MPCBB4 is applicable
2026-05-06 17:31:30,436 [INFO] Rule:233 - rule 117617 - U5Cobra4M][GTZC] default value MPCBB3 and MPCBB5 - Not Privileged memory - MPCBB1 is applicable
2026-05-06 17:31:30,436 [INFO] Rule:233 - rule 117617 - U5Cobra4M][GTZC] default value MPCBB3 and MPCBB5 - Not Privileged memory - MPCBB2 is applicable
2026-05-06 17:31:30,436 [INFO] Rule:233 - rule 117617 - U5Cobra4M][GTZC] default value MPCBB3 and MPCBB5 - Not Privileged memory - MPCBB3 is applicable
2026-05-06 17:31:30,436 [INFO] Rule:233 - rule 117617 - U5Cobra4M][GTZC] default value MPCBB3 and MPCBB5 - Not Privileged memory - MPCBB4 is applicable
2026-05-06 17:31:30,436 [INFO] Rule:233 - rule 117617 - U5Cobra4M][GTZC] default value MPCBB3 and MPCBB5 - Privileged memory - MPCBB1 is applicable
2026-05-06 17:31:30,436 [INFO] Rule:233 - rule 117617 - U5Cobra4M][GTZC] default value MPCBB3 and MPCBB5 - Privileged memory - MPCBB2 is applicable
2026-05-06 17:31:30,436 [INFO] Rule:233 - rule 117617 - U5Cobra4M][GTZC] default value MPCBB3 and MPCBB5 - Privileged memory - MPCBB3 is applicable
2026-05-06 17:31:30,436 [INFO] Rule:233 - rule 117617 - U5Cobra4M][GTZC] default value MPCBB3 and MPCBB5 - Privileged memory - MPCBB4 is applicable
2026-05-06 17:31:30,436 [INFO] Rule:233 - rule Rename SubGHz_Phy SUBGHZ_APPLICATION SUBGHZ_PINGPONG to SUBGHZ_ADV_APPLICATION is applicable
2026-05-06 17:31:30,436 [INFO] Rule:233 - rule Rename Enabled to IBEACON is applicable
2026-05-06 17:31:30,436 [INFO] Rule:233 - rule GTZC_S instance for project manager is applicable
2026-05-06 17:31:30,436 [INFO] Rule:233 - rule GTZC_S instance for context M33S is applicable
2026-05-06 17:31:30,436 [INFO] Rule:233 - rule GTZC_S instance value for IP GTZC is applicable
2026-05-06 17:31:30,436 [INFO] Rule:233 - rule GTZC_S instance for mcu.IP is applicable
2026-05-06 17:31:30,436 [INFO] Rule:233 - rule GTZC_S instance for VP is applicable
2026-05-06 17:31:30,436 [INFO] Rule:233 - rule GTZC_S instance for signal is applicable
2026-05-06 17:31:30,436 [INFO] Rule:233 - rule GTZC_S instance for mcu.Pin is applicable
2026-05-06 17:31:30,436 [INFO] Rule:233 - rule GTZC_S instance for VP is applicable
2026-05-06 17:31:30,436 [INFO] Rule:233 - rule GTZC_S instance for signal is applicable
2026-05-06 17:31:30,436 [INFO] Rule:233 - rule GTZC_S instance for mcu is applicable
2026-05-06 17:31:30,436 [INFO] Rule:233 - rule GTZC_S instance for mcu.Pin is applicable
2026-05-06 17:31:30,436 [INFO] Rule:233 - rule GTZC_S instance value for IP GTZC is applicable
2026-05-06 17:31:30,436 [INFO] Rule:233 - rule GTZC_S instance for project manager is applicable
2026-05-06 17:31:30,436 [INFO] Rule:233 - rule GTZC_S instance for context M33S is applicable
2026-05-06 17:31:30,436 [INFO] Rule:233 - rule GTZC_S instance for VP is applicable
2026-05-06 17:31:30,436 [INFO] Rule:233 - rule GTZC_S instance for signal is applicable
2026-05-06 17:31:30,436 [INFO] Rule:233 - rule SPDIFRX instance for mcu is applicable
2026-05-06 17:31:30,436 [INFO] Rule:233 - rule Rename Tracer Mode is applicable
2026-05-06 17:31:30,436 [INFO] Rule:233 - rule SPDIFRX instance value for IP SPDIFRX is applicable
2026-05-06 17:31:30,437 [INFO] Rule:233 - rule SPDIFRX instance for signal is applicable
2026-05-06 17:31:30,437 [INFO] Rule:233 - rule SPDIFRX instance for project manager is applicable
2026-05-06 17:31:30,437 [INFO] Rule:233 - rule SPDIFRX instance for project manager is applicable
2026-05-06 17:31:30,437 [INFO] Rule:233 - rule ADC Scan  fix with FW F7 is applicable
2026-05-06 17:31:30,437 [INFO] Rule:233 - rule ADC Scan  fix with FW F7 is applicable
2026-05-06 17:31:30,437 [INFO] Rule:233 - rule WakeUp0 Mode is applicable
2026-05-06 17:31:30,437 [INFO] Rule:233 - rule WakeUp0 SIGNAL is applicable
2026-05-06 17:31:30,437 [INFO] Rule:233 - rule WakeUp1 Mode is applicable
2026-05-06 17:31:30,437 [INFO] Rule:233 - rule WakeUp1 SIGNAL is applicable
2026-05-06 17:31:30,437 [INFO] Rule:233 - rule WakeUp2 Mode is applicable
2026-05-06 17:31:30,437 [INFO] Rule:233 - rule WakeUp2 SIGNAL is applicable
2026-05-06 17:31:30,437 [INFO] Rule:233 - rule WakeUp4 Mode is applicable
2026-05-06 17:31:30,437 [INFO] Rule:233 - rule WakeUp4 SIGNAL is applicable
2026-05-06 17:31:30,437 [INFO] Rule:233 - rule WakeUp5 Mode is applicable
2026-05-06 17:31:30,437 [INFO] Rule:233 - rule WakeUp5 SIGNAL is applicable
2026-05-06 17:31:30,437 [INFO] Rule:233 - rule UART/USART WORD LENGTH 7 is applicable
2026-05-06 17:31:30,437 [INFO] Rule:233 - rule UART/USART WORD LENGTH 8 is applicable
2026-05-06 17:31:30,437 [INFO] Rule:233 - rule UART/USART WORD LENGTH 9 is applicable
2026-05-06 17:31:30,437 [INFO] Rule:233 - rule Change Default Value for LSE Drive Capability for WB family is applicable
2026-05-06 17:31:30,437 [INFO] Rule:233 - rule Change Default Value for ADC Clock Prescaler G0 family is applicable
2026-05-06 17:31:30,437 [INFO] Rule:233 - rule ADC SamplingTime fix with FW L0  is applicable
2026-05-06 17:31:30,437 [INFO] Rule:233 - rule ADC SamplingTime fix with FW L0  is applicable
2026-05-06 17:31:30,437 [INFO] Rule:233 - rule ADC SamplingTime fix with FW L0 is applicable
2026-05-06 17:31:30,437 [INFO] Rule:233 - rule ADC SamplingTime fix with FW L0 is applicable
2026-05-06 17:31:30,437 [INFO] Rule:233 - rule ADC SamplingTime fix with FW L0  is applicable
2026-05-06 17:31:30,437 [INFO] Rule:233 - rule ADC SamplingTime fix with FW L0 is applicable
2026-05-06 17:31:30,437 [INFO] Rule:233 - rule Rename USB_OE Signal is applicable
2026-05-06 17:31:30,437 [INFO] Rule:233 - rule Rename Activate_OE Mode is applicable
2026-05-06 17:31:30,437 [INFO] Rule:233 - rule Rename DIE462/DIE415 pin PC14/OSC32_IN -> PC14-OSC32_IN (PC14) is applicable
2026-05-06 17:31:30,437 [INFO] Rule:233 - rule Rename DIE462/DIE415 pin PC15/OSC32_OUT -> PC15-OSC32_OUT (PC15) is applicable
2026-05-06 17:31:30,437 [INFO] Rule:233 - rule Rename DIE462/DIE415 pin PH0/OSC_IN -> PH0-OSC_IN (PH0) is applicable
2026-05-06 17:31:30,437 [INFO] Rule:233 - rule Rename DIE462/DIE415 pin PH1/OSC_OUT -> PH1-OSC_OUT (PH1) is applicable
2026-05-06 17:31:30,437 [INFO] Rule:233 - rule Rename DIE462 pin PA13 -> PA13 (JTMS/SWDIO) is applicable
2026-05-06 17:31:30,437 [INFO] Rule:233 - rule Rename DIE415 pin PA13 -> PA13 (JTMS/SWDIO) is applicable
2026-05-06 17:31:30,437 [INFO] Rule:233 - rule Rename DIE462 pin PA14 -> PA14 (JTCK/SWCLK) is applicable
2026-05-06 17:31:30,437 [INFO] Rule:233 - rule Rename DIE415 pin PA14 -> PA14 (JTCK/SWCLK) is applicable
2026-05-06 17:31:30,437 [INFO] Rule:233 - rule Rename DIE462/DIE415 pin PA15 -> PA15 (JTDI) is applicable
2026-05-06 17:31:30,437 [INFO] Rule:233 - rule Rename DIE462 pin PB3 -> PB3 (JTD0/TRACESWO) is applicable
2026-05-06 17:31:30,437 [INFO] Rule:233 - rule Rename DIE415 pin PB3 -> PB3 (JTD0-TRACESWO) is applicable
2026-05-06 17:31:30,437 [INFO] Rule:233 - rule Rename DIE462/DIE415 pin PB4 -> PB4 (NJTRST) is applicable
2026-05-06 17:31:30,437 [INFO] Rule:233 - rule Rename DIE462 pin PH3/BOOT0 -> PH3-BOOT0 (BOOT0) is applicable
2026-05-06 17:31:30,438 [INFO] Rule:233 - rule Rename CRYP DataEncryptionTypesList to Algorithm is applicable
2026-05-06 17:31:30,438 [INFO] Rule:233 - rule Rename AES DataEncryptionTypesList to Algorithm is applicable
2026-05-06 17:31:30,438 [INFO] Rule:233 - rule Rename TDESECB to CRYP_TDES_ECB is applicable
2026-05-06 17:31:30,438 [INFO] Rule:233 - rule Rename TDESCBC to CRYP_TDES_CBC is applicable
2026-05-06 17:31:30,438 [INFO] Rule:233 - rule Rename DESECB to CRYP_DES_ECB is applicable
2026-05-06 17:31:30,438 [INFO] Rule:233 - rule Rename DESCBC to CRYP_DES_CBC is applicable
2026-05-06 17:31:30,438 [INFO] Rule:233 - rule Rename AESECB to CRYP_AES_ECB is applicable
2026-05-06 17:31:30,438 [INFO] Rule:233 - rule Rename AESCBC to CRYP_AES_CBC is applicable
2026-05-06 17:31:30,438 [INFO] Rule:233 - rule Rename AESCTR to CRYP_AES_CTR is applicable
2026-05-06 17:31:30,438 [INFO] Rule:233 - rule Rename AESGCM to CRYP_AES_GCM is applicable
2026-05-06 17:31:30,438 [INFO] Rule:233 - rule Rename AESCCM to CRYP_AES_CCM is applicable
2026-05-06 17:31:30,438 [INFO] Rule:233 - rule Rename CAN TimeSeg1 to BS1 is applicable
2026-05-06 17:31:30,438 [INFO] Rule:233 - rule Rename CAN TimeSeg2 to BS2 is applicable
2026-05-06 17:31:30,438 [INFO] Rule:233 - rule Rename CAN SyncJumpWidth to SJW is applicable
2026-05-06 17:31:30,438 [INFO] Rule:233 - rule TimeTriggeredMode to TTCM is applicable
2026-05-06 17:31:30,438 [INFO] Rule:233 - rule Rename CAN AutoBusOff to ABOM is applicable
2026-05-06 17:31:30,438 [INFO] Rule:233 - rule Rename CAN AutoWakeUp to AWUM is applicable
2026-05-06 17:31:30,438 [INFO] Rule:233 - rule Rename CAN AutoRetransmission to NART is applicable
2026-05-06 17:31:30,438 [INFO] Rule:233 - rule Rename CAN ReceiveFifoLocked to RFLM is applicable
2026-05-06 17:31:30,438 [INFO] Rule:233 - rule Rename CAN TransmitFifoPriority to TXFP is applicable
2026-05-06 17:31:30,438 [INFO] Rule:233 - rule Rename HRTIMER HRTIM_OUTPUTFAULTLEVEL_HIGH in HRTIMER HRTIM_OUTPUTFAULTLEVEL_HIGHZ is applicable
2026-05-06 17:31:30,438 [INFO] Rule:233 - rule Rename TIMER TIM_CLEARINPUTSOURCE_OCREFCLR in  TIMER TIM_CLEARINPUTSOURCE_NONE for F7 family is applicable
2026-05-06 17:31:30,438 [INFO] Rule:233 - rule FDCAN_R1 - Rename FDCAN mode Master into Classic is applicable
2026-05-06 17:31:30,438 [INFO] Rule:233 - rule FDCAN_R2 - Rename FDCAN mode Slave into Classic is applicable
2026-05-06 17:31:30,438 [INFO] Rule:233 - rule FDCAN1_R3 - if PA10.Mode=FullDuplex, add Pin PA12 is applicable
2026-05-06 17:31:30,438 [INFO] Rule:233 - rule FDCAN1_R3 - if PA9.Mode=FullDuplex, add Pin PA11 is applicable
2026-05-06 17:31:30,438 [INFO] Rule:233 - rule FDCAN1_R3 - Alternatepin_1 - if PE1.Mode=FullDuplex, add Pin PB9 is applicable
2026-05-06 17:31:30,438 [INFO] Rule:233 - rule FDCAN1_R3 - Alternatepin_1 - if PE0.Mode=FullDuplex, add Pin PB8 is applicable
2026-05-06 17:31:30,438 [INFO] Rule:233 - rule FDCAN1_R3 - Alternatepin_2 - if PD5.Mode=FullDuplex, add Pin PD1 is applicable
2026-05-06 17:31:30,438 [INFO] Rule:233 - rule FDCAN1_R3 - Alternatepin_2 - if PD4.Mode=FullDuplex, add Pin PD0 is applicable
2026-05-06 17:31:30,438 [INFO] Rule:233 - rule FDCAN1_R4 - Rename Mode FullDuplex into Enable FDCAN_TXFD for pin PA10 is applicable
2026-05-06 17:31:30,438 [INFO] Rule:233 - rule FDCAN1_R4 - Rename Mode FullDuplex into Enable FDCAN_TXFD for pin PA9 is applicable
2026-05-06 17:31:30,438 [INFO] Rule:233 - rule FDCAN1_R4 - Alternatepin_1 - Rename Mode FullDuplex into Enable FDCAN_TXFD for pin PE1 is applicable
2026-05-06 17:31:30,438 [INFO] Rule:233 - rule FDCAN1_R4 - Alternatepin_1 - Rename Mode FullDuplex into Enable FDCAN_TXFD for pin PE0 is applicable
2026-05-06 17:31:30,438 [INFO] Rule:233 - rule FDCAN1_R4 - Alternatepin_2 - Rename Mode FullDuplex into Enable FDCAN_TXFD for pin PD5 is applicable
2026-05-06 17:31:30,438 [INFO] Rule:233 - rule FDCAN1_R4 - Alternatepin_2 - Rename Mode FullDuplex into Enable FDCAN_TXFD for pin PD4 is applicable
2026-05-06 17:31:30,438 [INFO] Rule:233 - rule FDCAN2_R3 - if PD10.Mode=FullDuplex, add Pin PB13 is applicable
2026-05-06 17:31:30,438 [INFO] Rule:233 - rule FDCAN2_R3 - if PD9.Mode=FullDuplex, add Pin PB12 is applicable
2026-05-06 17:31:30,438 [INFO] Rule:233 - rule FDCAN2_R3 - Alternatepin_1 - if PB7.Mode=FullDuplex, add Pin PB6 is applicable
2026-05-06 17:31:30,438 [INFO] Rule:233 - rule FDCAN2_R3 - Alternatepin_1 - if PD9.Mode=FullDuplex, add Pin PB12 is applicable
2026-05-06 17:31:30,438 [INFO] Rule:233 - rule FDCAN2_R4 - Rename Mode FullDuplex into Enable FDCAN_TXFD for pin PD10 is applicable
2026-05-06 17:31:30,438 [INFO] Rule:233 - rule FDCAN2_R4 - Rename Mode FullDuplex into Enable FDCAN_TXFD for pin PD9 is applicable
2026-05-06 17:31:30,438 [INFO] Rule:233 - rule FDCAN2_R4 - Alternatepin_1 - Rename Mode FullDuplex into Enable FDCAN_TXFD for pin PB7 is applicable
2026-05-06 17:31:30,438 [INFO] Rule:233 - rule FDCAN2_R4 - Alternatepin_1 - Rename Mode FullDuplex into Enable FDCAN_TXFD for pin PD6 is applicable
2026-05-06 17:31:30,438 [INFO] Rule:233 - rule USART TxPinLevelInvertParam Mode is applicable
2026-05-06 17:31:30,438 [INFO] Rule:233 - rule USART RxPinLevelInvertParam Mode is applicable
2026-05-06 17:31:30,438 [INFO] Rule:233 - rule USART DataInvertParam Mode is applicable
2026-05-06 17:31:30,438 [INFO] Rule:233 - rule USART SwapParam Mode is applicable
2026-05-06 17:31:30,439 [INFO] Rule:233 - rule USART OverrunDisableParam Mode is applicable
2026-05-06 17:31:30,439 [INFO] Rule:233 - rule USART DMADisableonRxErrorParam Mode is applicable
2026-05-06 17:31:30,439 [INFO] Rule:233 - rule USART MSBFirstParam Mode is applicable
2026-05-06 17:31:30,439 [INFO] Rule:233 - rule Update MwName for USB_DEVICE is applicable
2026-05-06 17:31:30,439 [INFO] Rule:233 - rule Change PWR_Regulator_Voltage_Scale Default Value for RCC  H7 family is applicable
2026-05-06 17:31:30,439 [INFO] Rule:233 - rule UART/USART IPParameter rename Prescaler parameter to ClockPrescaler is applicable
2026-05-06 17:31:30,439 [INFO] Rule:233 - rule UART/USART Prescaler rename Prescaler parameter to ClockPrescaler is applicable
2026-05-06 17:31:30,439 [INFO] Rule:233 - rule TIM1CLockSelection is applicable
2026-05-06 17:31:30,439 [INFO] Rule:233 - rule TIM15CLockSelection is applicable
2026-05-06 17:31:30,439 [INFO] Rule:233 - rule align RCC SDMMC3CLockSelection default value on MP1 is applicable
2026-05-06 17:31:30,439 [INFO] Rule:233 - rule align RCC SDMMC12CLockSelection default value on MP1 is applicable
2026-05-06 17:31:30,439 [INFO] Rule:233 - rule align RCC QSPICLockSelection default value on MP1 is applicable
2026-05-06 17:31:30,439 [INFO] Rule:233 - rule align RCC QSPICLockSelection default value on MP1 is applicable
2026-05-06 17:31:30,439 [INFO] Rule:233 - rule align RCC SPI6CLockSelection default value on MP1 is applicable
2026-05-06 17:31:30,439 [INFO] Rule:233 - rule align RCC LPTIM23CLockSelection default value on MP1 is applicable
2026-05-06 17:31:30,439 [INFO] Rule:233 - rule align RCC LPTIM1CLockSelection default value on MP1 is applicable
2026-05-06 17:31:30,439 [INFO] Rule:233 - rule align RCC USART1CLockSelection default value on MP1 is applicable
2026-05-06 17:31:30,439 [INFO] Rule:233 - rule align RCC USART24CLockSelection default value on MP1 is applicable
2026-05-06 17:31:30,439 [INFO] Rule:233 - rule align RCC USART6CLockSelection default value on MP1 is applicable
2026-05-06 17:31:30,439 [INFO] Rule:233 - rule align RCC UART78CLockSelection default value on MP1 is applicable
2026-05-06 17:31:30,439 [INFO] Rule:233 - rule align RCC USART35CLockSelection default value on MP1 is applicable
2026-05-06 17:31:30,439 [INFO] Rule:233 - rule align RCC SPI45CLockSelection default value on MP1 is applicable
2026-05-06 17:31:30,439 [INFO] Rule:233 - rule align RCC I2C46CLockSelection BCLK value on MP1 is applicable
2026-05-06 17:31:30,439 [INFO] Rule:233 - rule align RCC SPI45CLockSelection default value on MP1 is applicable
2026-05-06 17:31:30,439 [INFO] Rule:233 - rule align RCC I2C12CLockSelection default value on MP1 is applicable
2026-05-06 17:31:30,439 [INFO] Rule:233 - rule align RCC I2C35CLockSelection default value on MP1 is applicable
2026-05-06 17:31:30,439 [INFO] Rule:233 - rule align RCC LPTIM45CLockSelection default value on MP1 is applicable
2026-05-06 17:31:30,439 [INFO] Rule:233 - rule Rename DCMI PIXCK signal is applicable
2026-05-06 17:31:30,439 [INFO] Rule:233 - rule Change Default Value for I2C46CLockSelection MP1 family is applicable
2026-05-06 17:31:30,439 [INFO] Rule:233 - rule Change Default Value for UART for G4, G0 and WB families is applicable
2026-05-06 17:31:30,439 [INFO] Rule:233 - rule Change Default Value for USART for G4, G0 and WB families is applicable
2026-05-06 17:31:30,439 [INFO] Rule:233 - rule Change Default Value for USART for G4 family is applicable
2026-05-06 17:31:30,439 [INFO] Rule:233 - rule Change USART1CLockSelection refparam name for MP1 is applicable
2026-05-06 17:31:30,439 [INFO] Rule:233 - rule Change USART2CLockSelection refparam name for MP1 is applicable
2026-05-06 17:31:30,439 [INFO] Rule:233 - rule Change USART3CLockSelection refparam name for MP1 is applicable
2026-05-06 17:31:30,439 [INFO] Rule:233 - rule Change UART4CLockSelection refparam name for MP1 is applicable
2026-05-06 17:31:30,439 [INFO] Rule:233 - rule Change UART5CLockSelection refparam name for MP1 is applicable
2026-05-06 17:31:30,439 [INFO] Rule:233 - rule Change LPUART1CLockSelection refparam name for MP1 is applicable
2026-05-06 17:31:30,439 [INFO] Rule:233 - rule Change LPTIM1CLockSelection refparam name for MP1 is applicable
2026-05-06 17:31:30,439 [INFO] Rule:233 - rule Change LPTIM2CLockSelection refparam name for MP1 is applicable
2026-05-06 17:31:30,439 [INFO] Rule:233 - rule Change RCC_MCO1Source refparam name for MP1 is applicable
2026-05-06 17:31:30,439 [INFO] Rule:233 - rule Change LSCOSource1 refparam name for MP1 is applicable
2026-05-06 17:31:30,439 [INFO] Rule:233 - rule Change SMPSCLockSelection refparam name for MP1 is applicable
2026-05-06 17:31:30,439 [INFO] Rule:233 - rule Change LPTIM3CLockSelection refparam name for MP1 is applicable
2026-05-06 17:31:30,439 [INFO] Rule:233 - rule Change MPCBB* Default Template Mode to Parameters is applicable
2026-05-06 17:31:30,439 [INFO] Rule:233 - rule Change MPCWM* or MPCBB* Secure Mode to Parameters is applicable
2026-05-06 17:31:30,439 [INFO] Rule:233 - rule Change MPCWM* or MPCBB* No Secure Mode to Parameters is applicable
2026-05-06 17:31:30,439 [INFO] Rule:233 - rule Change TZSC IP Secure Mode to Parameters is applicable
2026-05-06 17:31:30,439 [INFO] Rule:233 - rule Change TZSC IP No Secure Mode to Parameters is applicable
2026-05-06 17:31:30,439 [INFO] Rule:233 - rule Change TZSC IP Privilege Mode to Parameters is applicable
2026-05-06 17:31:30,439 [INFO] Rule:233 - rule Change TZSC IP No Privilege Mode to Parameters is applicable
2026-05-06 17:31:30,439 [INFO] Rule:233 - rule Change TZIC IT Secure Mode to Parameters is applicable
2026-05-06 17:31:30,440 [INFO] Rule:233 - rule Change TZIC IT No Secure Mode to Parameters is applicable
2026-05-06 17:31:30,440 [INFO] Rule:233 - rule Add MPCBB1_NonSecureArea_Start_Address value with referenced to MPCBB1_NonSecureArea_Start value is applicable
2026-05-06 17:31:30,440 [INFO] Rule:233 - rule Add MPCBB2_NonSecureArea_Start_Address value with referenced to MPCBB2_NonSecureArea_Start value is applicable
2026-05-06 17:31:30,440 [INFO] Rule:233 - rule Add MPCWM1_NonSecureArea*_Start_Address value with referenced to MPCWM1_NonSecureArea*_Start value is applicable
2026-05-06 17:31:30,440 [INFO] Rule:233 - rule Add MPCWM2_NonSecureArea*_Start_Address value with referenced to MPCWM2_NonSecureArea*_Start value is applicable
2026-05-06 17:31:30,440 [INFO] Rule:233 - rule Add MPCWM3_NonSecureArea_Start_Address value with referenced to MPCWM3_NonSecureArea_Start value is applicable
2026-05-06 17:31:30,440 [INFO] Rule:233 - rule Change Default Value for PLL1UserDefinedConfig is applicable
2026-05-06 17:31:30,440 [INFO] Rule:233 - rule Change GPIO_PuPd Default Value for USART in async mode is applicable
2026-05-06 17:31:30,440 [INFO] Rule:233 - rule Change SMPSDivider Default Value is applicable
2026-05-06 17:31:30,440 [INFO] Rule:233 - rule OPAMP is applicable
2026-05-06 17:31:30,440 [INFO] Rule:233 - rule LPUART IPParameter rename Prescaler parameter to ClockPrescaler for STM32H7 is applicable
2026-05-06 17:31:30,440 [INFO] Rule:233 - rule LPUART IPParameter rename Prescaler parameter to ClockPrescaler for STM32H7 is applicable
2026-05-06 17:31:30,440 [INFO] Rule:233 - rule LPUART IPParameter rename Prescaler parameter to ClockPrescaler for STM32WB is applicable
2026-05-06 17:31:30,440 [INFO] Rule:233 - rule LPUART IPParameter rename Prescaler parameter to ClockPrescaler for STM32WB is applicable
2026-05-06 17:31:30,440 [INFO] Rule:233 - rule LPUART IPParameter rename Prescaler parameter to ClockPrescaler for STM32G4 is applicable
2026-05-06 17:31:30,440 [INFO] Rule:233 - rule LPUART IPParameter rename Prescaler parameter to ClockPrescaler for STM32G4 is applicable
2026-05-06 17:31:30,440 [INFO] Rule:233 - rule LPUART IPParameter rename Prescaler parameter to ClockPrescaler for STM32L5 is applicable
2026-05-06 17:31:30,440 [INFO] Rule:233 - rule LPUART IPParameter rename Prescaler parameter to ClockPrescaler for STM32L5 is applicable
2026-05-06 17:31:30,440 [INFO] Rule:233 - rule LPUART IPParameter rename Prescaler parameter to ClockPrescaler for STM32G4 is applicable
2026-05-06 17:31:30,440 [INFO] Rule:233 - rule LPUART IPParameter rename Prescaler parameter to ClockPrescaler for STM32G4 is applicable
2026-05-06 17:31:30,440 [INFO] Rule:233 - rule USB device lib V2.5.3 for L0 rename USBD_SUPPORT_USER_STRING parameter to USBD_SUPPORT_USER_STRING_DESC4 is applicable
2026-05-06 17:31:30,440 [INFO] Rule:233 - rule I2SCLockSelection clock entry align is applicable
2026-05-06 17:31:30,440 [INFO] Rule:233 - rule Assign TIMx context if used as SYS timebase is applicable
2026-05-06 17:31:30,440 [INFO] Rule:233 - rule Change GPIO_Pu Default Value for I2C is applicable
2026-05-06 17:31:30,440 [INFO] Rule:233 - rule Change GPIO_Pu Default Value for SMBus is applicable
2026-05-06 17:31:30,440 [INFO] Rule:233 - rule change FDCAN default value is applicable
2026-05-06 17:31:30,440 [INFO] Rule:233 - rule Change mode sai is applicable
2026-05-06 17:31:30,440 [INFO] Rule:233 - rule **Change sai mode is applicable
2026-05-06 17:31:30,440 [INFO] Rule:233 - rule Rename STM32WPAN CFG_BLE_IRK to CFG_BLE_IR is applicable
2026-05-06 17:31:30,440 [INFO] Rule:233 - rule Rename STM32WPAN CFG_BLE_ERK to CFG_BLE_ER is applicable
2026-05-06 17:31:30,440 [INFO] Rule:233 - rule Rename STM32WPAN CFG_BLE_IRK_HEX to CFG_BLE_IR_HEX is applicable
2026-05-06 17:31:30,440 [INFO] Rule:233 - rule Rename STM32WPAN CFG_BLE_ERK_HEX to CFG_BLE_ER_HEX is applicable
2026-05-06 17:31:30,440 [INFO] Rule:233 - rule Adapt Old IOC before rework replace old CORTEX_M33/CORTEX_M55 attributes by the new one. is applicable
2026-05-06 17:31:30,440 [INFO] Rule:233 - rule Rename parametre of RCC RCC_APBDBG_DIV2 to RCC_TIMPRES_DIV2 is applicable
2026-05-06 17:31:30,440 [INFO] Rule:233 - rule Rename DIE493 pin PA10 [PA12] -> PA10 is applicable
2026-05-06 17:31:30,440 [INFO] Rule:233 - rule Rename DIE493 pin PA9 [PA11] -> PA9 is applicable
2026-05-06 17:31:30,440 [INFO] Rule:233 - rule Rename DIE492 PartNumber CPN STM32WBA5MJGHx -> STM32WBA5MMGHx is applicable
2026-05-06 17:31:30,440 [INFO] Rule:233 - rule Rename DIE492 PartNumber  Name STM32WBA5MJGHx -> STM32WBA5MMGHx is applicable
2026-05-06 17:31:30,440 [INFO] Rule:233 - rule Rename DIE492 PartNumber UserName STM32WBA5MJGHx -> STM32WBA5MMGHx is applicable
2026-05-06 17:31:30,440 [INFO] Rule:233 - rule Rename DIE492 PartNumber DeviceId STM32WBA5MJGHx -> STM32WBA5MMGHx is applicable
2026-05-06 17:31:30,440 [INFO] Rule:233 - rule Adapt Old IOC CSI. is applicable
2026-05-06 17:31:30,440 [INFO] Rule:233 - rule Adapt Old IOC DCMIPP. is applicable
2026-05-06 17:31:30,440 [INFO] Rule:233 - rule Adapt Old IOC DCMIPP Mode Parallel. is applicable
2026-05-06 17:31:30,440 [INFO] Rule:233 - rule Adapt Old IOC LTDC. is applicable
2026-05-06 17:31:30,440 [INFO] Rule:233 - rule Rename STM32MP2 RIF Peripheral LTDC RIF.RISUP.LTDC_L0L1.Privilege -> RIF.RISUP.LTDC_L1L2.Privilege is applicable
2026-05-06 17:31:30,440 [INFO] Rule:233 - rule Rename STM32MP2 RIF Peripheral LTDC RIF.RISUP.LTDC_L0L1.Privilege -> RIF.RISUP.LTDC_L1L2.Privilege is applicable
2026-05-06 17:31:30,440 [INFO] Rule:233 - rule Rename STM32MP2 RIF Peripheral LTDC RIF.RISUP.LTDC_L0L1.Lock -> RIF.RISUP.LTDC_L1L2.Lock is applicable
2026-05-06 17:31:30,440 [INFO] Rule:233 - rule Rename STM32MP2 RIF Peripheral LTDC RIF.RISUP.LTDC_L2.Lock -> RIF.RISUP.LTDC_L3.Lock is applicable
2026-05-06 17:31:30,440 [INFO] Rule:233 - rule Adapt the old IOC example for updating the SYS when it is misconfigured. is applicable
2026-05-06 17:31:30,440 [INFO] Rule:233 - rule Rename STM32C09 Mcu.Package LQFP64 -> LQFP48 is applicable
2026-05-06 17:31:30,440 [INFO] Rule:233 - rule Adapt the old IOC example for updating the SYS when it is misconfigured. is applicable
2026-05-06 17:31:30,440 [INFO] Rule:233 - rule Adapt the old IOC example for updating the SYS when it is misconfigured. is applicable
2026-05-06 17:31:30,463 [INFO] DbConfProperties:307 - Apply Compatibility (38/250 Rules)
2026-05-06 17:31:30,480 [INFO] ImportTextPane:234 - (OptionalMessage_ERROR) Unable to find key (Mcu.ThirdPartyNb) in loaded IOC file
2026-05-06 17:31:30,481 [INFO] ImportTextPane:234 - (OptionalMessage_ERROR) Pin34 (VP_RIF_VS_RIF1) cannot be retrieved for this MCU
2026-05-06 17:31:30,722 [INFO] RtosManager:558 - Registered RTOS mode: class=CMSIS, group=RTOS, mode=CMSIS_V1, owner=FREERTOS
2026-05-06 17:31:30,722 [INFO] RtosManager:558 - Registered RTOS mode: class=CMSIS, group=RTOS2, mode=CMSIS_V2, owner=FREERTOS
2026-05-06 17:31:30,722 [INFO] RtosManager:558 - Registered RTOS mode: class=RTOS, group=Core, mode=CMSIS_V1, owner=FREERTOS
2026-05-06 17:31:30,722 [INFO] RtosManager:558 - Registered RTOS mode: class=RTOS, group=Core, mode=CMSIS_V2, owner=FREERTOS
2026-05-06 17:31:30,722 [WARN] ModelIntegratedComponent:184 - Missing modes for component STMicroelectronics:FreeRTOS:0.0.1:STMicroelectronics:RTOS:FreeRTOS:Core:::10.2.0:
2026-05-06 17:31:30,732 [WARN] ModelIntegratedComponent:63 - No mode defined for component null
2026-05-06 17:31:30,732 [WARN] ModelIntegratedComponent:63 - No mode defined for component null
2026-05-06 17:31:30,732 [WARN] ModelIntegratedComponent:63 - No mode defined for component null
2026-05-06 17:31:30,732 [WARN] ModelIntegratedComponent:63 - No mode defined for component null
2026-05-06 17:31:30,732 [WARN] ModelIntegratedComponent:63 - No mode defined for component null
2026-05-06 17:31:30,732 [WARN] ModelIntegratedComponent:63 - No mode defined for component null
2026-05-06 17:31:30,732 [WARN] ModelIntegratedComponent:63 - No mode defined for component null
2026-05-06 17:31:30,732 [WARN] ModelIntegratedComponent:63 - No mode defined for component null
2026-05-06 17:31:30,732 [WARN] ModelIntegratedComponent:63 - No mode defined for component null
2026-05-06 17:31:30,732 [WARN] ModelIntegratedComponent:63 - No mode defined for component null
2026-05-06 17:31:30,733 [WARN] ModelIntegratedComponent:63 - No mode defined for component null
2026-05-06 17:31:30,733 [WARN] ModelIntegratedComponent:63 - No mode defined for component null
2026-05-06 17:31:30,733 [WARN] ModelIntegratedComponent:63 - No mode defined for component null
2026-05-06 17:31:30,733 [WARN] ModelIntegratedComponent:63 - No mode defined for component null
2026-05-06 17:31:30,733 [WARN] ModelIntegratedComponent:63 - No mode defined for component null
2026-05-06 17:31:30,733 [WARN] ModelIntegratedComponent:63 - No mode defined for component null
2026-05-06 17:31:30,733 [WARN] ModelIntegratedComponent:63 - No mode defined for component null
2026-05-06 17:31:30,733 [WARN] ModelIntegratedComponent:63 - No mode defined for component null
2026-05-06 17:31:30,733 [WARN] ModelIntegratedComponent:63 - No mode defined for component null
2026-05-06 17:31:30,733 [WARN] ModelIntegratedComponent:63 - No mode defined for component null
2026-05-06 17:31:30,733 [WARN] ModelIntegratedComponent:63 - No mode defined for component null
2026-05-06 17:31:30,733 [WARN] ModelIntegratedComponent:63 - No mode defined for component null
2026-05-06 17:31:30,733 [WARN] ModelIntegratedComponent:63 - No mode defined for component null
2026-05-06 17:31:30,733 [WARN] ModelIntegratedComponent:63 - No mode defined for component null
2026-05-06 17:31:30,733 [WARN] ModelIntegratedComponent:63 - No mode defined for component null
2026-05-06 17:31:30,733 [WARN] ModelIntegratedComponent:63 - No mode defined for component null
2026-05-06 17:31:30,733 [WARN] ModelIntegratedComponent:63 - No mode defined for component null
2026-05-06 17:31:30,733 [WARN] ModelIntegratedComponent:63 - No mode defined for component null
2026-05-06 17:31:30,733 [WARN] ModelIntegratedComponent:63 - No mode defined for component null
2026-05-06 17:31:30,733 [WARN] ModelIntegratedComponent:63 - No mode defined for component null
2026-05-06 17:31:30,733 [WARN] ModelIntegratedComponent:63 - No mode defined for component null
2026-05-06 17:31:30,733 [WARN] ModelIntegratedComponent:63 - No mode defined for component null
2026-05-06 17:31:30,733 [WARN] ModelIntegratedComponent:63 - No mode defined for component null
2026-05-06 17:31:30,733 [WARN] ModelIntegratedComponent:63 - No mode defined for component null
2026-05-06 17:31:30,733 [WARN] ModelIntegratedComponent:63 - No mode defined for component null
2026-05-06 17:31:30,733 [WARN] ModelPack:524 - Component already loaded: STMicroelectronics:HAL Drivers:0.0.0:STMicroelectronics:Device:STMicro_Driver:XSPI:HAL::0.0.1:HAL_XSPI
2026-05-06 17:31:30,833 [INFO] ThirdPartyModel:298 - Start build external matchings
2026-05-06 17:31:31,755 [INFO] ThirdPartyModel:316 - End build external matchings
2026-05-06 17:31:32,095 [INFO] UtilMem:75 - End LoadConfig() Used Memory: 960038664 Bytes (1073741824)
2026-05-06 17:31:32,182 [WARN] ThirdParty:833 - waiting for thirdparty lock release [change project]
2026-05-06 17:31:32,184 [INFO] ThirdParty:835 - entering critical section [change project]
2026-05-06 17:31:32,184 [INFO] ThirdParty:1030 - CMSIS Pack Vendor :STMicroelectronics X-CUBE-AZRTOS-H7 3.5.0
2026-05-06 17:31:32,184 [INFO] ThirdParty:1030 - CMSIS Pack Vendor :STMicroelectronics X-CUBE-PM33A1 1.0.0
2026-05-06 17:31:32,184 [INFO] ThirdParty:1030 - CMSIS Pack Vendor :STMicroelectronics USBPD 4.1
2026-05-06 17:31:32,184 [INFO] ThirdParty:1030 - CMSIS Pack Vendor :STMicroelectronics X-CUBE-NFC9 1.0.0
2026-05-06 17:31:32,184 [INFO] ThirdParty:1030 - CMSIS Pack Vendor :STMicroelectronics USB_HOST 2.0.0
2026-05-06 17:31:32,184 [INFO] ThirdParty:1030 - CMSIS Pack Vendor :STMicroelectronics X-CUBE-AZRTOS-F4 1.1.0
2026-05-06 17:31:32,184 [INFO] ThirdParty:1030 - CMSIS Pack Vendor :STMicroelectronics LIBJPEG 8.0.0
2026-05-06 17:31:32,184 [INFO] ThirdParty:1030 - CMSIS Pack Vendor :STMicroelectronics FP-ATR-ASTRA1 2.0.2
2026-05-06 17:31:32,184 [INFO] ThirdParty:1030 - CMSIS Pack Vendor :STMicroelectronics X-CUBE-BLE1 7.1.0
2026-05-06 17:31:32,184 [INFO] ThirdParty:1030 - CMSIS Pack Vendor :STMicroelectronics X-CUBE-SMBUS 2.1.0
2026-05-06 17:31:32,184 [INFO] ThirdParty:1030 - CMSIS Pack Vendor :wolfSSL I-CUBE-wolfMQTT 1.19.2
2026-05-06 17:31:32,184 [INFO] ThirdParty:1030 - CMSIS Pack Vendor :STMicroelectronics USB_DEVICE 3.0.0
2026-05-06 17:31:32,184 [INFO] ThirdParty:1030 - CMSIS Pack Vendor :STMicroelectronics X-CUBE-ISPU 2.1.0
2026-05-06 17:31:32,184 [INFO] ThirdParty:1030 - CMSIS Pack Vendor :STMicroelectronics X-CUBE-EEPRMA1 5.2.0
2026-05-06 17:31:32,184 [INFO] ThirdParty:1030 - CMSIS Pack Vendor :STMicroelectronics X-CUBE-IPS 3.2.0
2026-05-06 17:31:32,184 [INFO] ThirdParty:1030 - CMSIS Pack Vendor :STMicroelectronics X-CUBE-BLEMGR 4.1.0
2026-05-06 17:31:32,184 [INFO] ThirdParty:1030 - CMSIS Pack Vendor :STMicroelectronics eDS-WB_DPC_TT-BIDIR 2.1.1
2026-05-06 17:31:32,184 [INFO] ThirdParty:1030 - CMSIS Pack Vendor :STMicroelectronics X-CUBE-AZRTOS-WB 2.0.0
2026-05-06 17:31:32,184 [INFO] ThirdParty:1030 - CMSIS Pack Vendor :wolfSSL I-CUBE-wolfSSL 5.8.4
2026-05-06 17:31:32,184 [INFO] ThirdParty:1030 - CMSIS Pack Vendor :Cesanta I-CUBE-Mongoose 7.20.0
2026-05-06 17:31:32,184 [INFO] ThirdParty:1030 - CMSIS Pack Vendor :STMicroelectronics X-CUBE-NFC12 1.0.0
2026-05-06 17:31:32,184 [INFO] ThirdParty:1030 - CMSIS Pack Vendor :STMicroelectronics X-CUBE-AZRTOS-F7 1.1.0
2026-05-06 17:31:32,184 [INFO] ThirdParty:1030 - CMSIS Pack Vendor :STMicroelectronics X-CUBE-AZRTOS-L5 2.0.0
2026-05-06 17:31:32,184 [INFO] ThirdParty:1030 - CMSIS Pack Vendor :STMicroelectronics USB_DEVICE 2.0.0
2026-05-06 17:31:32,184 [INFO] ThirdParty:1030 - CMSIS Pack Vendor :STMicroelectronics FP-SNS-STAIOTCFT 1.1.0
2026-05-06 17:31:32,185 [INFO] ThirdParty:1030 - CMSIS Pack Vendor :quantropi X-CUBE-qispace-sdk-base 2.1.0
2026-05-06 17:31:32,185 [INFO] ThirdParty:1030 - CMSIS Pack Vendor :STMicroelectronics X-CUBE-MEMS1 12.0.0
2026-05-06 17:31:32,185 [INFO] ThirdParty:1030 - CMSIS Pack Vendor :STMicroelectronics X-CUBE-STSE01 2.0.0
2026-05-06 17:31:32,185 [INFO] ThirdParty:1030 - CMSIS Pack Vendor :STMicroelectronics FP-SNS-MOTENV1 5.1.0
2026-05-06 17:31:32,185 [INFO] ThirdParty:1030 - CMSIS Pack Vendor :STMicroelectronics FreeRTOS 0.0.1
2026-05-06 17:31:32,185 [INFO] ThirdParty:1030 - CMSIS Pack Vendor :STMicroelectronics X-CUBE-AZRTOS-G0 1.1.0
2026-05-06 17:31:32,185 [INFO] ThirdParty:1030 - CMSIS Pack Vendor :STMicroelectronics X-CUBE-NFC4 3.0.0
2026-05-06 17:31:32,185 [INFO] ThirdParty:1030 - CMSIS Pack Vendor :STMicroelectronics X-CUBE-SUBG2 5.0.0
2026-05-06 17:31:32,185 [INFO] ThirdParty:1030 - CMSIS Pack Vendor :STMicroelectronics STM32_WPAN 1.0.0
2026-05-06 17:31:32,185 [INFO] ThirdParty:1030 - CMSIS Pack Vendor :STMicroelectronics eDS-WB_DPC_VIENNA 1.2.0
2026-05-06 17:31:32,185 [INFO] ThirdParty:1030 - CMSIS Pack Vendor :EmbeddedOffice I-CUBE-FS-RTOS 1.0.1
2026-05-06 17:31:32,185 [INFO] ThirdParty:1030 - CMSIS Pack Vendor :STMicroelectronics lwIP 2.0.3
2026-05-06 17:31:32,185 [INFO] ThirdParty:1030 - CMSIS Pack Vendor :WES I-CUBE-Cesium 1.4.0
2026-05-06 17:31:32,185 [INFO] ThirdParty:1030 - CMSIS Pack Vendor :STMicroelectronics eDS-WB_DPC_3PH2L-BIDIR 1.1.1
2026-05-06 17:31:32,185 [INFO] ThirdParty:1030 - CMSIS Pack Vendor :STMicroelectronics USB_HOST 1.0.0
2026-05-06 17:31:32,185 [INFO] ThirdParty:1030 - CMSIS Pack Vendor :STMicroelectronics X-CUBE-AZRTOS-G4 2.0.0
2026-05-06 17:31:32,185 [INFO] ThirdParty:1030 - CMSIS Pack Vendor :STMicroelectronics X-CUBE-WB05N 2.0.0
2026-05-06 17:31:32,185 [INFO] ThirdParty:1030 - CMSIS Pack Vendor :STMicroelectronics PDM2PCM 3.1.0
2026-05-06 17:31:32,185 [INFO] ThirdParty:1030 - CMSIS Pack Vendor :STMicroelectronics PDM2PCM 3.3.0
2026-05-06 17:31:32,185 [INFO] ThirdParty:1030 - CMSIS Pack Vendor :wolfSSL I-CUBE-wolfTPM 3.8.0
2026-05-06 17:31:32,185 [INFO] ThirdParty:1030 - CMSIS Pack Vendor :STMicroelectronics X-CUBE-DISPLAY 3.0.0
2026-05-06 17:31:32,185 [INFO] ThirdParty:1030 - CMSIS Pack Vendor :wolfSSL I-CUBE-wolfSSH 1.4.20
2026-05-06 17:31:32,185 [INFO] ThirdParty:1030 - CMSIS Pack Vendor :STMicroelectronics X-CUBE-NFC7 2.0.0
2026-05-06 17:31:32,185 [INFO] ThirdParty:1030 - CMSIS Pack Vendor :STMicroelectronics X-CUBE-GNSS1 7.1.1
2026-05-06 17:31:32,185 [INFO] ThirdParty:1030 - CMSIS Pack Vendor :STMicroelectronics FP-SNS-MOTENVWB1 1.5.0
2026-05-06 17:31:32,185 [INFO] ThirdParty:1030 - CMSIS Pack Vendor :STMicroelectronics X-CUBE-TCPP 4.2.0
2026-05-06 17:31:32,185 [INFO] ThirdParty:1030 - CMSIS Pack Vendor :RealThread X-CUBE-RT-Thread_Nano 4.1.1
2026-05-06 17:31:32,185 [INFO] ThirdParty:1030 - CMSIS Pack Vendor :STMicroelectronics FP-ATR-SIGFOX1 3.2.0
2026-05-06 17:31:32,185 [INFO] ThirdParty:1030 - CMSIS Pack Vendor :STMicroelectronics X-CUBE-NFC10 1.0.0
2026-05-06 17:31:32,185 [INFO] ThirdParty:1030 - CMSIS Pack Vendor :STMicroelectronics HAL Drivers 0.0.0
2026-05-06 17:31:32,185 [INFO] ThirdParty:1030 - CMSIS Pack Vendor :STMicroelectronics X-CUBE-FREERTOS 1.5.0
2026-05-06 17:31:32,185 [INFO] ThirdParty:1030 - CMSIS Pack Vendor :STMicroelectronics MBEDTLS 2.16.2
2026-05-06 17:31:32,185 [INFO] ThirdParty:1030 - CMSIS Pack Vendor :STMicroelectronics X-CUBE-ST60 1.1.0
2026-05-06 17:31:32,185 [INFO] ThirdParty:1030 - CMSIS Pack Vendor :STMicroelectronics X-CUBE-ALS 1.0.2
2026-05-06 17:31:32,185 [INFO] ThirdParty:1030 - CMSIS Pack Vendor :emotas I-CUBE-CANOPEN 1.3.0
2026-05-06 17:31:32,186 [INFO] ThirdParty:1030 - CMSIS Pack Vendor :STMicroelectronics MBEDTLS 2.14.1
2026-05-06 17:31:32,186 [INFO] ThirdParty:1030 - CMSIS Pack Vendor :STMicroelectronics X-CUBE-GNSS1 7.1.0
2026-05-06 17:31:32,186 [INFO] ThirdParty:1030 - CMSIS Pack Vendor :ITTIA_DB I-CUBE-ITTIADB 8.9.0
2026-05-06 17:31:32,186 [INFO] ThirdParty:1030 - CMSIS Pack Vendor :STMicroelectronics X-CUBE-TOUCHGFX 4.26.1
2026-05-06 17:31:32,186 [INFO] ThirdParty:1030 - CMSIS Pack Vendor :STMicroelectronics X-CUBE-NFC6 3.2.0
2026-05-06 17:31:32,186 [INFO] ThirdParty:1030 - CMSIS Pack Vendor :STMicroelectronics FP-SNS-STBOX1 2.1.0
2026-05-06 17:31:32,186 [INFO] ThirdParty:1030 - CMSIS Pack Vendor :STMicroelectronics X-CUBE-AI 10.2.0
2026-05-06 17:31:32,186 [INFO] ThirdParty:1030 - CMSIS Pack Vendor :STMicroelectronics FP-SNS-STAIOTCFT 1.0.0
2026-05-06 17:31:32,186 [INFO] ThirdParty:1030 - CMSIS Pack Vendor :STMicroelectronics ThreadX 1.0.0
2026-05-06 17:31:32,186 [INFO] ThirdParty:1030 - CMSIS Pack Vendor :STMicroelectronics FP-SNS-SMARTAG2 1.2.0
2026-05-06 17:31:32,186 [INFO] ThirdParty:1030 - CMSIS Pack Vendor :STMicroelectronics X-CUBE-MEMS1 12.1.0
2026-05-06 17:31:32,186 [INFO] ThirdParty:1030 - CMSIS Pack Vendor :STMicroelectronics FP-SNS-FLIGHT1 5.1.0
2026-05-06 17:31:32,186 [INFO] ThirdParty:1030 - CMSIS Pack Vendor :STMicroelectronics X-CUBE-AZRTOS-WL 2.0.0
2026-05-06 17:31:32,186 [INFO] ThirdParty:1030 - CMSIS Pack Vendor :SEGGER I-CUBE-embOS 1.3.1
2026-05-06 17:31:32,186 [INFO] ThirdParty:1030 - CMSIS Pack Vendor :STMicroelectronics X-CUBE-ALGOBUILD 1.4.0
2026-05-06 17:31:32,186 [INFO] ThirdParty:1030 - CMSIS Pack Vendor :STMicroelectronics X-CUBE-DPower 1.3.0
2026-05-06 17:31:32,186 [INFO] ThirdParty:1030 - CMSIS Pack Vendor :STMicroelectronics USB_DEVICE 1.0.0
2026-05-06 17:31:32,186 [INFO] ThirdParty:1030 - CMSIS Pack Vendor :STMicroelectronics X-CUBE-AZRTOS-H7RS 1.2.0
2026-05-06 17:31:32,186 [INFO] ThirdParty:1030 - CMSIS Pack Vendor :STMicroelectronics X-CUBE-AZRTOS-L4 2.0.0
2026-05-06 17:31:32,186 [INFO] ThirdParty:1030 - CMSIS Pack Vendor :STMicroelectronics ThreadX 0.0.2
2026-05-06 17:31:32,186 [INFO] ThirdParty:1030 - CMSIS Pack Vendor :STMicroelectronics lwIP 2.1.2
2026-05-06 17:31:32,186 [INFO] ThirdParty:1030 - CMSIS Pack Vendor :STMicroelectronics X-CUBE-SFXS2LP1 4.0.0
2026-05-06 17:31:32,186 [INFO] ThirdParty:1030 - CMSIS Pack Vendor :STMicroelectronics X-CUBE-BLE2 3.3.0
2026-05-06 17:31:32,186 [INFO] ThirdParty:1030 - CMSIS Pack Vendor :Avnet-IOTCONNECT X-CUBE-iotc-st67-sdk 1.0.0
2026-05-06 17:31:32,186 [INFO] ThirdParty:1030 - CMSIS Pack Vendor :STMicroelectronics X-CUBE-TOF1 3.4.3
2026-05-06 17:31:32,186 [INFO] ThirdParty:1030 - CMSIS Pack Vendor :Infineon AIROC-Wi-Fi-Bluetooth-STM32 1.8.0
2026-05-06 17:31:32,186 [INFO] ThirdParty:1030 - CMSIS Pack Vendor :STMicroelectronics PDM2PCM 3.2.0
2026-05-06 17:31:32,186 [INFO] ThirdParty:1030 - CMSIS Pack Vendor :STMicroelectronics X-CUBE-WB05N 2.1.0
2026-05-06 17:31:32,186 [INFO] ThirdParty:1030 - CMSIS Pack Vendor :STMicroelectronics X-CUBE-ST67W61 1.2.0
2026-05-06 17:31:32,187 [INFO] ThirdParty:841 - exiting critical section [change project]
2026-05-06 17:31:32,464 [INFO] PinOutPanel:1589 - setPackage(No Configuration,No Configuration)
2026-05-06 17:31:32,467 [INFO] PinOutPanel:1589 - setPackage(STM32F407VGTx,LQFP100)
2026-05-06 17:31:32,791 [INFO] UtilMem:75 - Before build in PCC Used Memory: 968410560 Bytes (1073741824)
2026-05-06 17:31:33,090 [INFO] UtilMem:75 - After build in PCC Used Memory: 866544160 Bytes (1073741824)
2026-05-06 17:31:33,116 [INFO] IPUIPlugin:80 - create IPUIPlugin
2026-05-06 17:31:33,116 [INFO] IPUIPlugin:80 - create IPUIPlugin
2026-05-06 17:31:33,116 [INFO] IPUIPlugin:80 - create IPUIPlugin
2026-05-06 17:31:33,116 [INFO] IPUIPlugin:80 - create IPUIPlugin
2026-05-06 17:31:33,116 [INFO] IPUIPlugin:80 - create IPUIPlugin
2026-05-06 17:31:33,116 [INFO] IPUIPlugin:80 - create IPUIPlugin
2026-05-06 17:31:33,117 [INFO] IPUIPlugin:80 - create IPUIPlugin
2026-05-06 17:31:33,117 [INFO] IPUIPlugin:80 - create IPUIPlugin
2026-05-06 17:31:33,117 [INFO] IPUIPlugin:80 - create IPUIPlugin
2026-05-06 17:31:33,117 [INFO] IPUIPlugin:80 - create IPUIPlugin
2026-05-06 17:31:33,117 [INFO] IPUIPlugin:80 - create IPUIPlugin
2026-05-06 17:31:33,117 [INFO] IPUIPlugin:80 - create IPUIPlugin
2026-05-06 17:31:33,117 [INFO] IPUIPlugin:80 - create IPUIPlugin
2026-05-06 17:31:33,117 [INFO] IPUIPlugin:80 - create IPUIPlugin
2026-05-06 17:31:33,118 [INFO] IPUIPlugin:80 - create IPUIPlugin
2026-05-06 17:31:33,118 [INFO] IPUIPlugin:80 - create IPUIPlugin
2026-05-06 17:31:33,118 [INFO] IPUIPlugin:80 - create IPUIPlugin
2026-05-06 17:31:33,118 [INFO] IPUIPlugin:80 - create IPUIPlugin
2026-05-06 17:31:33,118 [INFO] IPUIPlugin:80 - create IPUIPlugin
2026-05-06 17:31:33,118 [INFO] IPUIPlugin:80 - create IPUIPlugin
2026-05-06 17:31:33,118 [INFO] IPUIPlugin:80 - create IPUIPlugin
2026-05-06 17:31:33,118 [INFO] IPUIPlugin:80 - create IPUIPlugin
2026-05-06 17:31:33,119 [INFO] IPUIPlugin:80 - create IPUIPlugin
2026-05-06 17:31:33,119 [INFO] IPUIPlugin:80 - create IPUIPlugin
2026-05-06 17:31:33,119 [INFO] IPUIPlugin:80 - create IPUIPlugin
2026-05-06 17:31:33,119 [INFO] IPUIPlugin:80 - create IPUIPlugin
2026-05-06 17:31:33,119 [INFO] IPUIPlugin:80 - create IPUIPlugin
2026-05-06 17:31:33,119 [INFO] IPUIPlugin:80 - create IPUIPlugin
2026-05-06 17:31:33,119 [INFO] IPUIPlugin:80 - create IPUIPlugin
2026-05-06 17:31:33,120 [INFO] IPUIPlugin:80 - create IPUIPlugin
2026-05-06 17:31:33,120 [INFO] IPUIPlugin:80 - create IPUIPlugin
2026-05-06 17:31:33,120 [INFO] IPUIPlugin:80 - create IPUIPlugin
2026-05-06 17:31:33,120 [INFO] IPUIPlugin:80 - create IPUIPlugin
2026-05-06 17:31:33,120 [INFO] IPUIPlugin:80 - create IPUIPlugin
2026-05-06 17:31:33,121 [INFO] IPUIPlugin:80 - create IPUIPlugin
2026-05-06 17:31:33,121 [INFO] IPUIPlugin:80 - create IPUIPlugin
2026-05-06 17:31:33,121 [INFO] IPUIPlugin:80 - create IPUIPlugin
2026-05-06 17:31:33,121 [INFO] IPUIPlugin:80 - create IPUIPlugin
2026-05-06 17:31:33,121 [INFO] IPUIPlugin:80 - create IPUIPlugin
2026-05-06 17:31:33,121 [INFO] IPUIPlugin:80 - create IPUIPlugin
2026-05-06 17:31:33,121 [INFO] IPUIPlugin:80 - create IPUIPlugin
2026-05-06 17:31:33,122 [INFO] IPUIPlugin:80 - create IPUIPlugin
2026-05-06 17:31:33,122 [INFO] IPUIPlugin:80 - create IPUIPlugin
2026-05-06 17:31:33,122 [INFO] IPUIPlugin:80 - create IPUIPlugin
2026-05-06 17:31:33,122 [INFO] IPUIPlugin:80 - create IPUIPlugin
2026-05-06 17:31:33,122 [INFO] IPUIPlugin:80 - create IPUIPlugin
2026-05-06 17:31:33,122 [INFO] IPUIPlugin:80 - create IPUIPlugin
2026-05-06 17:31:33,122 [INFO] IPUIPlugin:80 - create IPUIPlugin
2026-05-06 17:31:33,123 [INFO] IPUIPlugin:80 - create IPUIPlugin
2026-05-06 17:31:33,123 [INFO] IPUIPlugin:80 - create IPUIPlugin
2026-05-06 17:31:33,123 [INFO] IPUIPlugin:80 - create IPUIPlugin
2026-05-06 17:31:33,123 [INFO] IPUIPlugin:80 - create IPUIPlugin
2026-05-06 17:31:33,123 [INFO] IPUIPlugin:80 - create IPUIPlugin
2026-05-06 17:31:33,123 [INFO] IPUIPlugin:80 - create IPUIPlugin
2026-05-06 17:31:33,124 [INFO] IPUIPlugin:80 - create IPUIPlugin
2026-05-06 17:31:33,124 [INFO] IPUIPlugin:80 - create IPUIPlugin
2026-05-06 17:31:33,124 [INFO] IPUIPlugin:80 - create IPUIPlugin
2026-05-06 17:31:33,124 [INFO] IPUIPlugin:80 - create IPUIPlugin
2026-05-06 17:31:33,130 [INFO] ApiDbMcu:532 - Load IP Config File for PDM2PCM
2026-05-06 17:31:33,162 [INFO] CADModel:165 - CPN selected for project levelSTM32F407VGT6
2026-05-06 17:31:33,163 [INFO] CADModel:114 - Register for checkConnection events
2026-05-06 17:31:33,217 [INFO] OpenFileManager:386 - Restore cursor
2026-05-06 17:31:33,731 [INFO] UtilMem:75 - End SaveConfig() Used Memory: 960527392 Bytes (1073741824)
2026-05-06 17:31:33,911 [INFO] UtilMem:75 - End SaveConfig() Used Memory: 981807240 Bytes (1073741824)
2026-05-06 17:31:34,254 [INFO] BlockDiagram:2775 - set Specific Code input for plugin: SYS
2026-05-06 17:31:34,254 [INFO] BlockDiagram:2775 - set Specific Code input for plugin: RCC
2026-05-06 17:31:34,254 [INFO] BlockDiagram:2775 - set Specific Code input for plugin: NVIC
2026-05-06 17:31:34,255 [INFO] BlockDiagram:2775 - set Specific Code input for plugin: GPIO
2026-05-06 17:31:34,256 [INFO] CodeGenerator:892 - code generatio: config db path: C:\ST\STM32CubeIDE_1.19.0\STM32CubeIDE\plugins\com.st.stm32cube.common.mx_6.15.0.202507011659\\db\
2026-05-06 17:31:34,413 [INFO] CodeEngine:265 - oldGeneratedFile, D:\RTOS_stm32\mutex_using_binary_semaphore\MXTmpFiles\license.tmp_save
2026-05-06 17:31:34,809 [INFO] CodeEngine:289 - Generated code: D:\RTOS_stm32\mutex_using_binary_semaphore\MXTmpFiles\license.tmp
2026-05-06 17:31:34,899 [INFO] CodeEngine:265 - oldGeneratedFile, D:\RTOS_stm32\mutex_using_binary_semaphore\MXTmpFiles\gpio.tmp_save
2026-05-06 17:31:35,241 [INFO] CodeEngine:289 - Generated code: D:\RTOS_stm32\mutex_using_binary_semaphore\MXTmpFiles\gpio.tmp
2026-05-06 17:31:35,307 [INFO] CodeEngine:265 - oldGeneratedFile, D:\RTOS_stm32\mutex_using_binary_semaphore\Core\Src\stm32f4xx_it.c_save
2026-05-06 17:31:35,553 [INFO] CodeEngine:289 - Generated code: D:\RTOS_stm32\mutex_using_binary_semaphore\Core\Src\stm32f4xx_it.c
2026-05-06 17:31:35,560 [INFO] CodeEngine:265 - oldGeneratedFile, D:\RTOS_stm32\mutex_using_binary_semaphore\Core\Inc\stm32f4xx_it.h_save
2026-05-06 17:31:35,674 [INFO] CodeEngine:289 - Generated code: D:\RTOS_stm32\mutex_using_binary_semaphore\Core\Inc\stm32f4xx_it.h
2026-05-06 17:31:35,691 [INFO] CodeEngine:265 - oldGeneratedFile, D:\RTOS_stm32\mutex_using_binary_semaphore\Core\Src\stm32f4xx_hal_msp.c_save
2026-05-06 17:31:35,818 [INFO] CodeEngine:289 - Generated code: D:\RTOS_stm32\mutex_using_binary_semaphore\Core\Src\stm32f4xx_hal_msp.c
2026-05-06 17:31:35,823 [INFO] CodeEngine:265 - oldGeneratedFile, D:\RTOS_stm32\mutex_using_binary_semaphore\MXTmpFiles\system.tmp_save
2026-05-06 17:31:35,886 [INFO] CodeEngine:289 - Generated code: D:\RTOS_stm32\mutex_using_binary_semaphore\MXTmpFiles\system.tmp
2026-05-06 17:31:35,916 [INFO] CodeEngine:321 - oldGeneratedFile, D:\RTOS_stm32\mutex_using_binary_semaphore\Core\Inc\stm32f4xx_hal_conf.h_save
2026-05-06 17:31:35,985 [INFO] CodeEngine:345 - Generated code: D:\RTOS_stm32\mutex_using_binary_semaphore\Core\Inc\stm32f4xx_hal_conf.h
2026-05-06 17:31:36,012 [INFO] ApiDbMcu:532 - Load IP Config File for RCC
2026-05-06 17:31:36,026 [INFO] CodeEngine:265 - oldGeneratedFile, D:\RTOS_stm32\mutex_using_binary_semaphore\Core\Inc\main.h_save
2026-05-06 17:31:36,138 [INFO] CodeEngine:289 - Generated code: D:\RTOS_stm32\mutex_using_binary_semaphore\Core\Inc\main.h
2026-05-06 17:31:36,146 [INFO] CodeEngine:265 - oldGeneratedFile, D:\RTOS_stm32\mutex_using_binary_semaphore\Core\Src\main.c_save
2026-05-06 17:31:36,252 [INFO] CodeEngine:289 - Generated code: D:\RTOS_stm32\mutex_using_binary_semaphore\Core\Src\main.c
2026-05-06 17:31:36,733 [INFO] ProjectBuilder:3606 - Time for Copy HAL[1] : 312mS.
2026-05-06 17:31:36,739 [INFO] ProjectBuilder:5216 - Project Generator version: 4.7.0-B52
2026-05-06 17:31:36,912 [INFO] ConfigFileManager:1595 - The Die is : DIE413
2026-05-06 17:31:36,919 [INFO] ApiDbMcu:532 - Load IP Config File for FATFS
2026-05-06 17:31:36,927 [INFO] ApiDbMcu:532 - Load IP Config File for FREERTOS
2026-05-06 17:31:36,933 [INFO] ApiDbMcu:532 - Load IP Config File for LIBJPEG
2026-05-06 17:31:36,942 [INFO] ApiDbMcu:532 - Load IP Config File for LWIP
2026-05-06 17:31:36,955 [INFO] ApiDbMcu:532 - Load IP Config File for MBEDTLS
2026-05-06 17:31:36,968 [INFO] ApiDbMcu:532 - Load IP Config File for USB_DEVICE
2026-05-06 17:31:36,975 [INFO] ApiDbMcu:532 - Load IP Config File for USB_HOST
2026-05-06 17:31:40,511 [INFO] ProjectBuilder:5496 - Time for Generating toolchain IDE Files: 3771mS.
2026-05-06 17:31:40,515 [INFO] ProjectBuilder:3463 - Time for Copy CMSIS : 3mS.
2026-05-06 17:31:40,518 [INFO] ProjectBuilder:3463 - Time for Copy CMSIS : 0mS.
2026-05-06 17:31:42,870 [INFO] McuFinderGlobals:76 - Set McuFinderConnectedMode to true
2026-05-06 17:31:42,880 [INFO] ApiDb:448 - Save user favorites file C:\Users\jahna/.stm32cubeide/favorites.mcus.txt: 0 item(s)
2026-05-06 17:31:42,880 [INFO] ApiDb:452 - User favorites MCUs=[]
2026-05-06 17:31:42,884 [INFO] ApiDb:448 - Save user favorites file C:\Users\jahna/.stm32cubeide/favorites.boards.txt: 0 item(s)
2026-05-06 17:31:42,884 [INFO] ApiDb:452 - User favorites Boards=[]
2026-05-06 17:32:12,749 [INFO] RtosManager:1018 - Current active RTOS is FREERTOS [Cortex-M4NS]
2026-05-06 17:32:13,135 [ERROR] RtosPanel:558 - Can not restore the selected Tab for FREERTOS(A reason can be that the tab is no more available.)
2026-05-06 17:32:13,199 [ERROR] RtosPanel:558 - Can not restore the selected Tab for FREERTOS(A reason can be that the tab is no more available.)
2026-05-06 17:32:14,595 [INFO] UtilMem:75 - End SaveConfig() Used Memory: 802106144 Bytes (1073741824)
2026-05-06 17:32:16,382 [INFO] UtilMem:75 - End SaveConfig() Used Memory: 832514848 Bytes (1073741824)
2026-05-06 17:32:19,609 [INFO] UtilMem:75 - End SaveConfig() Used Memory: 990327584 Bytes (1073741824)
2026-05-06 17:32:21,614 [INFO] BlockDiagram:2775 - set Specific Code input for plugin: FREERTOS
2026-05-06 17:32:21,614 [INFO] BlockDiagram:2775 - set Specific Code input for plugin: SYS
2026-05-06 17:32:21,614 [INFO] BlockDiagram:2775 - set Specific Code input for plugin: RCC
2026-05-06 17:32:21,614 [INFO] BlockDiagram:2775 - set Specific Code input for plugin: NVIC
2026-05-06 17:32:21,614 [INFO] BlockDiagram:2775 - set Specific Code input for plugin: USART
2026-05-06 17:32:21,614 [INFO] BlockDiagram:2775 - set Specific Code input for plugin: GPIO
2026-05-06 17:32:21,615 [INFO] CodeGenerator:892 - code generatio: config db path: C:\ST\STM32CubeIDE_1.19.0\STM32CubeIDE\plugins\com.st.stm32cube.common.mx_6.15.0.202507011659\\db\
2026-05-06 17:32:21,704 [INFO] CodeEngine:265 - oldGeneratedFile, D:\RTOS_stm32\mutex_using_binary_semaphore\MXTmpFiles\license.tmp_save
2026-05-06 17:32:21,910 [INFO] CodeEngine:289 - Generated code: D:\RTOS_stm32\mutex_using_binary_semaphore\MXTmpFiles\license.tmp
2026-05-06 17:32:21,939 [INFO] CodeEngine:265 - oldGeneratedFile, D:\RTOS_stm32\mutex_using_binary_semaphore\MXTmpFiles\gpio.tmp_save
2026-05-06 17:32:22,067 [INFO] CodeEngine:289 - Generated code: D:\RTOS_stm32\mutex_using_binary_semaphore\MXTmpFiles\gpio.tmp
2026-05-06 17:32:22,198 [INFO] Middleware:1452 - No code input for Bsp Dependency
2026-05-06 17:32:22,208 [INFO] CodeEngine:265 - oldGeneratedFile, D:\RTOS_stm32\mutex_using_binary_semaphore\MXTmpFiles\rtos_inc.tmp_save
2026-05-06 17:32:22,314 [INFO] CodeEngine:289 - Generated code: D:\RTOS_stm32\mutex_using_binary_semaphore\MXTmpFiles\rtos_inc.tmp
2026-05-06 17:32:22,321 [INFO] CodeEngine:265 - oldGeneratedFile, D:\RTOS_stm32\mutex_using_binary_semaphore\MXTmpFiles\rtos_vars.tmp_save
2026-05-06 17:32:22,422 [INFO] CodeEngine:289 - Generated code: D:\RTOS_stm32\mutex_using_binary_semaphore\MXTmpFiles\rtos_vars.tmp
2026-05-06 17:32:22,431 [INFO] CodeEngine:265 - oldGeneratedFile, D:\RTOS_stm32\mutex_using_binary_semaphore\MXTmpFiles\rtos_pfp.tmp_save
2026-05-06 17:32:22,508 [INFO] CodeEngine:289 - Generated code: D:\RTOS_stm32\mutex_using_binary_semaphore\MXTmpFiles\rtos_pfp.tmp
2026-05-06 17:32:22,516 [INFO] CodeEngine:265 - oldGeneratedFile, D:\RTOS_stm32\mutex_using_binary_semaphore\MXTmpFiles\rtos_obj_creat.tmp_save
2026-05-06 17:32:22,679 [INFO] CodeEngine:289 - Generated code: D:\RTOS_stm32\mutex_using_binary_semaphore\MXTmpFiles\rtos_obj_creat.tmp
2026-05-06 17:32:22,696 [INFO] CodeEngine:265 - oldGeneratedFile, D:\RTOS_stm32\mutex_using_binary_semaphore\MXTmpFiles\rtos_kernelStart.tmp_save
2026-05-06 17:32:22,755 [INFO] CodeEngine:289 - Generated code: D:\RTOS_stm32\mutex_using_binary_semaphore\MXTmpFiles\rtos_kernelStart.tmp
2026-05-06 17:32:22,763 [INFO] CodeEngine:265 - oldGeneratedFile, D:\RTOS_stm32\mutex_using_binary_semaphore\MXTmpFiles\rtos_default_thread.tmp_save
2026-05-06 17:32:22,818 [INFO] CodeEngine:289 - Generated code: D:\RTOS_stm32\mutex_using_binary_semaphore\MXTmpFiles\rtos_default_thread.tmp
2026-05-06 17:32:22,824 [INFO] CodeEngine:265 - oldGeneratedFile, D:\RTOS_stm32\mutex_using_binary_semaphore\MXTmpFiles\rtos_threads.tmp_save
2026-05-06 17:32:22,886 [INFO] CodeEngine:289 - Generated code: D:\RTOS_stm32\mutex_using_binary_semaphore\MXTmpFiles\rtos_threads.tmp
2026-05-06 17:32:22,903 [INFO] Middleware:1452 - No code input for Bsp Dependency
2026-05-06 17:32:22,915 [INFO] CodeEngine:265 - oldGeneratedFile, D:\RTOS_stm32\mutex_using_binary_semaphore\MXTmpFiles\rtos_inc.tmp_save
2026-05-06 17:32:22,983 [INFO] CodeEngine:289 - Generated code: D:\RTOS_stm32\mutex_using_binary_semaphore\MXTmpFiles\rtos_inc.tmp
2026-05-06 17:32:22,989 [INFO] CodeEngine:265 - oldGeneratedFile, D:\RTOS_stm32\mutex_using_binary_semaphore\MXTmpFiles\rtos_vars.tmp_save
2026-05-06 17:32:23,054 [INFO] CodeEngine:289 - Generated code: D:\RTOS_stm32\mutex_using_binary_semaphore\MXTmpFiles\rtos_vars.tmp
2026-05-06 17:32:23,063 [INFO] CodeEngine:265 - oldGeneratedFile, D:\RTOS_stm32\mutex_using_binary_semaphore\MXTmpFiles\rtos_pfp.tmp_save
2026-05-06 17:32:23,129 [INFO] CodeEngine:289 - Generated code: D:\RTOS_stm32\mutex_using_binary_semaphore\MXTmpFiles\rtos_pfp.tmp
2026-05-06 17:32:23,137 [INFO] CodeEngine:265 - oldGeneratedFile, D:\RTOS_stm32\mutex_using_binary_semaphore\MXTmpFiles\rtos_obj_creat.tmp_save
2026-05-06 17:32:23,216 [INFO] CodeEngine:289 - Generated code: D:\RTOS_stm32\mutex_using_binary_semaphore\MXTmpFiles\rtos_obj_creat.tmp
2026-05-06 17:32:23,223 [INFO] CodeEngine:265 - oldGeneratedFile, D:\RTOS_stm32\mutex_using_binary_semaphore\MXTmpFiles\rtos_kernelStart.tmp_save
2026-05-06 17:32:23,281 [INFO] CodeEngine:289 - Generated code: D:\RTOS_stm32\mutex_using_binary_semaphore\MXTmpFiles\rtos_kernelStart.tmp
2026-05-06 17:32:23,287 [INFO] CodeEngine:265 - oldGeneratedFile, D:\RTOS_stm32\mutex_using_binary_semaphore\MXTmpFiles\rtos_default_thread.tmp_save
2026-05-06 17:32:23,344 [INFO] CodeEngine:289 - Generated code: D:\RTOS_stm32\mutex_using_binary_semaphore\MXTmpFiles\rtos_default_thread.tmp
2026-05-06 17:32:23,350 [INFO] CodeEngine:265 - oldGeneratedFile, D:\RTOS_stm32\mutex_using_binary_semaphore\MXTmpFiles\rtos_threads.tmp_save
2026-05-06 17:32:23,400 [INFO] CodeEngine:289 - Generated code: D:\RTOS_stm32\mutex_using_binary_semaphore\MXTmpFiles\rtos_threads.tmp
2026-05-06 17:32:23,404 [INFO] CodeEngine:265 - oldGeneratedFile, D:\RTOS_stm32\mutex_using_binary_semaphore\Core\Inc\FreeRTOSConfig.h_save
2026-05-06 17:32:23,468 [INFO] CodeEngine:289 - Generated code: D:\RTOS_stm32\mutex_using_binary_semaphore\Core\Inc\FreeRTOSConfig.h
2026-05-06 17:32:23,473 [INFO] CodeEngine:265 - oldGeneratedFile, D:\RTOS_stm32\mutex_using_binary_semaphore\Core\Src\freertos.c_save
2026-05-06 17:32:23,536 [INFO] CodeEngine:289 - Generated code: D:\RTOS_stm32\mutex_using_binary_semaphore\Core\Src\freertos.c
2026-05-06 17:32:23,555 [INFO] CodeEngine:265 - oldGeneratedFile, D:\RTOS_stm32\mutex_using_binary_semaphore\Core\Src\stm32f4xx_it.c_save
2026-05-06 17:32:23,637 [INFO] CodeEngine:289 - Generated code: D:\RTOS_stm32\mutex_using_binary_semaphore\Core\Src\stm32f4xx_it.c
2026-05-06 17:32:23,645 [INFO] CodeEngine:265 - oldGeneratedFile, D:\RTOS_stm32\mutex_using_binary_semaphore\Core\Inc\stm32f4xx_it.h_save
2026-05-06 17:32:23,707 [INFO] CodeEngine:289 - Generated code: D:\RTOS_stm32\mutex_using_binary_semaphore\Core\Inc\stm32f4xx_it.h
2026-05-06 17:32:23,722 [INFO] CodeEngine:265 - oldGeneratedFile, D:\RTOS_stm32\mutex_using_binary_semaphore\Core\Src\stm32f4xx_hal_msp.c_save
2026-05-06 17:32:23,807 [INFO] CodeEngine:289 - Generated code: D:\RTOS_stm32\mutex_using_binary_semaphore\Core\Src\stm32f4xx_hal_msp.c
2026-05-06 17:32:23,824 [INFO] CodeEngine:265 - oldGeneratedFile, D:\RTOS_stm32\mutex_using_binary_semaphore\MXTmpFiles\system.tmp_save
2026-05-06 17:32:23,884 [INFO] CodeEngine:289 - Generated code: D:\RTOS_stm32\mutex_using_binary_semaphore\MXTmpFiles\system.tmp
2026-05-06 17:32:23,899 [INFO] CodeEngine:321 - oldGeneratedFile, D:\RTOS_stm32\mutex_using_binary_semaphore\Core\Inc\stm32f4xx_hal_conf.h_save
2026-05-06 17:32:23,989 [INFO] CodeEngine:345 - Generated code: D:\RTOS_stm32\mutex_using_binary_semaphore\Core\Inc\stm32f4xx_hal_conf.h
2026-05-06 17:32:24,018 [INFO] ApiDbMcu:532 - Load IP Config File for USART2
2026-05-06 17:32:24,033 [INFO] CodeEngine:265 - oldGeneratedFile, D:\RTOS_stm32\mutex_using_binary_semaphore\Core\Inc\main.h_save
2026-05-06 17:32:24,112 [INFO] CodeEngine:289 - Generated code: D:\RTOS_stm32\mutex_using_binary_semaphore\Core\Inc\main.h
2026-05-06 17:32:24,119 [INFO] CodeEngine:265 - oldGeneratedFile, D:\RTOS_stm32\mutex_using_binary_semaphore\Core\Src\main.c_save
2026-05-06 17:32:24,228 [INFO] CodeEngine:289 - Generated code: D:\RTOS_stm32\mutex_using_binary_semaphore\Core\Src\main.c
2026-05-06 17:32:24,817 [INFO] ProjectBuilder:3606 - Time for Copy HAL[1] : 361mS.
2026-05-06 17:32:24,823 [INFO] ProjectBuilder:5216 - Project Generator version: 4.7.0-B52
2026-05-06 17:32:24,980 [INFO] ConfigFileManager:1595 - The Die is : DIE413
2026-05-06 17:32:26,817 [INFO] ProjectBuilder:5496 - Time for Generating toolchain IDE Files: 1994mS.
2026-05-06 17:32:26,830 [INFO] ProjectBuilder:3463 - Time for Copy CMSIS : 11mS.
2026-05-06 17:32:26,842 [INFO] ProjectBuilder:3463 - Time for Copy CMSIS : 1mS.
2026-05-06 18:29:39,829 [INFO] WebApp:194 - Connection lost
2026-05-06 18:29:41,424 [INFO] WebApp:191 - Connection restablished
2026-05-06 19:21:21,329 [INFO] WebApp:194 - Connection lost
2026-05-06 19:21:25,097 [INFO] WebApp:191 - Connection restablished
2026-05-06 19:21:26,959 [INFO] WebApp:194 - Connection lost
2026-05-06 19:21:27,179 [INFO] WebApp:191 - Connection restablished
2026-05-06 19:23:21,659 [INFO] WebApp:194 - Connection lost
2026-05-06 19:23:22,553 [INFO] WebApp:191 - Connection restablished
2026-05-06 19:23:24,497 [INFO] WebApp:194 - Connection lost
2026-05-06 19:23:24,687 [INFO] WebApp:191 - Connection restablished
2026-05-06 22:21:32,614 [INFO] WebApp:194 - Connection lost
2026-05-06 22:21:33,675 [INFO] WebApp:191 - Connection restablished
2026-05-06 22:21:37,978 [INFO] WebApp:194 - Connection lost
2026-05-06 22:21:38,266 [INFO] WebApp:191 - Connection restablished
2026-05-06 22:21:43,443 [INFO] WebApp:194 - Connection lost
2026-05-06 22:21:43,637 [INFO] WebApp:191 - Connection restablished
2026-05-06 22:21:46,693 [INFO] WebApp:194 - Connection lost
2026-05-06 22:21:46,867 [INFO] WebApp:191 - Connection restablished
2026-05-06 22:21:49,929 [INFO] WebApp:194 - Connection lost
2026-05-06 22:21:50,107 [INFO] WebApp:191 - Connection restablished
2026-05-06 22:22:06,920 [INFO] WebApp:194 - Connection lost
2026-05-06 22:22:07,083 [INFO] WebApp:191 - Connection restablished
2026-05-06 22:22:20,411 [INFO] WebApp:194 - Connection lost
2026-05-06 22:22:20,588 [INFO] WebApp:191 - Connection restablished
2026-05-06 22:29:41,821 [ERROR] LogOutputStream:75 - [STDERR_REDIRECT] 
