2026-05-11 10:53:32,694 [INFO] Activator:176 - 


2026-05-11 10:53:32,728 [INFO] Activator:177 - !SESSION log4j initialized
2026-05-11 10:53:39,789 [INFO] LogOutputStream:77 - [STDOUT_REDIRECT] 
2026-05-11 10:53:47,173 [INFO] ApplicationProperties:184 - Using Application install path: C:\ST\STM32CubeIDE_1.19.0\STM32CubeIDE\plugins\com.st.stm32cube.common.mx_6.15.0.202507011659
2026-05-11 10:53:47,190 [INFO] DbMcusXml:78 - Set database path to: C:\ST\STM32CubeIDE_1.19.0\STM32CubeIDE\plugins\com.st.stm32cube.common.mx_6.15.0.202507011659\\db\/mcu/
2026-05-11 10:53:47,190 [INFO] ApiDb:274 - Set plugin database path to: C:\ST\STM32CubeIDE_1.19.0\STM32CubeIDE\plugins\com.st.stm32cube.common.mx_6.15.0.202507011659\\db\/plugins/boardmanager/
2026-05-11 10:53:47,190 [WARN] ApiDb:259 - Overriding images path with different value:  => C:\ST\STM32CubeIDE_1.19.0\STM32CubeIDE\plugins\com.st.stm32cube.common.mx_6.15.0.202507011659\\db\/plugins/mcufinder/images/
2026-05-11 10:53:47,205 [INFO] ApiDb:250 - Set database path to: C:\Users\jahna\.stmcufinder\plugins\mcufinder//mcu/
2026-05-11 10:53:47,205 [INFO] DbMcusAds:125 - Set database path to: C:\Users\jahna\.stmcufinder\plugins\mcufinder//mcu/
2026-05-11 10:53:47,205 [INFO] CrossReferenceDbSqlite:203 - Set database path to: C:\Users\jahna\.stmcufinder\plugins\mcufinder//mcu/cs/
2026-05-11 10:53:47,333 [INFO] RulesReader:64 - Compatibility file has been processed (317 Rules)
2026-05-11 10:53:47,425 [INFO] DbMcusXml:78 - Set database path to: C:\ST\STM32CubeIDE_1.19.0\STM32CubeIDE\plugins\com.st.stm32cube.common.mx_6.15.0.202507011659\\db\/mcu/
2026-05-11 10:53:47,425 [INFO] ApiDb:274 - Set plugin database path to: C:\ST\STM32CubeIDE_1.19.0\STM32CubeIDE\plugins\com.st.stm32cube.common.mx_6.15.0.202507011659\\db\/plugins/boardmanager/
2026-05-11 10:53:47,425 [INFO] ApiDb:261 - Set plugin images path to: C:\ST\STM32CubeIDE_1.19.0\STM32CubeIDE\plugins\com.st.stm32cube.common.mx_6.15.0.202507011659\\db\/plugins/mcufinder/images/
2026-05-11 10:53:47,425 [WARN] DbFile:41 - Overriding database path with different value: C:\Users\jahna\.stmcufinder\plugins\mcufinder/ => C:\Users\jahna\.stmcufinder\plugins\mcufinder
2026-05-11 10:53:47,425 [INFO] ApiDb:250 - Set database path to: C:\Users\jahna\.stmcufinder\plugins\mcufinder//mcu/
2026-05-11 10:53:47,425 [WARN] DbFile:41 - Overriding database path with different value: C:\Users\jahna\.stmcufinder\plugins\mcufinder/ => C:\Users\jahna\.stmcufinder\plugins\mcufinder
2026-05-11 10:53:47,427 [INFO] DbMcusAds:125 - Set database path to: C:\Users\jahna\.stmcufinder\plugins\mcufinder//mcu/
2026-05-11 10:53:47,427 [WARN] DbFile:41 - Overriding database path with different value: C:\Users\jahna\.stmcufinder\plugins\mcufinder/ => C:\Users\jahna\.stmcufinder\plugins\mcufinder
2026-05-11 10:53:47,427 [WARN] DbFile:41 - Overriding database path with different value: C:\Users\jahna\.stmcufinder\plugins\mcufinder/ => C:\Users\jahna\.stmcufinder\plugins\mcufinder
2026-05-11 10:53:47,427 [INFO] CrossReferenceDbSqlite:203 - Set database path to: C:\Users\jahna\.stmcufinder\plugins\mcufinder//mcu/cs/
2026-05-11 10:53:47,521 [INFO] MainPanel:274 - HeapMemory: 268435456
2026-05-11 10:53:47,660 [INFO] DbMcusXml:78 - Set database path to: C:\ST\STM32CubeIDE_1.19.0\STM32CubeIDE\plugins\com.st.stm32cube.common.mx_6.15.0.202507011659\\db\/mcu/
2026-05-11 10:53:47,660 [INFO] ApiDb:274 - Set plugin database path to: C:\ST\STM32CubeIDE_1.19.0\STM32CubeIDE\plugins\com.st.stm32cube.common.mx_6.15.0.202507011659\\db\/plugins/boardmanager/
2026-05-11 10:53:47,660 [INFO] ApiDb:261 - Set plugin images path to: C:\ST\STM32CubeIDE_1.19.0\STM32CubeIDE\plugins\com.st.stm32cube.common.mx_6.15.0.202507011659\\db\/plugins/mcufinder/images/
2026-05-11 10:53:47,660 [WARN] DbFile:41 - Overriding database path with different value: C:\Users\jahna\.stmcufinder\plugins\mcufinder/ => C:\Users\jahna\.stmcufinder\plugins\mcufinder
2026-05-11 10:53:47,660 [INFO] ApiDb:250 - Set database path to: C:\Users\jahna\.stmcufinder\plugins\mcufinder//mcu/
2026-05-11 10:53:47,660 [WARN] DbFile:41 - Overriding database path with different value: C:\Users\jahna\.stmcufinder\plugins\mcufinder/ => C:\Users\jahna\.stmcufinder\plugins\mcufinder
2026-05-11 10:53:47,660 [INFO] DbMcusAds:125 - Set database path to: C:\Users\jahna\.stmcufinder\plugins\mcufinder//mcu/
2026-05-11 10:53:47,660 [WARN] DbFile:41 - Overriding database path with different value: C:\Users\jahna\.stmcufinder\plugins\mcufinder/ => C:\Users\jahna\.stmcufinder\plugins\mcufinder
2026-05-11 10:53:47,660 [WARN] DbFile:41 - Overriding database path with different value: C:\Users\jahna\.stmcufinder\plugins\mcufinder/ => C:\Users\jahna\.stmcufinder\plugins\mcufinder
2026-05-11 10:53:47,660 [INFO] CrossReferenceDbSqlite:203 - Set database path to: C:\Users\jahna\.stmcufinder\plugins\mcufinder//mcu/cs/
2026-05-11 10:53:47,688 [INFO] ApplicationProperties:184 - Using Application install path: C:\ST\STM32CubeIDE_1.19.0\STM32CubeIDE\plugins\com.st.stm32cube.common.mx_6.15.0.202507011659
2026-05-11 10:53:47,688 [INFO] PluginManage:196 - Search for loadable plugins [exclusion list=, ]
2026-05-11 10:53:47,688 [INFO] PluginManage:310 - Check plugin analytics
2026-05-11 10:53:47,895 [INFO] AnalyticsPlugin:253 - Accepted Software Licenses: STM32CubeMX.6.17.0
2026-05-11 10:53:47,895 [INFO] AnalyticsPlugin:255 - Accepted CMSIS Pack Licenses: 
2026-05-11 10:53:47,895 [INFO] AnalyticsPlugin:257 - Accepted Firmware Licenses: FW.F4.1.28.0,FW.F4.1.28.3
2026-05-11 10:53:47,906 [INFO] PluginManage:359 - Loaded plugin analytics (category:tool,tabindex:-1)
2026-05-11 10:53:47,906 [INFO] PluginManage:310 - Check plugin cadmodel
2026-05-11 10:53:47,910 [INFO] CADModel:105 - Init CAD model plugin
2026-05-11 10:53:47,910 [INFO] PluginManage:359 - Loaded plugin cadmodel (category:power,tabindex:5)
2026-05-11 10:53:47,910 [INFO] PluginManage:310 - Check plugin clock
2026-05-11 10:53:47,925 [INFO] PluginManage:359 - Loaded plugin clock (category:base,tabindex:2)
2026-05-11 10:53:47,925 [INFO] PluginManage:310 - Check plugin ddr
2026-05-11 10:53:47,925 [INFO] PluginManage:359 - Loaded plugin ddr (category:tool,tabindex:6)
2026-05-11 10:53:47,925 [INFO] PluginManage:310 - Check plugin filemanager
2026-05-11 10:53:48,097 [INFO] PluginManage:359 - Loaded plugin filemanager (category:base,tabindex:10)
2026-05-11 10:53:48,097 [INFO] PluginManage:310 - Check plugin ipmanager
2026-05-11 10:53:48,105 [INFO] PluginManage:359 - Loaded plugin ipmanager (category:base,tabindex:5)
2026-05-11 10:53:48,105 [INFO] PluginManage:310 - Check plugin lpbam
2026-05-11 10:53:48,105 [INFO] PluginManage:359 - Loaded plugin lpbam (category:base,tabindex:0)
2026-05-11 10:53:48,105 [INFO] PluginManage:310 - Check plugin memorymap
2026-05-11 10:53:48,128 [INFO] PluginManage:359 - Loaded plugin memorymap (category:base,tabindex:4)
2026-05-11 10:53:48,128 [INFO] PluginManage:310 - Check plugin pinoutandconfiguration
2026-05-11 10:53:48,141 [INFO] PluginManage:359 - Loaded plugin pinoutandconfiguration (category:base,tabindex:1)
2026-05-11 10:53:48,141 [INFO] PluginManage:310 - Check plugin pinoutconfig
2026-05-11 10:53:48,250 [WARN] SupportedApi:132 - Cannot load RTOS API schema: s4s-elt-must-match.1: The content of 'definitions' must match (annotation?, (simpleType | complexType)?, (unique | key | keyref)*)). A problem was found starting at: attribute.
2026-05-11 10:53:48,407 [INFO] PluginManage:359 - Loaded plugin pinoutconfig (category:base,tabindex:0)
2026-05-11 10:53:48,407 [INFO] PluginManage:310 - Check plugin power
2026-05-11 10:53:48,419 [INFO] PluginManage:359 - Loaded plugin power (category:power,tabindex:4)
2026-05-11 10:53:48,419 [INFO] PluginManage:310 - Check plugin projectmanager
2026-05-11 10:53:48,423 [INFO] PluginManage:359 - Loaded plugin projectmanager (category:projectmanager,tabindex:4)
2026-05-11 10:53:48,423 [INFO] PluginManage:310 - Check plugin rif
2026-05-11 10:53:48,448 [INFO] PluginManage:359 - Loaded plugin rif (category:base,tabindex:3)
2026-05-11 10:53:48,448 [INFO] PluginManage:310 - Check plugin thirdparty
2026-05-11 10:53:48,605 [INFO] PluginManage:359 - Loaded plugin thirdparty (category:base,tabindex:-1)
2026-05-11 10:53:48,605 [WARN] IntegrityCheckThread:84 - waiting for thirdparty lock release [integrity check]
2026-05-11 10:53:48,627 [INFO] IntegrityCheckThread:86 - entering critical section [integrity check]
2026-05-11 10:53:48,627 [INFO] PluginManage:310 - Check plugin tools
2026-05-11 10:53:48,627 [INFO] ThirdPartyUpdaterWithRetryManager:70 - Updater plugin not ready yet. [1/15]
2026-05-11 10:53:48,627 [INFO] PluginManage:359 - Loaded plugin tools (category:base,tabindex:7)
2026-05-11 10:53:48,627 [INFO] PluginManage:310 - Check plugin tutovideos
2026-05-11 10:53:48,837 [INFO] PluginManage:359 - Loaded plugin tutovideos (category:base,tabindex:-1)
2026-05-11 10:53:48,837 [INFO] PluginManage:310 - Check plugin updater
2026-05-11 10:53:48,851 [INFO] PluginManage:359 - Loaded plugin updater (category:base,tabindex:12)
2026-05-11 10:53:48,851 [INFO] PluginManage:310 - Check plugin userauth
2026-05-11 10:53:48,865 [INFO] UserAuth:118 - Init User Auth plugin
2026-05-11 10:53:48,865 [INFO] PluginManage:359 - Loaded plugin userauth (category:base,tabindex:14)
2026-05-11 10:53:48,865 [INFO] PluginManage:283 - PluginManage : Loaded plugins [18]
2026-05-11 10:53:49,123 [INFO] PinOutPanel:1589 - setPackage(No Configuration,No Configuration)
2026-05-11 10:53:49,217 [INFO] CADModel:165 - CPN selected for project level
2026-05-11 10:53:49,217 [INFO] CADModel:114 - Register for checkConnection events
2026-05-11 10:53:49,244 [INFO] IPUIPlugin:80 - create IPUIPlugin
2026-05-11 10:53:49,244 [INFO] PluginManager:220 - loadIPPluginJar : add adc
2026-05-11 10:53:49,253 [INFO] IPUIPlugin:80 - create IPUIPlugin
2026-05-11 10:53:49,253 [INFO] PluginManager:220 - loadIPPluginJar : add aes
2026-05-11 10:53:49,253 [INFO] IPUIPlugin:80 - create IPUIPlugin
2026-05-11 10:53:49,253 [INFO] PluginManager:220 - loadIPPluginJar : add can
2026-05-11 10:53:49,253 [INFO] IPUIPlugin:80 - create IPUIPlugin
2026-05-11 10:53:49,253 [INFO] PluginManager:220 - loadIPPluginJar : add comp
2026-05-11 10:53:49,253 [INFO] IPUIPlugin:80 - create IPUIPlugin
2026-05-11 10:53:49,253 [INFO] PluginManager:220 - loadIPPluginJar : add cryp
2026-05-11 10:53:49,271 [INFO] IPUIPlugin:80 - create IPUIPlugin
2026-05-11 10:53:49,271 [INFO] PluginManager:220 - loadIPPluginJar : add ddr_ctrl_phy
2026-05-11 10:53:49,271 [INFO] IPUIPlugin:80 - create IPUIPlugin
2026-05-11 10:53:49,271 [INFO] PluginManager:220 - loadIPPluginJar : add dfsdm
2026-05-11 10:53:49,283 [INFO] IPUIPlugin:80 - create IPUIPlugin
2026-05-11 10:53:49,283 [INFO] PluginManager:220 - loadIPPluginJar : add dma
2026-05-11 10:53:49,287 [INFO] IPUIPlugin:80 - create IPUIPlugin
2026-05-11 10:53:49,287 [INFO] PluginManager:220 - loadIPPluginJar : add dma3
2026-05-11 10:53:49,294 [INFO] IPUIPlugin:80 - create IPUIPlugin
2026-05-11 10:53:49,294 [INFO] PluginManager:220 - loadIPPluginJar : add extmemmanager
2026-05-11 10:53:49,296 [INFO] IPUIPlugin:80 - create IPUIPlugin
2026-05-11 10:53:49,296 [INFO] PluginManager:220 - loadIPPluginJar : add fatfs
2026-05-11 10:53:49,304 [INFO] IPUIPlugin:80 - create IPUIPlugin
2026-05-11 10:53:49,304 [INFO] PluginManager:220 - loadIPPluginJar : add fmc
2026-05-11 10:53:49,308 [INFO] IPUIPlugin:80 - create IPUIPlugin
2026-05-11 10:53:49,308 [INFO] PluginManager:220 - loadIPPluginJar : add freertos
2026-05-11 10:53:49,318 [INFO] IPUIPlugin:80 - create IPUIPlugin
2026-05-11 10:53:49,318 [INFO] PluginManager:220 - loadIPPluginJar : add genericplugin
2026-05-11 10:53:49,322 [INFO] IPUIPlugin:80 - create IPUIPlugin
2026-05-11 10:53:49,322 [INFO] PluginManager:220 - loadIPPluginJar : add gfxmmu
2026-05-11 10:53:49,328 [INFO] IPUIPlugin:80 - create IPUIPlugin
2026-05-11 10:53:49,328 [INFO] PluginManager:220 - loadIPPluginJar : add gic
2026-05-11 10:53:49,336 [INFO] IPUIPlugin:80 - create IPUIPlugin
2026-05-11 10:53:49,336 [INFO] PluginManager:220 - loadIPPluginJar : add gpio
2026-05-11 10:53:49,339 [INFO] IPUIPlugin:80 - create IPUIPlugin
2026-05-11 10:53:49,339 [INFO] PluginManager:220 - loadIPPluginJar : add gtzc
2026-05-11 10:53:49,339 [INFO] IPUIPlugin:80 - create IPUIPlugin
2026-05-11 10:53:49,339 [INFO] PluginManager:220 - loadIPPluginJar : add hash
2026-05-11 10:53:49,347 [INFO] IPUIPlugin:80 - create IPUIPlugin
2026-05-11 10:53:49,347 [INFO] PluginManager:220 - loadIPPluginJar : add i2c
2026-05-11 10:53:49,351 [INFO] IPUIPlugin:80 - create IPUIPlugin
2026-05-11 10:53:49,351 [INFO] PluginManager:220 - loadIPPluginJar : add i2s
2026-05-11 10:53:49,355 [INFO] IPUIPlugin:80 - create IPUIPlugin
2026-05-11 10:53:49,355 [INFO] PluginManager:220 - loadIPPluginJar : add i3c
2026-05-11 10:53:49,362 [INFO] IPUIPlugin:80 - create IPUIPlugin
2026-05-11 10:53:49,362 [INFO] PluginManager:220 - loadIPPluginJar : add ipddr
2026-05-11 10:53:49,369 [INFO] IPUIPlugin:80 - create IPUIPlugin
2026-05-11 10:53:49,369 [INFO] PluginManager:220 - loadIPPluginJar : add linkedlist
2026-05-11 10:53:49,369 [INFO] IPUIPlugin:80 - create IPUIPlugin
2026-05-11 10:53:49,369 [INFO] PluginManager:220 - loadIPPluginJar : add lorawan
2026-05-11 10:53:49,369 [INFO] IPUIPlugin:80 - create IPUIPlugin
2026-05-11 10:53:49,369 [INFO] PluginManager:220 - loadIPPluginJar : add ltdc
2026-05-11 10:53:49,385 [INFO] IPUIPlugin:80 - create IPUIPlugin
2026-05-11 10:53:49,385 [INFO] PluginManager:220 - loadIPPluginJar : add mdma
2026-05-11 10:53:49,387 [INFO] IPUIPlugin:80 - create IPUIPlugin
2026-05-11 10:53:49,387 [INFO] PluginManager:220 - loadIPPluginJar : add nvic
2026-05-11 10:53:49,395 [INFO] IPUIPlugin:80 - create IPUIPlugin
2026-05-11 10:53:49,395 [INFO] PluginManager:220 - loadIPPluginJar : add opamp
2026-05-11 10:53:49,399 [INFO] IPUIPlugin:80 - create IPUIPlugin
2026-05-11 10:53:49,399 [INFO] PluginManager:220 - loadIPPluginJar : add openamp
2026-05-11 10:53:49,403 [INFO] IPUIPlugin:80 - create IPUIPlugin
2026-05-11 10:53:49,403 [INFO] PluginManager:220 - loadIPPluginJar : add pdm2pcm
2026-05-11 10:53:49,411 [INFO] IPUIPlugin:80 - create IPUIPlugin
2026-05-11 10:53:49,413 [INFO] PluginManager:220 - loadIPPluginJar : add plateformsettings
2026-05-11 10:53:49,417 [INFO] IPUIPlugin:80 - create IPUIPlugin
2026-05-11 10:53:49,417 [INFO] PluginManager:220 - loadIPPluginJar : add quadspi
2026-05-11 10:53:49,419 [INFO] IPUIPlugin:80 - create IPUIPlugin
2026-05-11 10:53:49,419 [INFO] PluginManager:220 - loadIPPluginJar : add radio
2026-05-11 10:53:49,426 [INFO] IPUIPlugin:80 - create IPUIPlugin
2026-05-11 10:53:49,426 [INFO] PluginManager:220 - loadIPPluginJar : add resmgrutility
2026-05-11 10:53:49,432 [INFO] IPUIPlugin:80 - create IPUIPlugin
2026-05-11 10:53:49,432 [INFO] PluginManager:220 - loadIPPluginJar : add sai
2026-05-11 10:53:49,434 [INFO] IPUIPlugin:80 - create IPUIPlugin
2026-05-11 10:53:49,434 [INFO] PluginManager:220 - loadIPPluginJar : add spi
2026-05-11 10:53:49,442 [INFO] IPUIPlugin:80 - create IPUIPlugin
2026-05-11 10:53:49,442 [INFO] PluginManager:220 - loadIPPluginJar : add stm32_wpan
2026-05-11 10:53:49,442 [INFO] IPUIPlugin:80 - create IPUIPlugin
2026-05-11 10:53:49,442 [INFO] PluginManager:220 - loadIPPluginJar : add tim
2026-05-11 10:53:49,442 [INFO] IPUIPlugin:80 - create IPUIPlugin
2026-05-11 10:53:49,442 [INFO] PluginManager:220 - loadIPPluginJar : add touchsensing
2026-05-11 10:53:49,442 [INFO] IPUIPlugin:80 - create IPUIPlugin
2026-05-11 10:53:49,442 [INFO] PluginManager:220 - loadIPPluginJar : add tracer_emb
2026-05-11 10:53:49,442 [INFO] IPUIPlugin:80 - create IPUIPlugin
2026-05-11 10:53:49,442 [INFO] PluginManager:220 - loadIPPluginJar : add ts
2026-05-11 10:53:49,458 [INFO] IPUIPlugin:80 - create IPUIPlugin
2026-05-11 10:53:49,458 [INFO] PluginManager:220 - loadIPPluginJar : add tsc
2026-05-11 10:53:49,458 [INFO] IPUIPlugin:80 - create IPUIPlugin
2026-05-11 10:53:49,458 [INFO] PluginManager:220 - loadIPPluginJar : add ucpd
2026-05-11 10:53:49,458 [INFO] IPUIPlugin:80 - create IPUIPlugin
2026-05-11 10:53:49,458 [INFO] PluginManager:220 - loadIPPluginJar : add usart
2026-05-11 10:53:49,471 [INFO] IPUIPlugin:80 - create IPUIPlugin
2026-05-11 10:53:49,471 [INFO] PluginManager:220 - loadIPPluginJar : add usbx
2026-05-11 10:53:49,609 [FATAL] Updater:351 - Updater called before beeing initialized
2026-05-11 10:53:49,637 [INFO] RulesReader:64 - Compatibility file has been processed (317 Rules)
2026-05-11 10:53:49,641 [INFO] RulesReader:64 - Compatibility file has been processed (317 Rules)
2026-05-11 10:53:49,657 [INFO] CADModel:165 - CPN selected for project level
2026-05-11 10:53:49,657 [INFO] CADModel:114 - Register for checkConnection events
2026-05-11 10:53:49,657 [FATAL] Updater:351 - Updater called before beeing initialized
2026-05-11 10:53:49,657 [ERROR] CADModel:125 - Updater not yet initialized, retry later 
2026-05-11 10:53:49,841 [FATAL] Updater:351 - Updater called before beeing initialized
2026-05-11 10:53:49,846 [INFO] CADModel:165 - CPN selected for project level
2026-05-11 10:53:49,846 [INFO] CADModel:114 - Register for checkConnection events
2026-05-11 10:53:49,846 [FATAL] Updater:351 - Updater called before beeing initialized
2026-05-11 10:53:49,846 [ERROR] CADModel:125 - Updater not yet initialized, retry later 
2026-05-11 10:53:49,850 [FATAL] Updater:351 - Updater called before beeing initialized
2026-05-11 10:53:50,004 [FATAL] Updater:351 - Updater called before beeing initialized
2026-05-11 10:53:50,004 [INFO] DbMcusAds:53 - JSON generation date=Mon Apr 27 13:44:29 IST 2026 (1777277669683)
2026-05-11 10:53:50,004 [FATAL] Updater:351 - Updater called before beeing initialized
2026-05-11 10:53:50,045 [WARN] DetailPanel:346 - Failed to get advertising image, set to default
2026-05-11 10:53:50,130 [FATAL] Updater:351 - Updater called before beeing initialized
2026-05-11 10:53:50,130 [FATAL] Updater:351 - Updater called before beeing initialized
2026-05-11 10:53:50,130 [FATAL] Updater:351 - Updater called before beeing initialized
2026-05-11 10:53:50,130 [WARN] DetailPanel:346 - Failed to get advertising image, set to default
2026-05-11 10:53:50,130 [FATAL] Updater:351 - Updater called before beeing initialized
2026-05-11 10:53:50,187 [ERROR] Updater:1198 - MainUpdater not yet initialized. External WinMGr cannot be set.
2026-05-11 10:53:50,187 [INFO] Updater:1134 - Updater Version found : 6.15.0
2026-05-11 10:53:50,203 [INFO] ApplicationProperties:184 - Using Application install path: C:\ST\STM32CubeIDE_1.19.0\STM32CubeIDE\plugins\com.st.stm32cube.common.mx_6.15.0.202507011659
2026-05-11 10:53:50,569 [INFO] MainUpdater:2872 - connection check result : 10
2026-05-11 10:53:50,569 [INFO] MainUpdater:3604 - Updater definition file requires update
2026-05-11 10:53:50,569 [INFO] MainUpdater:289 - Updater Check For Update Now.
2026-05-11 10:53:50,569 [INFO] MicroXplorer:498 - Change Database Version : DB.6.0.150
2026-05-11 10:53:50,585 [INFO] ServerAccessManage:452 - Complete download http(s) 200
2026-05-11 10:53:50,585 [INFO] ServerAccessManage:509 - Download File updaters.zip
2026-05-11 10:53:50,648 [INFO] FileExtend:248 - Unzip File : updaters.zip
2026-05-11 10:53:50,648 [INFO] FileExtend:263 - Standard Zip Deflate
2026-05-11 10:53:51,044 [INFO] ServerAccessManage:452 - Complete download http(s) 200
2026-05-11 10:53:51,044 [INFO] ServerAccessManage:509 - Download File PacksControlFlags.xml
2026-05-11 10:53:51,092 [INFO] ServerAccessManage:452 - Complete download http(s) 200
2026-05-11 10:53:51,092 [INFO] ServerAccessManage:509 - Download File cubemx.pidx
2026-05-11 10:53:51,195 [INFO] LoadServerUpdatesThread:375 - End of LoadServerUpdate Thread
2026-05-11 10:53:51,349 [INFO] CheckServerUpdateThread:120 - End of CheckServer Thread
2026-05-11 10:53:51,411 [INFO] MainUpdater:2872 - connection check result : 10
2026-05-11 10:53:51,411 [INFO] McuFinderGlobals:76 - Set McuFinderConnectedMode to true
2026-05-11 10:53:51,626 [INFO] ServerAccessManage:452 - Complete download http(s) 200
2026-05-11 10:53:51,626 [INFO] ServerAccessManage:509 - Download File mcusAds.json._tmp_
2026-05-11 10:53:51,643 [WARN] MainUpdater:1193 - Updater busy. Cannot search thirdparties
2026-05-11 10:53:51,643 [INFO] ThirdPartyUpdaterWithRetryManager:96 - Updater plugin is busy. [1/15]
2026-05-11 10:53:51,754 [INFO] LoadUrlFilesThread:156 - End of LoadUrlFiles Thread
2026-05-11 10:53:51,887 [INFO] ServerAccessManage:452 - Complete download http(s) 200
2026-05-11 10:53:51,888 [INFO] ServerAccessManage:509 - Download File cube-finder-db.zip
2026-05-11 10:53:53,432 [INFO] FileExtend:248 - Unzip File : cube-finder-db.zip
2026-05-11 10:53:53,432 [INFO] FileExtend:263 - Standard Zip Deflate
2026-05-11 10:53:54,359 [INFO] LoadUrlFilesThread:156 - End of LoadUrlFiles Thread
2026-05-11 10:53:54,647 [WARN] MainUpdater:1193 - Updater busy. Cannot search thirdparties
2026-05-11 10:53:54,647 [INFO] ThirdPartyUpdaterWithRetryManager:96 - Updater plugin is busy. [2/15]
2026-05-11 10:53:55,238 [INFO] ServerAccessManage:452 - Complete download http(s) 200
2026-05-11 10:53:55,238 [INFO] ServerAccessManage:509 - Download File crdb.zip
2026-05-11 10:53:56,142 [INFO] FileExtend:248 - Unzip File : crdb.zip
2026-05-11 10:53:56,142 [INFO] FileExtend:263 - Standard Zip Deflate
2026-05-11 10:53:56,286 [INFO] LoadUrlFilesThread:156 - End of LoadUrlFiles Thread
2026-05-11 10:53:56,402 [INFO] ServerAccessManage:452 - Complete download http(s) 200
2026-05-11 10:53:56,402 [INFO] ServerAccessManage:509 - Download File tutoVideoDB.zip
2026-05-11 10:53:56,423 [INFO] FileExtend:248 - Unzip File : tutoVideoDB.zip
2026-05-11 10:53:56,423 [INFO] FileExtend:263 - Standard Zip Deflate
2026-05-11 10:53:56,549 [INFO] LoadUrlFilesThread:156 - End of LoadUrlFiles Thread
2026-05-11 10:53:56,554 [WARN] DbFile:41 - Overriding database path with different value: C:\Users\jahna\.stmcufinder\plugins\mcufinder/ => C:\Users\jahna\.stmcufinder\plugins\mcufinder
2026-05-11 10:53:56,848 [INFO] McuFinderGlobals:63 - Set McuFinder mode to 2 (CubeIDE integrated)
2026-05-11 10:53:56,849 [INFO] UserAuth:171 - activating auth plugin
2026-05-11 10:53:56,852 [INFO] UserAuth:487 - Internet connection configuration mode: 1
2026-05-11 10:53:56,875 [INFO] JxBrowserEngine:152 - Initiate JxBrowser Engine with user profile folder
2026-05-11 10:53:57,197 [ERROR] ServerAccessManage:1212 - Problem, file not found on Server
2026-05-11 10:53:57,204 [ERROR] ServerAccessManage:740 - Problem, file not found on Server : api_config.json.
2026-05-11 10:53:57,661 [WARN] MainUpdater:1193 - Updater busy. Cannot search thirdparties
2026-05-11 10:53:57,661 [INFO] ThirdPartyUpdaterWithRetryManager:96 - Updater plugin is busy. [3/15]
2026-05-11 10:53:58,820 [INFO] WebApp:169 - Instantiating new browser for Auth
2026-05-11 10:53:59,655 [INFO] WebApp:463 - Apply proxy settings
2026-05-11 10:53:59,655 [INFO] WebApp:548 - Chromium requires no authentication
2026-05-11 10:53:59,673 [INFO] WebApp:491 - Direct internet connection detected
2026-05-11 10:53:59,727 [INFO] WebApp:900 - Register for checkConnection events
2026-05-11 10:53:59,727 [INFO] WebApp:463 - Apply proxy settings
2026-05-11 10:53:59,728 [INFO] WebApp:548 - Chromium requires no authentication
2026-05-11 10:53:59,729 [INFO] WebApp:491 - Direct internet connection detected
2026-05-11 10:53:59,793 [INFO] LoadUrlFilesThread:156 - End of LoadUrlFiles Thread
2026-05-11 10:53:59,957 [INFO] WebApp:225 - Starting web application
2026-05-11 10:53:59,957 [INFO] WebApp:593 - Web application path used C:\ST\STM32CubeIDE_1.19.0\STM32CubeIDE\plugins\com.st.stm32cube.common.mx_6.15.0.202507011659\db\plugins\mcufinder\reactClient1\index.html
2026-05-11 10:54:00,162 [INFO] WebApp:191 - Connection restablished
2026-05-11 10:54:01,096 [WARN] PackLoader:240 - Cannot read IP mode file for STMicroelectronics.X-CUBE-AZRTOS-H7.3.5.0
2026-05-11 10:54:01,112 [WARN] PackLoader:240 - Cannot read IP mode file for STMicroelectronics.FP-ATR-ASTRA1.2.0.2
2026-05-11 10:54:01,125 [WARN] PackLoader:240 - Cannot read IP mode file for STMicroelectronics.X-CUBE-SMBUS.2.1.0
2026-05-11 10:54:01,154 [WARN] PackLoader:240 - Cannot read IP mode file for STMicroelectronics.X-CUBE-AZRTOS-F7.1.1.0
2026-05-11 10:54:01,166 [WARN] PackLoader:240 - Cannot read IP mode file for STMicroelectronics.FP-SNS-MOTENV1.5.1.0
2026-05-11 10:54:01,182 [WARN] PackLoader:240 - Cannot read IP mode file for WES.I-CUBE-Cesium.1.4.0
2026-05-11 10:54:01,195 [WARN] PackLoader:240 - Cannot read IP mode file for STMicroelectronics.X-CUBE-DISPLAY.3.0.0
2026-05-11 10:54:01,214 [WARN] PackLoader:240 - Cannot read IP mode file for STMicroelectronics.X-CUBE-GNSS1.7.1.1
2026-05-11 10:54:01,224 [WARN] PackLoader:240 - Cannot read IP mode file for STMicroelectronics.FP-SNS-MOTENVWB1.1.5.0
2026-05-11 10:54:01,237 [WARN] PackLoader:240 - Cannot read IP mode file for STMicroelectronics.X-CUBE-NFC10.1.0.0
2026-05-11 10:54:01,250 [WARN] PackLoader:240 - Cannot read IP mode file for STMicroelectronics.X-CUBE-ST60.1.1.0
2026-05-11 10:54:01,261 [WARN] PackLoader:240 - Cannot read IP mode file for emotas.I-CUBE-CANOPEN.1.3.0
2026-05-11 10:54:01,269 [WARN] PackLoader:240 - Cannot read IP mode file for STMicroelectronics.X-CUBE-GNSS1.7.1.0
2026-05-11 10:54:01,280 [WARN] PackLoader:240 - Cannot read IP mode file for STMicroelectronics.FP-SNS-STBOX1.2.1.0
2026-05-11 10:54:01,292 [WARN] PackLoader:240 - Cannot read IP mode file for STMicroelectronics.FP-SNS-SMARTAG2.1.2.0
2026-05-11 10:54:01,297 [WARN] PackLoader:240 - Cannot read IP mode file for STMicroelectronics.FP-SNS-FLIGHT1.5.1.0
2026-05-11 10:54:01,309 [INFO] LogOutputStream:77 - [STDOUT_REDIRECT] 1 : Invalid condition id : UX_CORESTACK_Condition cause : null
2026-05-11 10:54:01,310 [INFO] LogOutputStream:77 - [STDOUT_REDIRECT] 1 : Invalid condition id : UX_CORESTACK_Condition cause : null
2026-05-11 10:54:01,311 [INFO] LogOutputStream:77 - [STDOUT_REDIRECT] 1 : Invalid condition id : UX_CORESTACK_Condition cause : null
2026-05-11 10:54:01,312 [INFO] LogOutputStream:77 - [STDOUT_REDIRECT] 1 : Invalid condition id : UX_CORESTACK_Condition cause : null
2026-05-11 10:54:01,313 [INFO] LogOutputStream:77 - [STDOUT_REDIRECT] 1 : Invalid condition id : UX_CORESTACK_Condition cause : null
2026-05-11 10:54:01,316 [WARN] PackLoader:240 - Cannot read IP mode file for STMicroelectronics.X-CUBE-AZRTOS-WL.2.0.0
2026-05-11 10:54:01,341 [WARN] PackLoader:240 - Cannot read IP mode file for STMicroelectronics.X-CUBE-AZRTOS-H7RS.1.2.0
2026-05-11 10:54:01,350 [WARN] PackLoader:240 - Cannot read IP mode file for STMicroelectronics.X-CUBE-BLE2.3.3.0
2026-05-11 10:54:01,395 [WARN] PackLoader:240 - Cannot read IP mode file for Infineon.AIROC-Wi-Fi-Bluetooth-STM32.1.8.0
2026-05-11 10:54:01,410 [WARN] PackLoader:240 - Cannot read IP mode file for STMicroelectronics.X-CUBE-NFC9.1.0.0
2026-05-11 10:54:01,417 [WARN] PackLoader:240 - Cannot read IP mode file for STMicroelectronics.X-CUBE-BLE1.7.1.0
2026-05-11 10:54:01,424 [WARN] PackLoader:240 - Cannot read IP mode file for wolfSSL.I-CUBE-wolfMQTT.1.19.2
2026-05-11 10:54:01,432 [WARN] PackLoader:240 - Cannot read IP mode file for STMicroelectronics.X-CUBE-EEPRMA1.5.2.0
2026-05-11 10:54:01,440 [WARN] PackLoader:240 - Cannot read IP mode file for wolfSSL.I-CUBE-wolfSSL.5.8.4
2026-05-11 10:54:01,446 [WARN] PackLoader:240 - Cannot read IP mode file for Cesanta.I-CUBE-Mongoose.7.20.0
2026-05-11 10:54:01,456 [WARN] PackLoader:240 - Cannot read IP mode file for STMicroelectronics.FP-SNS-STAIOTCFT.1.1.0
2026-05-11 10:54:01,503 [WARN] PackLoader:240 - Cannot read IP mode file for STMicroelectronics.X-CUBE-MEMS1.12.0.0
2026-05-11 10:54:01,615 [WARN] PackLoader:240 - Cannot read IP mode file for STMicroelectronics.X-CUBE-AZRTOS-G0.1.1.0
2026-05-11 10:54:01,626 [WARN] PackLoader:240 - Cannot read IP mode file for STMicroelectronics.X-CUBE-NFC4.3.0.0
2026-05-11 10:54:01,641 [WARN] PackLoader:240 - Cannot read IP mode file for EmbeddedOffice.I-CUBE-FS-RTOS.1.0.1
2026-05-11 10:54:01,649 [WARN] PackLoader:240 - Cannot read IP mode file for STMicroelectronics.X-CUBE-WB05N.2.0.0
2026-05-11 10:54:01,657 [WARN] PackLoader:240 - Cannot read IP mode file for wolfSSL.I-CUBE-wolfTPM.3.8.0
2026-05-11 10:54:01,664 [WARN] PackLoader:240 - Cannot read IP mode file for STMicroelectronics.X-CUBE-TCPP.4.2.0
2026-05-11 10:54:01,674 [WARN] PackLoader:240 - Cannot read IP mode file for RealThread.X-CUBE-RT-Thread_Nano.4.1.1
2026-05-11 10:54:01,680 [WARN] PackLoader:240 - Cannot read IP mode file for STMicroelectronics.FP-ATR-SIGFOX1.3.2.0
2026-05-11 10:54:01,689 [WARN] PackLoader:240 - Cannot read IP mode file for STMicroelectronics.X-CUBE-FREERTOS.1.5.0
2026-05-11 10:54:01,697 [WARN] PackLoader:240 - Cannot read IP mode file for ITTIA_DB.I-CUBE-ITTIADB.8.9.0
2026-05-11 10:54:01,708 [WARN] PackLoader:240 - Cannot read IP mode file for STMicroelectronics.X-CUBE-NFC6.3.2.0
2026-05-11 10:54:01,718 [WARN] PackLoader:240 - Cannot read IP mode file for STMicroelectronics.X-CUBE-AI.10.2.0
2026-05-11 10:54:01,774 [WARN] PackLoader:240 - Cannot read IP mode file for STMicroelectronics.X-CUBE-MEMS1.12.1.0
2026-05-11 10:54:01,910 [WARN] PackLoader:240 - Cannot read IP mode file for SEGGER.I-CUBE-embOS.1.3.1
2026-05-11 10:54:01,961 [WARN] PackLoader:240 - Cannot read IP mode file for STMicroelectronics.X-CUBE-ALGOBUILD.1.4.0
2026-05-11 10:54:01,968 [WARN] PackLoader:240 - Cannot read IP mode file for STMicroelectronics.X-CUBE-PM33A1.1.0.0
2026-05-11 10:54:01,988 [WARN] PackLoader:240 - Cannot read IP mode file for STMicroelectronics.X-CUBE-AZRTOS-F4.1.1.0
2026-05-11 10:54:01,997 [WARN] PackLoader:240 - Cannot read IP mode file for STMicroelectronics.X-CUBE-ISPU.2.1.0
2026-05-11 10:54:02,013 [WARN] PackLoader:240 - Cannot read IP mode file for STMicroelectronics.X-CUBE-IPS.3.2.0
2026-05-11 10:54:02,025 [WARN] PackLoader:240 - Cannot read IP mode file for STMicroelectronics.eDS-WB_DPC_TT-BIDIR.2.1.1
2026-05-11 10:54:02,031 [WARN] PackLoader:240 - Cannot read IP mode file for STMicroelectronics.X-CUBE-NFC12.1.0.0
2026-05-11 10:54:02,050 [WARN] PackLoader:240 - Cannot read IP mode file for STMicroelectronics.X-CUBE-AZRTOS-L5.2.0.0
2026-05-11 10:54:02,060 [WARN] PackLoader:240 - Cannot read IP mode file for STMicroelectronics.eDS-WB_DPC_VIENNA.1.2.0
2026-05-11 10:54:02,065 [WARN] PackLoader:240 - Cannot read IP mode file for STMicroelectronics.eDS-WB_DPC_3PH2L-BIDIR.1.1.1
2026-05-11 10:54:02,072 [ERROR] Engine:466 - C:\Users\jahna\.stm32cubemx\thirdparties\pdsc\STMicroelectronics.X-CUBE-ST67W61.1.3.0.pdsc: PDSC version is not supported
2026-05-11 10:54:02,079 [WARN] PackLoader:240 - Cannot read IP mode file for STMicroelectronics.X-CUBE-TOUCHGFX.4.26.1
2026-05-11 10:54:02,084 [WARN] PackLoader:240 - Cannot read IP mode file for STMicroelectronics.FP-SNS-STAIOTCFT.1.0.0
2026-05-11 10:54:02,093 [WARN] PackLoader:240 - Cannot read IP mode file for STMicroelectronics.X-CUBE-DPower.1.3.0
2026-05-11 10:54:02,114 [WARN] ConditionMgr:438 - getConditionDescription Invalid condition id : LAN8742 Phy interface Condition cause : null
2026-05-11 10:54:02,115 [WARN] PackLoader:240 - Cannot read IP mode file for STMicroelectronics.X-CUBE-AZRTOS-L4.2.0.0
2026-05-11 10:54:02,117 [WARN] ConditionMgr:1044 - genDependencies : Invalid condition id : LAN8742 Phy interface Condition cause : null
2026-05-11 10:54:02,117 [WARN] ConditionMgr:1044 - genDependencies : Invalid condition id : LAN8742 Phy interface Condition cause : null
2026-05-11 10:54:02,119 [WARN] ConditionMgr:1044 - genDependencies : Invalid condition id : LAN8742 Phy interface Condition cause : null
2026-05-11 10:54:02,129 [WARN] PackLoader:240 - Cannot read IP mode file for STMicroelectronics.X-CUBE-SFXS2LP1.4.0.0
2026-05-11 10:54:02,138 [WARN] PackLoader:240 - Cannot read IP mode file for STMicroelectronics.X-CUBE-WB05N.2.1.0
2026-05-11 10:54:02,146 [WARN] PackLoader:240 - Cannot read IP mode file for STMicroelectronics.X-CUBE-ST67W61.1.2.0
2026-05-11 10:54:02,159 [WARN] PackLoader:240 - Cannot read IP mode file for STMicroelectronics.X-CUBE-BLEMGR.4.1.0
2026-05-11 10:54:02,177 [WARN] ConditionMgr:438 - getConditionDescription Invalid condition id : UX DEVICE CLASS RTOS Condition cause : null
2026-05-11 10:54:02,177 [WARN] ConditionMgr:438 - getConditionDescription Invalid condition id : UX DEVICE CLASS RTOS Condition cause : null
2026-05-11 10:54:02,179 [WARN] PackLoader:240 - Cannot read IP mode file for STMicroelectronics.X-CUBE-AZRTOS-WB.2.0.0
2026-05-11 10:54:02,197 [WARN] ConditionMgr:1044 - genDependencies : Invalid condition id : UX DEVICE CLASS RTOS Condition cause : null
2026-05-11 10:54:02,198 [WARN] ConditionMgr:1044 - genDependencies : Invalid condition id : UX DEVICE CLASS RTOS Condition cause : null
2026-05-11 10:54:02,198 [WARN] ConditionMgr:1044 - genDependencies : Invalid condition id : UX DEVICE CLASS RTOS Condition cause : null
2026-05-11 10:54:02,198 [WARN] ConditionMgr:1044 - genDependencies : Invalid condition id : UX DEVICE CLASS RTOS Condition cause : null
2026-05-11 10:54:02,198 [WARN] ConditionMgr:1044 - genDependencies : Invalid condition id : UX DEVICE CLASS RTOS Condition cause : null
2026-05-11 10:54:02,205 [WARN] ConditionMgr:438 - getConditionDescription Invalid condition id : Cortex-A Device cause : null
2026-05-11 10:54:02,212 [WARN] ConditionMgr:1044 - genDependencies : Invalid condition id : Cortex-A Device cause : null
2026-05-11 10:54:02,212 [WARN] ConditionMgr:1044 - genDependencies : Invalid condition id : Cortex-A Device cause : null
2026-05-11 10:54:02,212 [WARN] ConditionMgr:1044 - genDependencies : Invalid condition id : Cortex-A Device cause : null
2026-05-11 10:54:02,220 [WARN] PackLoader:240 - Cannot read IP mode file for STMicroelectronics.X-CUBE-STSE01.2.0.0
2026-05-11 10:54:02,229 [WARN] PackLoader:240 - Cannot read IP mode file for STMicroelectronics.X-CUBE-SUBG2.5.0.0
2026-05-11 10:54:02,245 [WARN] PackLoader:240 - Cannot read IP mode file for STMicroelectronics.X-CUBE-AZRTOS-G4.2.0.0
2026-05-11 10:54:02,251 [WARN] PackLoader:240 - Cannot read IP mode file for wolfSSL.I-CUBE-wolfSSH.1.4.20
2026-05-11 10:54:02,257 [WARN] PackLoader:240 - Cannot read IP mode file for STMicroelectronics.X-CUBE-NFC7.2.0.0
2026-05-11 10:54:02,262 [WARN] PackLoader:240 - Cannot read IP mode file for STMicroelectronics.X-CUBE-ALS.1.0.2
2026-05-11 10:54:02,274 [WARN] PackLoader:240 - Cannot read IP mode file for STMicroelectronics.X-CUBE-TOF1.3.4.3
2026-05-11 10:54:02,284 [INFO] ThirdParty:978 - Integrity check success = true
2026-05-11 10:54:02,284 [INFO] IntegrityCheckThread:100 - exiting critical section [integrity check]
2026-05-11 10:54:02,284 [INFO] IntegrityCheckThread:103 - End integrity checks thread
2026-05-11 10:54:03,500 [INFO] DbMcusAds:53 - JSON generation date=Mon Apr 27 13:44:29 IST 2026 (1777277669683)
2026-05-11 10:54:03,520 [ERROR] TargetSelectorAdapter:267 - Unable to refresh data
2026-05-11 10:54:03,851 [INFO] ApiDb:581 - Connected to CubeFinder SQLite database (C:\Users\jahna\.stmcufinder\plugins\mcufinder\mcu\cube-finder-db.db)
2026-05-11 10:54:04,026 [INFO] ApiDb:668 - CubeFinder database Data Model version=2.1
2026-05-11 10:54:04,026 [INFO] ApiDb:669 - CubeFinder database Configuration version=3.0.42
2026-05-11 10:54:04,026 [INFO] ApiDb:670 - CubeFinder database generation date=2026-05-06 (1778060171)
2026-05-11 10:54:04,026 [INFO] ApiDb:671 - CubeFinder database FW Pack versions=[FP-ATR-ASTRA1_V2.0.0, FP-SNS-FLIGHT1_V5.1.0, FP-SNS-MOTENV1_V5.1.0, FP-SNS-MOTENVWB1_V1.5.0, FP-SNS-SMARTAG2_V1.2.0, FP-SNS-STBOX1_V2.1.0, STM32Cube_FW_C0_V1.4.0, STM32Cube_FW_F4_V1.28.3, STM32Cube_FW_F7_V1.17.4, STM32Cube_FW_G0_V1.6.3, STM32Cube_FW_G4_V1.6.2, STM32Cube_FW_H5_V1.6.0, STM32Cube_FW_H7RS_V1.3.0, STM32Cube_FW_H7_V1.13.0, STM32Cube_FW_L0_V1.12.2, STM32Cube_FW_L4_V1.18.2, STM32Cube_FW_L5_V1.6.0, STM32Cube_FW_N6_V1.3.0, STM32Cube_FW_U0_V1.3.0, STM32Cube_FW_U3_V1.3.0, STM32Cube_FW_U5_V1.8.0, STM32Cube_FW_WB0_V1.4.0, STM32Cube_FW_WBA_V1.9.0, STM32Cube_FW_WB_V1.24.0, STM32Cube_FW_WL3_V1.4.0, STM32Cube_FW_WL_V1.5.0, X-CUBE-ALGOBUILD_V1.4.0, X-CUBE-ALS_V1.0.2, X-CUBE-AZRTOS-F4_V1.1.0, X-CUBE-AZRTOS-F7_V1.1.0, X-CUBE-AZRTOS-G0_V1.1.0, X-CUBE-AZRTOS-G4_V2.0.0, X-CUBE-AZRTOS-H7RS_V1.1.0, X-CUBE-AZRTOS-H7_V3.5.0, X-CUBE-AZRTOS-L4_V2.0.0, X-CUBE-AZRTOS-L5_V2.0.0, X-CUBE-AZRTOS-WB_V2.0.0, X-CUBE-AZRTOS-WL_V2.0.0, X-CUBE-BLE1_V7.1.0, X-CUBE-BLE2_V3.3.0, X-CUBE-BLEMGR_V4.1.0, X-CUBE-EEPRMA1_V5.2.0, X-CUBE-FREERTOS_V1.5.0, X-CUBE-GNSS1_V6.0.0, X-CUBE-MEMS1_V12.0.0, X-CUBE-NFC4_V3.0.0, X-CUBE-NFC7_V2.0.0, X-CUBE-SFXS2LP1_V4.0.0, X-CUBE-ST67W61_V1.2.0, X-CUBE-SUBG2_V5.0.0, X-CUBE-TOF1_V3.4.3]
2026-05-11 10:54:07,073 [INFO] ApiDb:240 - Found 880 in-development CPN: [B-G473E-ZEST1S, B-WB1M-WPAN1, B-WBA5M-WPAN, B-WL5M-SUBG1, NUCLEO-C031C6, NUCLEO-C051C8, NUCLEO-C071RB, NUCLEO-C092RC, NUCLEO-H503RB, NUCLEO-H533RE, NUCLEO-H563ZI, NUCLEO-H7S3L8, NUCLEO-N657X0-Q, NUCLEO-U031R8, NUCLEO-U083RC, NUCLEO-U385RG-Q, NUCLEO-U545RE-Q, NUCLEO-U5A5ZJ-Q, NUCLEO-WB05KZ, NUCLEO-WB07CC, NUCLEO-WB09KE, NUCLEO-WBA52CG, NUCLEO-WBA55CG, NUCLEO-WL33CC1, NUCLEO-WL33CC2, STEVAL-PROTEUS1, STEVAL-SMARTAG2, STEVAL-STWINBX1, STM320518-EVAL, STM32C0116-DK, STM32C011D6Y3TR, STM32C011D6Y6TR, STM32C011F4P3, STM32C011F4P6, STM32C011F4U3, STM32C011F4U6TR, STM32C011F6P3, STM32C011F6P6, STM32C011F6U3, STM32C011F6U6TR, STM32C011J4M3, STM32C011J4M6, STM32C011J6M3, STM32C011J6M6, STM32C0316-DK, STM32C031C4T3, STM32C031C4T6, STM32C031C4U3, STM32C031C4U6, STM32C031C6T3, STM32C031C6T6, STM32C031C6U3, STM32C031C6U6, STM32C031F4P3, STM32C031F4P6, STM32C031F6P3, STM32C031F6P6, STM32C031G4U3, STM32C031G4U6, STM32C031G6U3, STM32C031G6U6, STM32C031K4T3, STM32C031K4T6, STM32C031K4U3, STM32C031K4U6, STM32C031K6T3, STM32C031K6T6, STM32C031K6U3, STM32C031K6U6, STM32C051C6T6, STM32C051C6U6, STM32C051C8T6, STM32C051C8U6, STM32C051D8Y6TR, STM32C051F6P6, STM32C051F8P6, STM32C051G6U6, STM32C051G8U6, STM32C051K6T6, STM32C051K6U6, STM32C051K8T6, STM32C071C8T6, STM32C071C8T6N, STM32C071C8U6, STM32C071C8U6N, STM32C071CBT6, STM32C071CBT6N, STM32C071CBU6, STM32C071CBU6N, STM32C071F8P6, STM32C071F8P6N, STM32C071FBP6, STM32C071FBP6N, STM32C071FBY6TR, STM32C071G8U6, STM32C071G8U6N, STM32C071GBU6, STM32C071GBU6N, STM32C071K8T6, STM32C071K8T6N, STM32C071K8U6, STM32C071K8U6N, STM32C071KBT6, STM32C071KBT6N, STM32C071KBU6, STM32C071KBU6N, STM32C071R8T6, STM32C071R8T6N, STM32C071RBI6N, STM32C071RBT6, STM32C071RBT6N, STM32C091CBT6, STM32C091CBU6, STM32C091CCT6, STM32C091CCU6, STM32C091ECY6TR, STM32C091FBP6, STM32C091FCP6, STM32C091GBU6, STM32C091GCU6, STM32C091KBT6, STM32C091KBU6, STM32C091KCT6, STM32C091KCU6, STM32C091RBT6, STM32C091RCI6, STM32C091RCT6, STM32C092CBT6, STM32C092CBU6, STM32C092CCT6, STM32C092CCU6, STM32C092ECY6TR, STM32C092FBP6, STM32C092FCP6, STM32C092GBU6, STM32C092GCU6, STM32C092KBT6, STM32C092KBU6, STM32C092KCT6, STM32C092KCU6, STM32C092RBT6, STM32C092RCI6, STM32C092RCT6, STM32G071K8TXN, STM32G071K8UXN, STM32G081GBU6N, STM32G081KBT6N, STM32G081KBUXN, STM32G0B1CCT6N, STM32G0B1KCT6, STM32G0B1NEY6TR, STM32G0B1RCT6N, STM32G0C1CCT6, STM32G0C1CCT6N, STM32G0C1CCU6N, STM32G0C1CET6N, STM32G0C1CEU6N, STM32G0C1KCT6, STM32G0C1NEY6TR, STM32G0C1RCI6N, STM32G0C1RCT6N, STM32G0C1REI6N, STM32G0C1RET6N, STM32G0C1VCI6, STM32G0C1VEI6, STM32G411C6T3, STM32G411C6T6, STM32G411C6U3, STM32G411C6U6, STM32G411C8T3, STM32G411C8T6, STM32G411C8U3, STM32G411C8U6, STM32G411CBT3, STM32G411CBT6, STM32G411CBU3, STM32G411CBU6, STM32G411K6T3, STM32G411K6T6, STM32G411K6U3, STM32G411K6U6, STM32G411K8T3, STM32G411K8T6, STM32G411K8U3, STM32G411K8U6, STM32G411KBT3, STM32G411KBT6, STM32G411KBU3, STM32G411KBU6, STM32G411M6T3, STM32G411M6T6, STM32G411M8T3, STM32G411M8T6, STM32G411MBT3, STM32G411MBT6, STM32G411R6T3, STM32G411R6T6, STM32G411R8T3, STM32G411R8T6, STM32G411RBT3, STM32G411RBT6, STM32G414CBT3, STM32G414CBT6, STM32G414CBU3, STM32G414CBU6, STM32G414CCT3, STM32G414CCT6, STM32G414CCU3, STM32G414CCU6, STM32G414MBT3, STM32G414MBT6, STM32G414MCT3, STM32G414MCT6, STM32G414RBT3, STM32G414RBT6, STM32G414RCT3, STM32G414RCT6, STM32G414VBT3, STM32G414VBT6, STM32G414VCT3, STM32G414VCT6, STM32G431CBT3Z, STM32G431RBT3Z, STM32G471CCT6, STM32G471CCU6, STM32G471CET3, STM32G471CET6, STM32G471CEU3, STM32G471CEU6, STM32G471MCT6, STM32G471MET3, STM32G471MET6, STM32G471MEY6TR, STM32G471QCT6, STM32G471QET3, STM32G471RCT6, STM32G471RET3, STM32G471RET6, STM32G471VCH6, STM32G471VCI6, STM32G471VCT6, STM32G471VEH3, STM32G471VEH6, STM32G471VEI3, STM32G471VEI6, STM32G471VET3, STM32G471VET6, STM32G473QET3Z, STM32G473RET3Z, STM32G474CCT6, STM32G491RET3Z, STM32H503CBT6, STM32H503CBU6, STM32H503EBY6TR, STM32H503KBU6, STM32H503RBT6, STM32H523CCT6, STM32H523CCU6, STM32H523CET6, STM32H523CEU6, STM32H523HEY6TR, STM32H523RCT6, STM32H523RET6, STM32H523VCI6, STM32H523VCT6, STM32H523VEI6, STM32H523VET6, STM32H523ZCJ6, STM32H523ZCT6, STM32H523ZEJ6, STM32H523ZET6, STM32H533CET6, STM32H533CEU6, STM32H533HEY6TR, STM32H533RET6, STM32H533VEI6, STM32H533VET6, STM32H533ZEJ6, STM32H533ZET6, STM32H562AGI6, STM32H562AII6, STM32H562IGK6, STM32H562IGT6, STM32H562IIK6, STM32H562IIT6, STM32H562RGT6, STM32H562RGV6, STM32H562RIT6, STM32H562RIV6, STM32H562VGT6, STM32H562VIT6, STM32H562ZGT6, STM32H562ZIT6, STM32H563AGI6, STM32H563AII3Q, STM32H563AII6, STM32H563IGK6, STM32H563IGT6, STM32H563IIK3Q, STM32H563IIK6, STM32H563IIT3Q, STM32H563IIT6, STM32H563MIY3QTR, STM32H563RGT6, STM32H563RGV6, STM32H563RIT6, STM32H563RIV6, STM32H563VGT6, STM32H563VIT3Q, STM32H563VIT6, STM32H563ZGT6, STM32H563ZIT3Q, STM32H563ZIT6, STM32H573AII3Q, STM32H573AII6, STM32H573I-DK, STM32H573IIK3Q, STM32H573IIK6, STM32H573IIT3Q, STM32H573IIT6, STM32H573MIY3QTR, STM32H573RIT6, STM32H573RIV6, STM32H573VIT3Q, STM32H573VIT6, STM32H573ZIT3Q, STM32H573ZIT6, STM32H7R3A8I6, STM32H7R3I8K6, STM32H7R3I8T6, STM32H7R3L8H6, STM32H7R3L8H6H, STM32H7R3R8V6, STM32H7R3V8H6, STM32H7R3V8T6, STM32H7R3V8Y6TR, STM32H7R3Z8J6, STM32H7R3Z8T6, STM32H7R7A8I6, STM32H7R7I8K6, STM32H7R7I8T6, STM32H7R7L8H6, STM32H7R7L8H6H, STM32H7R7Z8J6, STM32H7S3A8I6, STM32H7S3I8K6, STM32H7S3I8T6, STM32H7S3L8H6, STM32H7S3L8H6H, STM32H7S3R8V6, STM32H7S3V8H6, STM32H7S3V8T6, STM32H7S3V8Y6TR, STM32H7S3Z8J6, STM32H7S3Z8T6, STM32H7S78-DK, STM32H7S7A8I6, STM32H7S7I8K6, STM32H7S7I8T6, STM32H7S7L8H6, STM32H7S7L8H6H, STM32H7S7Z8J6, STM32L4R5QGI6STR, STM32MP131AAE3, STM32MP131AAF3, STM32MP131AAG3, STM32MP131CAE3, STM32MP131CAF3, STM32MP131CAG3, STM32MP131DAE7, STM32MP131DAF7, STM32MP131DAG7, STM32MP131FAE7, STM32MP131FAF7, STM32MP131FAG7, STM32MP133AAE3, STM32MP133AAF3, STM32MP133AAG3, STM32MP133CAE3, STM32MP133CAF3, STM32MP133CAG3, STM32MP133DAE7, STM32MP133DAF7, STM32MP133DAG7, STM32MP133FAE7, STM32MP133FAF7, STM32MP133FAG7, STM32MP135AAE3, STM32MP135AAF3, STM32MP135AAG3, STM32MP135CAE3, STM32MP135CAF3, STM32MP135CAG3, STM32MP135DAE7, STM32MP135DAF7, STM32MP135DAG7, STM32MP135F-DK, STM32MP135FAE7, STM32MP135FAF7, STM32MP135FAF7T, STM32MP135FAF7U, STM32MP135FAG7, STM32MP211AAL3, STM32MP211AAM3, STM32MP211AAN3, STM32MP211AAO3, STM32MP211CAL3, STM32MP211CAM3, STM32MP211CAN3, STM32MP211CAO3, STM32MP211DAL3, STM32MP211DAM3, STM32MP211DAN3, STM32MP211DAO3, STM32MP211FAL3, STM32MP211FAM3, STM32MP211FAN3, STM32MP211FAO3, STM32MP213AAL3, STM32MP213AAM3, STM32MP213AAN3, STM32MP213AAO3, STM32MP213CAL3, STM32MP213CAM3, STM32MP213CAN3, STM32MP213CAO3, STM32MP213DAL3, STM32MP213DAM3, STM32MP213DAN3, STM32MP213DAO3, STM32MP213FAL3, STM32MP213FAM3, STM32MP213FAN3, STM32MP213FAO3, STM32MP215AAL3, STM32MP215AAM3, STM32MP215AAN3, STM32MP215AAO3, STM32MP215CAL3, STM32MP215CAM3, STM32MP215CAN3, STM32MP215CAO3, STM32MP215DAL3, STM32MP215DAM3, STM32MP215DAN3, STM32MP215DAO3, STM32MP215F-DK, STM32MP215FAL3, STM32MP215FAM3, STM32MP215FAN3, STM32MP215FAO3, STM32MP231AAJ3, STM32MP231AAK3, STM32MP231AAL3, STM32MP231CAJ3, STM32MP231CAK3, STM32MP231CAL3, STM32MP231DAJ3, STM32MP231DAK3, STM32MP231DAL3, STM32MP231FAJ3, STM32MP231FAK3, STM32MP231FAL3, STM32MP233AAJ3, STM32MP233AAK3, STM32MP233AAL3, STM32MP233CAJ3, STM32MP233CAK3, STM32MP233CAL3, STM32MP233DAJ3, STM32MP233DAK3, STM32MP233DAL3, STM32MP233FAJ3, STM32MP233FAK3, STM32MP233FAL3, STM32MP235AAJ3, STM32MP235AAK3, STM32MP235AAL3, STM32MP235CAJ3, STM32MP235CAK3, STM32MP235CAL3, STM32MP235DAJ3, STM32MP235DAK3, STM32MP235DAL3, STM32MP235FAJ3, STM32MP235FAK3, STM32MP235FAL3, STM32MP251AAI3, STM32MP251AAK3, STM32MP251AAL3, STM32MP251CAI3, STM32MP251CAK3, STM32MP251CAL3, STM32MP251DAI3, STM32MP251DAK3, STM32MP251DAL3, STM32MP251FAI3, STM32MP251FAK3, STM32MP251FAL3, STM32MP253AAI3, STM32MP253AAK3, STM32MP253AAL3, STM32MP253CAI3, STM32MP253CAK3, STM32MP253CAL3, STM32MP253DAI3, STM32MP253DAK3, STM32MP253DAL3, STM32MP253FAI3, STM32MP253FAK3, STM32MP253FAL3, STM32MP255AAI3, STM32MP255AAK3, STM32MP255AAL3, STM32MP255CAI3, STM32MP255CAK3, STM32MP255CAL3, STM32MP255DAI3, STM32MP255DAK3, STM32MP255DAL3, STM32MP255FAI3, STM32MP255FAK3, STM32MP255FAL3, STM32MP257AAI3, STM32MP257AAK3, STM32MP257AAL3, STM32MP257CAI3, STM32MP257CAK3, STM32MP257CAL3, STM32MP257DAI3, STM32MP257DAK3, STM32MP257DAL3, STM32MP257F-DK, STM32MP257F-EV1, STM32MP257FAI3, STM32MP257FAK3, STM32MP257FAL3, STM32N645A0H3Q, STM32N645B0H3Q, STM32N645I0H3Q, STM32N645L0H3Q, STM32N645X0H3Q, STM32N645Z0H3Q, STM32N647A0H3Q, STM32N647B0H3Q, STM32N647I0H3Q, STM32N647L0H3Q, STM32N647X0H3Q, STM32N647Z0H3Q, STM32N655A0H3Q, STM32N655B0H3Q, STM32N655I0H3Q, STM32N655L0H3Q, STM32N655X0H3Q, STM32N655Z0H3Q, STM32N6570-DK, STM32N657A0H3Q, STM32N657B0H3Q, STM32N657I0H3Q, STM32N657L0H3Q, STM32N657X0H3Q, STM32N657Z0H3Q, STM32U031C6T6, STM32U031C6U6, STM32U031C8T6, STM32U031C8U6, STM32U031F4P6, STM32U031F6P6, STM32U031F8P6, STM32U031G6Y6TR, STM32U031G8Y6TR, STM32U031K4U6, STM32U031K6U6, STM32U031K8U6, STM32U031R6I6, STM32U031R6T6, STM32U031R8I6, STM32U031R8T6, STM32U073C8T6, STM32U073C8U6, STM32U073CBT6, STM32U073CBU6, STM32U073CCT6, STM32U073CCU6, STM32U073H8Y6TR, STM32U073HBY6TR, STM32U073HCY6TR, STM32U073K8U6, STM32U073KBU6, STM32U073KCU6, STM32U073M8I6, STM32U073M8T6, STM32U073MBI6, STM32U073MBT6, STM32U073MCI6, STM32U073MCT6, STM32U073R8I6, STM32U073R8T6, STM32U073RBI6, STM32U073RBT6, STM32U073RCI6, STM32U073RCT6, STM32U083C-DK, STM32U083CCT6, STM32U083CCU6, STM32U083HCY6TR, STM32U083KCU6, STM32U083MCI6, STM32U083MCT6, STM32U083RCI6, STM32U083RCT6, STM32U375CET6, STM32U375CET6Q, STM32U375CEU6, STM32U375CEU6Q, STM32U375CEY6QTR, STM32U375CGT6, STM32U375CGT6Q, STM32U375CGU6, STM32U375CGU6Q, STM32U375CGY6QTR, STM32U375KEU6, STM32U375KGU6, STM32U375REI6, STM32U375REI6Q, STM32U375RET6, STM32U375RET6Q, STM32U375REY6GTR, STM32U375REY6QTR, STM32U375RGI6, STM32U375RGI6Q, STM32U375RGT6, STM32U375RGT6Q, STM32U375RGY6GTR, STM32U375RGY6QTR, STM32U375VEI6, STM32U375VEI6Q, STM32U375VET6, STM32U375VET6Q, STM32U375VGI6, STM32U375VGI6Q, STM32U375VGT6, STM32U375VGT6Q, STM32U385CGT6, STM32U385CGT6Q, STM32U385CGU6, STM32U385CGU6Q, STM32U385CGY6QTR, STM32U385KGU6, STM32U385RGI6, STM32U385RGI6Q, STM32U385RGT6, STM32U385RGT6Q, STM32U385RGY6GTR, STM32U385RGY6QTR, STM32U385VGI6, STM32U385VGI6Q, STM32U385VGT6, STM32U385VGT6Q, STM32U535CBT6, STM32U535CBT6Q, STM32U535CBU6, STM32U535CBU6Q, STM32U535CCT6, STM32U535CCT6Q, STM32U535CCU6, STM32U535CCU6Q, STM32U535CET6, STM32U535CET6Q, STM32U535CEU6, STM32U535CEU6Q, STM32U535JEY6QTR, STM32U535NCY6QTR, STM32U535NEY6QTR, STM32U535RBI6, STM32U535RBI6Q, STM32U535RBT6, STM32U535RBT6Q, STM32U535RCI6, STM32U535RCI6Q, STM32U535RCT6, STM32U535RCT6Q, STM32U535REI6, STM32U535REI6Q, STM32U535RET6, STM32U535RET6Q, STM32U535VCI6, STM32U535VCI6Q, STM32U535VCT6, STM32U535VCT6Q, STM32U535VEI6, STM32U535VEI6Q, STM32U535VET6, STM32U535VET6Q, STM32U545CET6, STM32U545CET6Q, STM32U545CEU6, STM32U545CEU6Q, STM32U545JEY6QTR, STM32U545NEY6QTR, STM32U545REI6, STM32U545REI6Q, STM32U545RET6, STM32U545RET6Q, STM32U545VEI6, STM32U545VEI6Q, STM32U545VET6, STM32U545VET6Q, STM32U595AIH6, STM32U595AIH6Q, STM32U595AJH6, STM32U595AJH6Q, STM32U595QII6, STM32U595QII6Q, STM32U595QJI6, STM32U595QJI6Q, STM32U595RIT6, STM32U595RIT6Q, STM32U595RJT6, STM32U595RJT6Q, STM32U595VIT6, STM32U595VIT6Q, STM32U595VJT6, STM32U595VJT6Q, STM32U595ZIT6, STM32U595ZIT6Q, STM32U595ZIY6QTR, STM32U595ZJT6, STM32U595ZJT6Q, STM32U595ZJY6QTR, STM32U599BJY6QTR, STM32U599NIH6Q, STM32U599NJH6Q, STM32U599VIT6Q, STM32U599VJT6, STM32U599VJT6Q, STM32U599ZIT6Q, STM32U599ZIY6QTR, STM32U599ZJT6Q, STM32U599ZJY6QTR, STM32U5A5AJH6, STM32U5A5AJH6Q, STM32U5A5QII3Q , STM32U5A5QJI6, STM32U5A5QJI6Q, STM32U5A5RJT6, STM32U5A5RJT6Q, STM32U5A5VJT6, STM32U5A5VJT6Q, STM32U5A5ZJT6, STM32U5A5ZJT6Q, STM32U5A5ZJY6QTR, STM32U5A9BJY6QTR, STM32U5A9J-DK, STM32U5A9NJH6Q, STM32U5A9VJT6Q, STM32U5A9ZJT6Q, STM32U5A9ZJY6QTR, STM32U5F7VIT6, STM32U5F7VIT6Q, STM32U5F7VJT6, STM32U5F7VJT6Q, STM32U5F9BJY6QTR, STM32U5F9NJH6Q, STM32U5F9VIT6Q, STM32U5F9VJT6Q, STM32U5F9ZIJ6QTR, STM32U5F9ZIT6Q, STM32U5F9ZJJ6QTR, STM32U5F9ZJT6Q, STM32U5G7VJT6, STM32U5G7VJT6Q, STM32U5G9BJY6QTR, STM32U5G9J-DK1, STM32U5G9J-DK2, STM32U5G9NJH6Q, STM32U5G9VJT6Q, STM32U5G9ZJJ6QTR, STM32U5G9ZJT6Q, STM32WB05KZV6TR, STM32WB05KZV7TR, STM32WB05TZF6TR, STM32WB05TZF7TR, STM32WB06CCF6TR, STM32WB06CCF7TR, STM32WB06CCV6TR, STM32WB06CCV7TR, STM32WB06KCV6TR, STM32WB06KCV7TR, STM32WB07CCF6TR, STM32WB07CCF7TR, STM32WB07CCV6TR, STM32WB07CCV7TR, STM32WB07KCV6TR, STM32WB07KCV7TR, STM32WB09KEV6TR, STM32WB09KEV7TR, STM32WB09TEF6TR, STM32WB09TEF7TR, STM32WB1MMCH6, STM32WBA50KGU6, STM32WBA50KGU6TR, STM32WBA52CEU6, STM32WBA52CEU6TR, STM32WBA52CEU7, STM32WBA52CEU7TR, STM32WBA52CGU6, STM32WBA52CGU6TR, STM32WBA52CGU6U, STM32WBA52CGU7, STM32WBA52CGU7TR, STM32WBA52KEU6, STM32WBA52KEU6TR, STM32WBA52KGU6, STM32WBA52KGU6TR, STM32WBA54CEU6, STM32WBA54CEU6TR, STM32WBA54CEU7, STM32WBA54CEU7TR, STM32WBA54CGU6, STM32WBA54CGU6TR, STM32WBA54CGU7, STM32WBA54CGU7TR, STM32WBA54KEU6, STM32WBA54KEU6TR, STM32WBA54KEU7, STM32WBA54KEU7TR, STM32WBA54KGU6, STM32WBA54KGU6TR, STM32WBA54KGU7, STM32WBA54KGU7TR, STM32WBA55CEU6, STM32WBA55CEU6TR, STM32WBA55CEU7, STM32WBA55CEU7TR, STM32WBA55CGU6, STM32WBA55CGU6TR, STM32WBA55CGU6U, STM32WBA55CGU7, STM32WBA55CGU7TR, STM32WBA55G-DK1, STM32WBA55HEF6, STM32WBA55HEF7, STM32WBA55HGF6, STM32WBA55HGF7, STM32WBA55UEI6, STM32WBA55UEI6TR, STM32WBA55UEI7, STM32WBA55UEI7TR, STM32WBA55UGI6, STM32WBA55UGI6TR, STM32WBA55UGI7, STM32WBA55UGI7TR, STM32WBA5MMGH6TR, STM32WBA62MGF6, STM32WBA62MIF6, STM32WBA65MGF7, STM32WBA65MIF6, STM32WBA65MIF7, STM32WL30K8V6, STM32WL30KBV6, STM32WL31C8V6, STM32WL31CBV6, STM32WL31K8V6, STM32WL31KBV6, STM32WL33C8V6, STM32WL33C8V6X, STM32WL33CBV6, STM32WL33CBV6X, STM32WL33CCV6, STM32WL33CCV6A, STM32WL33CCV6X, STM32WL33K8V7, STM32WL33K8V7X, STM32WL33KBV7 , STM32WL33KBV7X, STM32WL33KCV7, STM32WL33KCV7X, STM32WL5MOCH6, STM32WL5MOCH6TR]
2026-05-11 10:54:07,080 [INFO] DbMcus:218 - Found 5086 MCUs, 4968 are supported
2026-05-11 10:54:07,082 [INFO] ApiDb:423 - Load user favorites file C:\Users\jahna/.stm32cubeide/favorites.mcus.txt: 0 item(s)
2026-05-11 10:54:07,082 [INFO] ApiDb:427 - User favorites MCUs=[]
2026-05-11 10:54:07,082 [INFO] DbMcus:224 - Set 0 / 0 favorites MCUs
2026-05-11 10:54:07,552 [INFO] ApiDb:668 - CubeFinder database Data Model version=2.1
2026-05-11 10:54:07,553 [INFO] ApiDb:669 - CubeFinder database Configuration version=3.0.42
2026-05-11 10:54:07,553 [INFO] ApiDb:670 - CubeFinder database generation date=2026-05-06 (1778060171)
2026-05-11 10:54:07,553 [INFO] ApiDb:671 - CubeFinder database FW Pack versions=[FP-ATR-ASTRA1_V2.0.0, FP-SNS-FLIGHT1_V5.1.0, FP-SNS-MOTENV1_V5.1.0, FP-SNS-MOTENVWB1_V1.5.0, FP-SNS-SMARTAG2_V1.2.0, FP-SNS-STBOX1_V2.1.0, STM32Cube_FW_C0_V1.4.0, STM32Cube_FW_F4_V1.28.3, STM32Cube_FW_F7_V1.17.4, STM32Cube_FW_G0_V1.6.3, STM32Cube_FW_G4_V1.6.2, STM32Cube_FW_H5_V1.6.0, STM32Cube_FW_H7RS_V1.3.0, STM32Cube_FW_H7_V1.13.0, STM32Cube_FW_L0_V1.12.2, STM32Cube_FW_L4_V1.18.2, STM32Cube_FW_L5_V1.6.0, STM32Cube_FW_N6_V1.3.0, STM32Cube_FW_U0_V1.3.0, STM32Cube_FW_U3_V1.3.0, STM32Cube_FW_U5_V1.8.0, STM32Cube_FW_WB0_V1.4.0, STM32Cube_FW_WBA_V1.9.0, STM32Cube_FW_WB_V1.24.0, STM32Cube_FW_WL3_V1.4.0, STM32Cube_FW_WL_V1.5.0, X-CUBE-ALGOBUILD_V1.4.0, X-CUBE-ALS_V1.0.2, X-CUBE-AZRTOS-F4_V1.1.0, X-CUBE-AZRTOS-F7_V1.1.0, X-CUBE-AZRTOS-G0_V1.1.0, X-CUBE-AZRTOS-G4_V2.0.0, X-CUBE-AZRTOS-H7RS_V1.1.0, X-CUBE-AZRTOS-H7_V3.5.0, X-CUBE-AZRTOS-L4_V2.0.0, X-CUBE-AZRTOS-L5_V2.0.0, X-CUBE-AZRTOS-WB_V2.0.0, X-CUBE-AZRTOS-WL_V2.0.0, X-CUBE-BLE1_V7.1.0, X-CUBE-BLE2_V3.3.0, X-CUBE-BLEMGR_V4.1.0, X-CUBE-EEPRMA1_V5.2.0, X-CUBE-FREERTOS_V1.5.0, X-CUBE-GNSS1_V6.0.0, X-CUBE-MEMS1_V12.0.0, X-CUBE-NFC4_V3.0.0, X-CUBE-NFC7_V2.0.0, X-CUBE-SFXS2LP1_V4.0.0, X-CUBE-ST67W61_V1.2.0, X-CUBE-SUBG2_V5.0.0, X-CUBE-TOF1_V3.4.3]
2026-05-11 10:54:07,628 [INFO] DbBoardsSqlite:226 - include board P-NUCLEO-WB55-NUCLEO as a kit item of type 'Nucleo-64'
2026-05-11 10:54:07,628 [INFO] DbBoardsSqlite:226 - include board P-NUCLEO-WB55-USBDONGLE as a kit item of type 'Nucleo USB Dongle'
2026-05-11 10:54:07,628 [INFO] DbBoardsSqlite:226 - include board STEVAL-IDP005V1 as a kit item of type 'Evaluation Board'
2026-05-11 10:54:07,628 [INFO] DbBoardsSqlite:226 - include board STEVAL-IDP005V2 as a kit item of type 'Evaluation Board'
2026-05-11 10:54:07,738 [INFO] ApiDb:240 - Found 880 in-development CPN: [B-G473E-ZEST1S, B-WB1M-WPAN1, B-WBA5M-WPAN, B-WL5M-SUBG1, NUCLEO-C031C6, NUCLEO-C051C8, NUCLEO-C071RB, NUCLEO-C092RC, NUCLEO-H503RB, NUCLEO-H533RE, NUCLEO-H563ZI, NUCLEO-H7S3L8, NUCLEO-N657X0-Q, NUCLEO-U031R8, NUCLEO-U083RC, NUCLEO-U385RG-Q, NUCLEO-U545RE-Q, NUCLEO-U5A5ZJ-Q, NUCLEO-WB05KZ, NUCLEO-WB07CC, NUCLEO-WB09KE, NUCLEO-WBA52CG, NUCLEO-WBA55CG, NUCLEO-WL33CC1, NUCLEO-WL33CC2, STEVAL-PROTEUS1, STEVAL-SMARTAG2, STEVAL-STWINBX1, STM320518-EVAL, STM32C0116-DK, STM32C011D6Y3TR, STM32C011D6Y6TR, STM32C011F4P3, STM32C011F4P6, STM32C011F4U3, STM32C011F4U6TR, STM32C011F6P3, STM32C011F6P6, STM32C011F6U3, STM32C011F6U6TR, STM32C011J4M3, STM32C011J4M6, STM32C011J6M3, STM32C011J6M6, STM32C0316-DK, STM32C031C4T3, STM32C031C4T6, STM32C031C4U3, STM32C031C4U6, STM32C031C6T3, STM32C031C6T6, STM32C031C6U3, STM32C031C6U6, STM32C031F4P3, STM32C031F4P6, STM32C031F6P3, STM32C031F6P6, STM32C031G4U3, STM32C031G4U6, STM32C031G6U3, STM32C031G6U6, STM32C031K4T3, STM32C031K4T6, STM32C031K4U3, STM32C031K4U6, STM32C031K6T3, STM32C031K6T6, STM32C031K6U3, STM32C031K6U6, STM32C051C6T6, STM32C051C6U6, STM32C051C8T6, STM32C051C8U6, STM32C051D8Y6TR, STM32C051F6P6, STM32C051F8P6, STM32C051G6U6, STM32C051G8U6, STM32C051K6T6, STM32C051K6U6, STM32C051K8T6, STM32C071C8T6, STM32C071C8T6N, STM32C071C8U6, STM32C071C8U6N, STM32C071CBT6, STM32C071CBT6N, STM32C071CBU6, STM32C071CBU6N, STM32C071F8P6, STM32C071F8P6N, STM32C071FBP6, STM32C071FBP6N, STM32C071FBY6TR, STM32C071G8U6, STM32C071G8U6N, STM32C071GBU6, STM32C071GBU6N, STM32C071K8T6, STM32C071K8T6N, STM32C071K8U6, STM32C071K8U6N, STM32C071KBT6, STM32C071KBT6N, STM32C071KBU6, STM32C071KBU6N, STM32C071R8T6, STM32C071R8T6N, STM32C071RBI6N, STM32C071RBT6, STM32C071RBT6N, STM32C091CBT6, STM32C091CBU6, STM32C091CCT6, STM32C091CCU6, STM32C091ECY6TR, STM32C091FBP6, STM32C091FCP6, STM32C091GBU6, STM32C091GCU6, STM32C091KBT6, STM32C091KBU6, STM32C091KCT6, STM32C091KCU6, STM32C091RBT6, STM32C091RCI6, STM32C091RCT6, STM32C092CBT6, STM32C092CBU6, STM32C092CCT6, STM32C092CCU6, STM32C092ECY6TR, STM32C092FBP6, STM32C092FCP6, STM32C092GBU6, STM32C092GCU6, STM32C092KBT6, STM32C092KBU6, STM32C092KCT6, STM32C092KCU6, STM32C092RBT6, STM32C092RCI6, STM32C092RCT6, STM32G071K8TXN, STM32G071K8UXN, STM32G081GBU6N, STM32G081KBT6N, STM32G081KBUXN, STM32G0B1CCT6N, STM32G0B1KCT6, STM32G0B1NEY6TR, STM32G0B1RCT6N, STM32G0C1CCT6, STM32G0C1CCT6N, STM32G0C1CCU6N, STM32G0C1CET6N, STM32G0C1CEU6N, STM32G0C1KCT6, STM32G0C1NEY6TR, STM32G0C1RCI6N, STM32G0C1RCT6N, STM32G0C1REI6N, STM32G0C1RET6N, STM32G0C1VCI6, STM32G0C1VEI6, STM32G411C6T3, STM32G411C6T6, STM32G411C6U3, STM32G411C6U6, STM32G411C8T3, STM32G411C8T6, STM32G411C8U3, STM32G411C8U6, STM32G411CBT3, STM32G411CBT6, STM32G411CBU3, STM32G411CBU6, STM32G411K6T3, STM32G411K6T6, STM32G411K6U3, STM32G411K6U6, STM32G411K8T3, STM32G411K8T6, STM32G411K8U3, STM32G411K8U6, STM32G411KBT3, STM32G411KBT6, STM32G411KBU3, STM32G411KBU6, STM32G411M6T3, STM32G411M6T6, STM32G411M8T3, STM32G411M8T6, STM32G411MBT3, STM32G411MBT6, STM32G411R6T3, STM32G411R6T6, STM32G411R8T3, STM32G411R8T6, STM32G411RBT3, STM32G411RBT6, STM32G414CBT3, STM32G414CBT6, STM32G414CBU3, STM32G414CBU6, STM32G414CCT3, STM32G414CCT6, STM32G414CCU3, STM32G414CCU6, STM32G414MBT3, STM32G414MBT6, STM32G414MCT3, STM32G414MCT6, STM32G414RBT3, STM32G414RBT6, STM32G414RCT3, STM32G414RCT6, STM32G414VBT3, STM32G414VBT6, STM32G414VCT3, STM32G414VCT6, STM32G431CBT3Z, STM32G431RBT3Z, STM32G471CCT6, STM32G471CCU6, STM32G471CET3, STM32G471CET6, STM32G471CEU3, STM32G471CEU6, STM32G471MCT6, STM32G471MET3, STM32G471MET6, STM32G471MEY6TR, STM32G471QCT6, STM32G471QET3, STM32G471RCT6, STM32G471RET3, STM32G471RET6, STM32G471VCH6, STM32G471VCI6, STM32G471VCT6, STM32G471VEH3, STM32G471VEH6, STM32G471VEI3, STM32G471VEI6, STM32G471VET3, STM32G471VET6, STM32G473QET3Z, STM32G473RET3Z, STM32G474CCT6, STM32G491RET3Z, STM32H503CBT6, STM32H503CBU6, STM32H503EBY6TR, STM32H503KBU6, STM32H503RBT6, STM32H523CCT6, STM32H523CCU6, STM32H523CET6, STM32H523CEU6, STM32H523HEY6TR, STM32H523RCT6, STM32H523RET6, STM32H523VCI6, STM32H523VCT6, STM32H523VEI6, STM32H523VET6, STM32H523ZCJ6, STM32H523ZCT6, STM32H523ZEJ6, STM32H523ZET6, STM32H533CET6, STM32H533CEU6, STM32H533HEY6TR, STM32H533RET6, STM32H533VEI6, STM32H533VET6, STM32H533ZEJ6, STM32H533ZET6, STM32H562AGI6, STM32H562AII6, STM32H562IGK6, STM32H562IGT6, STM32H562IIK6, STM32H562IIT6, STM32H562RGT6, STM32H562RGV6, STM32H562RIT6, STM32H562RIV6, STM32H562VGT6, STM32H562VIT6, STM32H562ZGT6, STM32H562ZIT6, STM32H563AGI6, STM32H563AII3Q, STM32H563AII6, STM32H563IGK6, STM32H563IGT6, STM32H563IIK3Q, STM32H563IIK6, STM32H563IIT3Q, STM32H563IIT6, STM32H563MIY3QTR, STM32H563RGT6, STM32H563RGV6, STM32H563RIT6, STM32H563RIV6, STM32H563VGT6, STM32H563VIT3Q, STM32H563VIT6, STM32H563ZGT6, STM32H563ZIT3Q, STM32H563ZIT6, STM32H573AII3Q, STM32H573AII6, STM32H573I-DK, STM32H573IIK3Q, STM32H573IIK6, STM32H573IIT3Q, STM32H573IIT6, STM32H573MIY3QTR, STM32H573RIT6, STM32H573RIV6, STM32H573VIT3Q, STM32H573VIT6, STM32H573ZIT3Q, STM32H573ZIT6, STM32H7R3A8I6, STM32H7R3I8K6, STM32H7R3I8T6, STM32H7R3L8H6, STM32H7R3L8H6H, STM32H7R3R8V6, STM32H7R3V8H6, STM32H7R3V8T6, STM32H7R3V8Y6TR, STM32H7R3Z8J6, STM32H7R3Z8T6, STM32H7R7A8I6, STM32H7R7I8K6, STM32H7R7I8T6, STM32H7R7L8H6, STM32H7R7L8H6H, STM32H7R7Z8J6, STM32H7S3A8I6, STM32H7S3I8K6, STM32H7S3I8T6, STM32H7S3L8H6, STM32H7S3L8H6H, STM32H7S3R8V6, STM32H7S3V8H6, STM32H7S3V8T6, STM32H7S3V8Y6TR, STM32H7S3Z8J6, STM32H7S3Z8T6, STM32H7S78-DK, STM32H7S7A8I6, STM32H7S7I8K6, STM32H7S7I8T6, STM32H7S7L8H6, STM32H7S7L8H6H, STM32H7S7Z8J6, STM32L4R5QGI6STR, STM32MP131AAE3, STM32MP131AAF3, STM32MP131AAG3, STM32MP131CAE3, STM32MP131CAF3, STM32MP131CAG3, STM32MP131DAE7, STM32MP131DAF7, STM32MP131DAG7, STM32MP131FAE7, STM32MP131FAF7, STM32MP131FAG7, STM32MP133AAE3, STM32MP133AAF3, STM32MP133AAG3, STM32MP133CAE3, STM32MP133CAF3, STM32MP133CAG3, STM32MP133DAE7, STM32MP133DAF7, STM32MP133DAG7, STM32MP133FAE7, STM32MP133FAF7, STM32MP133FAG7, STM32MP135AAE3, STM32MP135AAF3, STM32MP135AAG3, STM32MP135CAE3, STM32MP135CAF3, STM32MP135CAG3, STM32MP135DAE7, STM32MP135DAF7, STM32MP135DAG7, STM32MP135F-DK, STM32MP135FAE7, STM32MP135FAF7, STM32MP135FAF7T, STM32MP135FAF7U, STM32MP135FAG7, STM32MP211AAL3, STM32MP211AAM3, STM32MP211AAN3, STM32MP211AAO3, STM32MP211CAL3, STM32MP211CAM3, STM32MP211CAN3, STM32MP211CAO3, STM32MP211DAL3, STM32MP211DAM3, STM32MP211DAN3, STM32MP211DAO3, STM32MP211FAL3, STM32MP211FAM3, STM32MP211FAN3, STM32MP211FAO3, STM32MP213AAL3, STM32MP213AAM3, STM32MP213AAN3, STM32MP213AAO3, STM32MP213CAL3, STM32MP213CAM3, STM32MP213CAN3, STM32MP213CAO3, STM32MP213DAL3, STM32MP213DAM3, STM32MP213DAN3, STM32MP213DAO3, STM32MP213FAL3, STM32MP213FAM3, STM32MP213FAN3, STM32MP213FAO3, STM32MP215AAL3, STM32MP215AAM3, STM32MP215AAN3, STM32MP215AAO3, STM32MP215CAL3, STM32MP215CAM3, STM32MP215CAN3, STM32MP215CAO3, STM32MP215DAL3, STM32MP215DAM3, STM32MP215DAN3, STM32MP215DAO3, STM32MP215F-DK, STM32MP215FAL3, STM32MP215FAM3, STM32MP215FAN3, STM32MP215FAO3, STM32MP231AAJ3, STM32MP231AAK3, STM32MP231AAL3, STM32MP231CAJ3, STM32MP231CAK3, STM32MP231CAL3, STM32MP231DAJ3, STM32MP231DAK3, STM32MP231DAL3, STM32MP231FAJ3, STM32MP231FAK3, STM32MP231FAL3, STM32MP233AAJ3, STM32MP233AAK3, STM32MP233AAL3, STM32MP233CAJ3, STM32MP233CAK3, STM32MP233CAL3, STM32MP233DAJ3, STM32MP233DAK3, STM32MP233DAL3, STM32MP233FAJ3, STM32MP233FAK3, STM32MP233FAL3, STM32MP235AAJ3, STM32MP235AAK3, STM32MP235AAL3, STM32MP235CAJ3, STM32MP235CAK3, STM32MP235CAL3, STM32MP235DAJ3, STM32MP235DAK3, STM32MP235DAL3, STM32MP235FAJ3, STM32MP235FAK3, STM32MP235FAL3, STM32MP251AAI3, STM32MP251AAK3, STM32MP251AAL3, STM32MP251CAI3, STM32MP251CAK3, STM32MP251CAL3, STM32MP251DAI3, STM32MP251DAK3, STM32MP251DAL3, STM32MP251FAI3, STM32MP251FAK3, STM32MP251FAL3, STM32MP253AAI3, STM32MP253AAK3, STM32MP253AAL3, STM32MP253CAI3, STM32MP253CAK3, STM32MP253CAL3, STM32MP253DAI3, STM32MP253DAK3, STM32MP253DAL3, STM32MP253FAI3, STM32MP253FAK3, STM32MP253FAL3, STM32MP255AAI3, STM32MP255AAK3, STM32MP255AAL3, STM32MP255CAI3, STM32MP255CAK3, STM32MP255CAL3, STM32MP255DAI3, STM32MP255DAK3, STM32MP255DAL3, STM32MP255FAI3, STM32MP255FAK3, STM32MP255FAL3, STM32MP257AAI3, STM32MP257AAK3, STM32MP257AAL3, STM32MP257CAI3, STM32MP257CAK3, STM32MP257CAL3, STM32MP257DAI3, STM32MP257DAK3, STM32MP257DAL3, STM32MP257F-DK, STM32MP257F-EV1, STM32MP257FAI3, STM32MP257FAK3, STM32MP257FAL3, STM32N645A0H3Q, STM32N645B0H3Q, STM32N645I0H3Q, STM32N645L0H3Q, STM32N645X0H3Q, STM32N645Z0H3Q, STM32N647A0H3Q, STM32N647B0H3Q, STM32N647I0H3Q, STM32N647L0H3Q, STM32N647X0H3Q, STM32N647Z0H3Q, STM32N655A0H3Q, STM32N655B0H3Q, STM32N655I0H3Q, STM32N655L0H3Q, STM32N655X0H3Q, STM32N655Z0H3Q, STM32N6570-DK, STM32N657A0H3Q, STM32N657B0H3Q, STM32N657I0H3Q, STM32N657L0H3Q, STM32N657X0H3Q, STM32N657Z0H3Q, STM32U031C6T6, STM32U031C6U6, STM32U031C8T6, STM32U031C8U6, STM32U031F4P6, STM32U031F6P6, STM32U031F8P6, STM32U031G6Y6TR, STM32U031G8Y6TR, STM32U031K4U6, STM32U031K6U6, STM32U031K8U6, STM32U031R6I6, STM32U031R6T6, STM32U031R8I6, STM32U031R8T6, STM32U073C8T6, STM32U073C8U6, STM32U073CBT6, STM32U073CBU6, STM32U073CCT6, STM32U073CCU6, STM32U073H8Y6TR, STM32U073HBY6TR, STM32U073HCY6TR, STM32U073K8U6, STM32U073KBU6, STM32U073KCU6, STM32U073M8I6, STM32U073M8T6, STM32U073MBI6, STM32U073MBT6, STM32U073MCI6, STM32U073MCT6, STM32U073R8I6, STM32U073R8T6, STM32U073RBI6, STM32U073RBT6, STM32U073RCI6, STM32U073RCT6, STM32U083C-DK, STM32U083CCT6, STM32U083CCU6, STM32U083HCY6TR, STM32U083KCU6, STM32U083MCI6, STM32U083MCT6, STM32U083RCI6, STM32U083RCT6, STM32U375CET6, STM32U375CET6Q, STM32U375CEU6, STM32U375CEU6Q, STM32U375CEY6QTR, STM32U375CGT6, STM32U375CGT6Q, STM32U375CGU6, STM32U375CGU6Q, STM32U375CGY6QTR, STM32U375KEU6, STM32U375KGU6, STM32U375REI6, STM32U375REI6Q, STM32U375RET6, STM32U375RET6Q, STM32U375REY6GTR, STM32U375REY6QTR, STM32U375RGI6, STM32U375RGI6Q, STM32U375RGT6, STM32U375RGT6Q, STM32U375RGY6GTR, STM32U375RGY6QTR, STM32U375VEI6, STM32U375VEI6Q, STM32U375VET6, STM32U375VET6Q, STM32U375VGI6, STM32U375VGI6Q, STM32U375VGT6, STM32U375VGT6Q, STM32U385CGT6, STM32U385CGT6Q, STM32U385CGU6, STM32U385CGU6Q, STM32U385CGY6QTR, STM32U385KGU6, STM32U385RGI6, STM32U385RGI6Q, STM32U385RGT6, STM32U385RGT6Q, STM32U385RGY6GTR, STM32U385RGY6QTR, STM32U385VGI6, STM32U385VGI6Q, STM32U385VGT6, STM32U385VGT6Q, STM32U535CBT6, STM32U535CBT6Q, STM32U535CBU6, STM32U535CBU6Q, STM32U535CCT6, STM32U535CCT6Q, STM32U535CCU6, STM32U535CCU6Q, STM32U535CET6, STM32U535CET6Q, STM32U535CEU6, STM32U535CEU6Q, STM32U535JEY6QTR, STM32U535NCY6QTR, STM32U535NEY6QTR, STM32U535RBI6, STM32U535RBI6Q, STM32U535RBT6, STM32U535RBT6Q, STM32U535RCI6, STM32U535RCI6Q, STM32U535RCT6, STM32U535RCT6Q, STM32U535REI6, STM32U535REI6Q, STM32U535RET6, STM32U535RET6Q, STM32U535VCI6, STM32U535VCI6Q, STM32U535VCT6, STM32U535VCT6Q, STM32U535VEI6, STM32U535VEI6Q, STM32U535VET6, STM32U535VET6Q, STM32U545CET6, STM32U545CET6Q, STM32U545CEU6, STM32U545CEU6Q, STM32U545JEY6QTR, STM32U545NEY6QTR, STM32U545REI6, STM32U545REI6Q, STM32U545RET6, STM32U545RET6Q, STM32U545VEI6, STM32U545VEI6Q, STM32U545VET6, STM32U545VET6Q, STM32U595AIH6, STM32U595AIH6Q, STM32U595AJH6, STM32U595AJH6Q, STM32U595QII6, STM32U595QII6Q, STM32U595QJI6, STM32U595QJI6Q, STM32U595RIT6, STM32U595RIT6Q, STM32U595RJT6, STM32U595RJT6Q, STM32U595VIT6, STM32U595VIT6Q, STM32U595VJT6, STM32U595VJT6Q, STM32U595ZIT6, STM32U595ZIT6Q, STM32U595ZIY6QTR, STM32U595ZJT6, STM32U595ZJT6Q, STM32U595ZJY6QTR, STM32U599BJY6QTR, STM32U599NIH6Q, STM32U599NJH6Q, STM32U599VIT6Q, STM32U599VJT6, STM32U599VJT6Q, STM32U599ZIT6Q, STM32U599ZIY6QTR, STM32U599ZJT6Q, STM32U599ZJY6QTR, STM32U5A5AJH6, STM32U5A5AJH6Q, STM32U5A5QII3Q , STM32U5A5QJI6, STM32U5A5QJI6Q, STM32U5A5RJT6, STM32U5A5RJT6Q, STM32U5A5VJT6, STM32U5A5VJT6Q, STM32U5A5ZJT6, STM32U5A5ZJT6Q, STM32U5A5ZJY6QTR, STM32U5A9BJY6QTR, STM32U5A9J-DK, STM32U5A9NJH6Q, STM32U5A9VJT6Q, STM32U5A9ZJT6Q, STM32U5A9ZJY6QTR, STM32U5F7VIT6, STM32U5F7VIT6Q, STM32U5F7VJT6, STM32U5F7VJT6Q, STM32U5F9BJY6QTR, STM32U5F9NJH6Q, STM32U5F9VIT6Q, STM32U5F9VJT6Q, STM32U5F9ZIJ6QTR, STM32U5F9ZIT6Q, STM32U5F9ZJJ6QTR, STM32U5F9ZJT6Q, STM32U5G7VJT6, STM32U5G7VJT6Q, STM32U5G9BJY6QTR, STM32U5G9J-DK1, STM32U5G9J-DK2, STM32U5G9NJH6Q, STM32U5G9VJT6Q, STM32U5G9ZJJ6QTR, STM32U5G9ZJT6Q, STM32WB05KZV6TR, STM32WB05KZV7TR, STM32WB05TZF6TR, STM32WB05TZF7TR, STM32WB06CCF6TR, STM32WB06CCF7TR, STM32WB06CCV6TR, STM32WB06CCV7TR, STM32WB06KCV6TR, STM32WB06KCV7TR, STM32WB07CCF6TR, STM32WB07CCF7TR, STM32WB07CCV6TR, STM32WB07CCV7TR, STM32WB07KCV6TR, STM32WB07KCV7TR, STM32WB09KEV6TR, STM32WB09KEV7TR, STM32WB09TEF6TR, STM32WB09TEF7TR, STM32WB1MMCH6, STM32WBA50KGU6, STM32WBA50KGU6TR, STM32WBA52CEU6, STM32WBA52CEU6TR, STM32WBA52CEU7, STM32WBA52CEU7TR, STM32WBA52CGU6, STM32WBA52CGU6TR, STM32WBA52CGU6U, STM32WBA52CGU7, STM32WBA52CGU7TR, STM32WBA52KEU6, STM32WBA52KEU6TR, STM32WBA52KGU6, STM32WBA52KGU6TR, STM32WBA54CEU6, STM32WBA54CEU6TR, STM32WBA54CEU7, STM32WBA54CEU7TR, STM32WBA54CGU6, STM32WBA54CGU6TR, STM32WBA54CGU7, STM32WBA54CGU7TR, STM32WBA54KEU6, STM32WBA54KEU6TR, STM32WBA54KEU7, STM32WBA54KEU7TR, STM32WBA54KGU6, STM32WBA54KGU6TR, STM32WBA54KGU7, STM32WBA54KGU7TR, STM32WBA55CEU6, STM32WBA55CEU6TR, STM32WBA55CEU7, STM32WBA55CEU7TR, STM32WBA55CGU6, STM32WBA55CGU6TR, STM32WBA55CGU6U, STM32WBA55CGU7, STM32WBA55CGU7TR, STM32WBA55G-DK1, STM32WBA55HEF6, STM32WBA55HEF7, STM32WBA55HGF6, STM32WBA55HGF7, STM32WBA55UEI6, STM32WBA55UEI6TR, STM32WBA55UEI7, STM32WBA55UEI7TR, STM32WBA55UGI6, STM32WBA55UGI6TR, STM32WBA55UGI7, STM32WBA55UGI7TR, STM32WBA5MMGH6TR, STM32WBA62MGF6, STM32WBA62MIF6, STM32WBA65MGF7, STM32WBA65MIF6, STM32WBA65MIF7, STM32WL30K8V6, STM32WL30KBV6, STM32WL31C8V6, STM32WL31CBV6, STM32WL31K8V6, STM32WL31KBV6, STM32WL33C8V6, STM32WL33C8V6X, STM32WL33CBV6, STM32WL33CBV6X, STM32WL33CCV6, STM32WL33CCV6A, STM32WL33CCV6X, STM32WL33K8V7, STM32WL33K8V7X, STM32WL33KBV7 , STM32WL33KBV7X, STM32WL33KCV7, STM32WL33KCV7X, STM32WL5MOCH6, STM32WL5MOCH6TR]
2026-05-11 10:54:07,906 [INFO] BoardInfo:889 - No configuration file found for board NUCLEO-H5E5ZJ
2026-05-11 10:54:07,928 [INFO] DbBoards:161 - Board is not supported: NUCLEO-H5E5ZJ
2026-05-11 10:54:08,011 [INFO] BoardInfo:889 - No configuration file found for board NUCLEO-U3C5ZI-Q
2026-05-11 10:54:08,012 [INFO] DbBoards:161 - Board is not supported: NUCLEO-U3C5ZI-Q
2026-05-11 10:54:08,032 [INFO] BoardInfo:889 - No configuration file found for board NUCLEO-WBA25CE1
2026-05-11 10:54:08,034 [INFO] DbBoards:161 - Board is not supported: NUCLEO-WBA25CE1
2026-05-11 10:54:08,047 [INFO] BoardInfo:889 - No configuration file found for board NUCLEO-WL3RKB1
2026-05-11 10:54:08,049 [INFO] DbBoards:161 - Board is not supported: NUCLEO-WL3RKB1
2026-05-11 10:54:08,050 [INFO] BoardInfo:889 - No configuration file found for board NUCLEO-WL3RKB2
2026-05-11 10:54:08,052 [INFO] DbBoards:161 - Board is not supported: NUCLEO-WL3RKB2
2026-05-11 10:54:08,064 [INFO] BoardInfo:889 - No configuration file found for board P-NUCLEO-WB55
2026-05-11 10:54:08,066 [INFO] DbBoards:161 - Kit is not supported: P-NUCLEO-WB55
2026-05-11 10:54:08,075 [INFO] BoardInfo:889 - No configuration file found for board STEVAL-BFA001V1B
2026-05-11 10:54:08,076 [INFO] DbBoards:161 - Kit is not supported: STEVAL-BFA001V1B
2026-05-11 10:54:08,078 [INFO] BoardInfo:889 - No configuration file found for board STEVAL-BFA001V2B
2026-05-11 10:54:08,079 [INFO] DbBoards:161 - Kit is not supported: STEVAL-BFA001V2B
2026-05-11 10:54:08,227 [INFO] BoardInfo:889 - No configuration file found for board STM32H5F5J-DK
2026-05-11 10:54:08,229 [INFO] DbBoards:161 - Board is not supported: STM32H5F5J-DK
2026-05-11 10:54:08,344 [INFO] DbBoards:168 - Found 218 boards, 209 are supported
2026-05-11 10:54:08,344 [INFO] DbBoards:169 - Found 218 boards, 43 of them is supported for  Bsp
2026-05-11 10:54:08,349 [INFO] ApiDb:423 - Load user favorites file C:\Users\jahna/.stm32cubeide/favorites.boards.txt: 0 item(s)
2026-05-11 10:54:08,349 [INFO] ApiDb:427 - User favorites Boards=[]
2026-05-11 10:54:08,349 [INFO] DbBoards:198 - Set 0 / 0 favorites Boards
2026-05-11 10:54:08,350 [INFO] McuFinderGlobals:76 - Set McuFinderConnectedMode to true
2026-05-11 10:54:08,358 [INFO] MultiScanPanel:200 - Auto-refresh data requested => check proxy status ongoing
2026-05-11 10:54:08,363 [INFO] FinderPluginLoader:96 - Searching for filters in installed packs
2026-05-11 10:54:09,679 [INFO] LoadUrlFilesThread:185 - End of LoadServerUrlFiles without Thread
2026-05-11 10:54:09,730 [INFO] DetailPanel:341 - Set advertising image to C:/Users/jahna/STM32Cube/Repository/\en.prom-stm32wba2-stm32-nucleo-board-0426.png
2026-05-11 10:54:14,632 [INFO] MultiScanPanel:200 - Auto-refresh data requested => check proxy status ongoing
2026-05-11 10:54:14,766 [INFO] LoadUrlFilesThread:185 - End of LoadServerUrlFiles without Thread
2026-05-11 10:54:14,766 [INFO] DetailPanel:341 - Set advertising image to C:/Users/jahna/STM32Cube/Repository/\en.prom-stm32wba2-stm32-nucleo-board-0426.png
2026-05-11 10:54:14,779 [INFO] DbBoards:642 - Loading board mini-images...
2026-05-11 10:54:17,029 [INFO] DbBoards:665 - Loaded 218 board mini-images
2026-05-11 10:54:53,071 [INFO] ServerAccessManage:452 - Complete download http(s) 200
2026-05-11 10:54:53,072 [INFO] ServerAccessManage:509 - Download File DB2356.pdf
2026-05-11 10:54:53,344 [INFO] LoadUrlFilesThread:156 - End of LoadUrlFiles Thread
2026-05-11 10:54:53,500 [INFO] BoardAction:139 - Datasheet
2026-05-11 10:55:46,136 [INFO] MainUpdater:2872 - connection check result : 10
2026-05-11 10:55:46,149 [INFO] MainUpdater:2872 - connection check result : 10
2026-05-11 10:55:46,185 [INFO] MicroXplorer:468 - Change Database Path : 
2026-05-11 10:55:46,185 [INFO] MicroXplorer:498 - Change Database Version : DB.6.0.150
2026-05-11 10:55:46,197 [WARN] ThirdParty:871 - waiting for thirdparty lock release [close project]
2026-05-11 10:55:46,197 [INFO] ThirdParty:873 - entering critical section [close project]
2026-05-11 10:55:46,200 [INFO] ThirdParty:883 - exiting critical section [close project]
2026-05-11 10:55:46,205 [INFO] PinOutPanel:1589 - setPackage(No Configuration,No Configuration)
2026-05-11 10:55:46,211 [INFO] UtilMem:75 - Begin LoadConfig() Used Memory: 993394936 Bytes (1073741824)
2026-05-11 10:55:46,222 [INFO] OpenFileManager:355 - Change cursor
2026-05-11 10:55:46,281 [INFO] ProjectFactory:514 - No CPN specified for board STM32L0538-DISCO => set CPN to STM32L053C8T6
2026-05-11 10:55:46,282 [INFO] Mcu:2029 - Initializing MCU STM32L053C(6-8)Tx STM32L053C8Tx STM32L053C8T6
2026-05-11 10:55:47,758 [INFO] Context:786 - Trying to add GPIOservice into a context  which must be forbidden
2026-05-11 10:55:48,175 [INFO] Rule:233 - rule 117617 - U5Cobra4M][GTZC] default value MPCBB3 and MPCBB5 - Not Secured memory - MPCBB1 is applicable
2026-05-11 10:55:48,176 [INFO] Rule:233 - rule 117617 - U5Cobra4M][GTZC] default value MPCBB3 and MPCBB5 - Not Secured memory - MPCBB1 is applicable
2026-05-11 10:55:48,176 [INFO] Rule:233 - rule 117617 - U5Cobra4M][GTZC] default value MPCBB3 and MPCBB5 - Not Secured memory - MPCBB2 is applicable
2026-05-11 10:55:48,176 [INFO] Rule:233 - rule 117617 - U5Cobra4M][GTZC] default value MPCBB3 and MPCBB5 - Not Secured memory - MPCBB2 is applicable
2026-05-11 10:55:48,176 [INFO] Rule:233 - rule 117617 - U5Cobra4M][GTZC] default value MPCBB3 and MPCBB5 - Not Secured memory - MPCBB3 is applicable
2026-05-11 10:55:48,176 [INFO] Rule:233 - rule 117617 - U5Cobra4M][GTZC] default value MPCBB3 and MPCBB5 - Not Secured memory - MPCBB3 is applicable
2026-05-11 10:55:48,176 [INFO] Rule:233 - rule 117617 - U5Cobra4M][GTZC] default value MPCBB3 and MPCBB5 - Not Secured memory - MPCBB4 is applicable
2026-05-11 10:55:48,176 [INFO] Rule:233 - rule 117617 - U5Cobra4M][GTZC] default value MPCBB3 and MPCBB5 - Not Secured memory - MPCBB4 is applicable
2026-05-11 10:55:48,176 [INFO] Rule:233 - rule 117617 - U5Cobra4M][GTZC] default value MPCBB3 and MPCBB5 - Secured memory - MPCBB1 is applicable
2026-05-11 10:55:48,176 [INFO] Rule:233 - rule 117617 - U5Cobra4M][GTZC] default value MPCBB3 and MPCBB5 - Secured memory - MPCBB2 is applicable
2026-05-11 10:55:48,176 [INFO] Rule:233 - rule 117617 - U5Cobra4M][GTZC] default value MPCBB3 and MPCBB5 - Secured memory - MPCBB3 is applicable
2026-05-11 10:55:48,176 [INFO] Rule:233 - rule 117617 - U5Cobra4M][GTZC] default value MPCBB3 and MPCBB5 - Secured memory - MPCBB4 is applicable
2026-05-11 10:55:48,176 [INFO] Rule:233 - rule 117617 - U5Cobra4M][GTZC] default value MPCBB3 and MPCBB5 - Privileged memory - MPCBB1 is applicable
2026-05-11 10:55:48,176 [INFO] Rule:233 - rule 117617 - U5Cobra4M][GTZC] default value MPCBB3 and MPCBB5 - Privileged memory - MPCBB2 is applicable
2026-05-11 10:55:48,176 [INFO] Rule:233 - rule 117617 - U5Cobra4M][GTZC] default value MPCBB3 and MPCBB5 - Privileged memory - MPCBB3 is applicable
2026-05-11 10:55:48,176 [INFO] Rule:233 - rule 117617 - U5Cobra4M][GTZC] default value MPCBB3 and MPCBB5 - Privileged memory - MPCBB4 is applicable
2026-05-11 10:55:48,176 [INFO] Rule:233 - rule 117617 - U5Cobra4M][GTZC] default value MPCBB3 and MPCBB5 - Not Privileged memory - MPCBB1 is applicable
2026-05-11 10:55:48,176 [INFO] Rule:233 - rule 117617 - U5Cobra4M][GTZC] default value MPCBB3 and MPCBB5 - Not Privileged memory - MPCBB2 is applicable
2026-05-11 10:55:48,176 [INFO] Rule:233 - rule 117617 - U5Cobra4M][GTZC] default value MPCBB3 and MPCBB5 - Not Privileged memory - MPCBB3 is applicable
2026-05-11 10:55:48,177 [INFO] Rule:233 - rule 117617 - U5Cobra4M][GTZC] default value MPCBB3 and MPCBB5 - Not Privileged memory - MPCBB4 is applicable
2026-05-11 10:55:48,177 [INFO] Rule:233 - rule 117617 - U5Cobra4M][GTZC] default value MPCBB3 and MPCBB5 - Privileged memory - MPCBB1 is applicable
2026-05-11 10:55:48,177 [INFO] Rule:233 - rule 117617 - U5Cobra4M][GTZC] default value MPCBB3 and MPCBB5 - Privileged memory - MPCBB2 is applicable
2026-05-11 10:55:48,177 [INFO] Rule:233 - rule 117617 - U5Cobra4M][GTZC] default value MPCBB3 and MPCBB5 - Privileged memory - MPCBB3 is applicable
2026-05-11 10:55:48,177 [INFO] Rule:233 - rule 117617 - U5Cobra4M][GTZC] default value MPCBB3 and MPCBB5 - Privileged memory - MPCBB4 is applicable
2026-05-11 10:55:48,177 [INFO] Rule:233 - rule 117617 - U5Cobra4M][GTZC] default value MPCBB3 and MPCBB5 - Privileged memory - MPCBB1 is applicable
2026-05-11 10:55:48,177 [INFO] Rule:233 - rule 117617 - U5Cobra4M][GTZC] default value MPCBB3 and MPCBB5 - Privileged memory - MPCBB2 is applicable
2026-05-11 10:55:48,177 [INFO] Rule:233 - rule 117617 - U5Cobra4M][GTZC] default value MPCBB3 and MPCBB5 - Privileged memory - MPCBB3 is applicable
2026-05-11 10:55:48,177 [INFO] Rule:233 - rule 117617 - U5Cobra4M][GTZC] default value MPCBB3 and MPCBB5 - Privileged memory - MPCBB4 is applicable
2026-05-11 10:55:48,177 [INFO] Rule:233 - rule 117617 - U5Cobra4M][GTZC] default value MPCBB3 and MPCBB5 - Not Privileged memory - MPCBB1 is applicable
2026-05-11 10:55:48,177 [INFO] Rule:233 - rule 117617 - U5Cobra4M][GTZC] default value MPCBB3 and MPCBB5 - Not Privileged memory - MPCBB2 is applicable
2026-05-11 10:55:48,177 [INFO] Rule:233 - rule 117617 - U5Cobra4M][GTZC] default value MPCBB3 and MPCBB5 - Not Privileged memory - MPCBB3 is applicable
2026-05-11 10:55:48,177 [INFO] Rule:233 - rule 117617 - U5Cobra4M][GTZC] default value MPCBB3 and MPCBB5 - Not Privileged memory - MPCBB4 is applicable
2026-05-11 10:55:48,177 [INFO] Rule:233 - rule 117617 - U5Cobra4M][GTZC] default value MPCBB3 and MPCBB5 - Privileged memory - MPCBB1 is applicable
2026-05-11 10:55:48,177 [INFO] Rule:233 - rule 117617 - U5Cobra4M][GTZC] default value MPCBB3 and MPCBB5 - Privileged memory - MPCBB2 is applicable
2026-05-11 10:55:48,177 [INFO] Rule:233 - rule 117617 - U5Cobra4M][GTZC] default value MPCBB3 and MPCBB5 - Privileged memory - MPCBB3 is applicable
2026-05-11 10:55:48,177 [INFO] Rule:233 - rule 117617 - U5Cobra4M][GTZC] default value MPCBB3 and MPCBB5 - Privileged memory - MPCBB4 is applicable
2026-05-11 10:55:48,177 [INFO] Rule:233 - rule Rename SubGHz_Phy SUBGHZ_APPLICATION SUBGHZ_PINGPONG to SUBGHZ_ADV_APPLICATION is applicable
2026-05-11 10:55:48,177 [INFO] Rule:233 - rule Rename Enabled to IBEACON is applicable
2026-05-11 10:55:48,177 [INFO] Rule:233 - rule GTZC_S instance for project manager is applicable
2026-05-11 10:55:48,177 [INFO] Rule:233 - rule GTZC_S instance for context M33S is applicable
2026-05-11 10:55:48,177 [INFO] Rule:233 - rule GTZC_S instance value for IP GTZC is applicable
2026-05-11 10:55:48,177 [INFO] Rule:233 - rule GTZC_S instance for mcu.IP is applicable
2026-05-11 10:55:48,177 [INFO] Rule:233 - rule GTZC_S instance for VP is applicable
2026-05-11 10:55:48,178 [INFO] Rule:233 - rule GTZC_S instance for signal is applicable
2026-05-11 10:55:48,178 [INFO] Rule:233 - rule GTZC_S instance for mcu.Pin is applicable
2026-05-11 10:55:48,178 [INFO] Rule:233 - rule GTZC_S instance for VP is applicable
2026-05-11 10:55:48,178 [INFO] Rule:233 - rule GTZC_S instance for signal is applicable
2026-05-11 10:55:48,178 [INFO] Rule:233 - rule GTZC_S instance for mcu is applicable
2026-05-11 10:55:48,178 [INFO] Rule:233 - rule GTZC_S instance for mcu.Pin is applicable
2026-05-11 10:55:48,178 [INFO] Rule:233 - rule GTZC_S instance value for IP GTZC is applicable
2026-05-11 10:55:48,178 [INFO] Rule:233 - rule GTZC_S instance for project manager is applicable
2026-05-11 10:55:48,178 [INFO] Rule:233 - rule GTZC_S instance for context M33S is applicable
2026-05-11 10:55:48,178 [INFO] Rule:233 - rule GTZC_S instance for VP is applicable
2026-05-11 10:55:48,178 [INFO] Rule:233 - rule GTZC_S instance for signal is applicable
2026-05-11 10:55:48,178 [INFO] Rule:233 - rule SPDIFRX instance for mcu is applicable
2026-05-11 10:55:48,178 [INFO] Rule:233 - rule Rename Tracer Mode is applicable
2026-05-11 10:55:48,179 [INFO] Rule:233 - rule SPDIFRX instance value for IP SPDIFRX is applicable
2026-05-11 10:55:48,179 [INFO] Rule:233 - rule SPDIFRX instance for signal is applicable
2026-05-11 10:55:48,179 [INFO] Rule:233 - rule SPDIFRX instance for project manager is applicable
2026-05-11 10:55:48,179 [INFO] Rule:233 - rule SPDIFRX instance for project manager is applicable
2026-05-11 10:55:48,179 [INFO] Rule:233 - rule ADC Scan  fix with FW F7 is applicable
2026-05-11 10:55:48,179 [INFO] Rule:233 - rule ADC Scan  fix with FW F7 is applicable
2026-05-11 10:55:48,179 [INFO] Rule:233 - rule DMA-DAC mode for DIE422 is applicable
2026-05-11 10:55:48,179 [INFO] Rule:233 - rule DMA-DAC mode for DIE438 is applicable
2026-05-11 10:55:48,179 [INFO] Rule:233 - rule DMA-DAC mode for DIE432 or DIE446 is applicable
2026-05-11 10:55:48,179 [INFO] Rule:233 - rule DFSDM instance value for IP DFSDM is applicable
2026-05-11 10:55:48,180 [INFO] Rule:233 - rule DFSDM instance for mcu is applicable
2026-05-11 10:55:48,180 [INFO] Rule:233 - rule DFSDM instance for VP is applicable
2026-05-11 10:55:48,180 [INFO] Rule:233 - rule DFSDM instance for signal is applicable
2026-05-11 10:55:48,180 [INFO] Rule:233 - rule DFSDM instance for shared is applicable
2026-05-11 10:55:48,180 [INFO] Rule:233 - rule BreakInputSource parameter for IP Timer is applicable
2026-05-11 10:55:48,180 [INFO] Rule:233 - rule Sourcebreak parameter for IP Timer is applicable
2026-05-11 10:55:48,180 [INFO] Rule:233 - rule Sourcebreak parameter for IP Timer is applicable
2026-05-11 10:55:48,180 [INFO] Rule:233 - rule DFSDM for PCC is applicable
2026-05-11 10:55:48,180 [INFO] Rule:233 - rule Serial_Wire Mode is applicable
2026-05-11 10:55:48,181 [INFO] Rule:233 - rule JTAG_4_pins Mode is applicable
2026-05-11 10:55:48,181 [INFO] Rule:233 - rule JTAG_5_pins Mode is applicable
2026-05-11 10:55:48,181 [INFO] Rule:233 - rule Trace_Asynchronous_SW Mode is applicable
2026-05-11 10:55:48,181 [INFO] Rule:233 - rule Trace_Synchro_1bit_JTAG Mode is applicable
2026-05-11 10:55:48,181 [INFO] Rule:233 - rule Trace_Synchro_2bits_JTAG Mode is applicable
2026-05-11 10:55:48,181 [INFO] Rule:233 - rule Trace_Synchro_4bits_JTAG Mode is applicable
2026-05-11 10:55:48,181 [INFO] Rule:233 - rule Trace_Synchro_1bit_SW Mode is applicable
2026-05-11 10:55:48,181 [INFO] Rule:233 - rule Trace_Synchro_2bits_SW Mode is applicable
2026-05-11 10:55:48,181 [INFO] Rule:233 - rule Trace_Synchro_4bits_SW Mode is applicable
2026-05-11 10:55:48,181 [INFO] Rule:233 - rule SYS_WakeUp0 Mode is applicable
2026-05-11 10:55:48,181 [INFO] Rule:233 - rule SYS_WakeUp0 Mode for STM32F446 is applicable
2026-05-11 10:55:48,181 [INFO] Rule:233 - rule SYS_WakeUp1 Mode is applicable
2026-05-11 10:55:48,181 [INFO] Rule:233 - rule SYS_WakeUp1 Mode for STM32F446 is applicable
2026-05-11 10:55:48,181 [INFO] Rule:233 - rule SYS_WakeUp2 Mode is applicable
2026-05-11 10:55:48,181 [INFO] Rule:233 - rule SYS_WakeUp3 Mode is applicable
2026-05-11 10:55:48,181 [INFO] Rule:233 - rule SYS_WakeUp4 Mode is applicable
2026-05-11 10:55:48,181 [INFO] Rule:233 - rule SYS_WakeUp5 Mode is applicable
2026-05-11 10:55:48,181 [INFO] Rule:233 - rule SYS_WakeUp6 Mode is applicable
2026-05-11 10:55:48,181 [INFO] Rule:233 - rule SYS_WakeUp7 Mode is applicable
2026-05-11 10:55:48,181 [INFO] Rule:233 - rule WakeUp0 Mode is applicable
2026-05-11 10:55:48,181 [INFO] Rule:233 - rule WakeUp0 SIGNAL is applicable
2026-05-11 10:55:48,182 [INFO] Rule:233 - rule WakeUp1 Mode is applicable
2026-05-11 10:55:48,182 [INFO] Rule:233 - rule WakeUp1 SIGNAL is applicable
2026-05-11 10:55:48,182 [INFO] Rule:233 - rule WakeUp2 Mode is applicable
2026-05-11 10:55:48,182 [INFO] Rule:233 - rule WakeUp2 SIGNAL is applicable
2026-05-11 10:55:48,182 [INFO] Rule:233 - rule WakeUp4 Mode is applicable
2026-05-11 10:55:48,182 [INFO] Rule:233 - rule WakeUp4 SIGNAL is applicable
2026-05-11 10:55:48,182 [INFO] Rule:233 - rule WakeUp5 Mode is applicable
2026-05-11 10:55:48,182 [INFO] Rule:233 - rule WakeUp5 SIGNAL is applicable
2026-05-11 10:55:48,182 [INFO] Rule:233 - rule Mode_PVD_Ext is applicable
2026-05-11 10:55:48,182 [INFO] Rule:233 - rule Mode_PVD_Int is applicable
2026-05-11 10:55:48,183 [INFO] Rule:233 - rule Add RTC Activate Clock Source is applicable
2026-05-11 10:55:48,183 [INFO] Rule:233 - rule Add RTC Activate Calendar 1 is applicable
2026-05-11 10:55:48,183 [INFO] Rule:233 - rule Add RTC Activate Calendar 2 is applicable
2026-05-11 10:55:48,183 [INFO] Rule:233 - rule Add RTC Activate Calendar 3 is applicable
2026-05-11 10:55:48,183 [INFO] Rule:233 - rule UART/USART TX Mode is applicable
2026-05-11 10:55:48,183 [INFO] Rule:233 - rule UART/USART RX Mode is applicable
2026-05-11 10:55:48,183 [INFO] Rule:233 - rule UART/USART RX TX Mode is applicable
2026-05-11 10:55:48,183 [INFO] Rule:233 - rule UART/USART PARITY NONE is applicable
2026-05-11 10:55:48,183 [INFO] Rule:233 - rule UART/USART PARITY EVEN is applicable
2026-05-11 10:55:48,183 [INFO] Rule:233 - rule UART/USART PARITY ODD is applicable
2026-05-11 10:55:48,183 [INFO] Rule:233 - rule USART StopBits 1 is applicable
2026-05-11 10:55:48,183 [INFO] Rule:233 - rule USART StopBits 2 is applicable
2026-05-11 10:55:48,183 [INFO] Rule:233 - rule USART StopBits 1.5 is applicable
2026-05-11 10:55:48,183 [INFO] Rule:233 - rule USART StopBits 0.5 is applicable
2026-05-11 10:55:48,183 [INFO] Rule:233 - rule UART/USART WORD LENGTH 7 is applicable
2026-05-11 10:55:48,184 [INFO] Rule:233 - rule UART/USART WORD LENGTH 8 is applicable
2026-05-11 10:55:48,184 [INFO] Rule:233 - rule UART/USART WORD LENGTH 9 is applicable
2026-05-11 10:55:48,184 [INFO] Rule:233 - rule Rename FMC NAND NCE signal is applicable
2026-05-11 10:55:48,184 [INFO] Rule:233 - rule Rename FMC NAND INT signal is applicable
2026-05-11 10:55:48,184 [INFO] Rule:233 - rule Change Default Value for LSE Drive Capability for WB family is applicable
2026-05-11 10:55:48,184 [INFO] Rule:233 - rule Change Default Value for ADC Clock Prescaler G0 family is applicable
2026-05-11 10:55:48,184 [INFO] Rule:233 - rule Change Default Value for ADC ExternalTrigConv L4 family is applicable
2026-05-11 10:55:48,184 [INFO] Rule:233 - rule Change Default Value for ADC ExternalTrigInjecConv L4 family is applicable
2026-05-11 10:55:48,184 [INFO] Rule:233 - rule Change Default Value for ADC ExternalTrigConv F3 family is applicable
2026-05-11 10:55:48,184 [INFO] Rule:233 - rule Change Default Value for ADC ExternalTrigInjecConv F3 family is applicable
2026-05-11 10:55:48,184 [INFO] Rule:233 - rule Change Default Value for ADC ExternalTrigConv Goldfish serie is applicable
2026-05-11 10:55:48,184 [INFO] Rule:233 - rule Change Default Value for ADC ExternalTrigInjecConv Goldfish serie is applicable
2026-05-11 10:55:48,184 [INFO] Rule:233 - rule Change Default Value for ADC ExternalTrigConv L0 family is applicable
2026-05-11 10:55:48,184 [INFO] Rule:233 - rule Change Default Value for ADC ExternalTrigConv F0 family is applicable
2026-05-11 10:55:48,184 [INFO] Rule:233 - rule Change Default Value for ADC ExternalTrigConvn L1 family is applicable
2026-05-11 10:55:48,184 [INFO] Rule:233 - rule Change Default Value for ADC ExternalTrigInjecConv L1 family is applicable
2026-05-11 10:55:48,184 [INFO] Rule:233 - rule Change Default Value for ADC ExternalTrigConv F1 family is applicable
2026-05-11 10:55:48,184 [INFO] Rule:233 - rule Change Default Value for ADC ExternalTrigInjecConv F1 family is applicable
2026-05-11 10:55:48,184 [INFO] Rule:233 - rule Change Default Value for ADC ExternalTrigConv F7 family is applicable
2026-05-11 10:55:48,184 [INFO] Rule:233 - rule Change Default Value for ADC ExternalTrigInjecConv F7 family is applicable
2026-05-11 10:55:48,184 [INFO] Rule:233 - rule Change Default Value for ADC ExternalTrigConv F4 and F2 family is applicable
2026-05-11 10:55:48,184 [INFO] Rule:233 - rule Change Default Value for ADC ExternalTrigInjecConv F4 and F2 family is applicable
2026-05-11 10:55:48,184 [INFO] Rule:233 - rule ADC SamplingTime fix with FW L0  is applicable
2026-05-11 10:55:48,185 [INFO] Rule:233 - rule ADC SamplingTime fix with FW L0  is applicable
2026-05-11 10:55:48,185 [INFO] Rule:233 - rule ADC SamplingTime fix with FW L0 is applicable
2026-05-11 10:55:48,185 [INFO] Rule:233 - rule ADC SamplingTime fix with FW L0 is applicable
2026-05-11 10:55:48,185 [INFO] Rule:233 - rule ADC SamplingTime fix with FW L0  is applicable
2026-05-11 10:55:48,185 [INFO] Rule:233 - rule ADC SamplingTime fix with FW L0 is applicable
2026-05-11 10:55:48,185 [INFO] Rule:233 - rule Rename USB_OE Signal is applicable
2026-05-11 10:55:48,185 [INFO] Rule:233 - rule Rename Activate_OE Mode is applicable
2026-05-11 10:55:48,185 [INFO] Rule:233 - rule Rename DIE462/DIE415 pin PC14/OSC32_IN -> PC14-OSC32_IN (PC14) is applicable
2026-05-11 10:55:48,185 [INFO] Rule:233 - rule Rename DIE462/DIE415 pin PC15/OSC32_OUT -> PC15-OSC32_OUT (PC15) is applicable
2026-05-11 10:55:48,185 [INFO] Rule:233 - rule Rename DIE462/DIE415 pin PH0/OSC_IN -> PH0-OSC_IN (PH0) is applicable
2026-05-11 10:55:48,185 [INFO] Rule:233 - rule Rename DIE462/DIE415 pin PH1/OSC_OUT -> PH1-OSC_OUT (PH1) is applicable
2026-05-11 10:55:48,185 [INFO] Rule:233 - rule Rename DIE462 pin PA13 -> PA13 (JTMS/SWDIO) is applicable
2026-05-11 10:55:48,185 [INFO] Rule:233 - rule Rename DIE415 pin PA13 -> PA13 (JTMS/SWDIO) is applicable
2026-05-11 10:55:48,185 [INFO] Rule:233 - rule Rename DIE462 pin PA14 -> PA14 (JTCK/SWCLK) is applicable
2026-05-11 10:55:48,185 [INFO] Rule:233 - rule Rename DIE415 pin PA14 -> PA14 (JTCK/SWCLK) is applicable
2026-05-11 10:55:48,185 [INFO] Rule:233 - rule Rename DIE462/DIE415 pin PA15 -> PA15 (JTDI) is applicable
2026-05-11 10:55:48,185 [INFO] Rule:233 - rule Rename DIE462 pin PB3 -> PB3 (JTD0/TRACESWO) is applicable
2026-05-11 10:55:48,185 [INFO] Rule:233 - rule Rename DIE415 pin PB3 -> PB3 (JTD0-TRACESWO) is applicable
2026-05-11 10:55:48,185 [INFO] Rule:233 - rule Rename DIE462/DIE415 pin PB4 -> PB4 (NJTRST) is applicable
2026-05-11 10:55:48,185 [INFO] Rule:233 - rule Rename DIE462 pin PH3/BOOT0 -> PH3-BOOT0 (BOOT0) is applicable
2026-05-11 10:55:48,185 [INFO] Rule:233 - rule Rename CRYP DataEncryptionTypesList to Algorithm is applicable
2026-05-11 10:55:48,185 [INFO] Rule:233 - rule Rename AES DataEncryptionTypesList to Algorithm is applicable
2026-05-11 10:55:48,185 [INFO] Rule:233 - rule Rename TDESECB to CRYP_TDES_ECB is applicable
2026-05-11 10:55:48,185 [INFO] Rule:233 - rule Rename TDESCBC to CRYP_TDES_CBC is applicable
2026-05-11 10:55:48,185 [INFO] Rule:233 - rule Rename DESECB to CRYP_DES_ECB is applicable
2026-05-11 10:55:48,185 [INFO] Rule:233 - rule Rename DESCBC to CRYP_DES_CBC is applicable
2026-05-11 10:55:48,186 [INFO] Rule:233 - rule Rename AESECB to CRYP_AES_ECB is applicable
2026-05-11 10:55:48,186 [INFO] Rule:233 - rule Rename AESCBC to CRYP_AES_CBC is applicable
2026-05-11 10:55:48,186 [INFO] Rule:233 - rule Rename AESCTR to CRYP_AES_CTR is applicable
2026-05-11 10:55:48,186 [INFO] Rule:233 - rule Rename AESGCM to CRYP_AES_GCM is applicable
2026-05-11 10:55:48,186 [INFO] Rule:233 - rule Rename AESCCM to CRYP_AES_CCM is applicable
2026-05-11 10:55:48,186 [INFO] Rule:233 - rule Rename CAN TimeSeg1 to BS1 is applicable
2026-05-11 10:55:48,186 [INFO] Rule:233 - rule Rename CAN TimeSeg2 to BS2 is applicable
2026-05-11 10:55:48,186 [INFO] Rule:233 - rule Rename CAN SyncJumpWidth to SJW is applicable
2026-05-11 10:55:48,186 [INFO] Rule:233 - rule TimeTriggeredMode to TTCM is applicable
2026-05-11 10:55:48,186 [INFO] Rule:233 - rule Rename CAN AutoBusOff to ABOM is applicable
2026-05-11 10:55:48,186 [INFO] Rule:233 - rule Rename CAN AutoWakeUp to AWUM is applicable
2026-05-11 10:55:48,186 [INFO] Rule:233 - rule Rename CAN AutoRetransmission to NART is applicable
2026-05-11 10:55:48,186 [INFO] Rule:233 - rule Rename CAN ReceiveFifoLocked to RFLM is applicable
2026-05-11 10:55:48,186 [INFO] Rule:233 - rule Rename CAN TransmitFifoPriority to TXFP is applicable
2026-05-11 10:55:48,186 [INFO] Rule:233 - rule Rename HRTIMER HRTIM_OUTPUTFAULTLEVEL_HIGH in HRTIMER HRTIM_OUTPUTFAULTLEVEL_HIGHZ is applicable
2026-05-11 10:55:48,186 [INFO] Rule:233 - rule Rename TIMER TIM_CLEARINPUTSOURCE_OCREFCLR in  TIMER TIM_CLEARINPUTSOURCE_NONE for F7 family is applicable
2026-05-11 10:55:48,186 [INFO] Rule:233 - rule FDCAN_R1 - Rename FDCAN mode Master into Classic is applicable
2026-05-11 10:55:48,186 [INFO] Rule:233 - rule FDCAN_R2 - Rename FDCAN mode Slave into Classic is applicable
2026-05-11 10:55:48,186 [INFO] Rule:233 - rule FDCAN1_R3 - if PA10.Mode=FullDuplex, add Pin PA12 is applicable
2026-05-11 10:55:48,186 [INFO] Rule:233 - rule FDCAN1_R3 - if PA9.Mode=FullDuplex, add Pin PA11 is applicable
2026-05-11 10:55:48,186 [INFO] Rule:233 - rule FDCAN1_R3 - Alternatepin_1 - if PE1.Mode=FullDuplex, add Pin PB9 is applicable
2026-05-11 10:55:48,186 [INFO] Rule:233 - rule FDCAN1_R3 - Alternatepin_1 - if PE0.Mode=FullDuplex, add Pin PB8 is applicable
2026-05-11 10:55:48,186 [INFO] Rule:233 - rule FDCAN1_R3 - Alternatepin_2 - if PD5.Mode=FullDuplex, add Pin PD1 is applicable
2026-05-11 10:55:48,186 [INFO] Rule:233 - rule FDCAN1_R3 - Alternatepin_2 - if PD4.Mode=FullDuplex, add Pin PD0 is applicable
2026-05-11 10:55:48,187 [INFO] Rule:233 - rule FDCAN1_R4 - Rename Mode FullDuplex into Enable FDCAN_TXFD for pin PA10 is applicable
2026-05-11 10:55:48,187 [INFO] Rule:233 - rule FDCAN1_R4 - Rename Mode FullDuplex into Enable FDCAN_TXFD for pin PA9 is applicable
2026-05-11 10:55:48,187 [INFO] Rule:233 - rule FDCAN1_R4 - Alternatepin_1 - Rename Mode FullDuplex into Enable FDCAN_TXFD for pin PE1 is applicable
2026-05-11 10:55:48,187 [INFO] Rule:233 - rule FDCAN1_R4 - Alternatepin_1 - Rename Mode FullDuplex into Enable FDCAN_TXFD for pin PE0 is applicable
2026-05-11 10:55:48,187 [INFO] Rule:233 - rule FDCAN1_R4 - Alternatepin_2 - Rename Mode FullDuplex into Enable FDCAN_TXFD for pin PD5 is applicable
2026-05-11 10:55:48,187 [INFO] Rule:233 - rule FDCAN1_R4 - Alternatepin_2 - Rename Mode FullDuplex into Enable FDCAN_TXFD for pin PD4 is applicable
2026-05-11 10:55:48,187 [INFO] Rule:233 - rule FDCAN2_R3 - if PD10.Mode=FullDuplex, add Pin PB13 is applicable
2026-05-11 10:55:48,187 [INFO] Rule:233 - rule FDCAN2_R3 - if PD9.Mode=FullDuplex, add Pin PB12 is applicable
2026-05-11 10:55:48,187 [INFO] Rule:233 - rule FDCAN2_R3 - Alternatepin_1 - if PB7.Mode=FullDuplex, add Pin PB6 is applicable
2026-05-11 10:55:48,187 [INFO] Rule:233 - rule FDCAN2_R3 - Alternatepin_1 - if PD9.Mode=FullDuplex, add Pin PB12 is applicable
2026-05-11 10:55:48,187 [INFO] Rule:233 - rule FDCAN2_R4 - Rename Mode FullDuplex into Enable FDCAN_TXFD for pin PD10 is applicable
2026-05-11 10:55:48,187 [INFO] Rule:233 - rule FDCAN2_R4 - Rename Mode FullDuplex into Enable FDCAN_TXFD for pin PD9 is applicable
2026-05-11 10:55:48,187 [INFO] Rule:233 - rule FDCAN2_R4 - Alternatepin_1 - Rename Mode FullDuplex into Enable FDCAN_TXFD for pin PB7 is applicable
2026-05-11 10:55:48,187 [INFO] Rule:233 - rule FDCAN2_R4 - Alternatepin_1 - Rename Mode FullDuplex into Enable FDCAN_TXFD for pin PD6 is applicable
2026-05-11 10:55:48,187 [INFO] Rule:233 - rule USART TxPinLevelInvertParam Mode is applicable
2026-05-11 10:55:48,187 [INFO] Rule:233 - rule USART RxPinLevelInvertParam Mode is applicable
2026-05-11 10:55:48,187 [INFO] Rule:233 - rule USART DataInvertParam Mode is applicable
2026-05-11 10:55:48,187 [INFO] Rule:233 - rule USART SwapParam Mode is applicable
2026-05-11 10:55:48,187 [INFO] Rule:233 - rule USART OverrunDisableParam Mode is applicable
2026-05-11 10:55:48,187 [INFO] Rule:233 - rule USART DMADisableonRxErrorParam Mode is applicable
2026-05-11 10:55:48,187 [INFO] Rule:233 - rule USART MSBFirstParam Mode is applicable
2026-05-11 10:55:48,187 [INFO] Rule:233 - rule Update MwName for USB_DEVICE is applicable
2026-05-11 10:55:48,187 [INFO] Rule:233 - rule Change PWR_Regulator_Voltage_Scale Default Value for RCC  H7 family is applicable
2026-05-11 10:55:48,188 [INFO] Rule:233 - rule UART/USART IPParameter rename Prescaler parameter to ClockPrescaler is applicable
2026-05-11 10:55:48,188 [INFO] Rule:233 - rule UART/USART Prescaler rename Prescaler parameter to ClockPrescaler is applicable
2026-05-11 10:55:48,188 [INFO] Rule:233 - rule TIM1CLockSelection is applicable
2026-05-11 10:55:48,188 [INFO] Rule:233 - rule TIM15CLockSelection is applicable
2026-05-11 10:55:48,188 [INFO] Rule:233 - rule align RCC SDMMC3CLockSelection default value on MP1 is applicable
2026-05-11 10:55:48,188 [INFO] Rule:233 - rule align RCC SDMMC12CLockSelection default value on MP1 is applicable
2026-05-11 10:55:48,188 [INFO] Rule:233 - rule align RCC QSPICLockSelection default value on MP1 is applicable
2026-05-11 10:55:48,188 [INFO] Rule:233 - rule align RCC QSPICLockSelection default value on MP1 is applicable
2026-05-11 10:55:48,188 [INFO] Rule:233 - rule align RCC SPI6CLockSelection default value on MP1 is applicable
2026-05-11 10:55:48,188 [INFO] Rule:233 - rule align RCC LPTIM23CLockSelection default value on MP1 is applicable
2026-05-11 10:55:48,188 [INFO] Rule:233 - rule align RCC LPTIM1CLockSelection default value on MP1 is applicable
2026-05-11 10:55:48,188 [INFO] Rule:233 - rule align RCC USART1CLockSelection default value on MP1 is applicable
2026-05-11 10:55:48,188 [INFO] Rule:233 - rule align RCC USART24CLockSelection default value on MP1 is applicable
2026-05-11 10:55:48,188 [INFO] Rule:233 - rule align RCC USART6CLockSelection default value on MP1 is applicable
2026-05-11 10:55:48,188 [INFO] Rule:233 - rule align RCC UART78CLockSelection default value on MP1 is applicable
2026-05-11 10:55:48,188 [INFO] Rule:233 - rule align RCC USART35CLockSelection default value on MP1 is applicable
2026-05-11 10:55:48,188 [INFO] Rule:233 - rule align RCC SPI45CLockSelection default value on MP1 is applicable
2026-05-11 10:55:48,188 [INFO] Rule:233 - rule align RCC I2C46CLockSelection BCLK value on MP1 is applicable
2026-05-11 10:55:48,188 [INFO] Rule:233 - rule align RCC SPI45CLockSelection default value on MP1 is applicable
2026-05-11 10:55:48,188 [INFO] Rule:233 - rule align RCC I2C12CLockSelection default value on MP1 is applicable
2026-05-11 10:55:48,188 [INFO] Rule:233 - rule align RCC I2C35CLockSelection default value on MP1 is applicable
2026-05-11 10:55:48,188 [INFO] Rule:233 - rule align RCC LPTIM45CLockSelection default value on MP1 is applicable
2026-05-11 10:55:48,188 [INFO] Rule:233 - rule Rename DCMI PIXCK signal is applicable
2026-05-11 10:55:48,189 [INFO] Rule:233 - rule Change Default Value for I2C46CLockSelection MP1 family is applicable
2026-05-11 10:55:48,189 [INFO] Rule:233 - rule Change Default Value for UART for G4, G0 and WB families is applicable
2026-05-11 10:55:48,189 [INFO] Rule:233 - rule Change Default Value for USART for G4, G0 and WB families is applicable
2026-05-11 10:55:48,189 [INFO] Rule:233 - rule Change Default Value for USART for G4 family is applicable
2026-05-11 10:55:48,189 [INFO] Rule:233 - rule Change USART1CLockSelection refparam name for MP1 is applicable
2026-05-11 10:55:48,189 [INFO] Rule:233 - rule Change USART2CLockSelection refparam name for MP1 is applicable
2026-05-11 10:55:48,189 [INFO] Rule:233 - rule Change USART3CLockSelection refparam name for MP1 is applicable
2026-05-11 10:55:48,189 [INFO] Rule:233 - rule Change UART4CLockSelection refparam name for MP1 is applicable
2026-05-11 10:55:48,189 [INFO] Rule:233 - rule Change UART5CLockSelection refparam name for MP1 is applicable
2026-05-11 10:55:48,189 [INFO] Rule:233 - rule Change LPUART1CLockSelection refparam name for MP1 is applicable
2026-05-11 10:55:48,189 [INFO] Rule:233 - rule Change LPTIM1CLockSelection refparam name for MP1 is applicable
2026-05-11 10:55:48,189 [INFO] Rule:233 - rule Change LPTIM2CLockSelection refparam name for MP1 is applicable
2026-05-11 10:55:48,189 [INFO] Rule:233 - rule Change RCC_MCO1Source refparam name for MP1 is applicable
2026-05-11 10:55:48,189 [INFO] Rule:233 - rule Change LSCOSource1 refparam name for MP1 is applicable
2026-05-11 10:55:48,189 [INFO] Rule:233 - rule Change SMPSCLockSelection refparam name for MP1 is applicable
2026-05-11 10:55:48,189 [INFO] Rule:233 - rule Change LPTIM3CLockSelection refparam name for MP1 is applicable
2026-05-11 10:55:48,189 [INFO] Rule:233 - rule Change MPCBB* Default Template Mode to Parameters is applicable
2026-05-11 10:55:48,189 [INFO] Rule:233 - rule Change MPCWM* or MPCBB* Secure Mode to Parameters is applicable
2026-05-11 10:55:48,189 [INFO] Rule:233 - rule Change MPCWM* or MPCBB* No Secure Mode to Parameters is applicable
2026-05-11 10:55:48,189 [INFO] Rule:233 - rule Change TZSC IP Secure Mode to Parameters is applicable
2026-05-11 10:55:48,189 [INFO] Rule:233 - rule Change TZSC IP No Secure Mode to Parameters is applicable
2026-05-11 10:55:48,189 [INFO] Rule:233 - rule Change TZSC IP Privilege Mode to Parameters is applicable
2026-05-11 10:55:48,189 [INFO] Rule:233 - rule Change TZSC IP No Privilege Mode to Parameters is applicable
2026-05-11 10:55:48,189 [INFO] Rule:233 - rule Change TZIC IT Secure Mode to Parameters is applicable
2026-05-11 10:55:48,190 [INFO] Rule:233 - rule Change TZIC IT No Secure Mode to Parameters is applicable
2026-05-11 10:55:48,190 [INFO] Rule:233 - rule Add MPCBB1_NonSecureArea_Start_Address value with referenced to MPCBB1_NonSecureArea_Start value is applicable
2026-05-11 10:55:48,190 [INFO] Rule:233 - rule Add MPCBB2_NonSecureArea_Start_Address value with referenced to MPCBB2_NonSecureArea_Start value is applicable
2026-05-11 10:55:48,190 [INFO] Rule:233 - rule Add MPCWM1_NonSecureArea*_Start_Address value with referenced to MPCWM1_NonSecureArea*_Start value is applicable
2026-05-11 10:55:48,190 [INFO] Rule:233 - rule Add MPCWM2_NonSecureArea*_Start_Address value with referenced to MPCWM2_NonSecureArea*_Start value is applicable
2026-05-11 10:55:48,190 [INFO] Rule:233 - rule Add MPCWM3_NonSecureArea_Start_Address value with referenced to MPCWM3_NonSecureArea_Start value is applicable
2026-05-11 10:55:48,190 [INFO] Rule:233 - rule Change Default Value for PLL1UserDefinedConfig is applicable
2026-05-11 10:55:48,190 [INFO] Rule:233 - rule Change GPIO_PuPd Default Value for USART in async mode is applicable
2026-05-11 10:55:48,190 [INFO] Rule:233 - rule Change SMPSDivider Default Value is applicable
2026-05-11 10:55:48,190 [INFO] Rule:233 - rule OPAMP is applicable
2026-05-11 10:55:48,190 [INFO] Rule:233 - rule LPUART IPParameter rename Prescaler parameter to ClockPrescaler for STM32H7 is applicable
2026-05-11 10:55:48,190 [INFO] Rule:233 - rule LPUART IPParameter rename Prescaler parameter to ClockPrescaler for STM32H7 is applicable
2026-05-11 10:55:48,190 [INFO] Rule:233 - rule LPUART IPParameter rename Prescaler parameter to ClockPrescaler for STM32WB is applicable
2026-05-11 10:55:48,190 [INFO] Rule:233 - rule LPUART IPParameter rename Prescaler parameter to ClockPrescaler for STM32WB is applicable
2026-05-11 10:55:48,190 [INFO] Rule:233 - rule LPUART IPParameter rename Prescaler parameter to ClockPrescaler for STM32G4 is applicable
2026-05-11 10:55:48,190 [INFO] Rule:233 - rule LPUART IPParameter rename Prescaler parameter to ClockPrescaler for STM32G4 is applicable
2026-05-11 10:55:48,190 [INFO] Rule:233 - rule LPUART IPParameter rename Prescaler parameter to ClockPrescaler for STM32L5 is applicable
2026-05-11 10:55:48,190 [INFO] Rule:233 - rule LPUART IPParameter rename Prescaler parameter to ClockPrescaler for STM32L5 is applicable
2026-05-11 10:55:48,190 [INFO] Rule:233 - rule LPUART IPParameter rename Prescaler parameter to ClockPrescaler for STM32G4 is applicable
2026-05-11 10:55:48,190 [INFO] Rule:233 - rule LPUART IPParameter rename Prescaler parameter to ClockPrescaler for STM32G4 is applicable
2026-05-11 10:55:48,190 [INFO] Rule:233 - rule USB device lib V2.5.3 for L0 rename USBD_SUPPORT_USER_STRING parameter to USBD_SUPPORT_USER_STRING_DESC4 is applicable
2026-05-11 10:55:48,190 [INFO] Rule:233 - rule I2SCLockSelection clock entry align is applicable
2026-05-11 10:55:48,190 [INFO] Rule:233 - rule Assign TIMx context if used as SYS timebase is applicable
2026-05-11 10:55:48,191 [INFO] Rule:233 - rule Change GPIO_Pu Default Value for I2C is applicable
2026-05-11 10:55:48,191 [INFO] Rule:233 - rule Change GPIO_Pu Default Value for SMBus is applicable
2026-05-11 10:55:48,191 [INFO] Rule:233 - rule change FDCAN default value is applicable
2026-05-11 10:55:48,191 [INFO] Rule:233 - rule Change mode sai is applicable
2026-05-11 10:55:48,191 [INFO] Rule:233 - rule **Change sai mode is applicable
2026-05-11 10:55:48,191 [INFO] Rule:233 - rule Rename STM32WPAN CFG_BLE_IRK to CFG_BLE_IR is applicable
2026-05-11 10:55:48,191 [INFO] Rule:233 - rule Rename STM32WPAN CFG_BLE_ERK to CFG_BLE_ER is applicable
2026-05-11 10:55:48,191 [INFO] Rule:233 - rule Rename STM32WPAN CFG_BLE_IRK_HEX to CFG_BLE_IR_HEX is applicable
2026-05-11 10:55:48,191 [INFO] Rule:233 - rule Rename STM32WPAN CFG_BLE_ERK_HEX to CFG_BLE_ER_HEX is applicable
2026-05-11 10:55:48,191 [INFO] Rule:233 - rule Adapt Old IOC before rework replace old CORTEX_M33/CORTEX_M55 attributes by the new one. is applicable
2026-05-11 10:55:48,191 [INFO] Rule:233 - rule Rename parametre of RCC RCC_APBDBG_DIV2 to RCC_TIMPRES_DIV2 is applicable
2026-05-11 10:55:48,191 [INFO] Rule:233 - rule Rename DIE493 pin PA10 [PA12] -> PA10 is applicable
2026-05-11 10:55:48,191 [INFO] Rule:233 - rule Rename DIE493 pin PA9 [PA11] -> PA9 is applicable
2026-05-11 10:55:48,199 [INFO] Rule:233 - rule Rename DIE492 PartNumber CPN STM32WBA5MJGHx -> STM32WBA5MMGHx is applicable
2026-05-11 10:55:48,199 [INFO] Rule:233 - rule Rename DIE492 PartNumber  Name STM32WBA5MJGHx -> STM32WBA5MMGHx is applicable
2026-05-11 10:55:48,200 [INFO] Rule:233 - rule Rename DIE492 PartNumber UserName STM32WBA5MJGHx -> STM32WBA5MMGHx is applicable
2026-05-11 10:55:48,200 [INFO] Rule:233 - rule Rename DIE492 PartNumber DeviceId STM32WBA5MJGHx -> STM32WBA5MMGHx is applicable
2026-05-11 10:55:48,200 [INFO] Rule:233 - rule Adapt Old IOC CSI. is applicable
2026-05-11 10:55:48,200 [INFO] Rule:233 - rule Adapt Old IOC DCMIPP. is applicable
2026-05-11 10:55:48,200 [INFO] Rule:233 - rule Adapt Old IOC DCMIPP Mode Parallel. is applicable
2026-05-11 10:55:48,200 [INFO] Rule:233 - rule Adapt Old IOC LTDC. is applicable
2026-05-11 10:55:48,200 [INFO] Rule:233 - rule Rename STM32MP2 RIF Peripheral LTDC RIF.RISUP.LTDC_L0L1.Privilege -> RIF.RISUP.LTDC_L1L2.Privilege is applicable
2026-05-11 10:55:48,200 [INFO] Rule:233 - rule Rename STM32MP2 RIF Peripheral LTDC RIF.RISUP.LTDC_L0L1.Privilege -> RIF.RISUP.LTDC_L1L2.Privilege is applicable
2026-05-11 10:55:48,200 [INFO] Rule:233 - rule Rename STM32MP2 RIF Peripheral LTDC RIF.RISUP.LTDC_L0L1.Lock -> RIF.RISUP.LTDC_L1L2.Lock is applicable
2026-05-11 10:55:48,200 [INFO] Rule:233 - rule Rename STM32MP2 RIF Peripheral LTDC RIF.RISUP.LTDC_L2.Lock -> RIF.RISUP.LTDC_L3.Lock is applicable
2026-05-11 10:55:48,200 [INFO] Rule:233 - rule Adapt the old IOC example for updating the SYS when it is misconfigured. is applicable
2026-05-11 10:55:48,200 [INFO] Rule:233 - rule Rename STM32C09 Mcu.Package LQFP64 -> LQFP48 is applicable
2026-05-11 10:55:48,201 [INFO] Rule:233 - rule Adapt the old IOC example for updating the SYS when it is misconfigured. is applicable
2026-05-11 10:55:48,201 [INFO] Rule:233 - rule Adapt the old IOC example for updating the SYS when it is misconfigured. is applicable
2026-05-11 10:55:48,242 [INFO] DbConfProperties:307 - Apply Compatibility (81/316 Rules)
2026-05-11 10:55:49,674 [INFO] ImportTextPane:234 - (OptionalMessage_ERROR) Unable to find key (Mcu.ThirdPartyNb) in loaded IOC file
2026-05-11 10:55:49,676 [INFO] ImportTextPane:234 - (OptionalMessage_WARN) Unknown mode (NSS_Signal_Hard) for pin (PB12)
2026-05-11 10:55:49,677 [INFO] ImportTextPane:234 - (OptionalMessage_WARN) Unknown mode (NSS_Signal_Hard) for pin (PA15)
2026-05-11 10:55:49,681 [INFO] ImportTextPane:234 - (OptionalMessage_ERROR) Pin33 (VP_RIF_VS_RIF1) cannot be retrieved for this MCU
2026-05-11 10:55:49,741 [INFO] ImportTextPane:234 - (OptionalMessage_INFO) Successful Mode recovery for pin (PB12) with mode (Hardware NSS Input Signal)
2026-05-11 10:55:49,777 [INFO] ImportTextPane:234 - (OptionalMessage_INFO) Successful Mode recovery for pin (PA15) with mode (Hardware NSS Input Signal)
2026-05-11 10:55:50,009 [INFO] RtosManager:558 - Registered RTOS mode: class=CMSIS, group=RTOS, mode=CMSIS_V1, owner=FREERTOS
2026-05-11 10:55:50,010 [INFO] RtosManager:558 - Registered RTOS mode: class=CMSIS, group=RTOS2, mode=CMSIS_V2, owner=FREERTOS
2026-05-11 10:55:50,010 [INFO] RtosManager:558 - Registered RTOS mode: class=RTOS, group=Core, mode=CMSIS_V1, owner=FREERTOS
2026-05-11 10:55:50,010 [INFO] RtosManager:558 - Registered RTOS mode: class=RTOS, group=Core, mode=CMSIS_V2, owner=FREERTOS
2026-05-11 10:55:50,010 [WARN] ModelIntegratedComponent:184 - Missing modes for component STMicroelectronics:FreeRTOS:0.0.1:STMicroelectronics:RTOS:FreeRTOS:Core:::10.2.0:
2026-05-11 10:55:50,036 [WARN] ModelIntegratedComponent:63 - No mode defined for component null
2026-05-11 10:55:50,036 [WARN] ModelIntegratedComponent:63 - No mode defined for component null
2026-05-11 10:55:50,036 [WARN] ModelIntegratedComponent:63 - No mode defined for component null
2026-05-11 10:55:50,036 [WARN] ModelIntegratedComponent:63 - No mode defined for component null
2026-05-11 10:55:50,036 [WARN] ModelIntegratedComponent:63 - No mode defined for component null
2026-05-11 10:55:50,036 [WARN] ModelIntegratedComponent:63 - No mode defined for component null
2026-05-11 10:55:50,036 [WARN] ModelIntegratedComponent:63 - No mode defined for component null
2026-05-11 10:55:50,036 [WARN] ModelIntegratedComponent:63 - No mode defined for component null
2026-05-11 10:55:50,036 [WARN] ModelIntegratedComponent:63 - No mode defined for component null
2026-05-11 10:55:50,036 [WARN] ModelIntegratedComponent:63 - No mode defined for component null
2026-05-11 10:55:50,037 [WARN] ModelIntegratedComponent:63 - No mode defined for component null
2026-05-11 10:55:50,037 [WARN] ModelIntegratedComponent:63 - No mode defined for component null
2026-05-11 10:55:50,037 [WARN] ModelIntegratedComponent:63 - No mode defined for component null
2026-05-11 10:55:50,037 [WARN] ModelIntegratedComponent:63 - No mode defined for component null
2026-05-11 10:55:50,037 [WARN] ModelIntegratedComponent:63 - No mode defined for component null
2026-05-11 10:55:50,037 [WARN] ModelIntegratedComponent:63 - No mode defined for component null
2026-05-11 10:55:50,037 [WARN] ModelIntegratedComponent:63 - No mode defined for component null
2026-05-11 10:55:50,037 [WARN] ModelIntegratedComponent:63 - No mode defined for component null
2026-05-11 10:55:50,037 [WARN] ModelIntegratedComponent:63 - No mode defined for component null
2026-05-11 10:55:50,037 [WARN] ModelIntegratedComponent:63 - No mode defined for component null
2026-05-11 10:55:50,037 [WARN] ModelIntegratedComponent:63 - No mode defined for component null
2026-05-11 10:55:50,037 [WARN] ModelIntegratedComponent:63 - No mode defined for component null
2026-05-11 10:55:50,037 [WARN] ModelIntegratedComponent:63 - No mode defined for component null
2026-05-11 10:55:50,037 [WARN] ModelIntegratedComponent:63 - No mode defined for component null
2026-05-11 10:55:50,037 [WARN] ModelIntegratedComponent:63 - No mode defined for component null
2026-05-11 10:55:50,037 [WARN] ModelIntegratedComponent:63 - No mode defined for component null
2026-05-11 10:55:50,037 [WARN] ModelIntegratedComponent:63 - No mode defined for component null
2026-05-11 10:55:50,037 [WARN] ModelIntegratedComponent:63 - No mode defined for component null
2026-05-11 10:55:50,038 [WARN] ModelIntegratedComponent:63 - No mode defined for component null
2026-05-11 10:55:50,038 [WARN] ModelIntegratedComponent:63 - No mode defined for component null
2026-05-11 10:55:50,038 [WARN] ModelIntegratedComponent:63 - No mode defined for component null
2026-05-11 10:55:50,038 [WARN] ModelIntegratedComponent:63 - No mode defined for component null
2026-05-11 10:55:50,038 [WARN] ModelIntegratedComponent:63 - No mode defined for component null
2026-05-11 10:55:50,038 [WARN] ModelIntegratedComponent:63 - No mode defined for component null
2026-05-11 10:55:50,038 [WARN] ModelIntegratedComponent:63 - No mode defined for component null
2026-05-11 10:55:50,038 [WARN] ModelPack:524 - Component already loaded: STMicroelectronics:HAL Drivers:0.0.0:STMicroelectronics:Device:STMicro_Driver:XSPI:HAL::0.0.1:HAL_XSPI
2026-05-11 10:55:50,153 [INFO] ThirdPartyModel:298 - Start build external matchings
2026-05-11 10:55:50,779 [INFO] ThirdPartyModel:316 - End build external matchings
2026-05-11 10:55:50,803 [INFO] ImportTextPane:234 - (OptionalMessage_ERROR) IP (RCC) : Invalid parameter (FamilyName)
2026-05-11 10:55:50,803 [INFO] ImportTextPane:234 - (OptionalMessage_ERROR) IP (RCC) : Parameter (RTCHSEDivFreq_Value) has invalid value (4000000)
2026-05-11 10:55:50,804 [INFO] ImportTextPane:234 - (OptionalMessage_ERROR) IP (RCC) : Invalid parameter (PWRFreq_Value)
2026-05-11 10:55:50,804 [INFO] ImportTextPane:234 - (OptionalMessage_ERROR) IP (RCC) : Invalid parameter (TIMFreq_Value)
2026-05-11 10:55:50,987 [INFO] UtilMem:75 - End LoadConfig() Used Memory: 946154864 Bytes (1073741824)
2026-05-11 10:55:51,373 [WARN] ThirdParty:833 - waiting for thirdparty lock release [change project]
2026-05-11 10:55:51,374 [INFO] ThirdParty:835 - entering critical section [change project]
2026-05-11 10:55:51,374 [INFO] ThirdParty:1030 - CMSIS Pack Vendor :STMicroelectronics X-CUBE-AZRTOS-H7 3.5.0
2026-05-11 10:55:51,374 [INFO] ThirdParty:1030 - CMSIS Pack Vendor :STMicroelectronics X-CUBE-PM33A1 1.0.0
2026-05-11 10:55:51,374 [INFO] ThirdParty:1030 - CMSIS Pack Vendor :STMicroelectronics USBPD 4.1
2026-05-11 10:55:51,374 [INFO] ThirdParty:1030 - CMSIS Pack Vendor :STMicroelectronics X-CUBE-NFC9 1.0.0
2026-05-11 10:55:51,374 [INFO] ThirdParty:1030 - CMSIS Pack Vendor :STMicroelectronics USB_HOST 2.0.0
2026-05-11 10:55:51,374 [INFO] ThirdParty:1030 - CMSIS Pack Vendor :STMicroelectronics X-CUBE-AZRTOS-F4 1.1.0
2026-05-11 10:55:51,374 [INFO] ThirdParty:1030 - CMSIS Pack Vendor :STMicroelectronics LIBJPEG 8.0.0
2026-05-11 10:55:51,374 [INFO] ThirdParty:1030 - CMSIS Pack Vendor :STMicroelectronics FP-ATR-ASTRA1 2.0.2
2026-05-11 10:55:51,374 [INFO] ThirdParty:1030 - CMSIS Pack Vendor :STMicroelectronics X-CUBE-BLE1 7.1.0
2026-05-11 10:55:51,374 [INFO] ThirdParty:1030 - CMSIS Pack Vendor :STMicroelectronics X-CUBE-SMBUS 2.1.0
2026-05-11 10:55:51,374 [INFO] ThirdParty:1030 - CMSIS Pack Vendor :wolfSSL I-CUBE-wolfMQTT 1.19.2
2026-05-11 10:55:51,374 [INFO] ThirdParty:1030 - CMSIS Pack Vendor :STMicroelectronics USB_DEVICE 3.0.0
2026-05-11 10:55:51,374 [INFO] ThirdParty:1030 - CMSIS Pack Vendor :STMicroelectronics X-CUBE-ISPU 2.1.0
2026-05-11 10:55:51,374 [INFO] ThirdParty:1030 - CMSIS Pack Vendor :STMicroelectronics X-CUBE-EEPRMA1 5.2.0
2026-05-11 10:55:51,374 [INFO] ThirdParty:1030 - CMSIS Pack Vendor :STMicroelectronics X-CUBE-IPS 3.2.0
2026-05-11 10:55:51,374 [INFO] ThirdParty:1030 - CMSIS Pack Vendor :STMicroelectronics X-CUBE-BLEMGR 4.1.0
2026-05-11 10:55:51,374 [INFO] ThirdParty:1030 - CMSIS Pack Vendor :STMicroelectronics eDS-WB_DPC_TT-BIDIR 2.1.1
2026-05-11 10:55:51,374 [INFO] ThirdParty:1030 - CMSIS Pack Vendor :STMicroelectronics X-CUBE-AZRTOS-WB 2.0.0
2026-05-11 10:55:51,374 [INFO] ThirdParty:1030 - CMSIS Pack Vendor :wolfSSL I-CUBE-wolfSSL 5.8.4
2026-05-11 10:55:51,375 [INFO] ThirdParty:1030 - CMSIS Pack Vendor :Cesanta I-CUBE-Mongoose 7.20.0
2026-05-11 10:55:51,375 [INFO] ThirdParty:1030 - CMSIS Pack Vendor :STMicroelectronics X-CUBE-NFC12 1.0.0
2026-05-11 10:55:51,375 [INFO] ThirdParty:1030 - CMSIS Pack Vendor :STMicroelectronics X-CUBE-AZRTOS-F7 1.1.0
2026-05-11 10:55:51,375 [INFO] ThirdParty:1030 - CMSIS Pack Vendor :STMicroelectronics X-CUBE-AZRTOS-L5 2.0.0
2026-05-11 10:55:51,375 [INFO] ThirdParty:1030 - CMSIS Pack Vendor :STMicroelectronics USB_DEVICE 2.0.0
2026-05-11 10:55:51,375 [INFO] ThirdParty:1030 - CMSIS Pack Vendor :STMicroelectronics FP-SNS-STAIOTCFT 1.1.0
2026-05-11 10:55:51,375 [INFO] ThirdParty:1030 - CMSIS Pack Vendor :quantropi X-CUBE-qispace-sdk-base 2.1.0
2026-05-11 10:55:51,375 [INFO] ThirdParty:1030 - CMSIS Pack Vendor :STMicroelectronics X-CUBE-MEMS1 12.0.0
2026-05-11 10:55:51,375 [INFO] ThirdParty:1030 - CMSIS Pack Vendor :STMicroelectronics X-CUBE-STSE01 2.0.0
2026-05-11 10:55:51,375 [INFO] ThirdParty:1030 - CMSIS Pack Vendor :STMicroelectronics FP-SNS-MOTENV1 5.1.0
2026-05-11 10:55:51,375 [INFO] ThirdParty:1030 - CMSIS Pack Vendor :STMicroelectronics FreeRTOS 0.0.1
2026-05-11 10:55:51,375 [INFO] ThirdParty:1030 - CMSIS Pack Vendor :STMicroelectronics X-CUBE-AZRTOS-G0 1.1.0
2026-05-11 10:55:51,375 [INFO] ThirdParty:1030 - CMSIS Pack Vendor :STMicroelectronics X-CUBE-NFC4 3.0.0
2026-05-11 10:55:51,375 [INFO] ThirdParty:1030 - CMSIS Pack Vendor :STMicroelectronics X-CUBE-SUBG2 5.0.0
2026-05-11 10:55:51,375 [INFO] ThirdParty:1030 - CMSIS Pack Vendor :STMicroelectronics STM32_WPAN 1.0.0
2026-05-11 10:55:51,375 [INFO] ThirdParty:1030 - CMSIS Pack Vendor :STMicroelectronics eDS-WB_DPC_VIENNA 1.2.0
2026-05-11 10:55:51,375 [INFO] ThirdParty:1030 - CMSIS Pack Vendor :EmbeddedOffice I-CUBE-FS-RTOS 1.0.1
2026-05-11 10:55:51,375 [INFO] ThirdParty:1030 - CMSIS Pack Vendor :STMicroelectronics lwIP 2.0.3
2026-05-11 10:55:51,375 [INFO] ThirdParty:1030 - CMSIS Pack Vendor :WES I-CUBE-Cesium 1.4.0
2026-05-11 10:55:51,375 [INFO] ThirdParty:1030 - CMSIS Pack Vendor :STMicroelectronics eDS-WB_DPC_3PH2L-BIDIR 1.1.1
2026-05-11 10:55:51,375 [INFO] ThirdParty:1030 - CMSIS Pack Vendor :STMicroelectronics USB_HOST 1.0.0
2026-05-11 10:55:51,375 [INFO] ThirdParty:1030 - CMSIS Pack Vendor :STMicroelectronics X-CUBE-AZRTOS-G4 2.0.0
2026-05-11 10:55:51,375 [INFO] ThirdParty:1030 - CMSIS Pack Vendor :STMicroelectronics X-CUBE-WB05N 2.0.0
2026-05-11 10:55:51,375 [INFO] ThirdParty:1030 - CMSIS Pack Vendor :STMicroelectronics PDM2PCM 3.1.0
2026-05-11 10:55:51,375 [INFO] ThirdParty:1030 - CMSIS Pack Vendor :STMicroelectronics PDM2PCM 3.3.0
2026-05-11 10:55:51,375 [INFO] ThirdParty:1030 - CMSIS Pack Vendor :wolfSSL I-CUBE-wolfTPM 3.8.0
2026-05-11 10:55:51,375 [INFO] ThirdParty:1030 - CMSIS Pack Vendor :STMicroelectronics X-CUBE-DISPLAY 3.0.0
2026-05-11 10:55:51,375 [INFO] ThirdParty:1030 - CMSIS Pack Vendor :wolfSSL I-CUBE-wolfSSH 1.4.20
2026-05-11 10:55:51,375 [INFO] ThirdParty:1030 - CMSIS Pack Vendor :STMicroelectronics X-CUBE-NFC7 2.0.0
2026-05-11 10:55:51,375 [INFO] ThirdParty:1030 - CMSIS Pack Vendor :STMicroelectronics X-CUBE-GNSS1 7.1.1
2026-05-11 10:55:51,375 [INFO] ThirdParty:1030 - CMSIS Pack Vendor :STMicroelectronics FP-SNS-MOTENVWB1 1.5.0
2026-05-11 10:55:51,375 [INFO] ThirdParty:1030 - CMSIS Pack Vendor :STMicroelectronics X-CUBE-TCPP 4.2.0
2026-05-11 10:55:51,375 [INFO] ThirdParty:1030 - CMSIS Pack Vendor :RealThread X-CUBE-RT-Thread_Nano 4.1.1
2026-05-11 10:55:51,375 [INFO] ThirdParty:1030 - CMSIS Pack Vendor :STMicroelectronics FP-ATR-SIGFOX1 3.2.0
2026-05-11 10:55:51,375 [INFO] ThirdParty:1030 - CMSIS Pack Vendor :STMicroelectronics X-CUBE-NFC10 1.0.0
2026-05-11 10:55:51,375 [INFO] ThirdParty:1030 - CMSIS Pack Vendor :STMicroelectronics HAL Drivers 0.0.0
2026-05-11 10:55:51,375 [INFO] ThirdParty:1030 - CMSIS Pack Vendor :STMicroelectronics X-CUBE-FREERTOS 1.5.0
2026-05-11 10:55:51,375 [INFO] ThirdParty:1030 - CMSIS Pack Vendor :STMicroelectronics MBEDTLS 2.16.2
2026-05-11 10:55:51,375 [INFO] ThirdParty:1030 - CMSIS Pack Vendor :STMicroelectronics X-CUBE-ST60 1.1.0
2026-05-11 10:55:51,375 [INFO] ThirdParty:1030 - CMSIS Pack Vendor :STMicroelectronics X-CUBE-ALS 1.0.2
2026-05-11 10:55:51,375 [INFO] ThirdParty:1030 - CMSIS Pack Vendor :emotas I-CUBE-CANOPEN 1.3.0
2026-05-11 10:55:51,375 [INFO] ThirdParty:1030 - CMSIS Pack Vendor :STMicroelectronics MBEDTLS 2.14.1
2026-05-11 10:55:51,375 [INFO] ThirdParty:1030 - CMSIS Pack Vendor :STMicroelectronics X-CUBE-GNSS1 7.1.0
2026-05-11 10:55:51,375 [INFO] ThirdParty:1030 - CMSIS Pack Vendor :ITTIA_DB I-CUBE-ITTIADB 8.9.0
2026-05-11 10:55:51,375 [INFO] ThirdParty:1030 - CMSIS Pack Vendor :STMicroelectronics X-CUBE-TOUCHGFX 4.26.1
2026-05-11 10:55:51,375 [INFO] ThirdParty:1030 - CMSIS Pack Vendor :STMicroelectronics X-CUBE-NFC6 3.2.0
2026-05-11 10:55:51,375 [INFO] ThirdParty:1030 - CMSIS Pack Vendor :STMicroelectronics FP-SNS-STBOX1 2.1.0
2026-05-11 10:55:51,375 [INFO] ThirdParty:1030 - CMSIS Pack Vendor :STMicroelectronics X-CUBE-AI 10.2.0
2026-05-11 10:55:51,376 [INFO] ThirdParty:1030 - CMSIS Pack Vendor :STMicroelectronics FP-SNS-STAIOTCFT 1.0.0
2026-05-11 10:55:51,376 [INFO] ThirdParty:1030 - CMSIS Pack Vendor :STMicroelectronics ThreadX 1.0.0
2026-05-11 10:55:51,376 [INFO] ThirdParty:1030 - CMSIS Pack Vendor :STMicroelectronics FP-SNS-SMARTAG2 1.2.0
2026-05-11 10:55:51,376 [INFO] ThirdParty:1030 - CMSIS Pack Vendor :STMicroelectronics X-CUBE-MEMS1 12.1.0
2026-05-11 10:55:51,376 [INFO] ThirdParty:1030 - CMSIS Pack Vendor :STMicroelectronics FP-SNS-FLIGHT1 5.1.0
2026-05-11 10:55:51,376 [INFO] ThirdParty:1030 - CMSIS Pack Vendor :STMicroelectronics X-CUBE-AZRTOS-WL 2.0.0
2026-05-11 10:55:51,376 [INFO] ThirdParty:1030 - CMSIS Pack Vendor :SEGGER I-CUBE-embOS 1.3.1
2026-05-11 10:55:51,376 [INFO] ThirdParty:1030 - CMSIS Pack Vendor :STMicroelectronics X-CUBE-ALGOBUILD 1.4.0
2026-05-11 10:55:51,376 [INFO] ThirdParty:1030 - CMSIS Pack Vendor :STMicroelectronics X-CUBE-DPower 1.3.0
2026-05-11 10:55:51,376 [INFO] ThirdParty:1030 - CMSIS Pack Vendor :STMicroelectronics USB_DEVICE 1.0.0
2026-05-11 10:55:51,376 [INFO] ThirdParty:1030 - CMSIS Pack Vendor :STMicroelectronics X-CUBE-AZRTOS-H7RS 1.2.0
2026-05-11 10:55:51,376 [INFO] ThirdParty:1030 - CMSIS Pack Vendor :STMicroelectronics X-CUBE-AZRTOS-L4 2.0.0
2026-05-11 10:55:51,376 [INFO] ThirdParty:1030 - CMSIS Pack Vendor :STMicroelectronics ThreadX 0.0.2
2026-05-11 10:55:51,376 [INFO] ThirdParty:1030 - CMSIS Pack Vendor :STMicroelectronics lwIP 2.1.2
2026-05-11 10:55:51,376 [INFO] ThirdParty:1030 - CMSIS Pack Vendor :STMicroelectronics X-CUBE-SFXS2LP1 4.0.0
2026-05-11 10:55:51,376 [INFO] ThirdParty:1030 - CMSIS Pack Vendor :STMicroelectronics X-CUBE-BLE2 3.3.0
2026-05-11 10:55:51,376 [INFO] ThirdParty:1030 - CMSIS Pack Vendor :Avnet-IOTCONNECT X-CUBE-iotc-st67-sdk 1.0.0
2026-05-11 10:55:51,376 [INFO] ThirdParty:1030 - CMSIS Pack Vendor :STMicroelectronics X-CUBE-TOF1 3.4.3
2026-05-11 10:55:51,376 [INFO] ThirdParty:1030 - CMSIS Pack Vendor :Infineon AIROC-Wi-Fi-Bluetooth-STM32 1.8.0
2026-05-11 10:55:51,376 [INFO] ThirdParty:1030 - CMSIS Pack Vendor :STMicroelectronics PDM2PCM 3.2.0
2026-05-11 10:55:51,376 [INFO] ThirdParty:1030 - CMSIS Pack Vendor :STMicroelectronics X-CUBE-WB05N 2.1.0
2026-05-11 10:55:51,376 [INFO] ThirdParty:1030 - CMSIS Pack Vendor :STMicroelectronics X-CUBE-ST67W61 1.2.0
2026-05-11 10:55:51,376 [INFO] ThirdParty:841 - exiting critical section [change project]
2026-05-11 10:55:51,681 [INFO] PinOutPanel:1589 - setPackage(No Configuration,No Configuration)
2026-05-11 10:55:51,683 [INFO] PinOutPanel:1589 - setPackage(STM32L053C8Tx,LQFP48)
2026-05-11 10:55:52,208 [INFO] UtilMem:75 - Before build in PCC Used Memory: 913929024 Bytes (1073741824)
2026-05-11 10:55:53,233 [INFO] UtilMem:75 - After build in PCC Used Memory: 994766456 Bytes (1073741824)
2026-05-11 10:55:53,271 [INFO] IPUIPlugin:80 - create IPUIPlugin
2026-05-11 10:55:53,271 [INFO] IPUIPlugin:80 - create IPUIPlugin
2026-05-11 10:55:53,271 [INFO] IPUIPlugin:80 - create IPUIPlugin
2026-05-11 10:55:53,271 [INFO] IPUIPlugin:80 - create IPUIPlugin
2026-05-11 10:55:53,271 [INFO] IPUIPlugin:80 - create IPUIPlugin
2026-05-11 10:55:53,272 [INFO] IPUIPlugin:80 - create IPUIPlugin
2026-05-11 10:55:53,272 [INFO] IPUIPlugin:80 - create IPUIPlugin
2026-05-11 10:55:53,272 [INFO] IPUIPlugin:80 - create IPUIPlugin
2026-05-11 10:55:53,273 [INFO] IPUIPlugin:80 - create IPUIPlugin
2026-05-11 10:55:53,273 [INFO] IPUIPlugin:80 - create IPUIPlugin
2026-05-11 10:55:53,273 [INFO] IPUIPlugin:80 - create IPUIPlugin
2026-05-11 10:55:53,273 [INFO] IPUIPlugin:80 - create IPUIPlugin
2026-05-11 10:55:53,273 [INFO] IPUIPlugin:80 - create IPUIPlugin
2026-05-11 10:55:53,273 [INFO] IPUIPlugin:80 - create IPUIPlugin
2026-05-11 10:55:53,274 [INFO] IPUIPlugin:80 - create IPUIPlugin
2026-05-11 10:55:53,274 [INFO] IPUIPlugin:80 - create IPUIPlugin
2026-05-11 10:55:53,275 [INFO] IPUIPlugin:80 - create IPUIPlugin
2026-05-11 10:55:53,275 [INFO] IPUIPlugin:80 - create IPUIPlugin
2026-05-11 10:55:53,275 [INFO] IPUIPlugin:80 - create IPUIPlugin
2026-05-11 10:55:53,275 [INFO] IPUIPlugin:80 - create IPUIPlugin
2026-05-11 10:55:53,276 [INFO] IPUIPlugin:80 - create IPUIPlugin
2026-05-11 10:55:53,276 [INFO] IPUIPlugin:80 - create IPUIPlugin
2026-05-11 10:55:53,276 [INFO] IPUIPlugin:80 - create IPUIPlugin
2026-05-11 10:55:53,277 [INFO] IPUIPlugin:80 - create IPUIPlugin
2026-05-11 10:55:53,277 [INFO] IPUIPlugin:80 - create IPUIPlugin
2026-05-11 10:55:53,278 [INFO] IPUIPlugin:80 - create IPUIPlugin
2026-05-11 10:55:53,278 [INFO] IPUIPlugin:80 - create IPUIPlugin
2026-05-11 10:55:53,279 [INFO] IPUIPlugin:80 - create IPUIPlugin
2026-05-11 10:55:53,280 [INFO] IPUIPlugin:80 - create IPUIPlugin
2026-05-11 10:55:53,280 [INFO] IPUIPlugin:80 - create IPUIPlugin
2026-05-11 10:55:53,281 [INFO] IPUIPlugin:80 - create IPUIPlugin
2026-05-11 10:55:53,281 [INFO] IPUIPlugin:80 - create IPUIPlugin
2026-05-11 10:55:53,281 [INFO] IPUIPlugin:80 - create IPUIPlugin
2026-05-11 10:55:53,282 [INFO] IPUIPlugin:80 - create IPUIPlugin
2026-05-11 10:55:53,658 [INFO] CADModel:165 - CPN selected for project levelSTM32L053C8T6
2026-05-11 10:55:53,659 [INFO] CADModel:114 - Register for checkConnection events
2026-05-11 10:55:53,712 [INFO] OpenFileManager:386 - Restore cursor
2026-05-11 10:55:53,813 [WARN] IP:2250 - TSC_G4_IO1 not found: check if there is a RefParameter without a condition.
2026-05-11 10:55:53,813 [WARN] IP:2250 - TSC_G6_IO1 not found: check if there is a RefParameter without a condition.
2026-05-11 10:55:53,814 [WARN] IP:2250 - TSC_G7_IO2 not found: check if there is a RefParameter without a condition.
2026-05-11 10:55:53,814 [WARN] IP:2250 - TSC_G2_IO1 not found: check if there is a RefParameter without a condition.
2026-05-11 10:55:53,814 [WARN] IP:2250 - TSC_G2_IO3 not found: check if there is a RefParameter without a condition.
2026-05-11 10:55:53,815 [WARN] IP:2250 - TSC_G4_IO1 not found: check if there is a RefParameter without a condition.
2026-05-11 10:55:53,815 [WARN] IP:2250 - TSC_G6_IO1 not found: check if there is a RefParameter without a condition.
2026-05-11 10:55:53,815 [WARN] IP:2250 - TSC_G7_IO2 not found: check if there is a RefParameter without a condition.
2026-05-11 10:55:53,815 [WARN] IP:2250 - TSC_G2_IO1 not found: check if there is a RefParameter without a condition.
2026-05-11 10:55:53,815 [WARN] IP:2250 - TSC_G2_IO3 not found: check if there is a RefParameter without a condition.
2026-05-11 10:55:53,816 [WARN] IP:2250 - TSC_G4_IO1 not found: check if there is a RefParameter without a condition.
2026-05-11 10:55:53,816 [WARN] IP:2250 - TSC_G6_IO1 not found: check if there is a RefParameter without a condition.
2026-05-11 10:55:53,816 [WARN] IP:2250 - TSC_G7_IO2 not found: check if there is a RefParameter without a condition.
2026-05-11 10:55:53,816 [WARN] IP:2250 - TSC_G2_IO1 not found: check if there is a RefParameter without a condition.
2026-05-11 10:55:53,816 [WARN] IP:2250 - TSC_G2_IO3 not found: check if there is a RefParameter without a condition.
2026-05-11 10:55:53,816 [WARN] IP:2250 - TSC_G4_IO1 not found: check if there is a RefParameter without a condition.
2026-05-11 10:55:53,816 [WARN] IP:2250 - TSC_G6_IO1 not found: check if there is a RefParameter without a condition.
2026-05-11 10:55:53,816 [WARN] IP:2250 - TSC_G7_IO2 not found: check if there is a RefParameter without a condition.
2026-05-11 10:55:53,816 [WARN] IP:2250 - TSC_G2_IO1 not found: check if there is a RefParameter without a condition.
2026-05-11 10:55:53,816 [WARN] IP:2250 - TSC_G2_IO3 not found: check if there is a RefParameter without a condition.
2026-05-11 10:55:53,817 [WARN] IP:2250 - TSC_G4_IO1 not found: check if there is a RefParameter without a condition.
2026-05-11 10:55:53,817 [WARN] IP:2250 - TSC_G6_IO1 not found: check if there is a RefParameter without a condition.
2026-05-11 10:55:53,817 [WARN] IP:2250 - TSC_G7_IO2 not found: check if there is a RefParameter without a condition.
2026-05-11 10:55:53,817 [WARN] IP:2250 - TSC_G2_IO1 not found: check if there is a RefParameter without a condition.
2026-05-11 10:55:53,817 [WARN] IP:2250 - TSC_G2_IO3 not found: check if there is a RefParameter without a condition.
2026-05-11 10:55:53,817 [WARN] IP:2250 - TSC_G4_IO1 not found: check if there is a RefParameter without a condition.
2026-05-11 10:55:53,817 [WARN] IP:2250 - TSC_G6_IO1 not found: check if there is a RefParameter without a condition.
2026-05-11 10:55:53,817 [WARN] IP:2250 - TSC_G7_IO2 not found: check if there is a RefParameter without a condition.
2026-05-11 10:55:53,817 [WARN] IP:2250 - TSC_G2_IO1 not found: check if there is a RefParameter without a condition.
2026-05-11 10:55:53,817 [WARN] IP:2250 - TSC_G2_IO3 not found: check if there is a RefParameter without a condition.
2026-05-11 10:55:55,225 [INFO] UtilMem:75 - End SaveConfig() Used Memory: 915655560 Bytes (1073741824)
2026-05-11 10:56:02,969 [INFO] McuFinderGlobals:76 - Set McuFinderConnectedMode to true
2026-05-11 10:56:02,977 [INFO] ApiDb:448 - Save user favorites file C:\Users\jahna/.stm32cubeide/favorites.mcus.txt: 0 item(s)
2026-05-11 10:56:02,977 [INFO] ApiDb:452 - User favorites MCUs=[]
2026-05-11 10:56:02,983 [INFO] ApiDb:448 - Save user favorites file C:\Users\jahna/.stm32cubeide/favorites.boards.txt: 0 item(s)
2026-05-11 10:56:02,984 [INFO] ApiDb:452 - User favorites Boards=[]
2026-05-11 10:56:26,031 [INFO] I2cTimingTraitement:330 - 0x00B07CB4
2026-05-11 10:56:26,074 [WARN] IP:2250 - TSC_G4_IO1 not found: check if there is a RefParameter without a condition.
2026-05-11 10:56:26,074 [WARN] IP:2250 - TSC_G6_IO1 not found: check if there is a RefParameter without a condition.
2026-05-11 10:56:26,074 [WARN] IP:2250 - TSC_G7_IO2 not found: check if there is a RefParameter without a condition.
2026-05-11 10:56:26,074 [WARN] IP:2250 - TSC_G2_IO1 not found: check if there is a RefParameter without a condition.
2026-05-11 10:56:26,074 [WARN] IP:2250 - TSC_G2_IO3 not found: check if there is a RefParameter without a condition.
2026-05-11 10:56:26,075 [WARN] IP:2250 - TSC_G4_IO1 not found: check if there is a RefParameter without a condition.
2026-05-11 10:56:26,075 [WARN] IP:2250 - TSC_G6_IO1 not found: check if there is a RefParameter without a condition.
2026-05-11 10:56:26,075 [WARN] IP:2250 - TSC_G7_IO2 not found: check if there is a RefParameter without a condition.
2026-05-11 10:56:26,075 [WARN] IP:2250 - TSC_G2_IO1 not found: check if there is a RefParameter without a condition.
2026-05-11 10:56:26,075 [WARN] IP:2250 - TSC_G2_IO3 not found: check if there is a RefParameter without a condition.
2026-05-11 10:56:26,075 [WARN] IP:2250 - TSC_G4_IO1 not found: check if there is a RefParameter without a condition.
2026-05-11 10:56:26,075 [WARN] IP:2250 - TSC_G6_IO1 not found: check if there is a RefParameter without a condition.
2026-05-11 10:56:26,076 [WARN] IP:2250 - TSC_G7_IO2 not found: check if there is a RefParameter without a condition.
2026-05-11 10:56:26,076 [WARN] IP:2250 - TSC_G2_IO1 not found: check if there is a RefParameter without a condition.
2026-05-11 10:56:26,076 [WARN] IP:2250 - TSC_G2_IO3 not found: check if there is a RefParameter without a condition.
2026-05-11 10:56:26,076 [WARN] IP:2250 - TSC_G4_IO1 not found: check if there is a RefParameter without a condition.
2026-05-11 10:56:26,076 [WARN] IP:2250 - TSC_G6_IO1 not found: check if there is a RefParameter without a condition.
2026-05-11 10:56:26,076 [WARN] IP:2250 - TSC_G7_IO2 not found: check if there is a RefParameter without a condition.
2026-05-11 10:56:26,076 [WARN] IP:2250 - TSC_G2_IO1 not found: check if there is a RefParameter without a condition.
2026-05-11 10:56:26,077 [WARN] IP:2250 - TSC_G2_IO3 not found: check if there is a RefParameter without a condition.
2026-05-11 10:56:26,077 [WARN] IP:2250 - TSC_G4_IO1 not found: check if there is a RefParameter without a condition.
2026-05-11 10:56:26,077 [WARN] IP:2250 - TSC_G6_IO1 not found: check if there is a RefParameter without a condition.
2026-05-11 10:56:26,077 [WARN] IP:2250 - TSC_G7_IO2 not found: check if there is a RefParameter without a condition.
2026-05-11 10:56:26,077 [WARN] IP:2250 - TSC_G2_IO1 not found: check if there is a RefParameter without a condition.
2026-05-11 10:56:26,077 [WARN] IP:2250 - TSC_G2_IO3 not found: check if there is a RefParameter without a condition.
2026-05-11 10:56:26,078 [WARN] IP:2250 - TSC_G4_IO1 not found: check if there is a RefParameter without a condition.
2026-05-11 10:56:26,078 [WARN] IP:2250 - TSC_G6_IO1 not found: check if there is a RefParameter without a condition.
2026-05-11 10:56:26,078 [WARN] IP:2250 - TSC_G7_IO2 not found: check if there is a RefParameter without a condition.
2026-05-11 10:56:26,078 [WARN] IP:2250 - TSC_G2_IO1 not found: check if there is a RefParameter without a condition.
2026-05-11 10:56:26,078 [WARN] IP:2250 - TSC_G2_IO3 not found: check if there is a RefParameter without a condition.
2026-05-11 10:56:32,524 [INFO] I2cTimingTraitement:330 - 0x00B07CB4
2026-05-11 10:56:32,538 [WARN] IP:2250 - TSC_G4_IO1 not found: check if there is a RefParameter without a condition.
2026-05-11 10:56:32,538 [WARN] IP:2250 - TSC_G6_IO1 not found: check if there is a RefParameter without a condition.
2026-05-11 10:56:32,538 [WARN] IP:2250 - TSC_G7_IO2 not found: check if there is a RefParameter without a condition.
2026-05-11 10:56:32,538 [WARN] IP:2250 - TSC_G2_IO1 not found: check if there is a RefParameter without a condition.
2026-05-11 10:56:32,538 [WARN] IP:2250 - TSC_G2_IO3 not found: check if there is a RefParameter without a condition.
2026-05-11 10:56:32,538 [WARN] IP:2250 - TSC_G4_IO1 not found: check if there is a RefParameter without a condition.
2026-05-11 10:56:32,538 [WARN] IP:2250 - TSC_G6_IO1 not found: check if there is a RefParameter without a condition.
2026-05-11 10:56:32,538 [WARN] IP:2250 - TSC_G7_IO2 not found: check if there is a RefParameter without a condition.
2026-05-11 10:56:32,538 [WARN] IP:2250 - TSC_G2_IO1 not found: check if there is a RefParameter without a condition.
2026-05-11 10:56:32,538 [WARN] IP:2250 - TSC_G2_IO3 not found: check if there is a RefParameter without a condition.
2026-05-11 10:56:32,538 [WARN] IP:2250 - TSC_G4_IO1 not found: check if there is a RefParameter without a condition.
2026-05-11 10:56:32,538 [WARN] IP:2250 - TSC_G6_IO1 not found: check if there is a RefParameter without a condition.
2026-05-11 10:56:32,538 [WARN] IP:2250 - TSC_G7_IO2 not found: check if there is a RefParameter without a condition.
2026-05-11 10:56:32,538 [WARN] IP:2250 - TSC_G2_IO1 not found: check if there is a RefParameter without a condition.
2026-05-11 10:56:32,539 [WARN] IP:2250 - TSC_G2_IO3 not found: check if there is a RefParameter without a condition.
2026-05-11 10:56:32,539 [WARN] IP:2250 - TSC_G4_IO1 not found: check if there is a RefParameter without a condition.
2026-05-11 10:56:32,539 [WARN] IP:2250 - TSC_G6_IO1 not found: check if there is a RefParameter without a condition.
2026-05-11 10:56:32,539 [WARN] IP:2250 - TSC_G7_IO2 not found: check if there is a RefParameter without a condition.
2026-05-11 10:56:32,539 [WARN] IP:2250 - TSC_G2_IO1 not found: check if there is a RefParameter without a condition.
2026-05-11 10:56:32,539 [WARN] IP:2250 - TSC_G2_IO3 not found: check if there is a RefParameter without a condition.
2026-05-11 10:56:32,539 [WARN] IP:2250 - TSC_G4_IO1 not found: check if there is a RefParameter without a condition.
2026-05-11 10:56:32,539 [WARN] IP:2250 - TSC_G6_IO1 not found: check if there is a RefParameter without a condition.
2026-05-11 10:56:32,539 [WARN] IP:2250 - TSC_G7_IO2 not found: check if there is a RefParameter without a condition.
2026-05-11 10:56:32,539 [WARN] IP:2250 - TSC_G2_IO1 not found: check if there is a RefParameter without a condition.
2026-05-11 10:56:32,539 [WARN] IP:2250 - TSC_G2_IO3 not found: check if there is a RefParameter without a condition.
2026-05-11 10:56:32,539 [WARN] IP:2250 - TSC_G4_IO1 not found: check if there is a RefParameter without a condition.
2026-05-11 10:56:32,539 [WARN] IP:2250 - TSC_G6_IO1 not found: check if there is a RefParameter without a condition.
2026-05-11 10:56:32,539 [WARN] IP:2250 - TSC_G7_IO2 not found: check if there is a RefParameter without a condition.
2026-05-11 10:56:32,539 [WARN] IP:2250 - TSC_G2_IO1 not found: check if there is a RefParameter without a condition.
2026-05-11 10:56:32,539 [WARN] IP:2250 - TSC_G2_IO3 not found: check if there is a RefParameter without a condition.
2026-05-11 10:57:20,771 [INFO] Gpio:278 - dependency for GPIO [I2C1, RCC, SPI1, SPI2, SYS, TSC, USART1, USB]
2026-05-11 11:01:47,236 [ERROR] LogOutputStream:75 - [STDERR_REDIRECT] 
2026-05-11 11:35:26,472 [INFO] Activator:176 - 


2026-05-11 11:35:26,482 [INFO] Activator:177 - !SESSION log4j initialized
2026-05-11 11:35:33,330 [INFO] LogOutputStream:77 - [STDOUT_REDIRECT] 
2026-05-11 11:35:38,070 [INFO] ApplicationProperties:184 - Using Application install path: C:\ST\STM32CubeIDE_1.19.0\STM32CubeIDE\plugins\com.st.stm32cube.common.mx_6.15.0.202507011659
2026-05-11 11:35:38,093 [INFO] DbMcusXml:78 - Set database path to: C:\ST\STM32CubeIDE_1.19.0\STM32CubeIDE\plugins\com.st.stm32cube.common.mx_6.15.0.202507011659\\db\/mcu/
2026-05-11 11:35:38,094 [INFO] ApiDb:274 - Set plugin database path to: C:\ST\STM32CubeIDE_1.19.0\STM32CubeIDE\plugins\com.st.stm32cube.common.mx_6.15.0.202507011659\\db\/plugins/boardmanager/
2026-05-11 11:35:38,094 [WARN] ApiDb:259 - Overriding images path with different value:  => C:\ST\STM32CubeIDE_1.19.0\STM32CubeIDE\plugins\com.st.stm32cube.common.mx_6.15.0.202507011659\\db\/plugins/mcufinder/images/
2026-05-11 11:35:38,106 [INFO] ApiDb:250 - Set database path to: C:\Users\jahna\.stmcufinder\plugins\mcufinder//mcu/
2026-05-11 11:35:38,107 [INFO] DbMcusAds:125 - Set database path to: C:\Users\jahna\.stmcufinder\plugins\mcufinder//mcu/
2026-05-11 11:35:38,107 [INFO] CrossReferenceDbSqlite:203 - Set database path to: C:\Users\jahna\.stmcufinder\plugins\mcufinder//mcu/cs/
2026-05-11 11:35:38,218 [INFO] RulesReader:64 - Compatibility file has been processed (317 Rules)
2026-05-11 11:35:38,300 [INFO] DbMcusXml:78 - Set database path to: C:\ST\STM32CubeIDE_1.19.0\STM32CubeIDE\plugins\com.st.stm32cube.common.mx_6.15.0.202507011659\\db\/mcu/
2026-05-11 11:35:38,300 [INFO] ApiDb:274 - Set plugin database path to: C:\ST\STM32CubeIDE_1.19.0\STM32CubeIDE\plugins\com.st.stm32cube.common.mx_6.15.0.202507011659\\db\/plugins/boardmanager/
2026-05-11 11:35:38,300 [INFO] ApiDb:261 - Set plugin images path to: C:\ST\STM32CubeIDE_1.19.0\STM32CubeIDE\plugins\com.st.stm32cube.common.mx_6.15.0.202507011659\\db\/plugins/mcufinder/images/
2026-05-11 11:35:38,300 [WARN] DbFile:41 - Overriding database path with different value: C:\Users\jahna\.stmcufinder\plugins\mcufinder/ => C:\Users\jahna\.stmcufinder\plugins\mcufinder
2026-05-11 11:35:38,314 [INFO] ApiDb:250 - Set database path to: C:\Users\jahna\.stmcufinder\plugins\mcufinder//mcu/
2026-05-11 11:35:38,314 [WARN] DbFile:41 - Overriding database path with different value: C:\Users\jahna\.stmcufinder\plugins\mcufinder/ => C:\Users\jahna\.stmcufinder\plugins\mcufinder
2026-05-11 11:35:38,314 [INFO] DbMcusAds:125 - Set database path to: C:\Users\jahna\.stmcufinder\plugins\mcufinder//mcu/
2026-05-11 11:35:38,314 [WARN] DbFile:41 - Overriding database path with different value: C:\Users\jahna\.stmcufinder\plugins\mcufinder/ => C:\Users\jahna\.stmcufinder\plugins\mcufinder
2026-05-11 11:35:38,314 [WARN] DbFile:41 - Overriding database path with different value: C:\Users\jahna\.stmcufinder\plugins\mcufinder/ => C:\Users\jahna\.stmcufinder\plugins\mcufinder
2026-05-11 11:35:38,314 [INFO] CrossReferenceDbSqlite:203 - Set database path to: C:\Users\jahna\.stmcufinder\plugins\mcufinder//mcu/cs/
2026-05-11 11:35:38,393 [INFO] MainPanel:274 - HeapMemory: 268435456
2026-05-11 11:35:38,521 [INFO] DbMcusXml:78 - Set database path to: C:\ST\STM32CubeIDE_1.19.0\STM32CubeIDE\plugins\com.st.stm32cube.common.mx_6.15.0.202507011659\\db\/mcu/
2026-05-11 11:35:38,521 [INFO] ApiDb:274 - Set plugin database path to: C:\ST\STM32CubeIDE_1.19.0\STM32CubeIDE\plugins\com.st.stm32cube.common.mx_6.15.0.202507011659\\db\/plugins/boardmanager/
2026-05-11 11:35:38,521 [INFO] ApiDb:261 - Set plugin images path to: C:\ST\STM32CubeIDE_1.19.0\STM32CubeIDE\plugins\com.st.stm32cube.common.mx_6.15.0.202507011659\\db\/plugins/mcufinder/images/
2026-05-11 11:35:38,521 [WARN] DbFile:41 - Overriding database path with different value: C:\Users\jahna\.stmcufinder\plugins\mcufinder/ => C:\Users\jahna\.stmcufinder\plugins\mcufinder
2026-05-11 11:35:38,521 [INFO] ApiDb:250 - Set database path to: C:\Users\jahna\.stmcufinder\plugins\mcufinder//mcu/
2026-05-11 11:35:38,521 [WARN] DbFile:41 - Overriding database path with different value: C:\Users\jahna\.stmcufinder\plugins\mcufinder/ => C:\Users\jahna\.stmcufinder\plugins\mcufinder
2026-05-11 11:35:38,521 [INFO] DbMcusAds:125 - Set database path to: C:\Users\jahna\.stmcufinder\plugins\mcufinder//mcu/
2026-05-11 11:35:38,521 [WARN] DbFile:41 - Overriding database path with different value: C:\Users\jahna\.stmcufinder\plugins\mcufinder/ => C:\Users\jahna\.stmcufinder\plugins\mcufinder
2026-05-11 11:35:38,521 [WARN] DbFile:41 - Overriding database path with different value: C:\Users\jahna\.stmcufinder\plugins\mcufinder/ => C:\Users\jahna\.stmcufinder\plugins\mcufinder
2026-05-11 11:35:38,521 [INFO] CrossReferenceDbSqlite:203 - Set database path to: C:\Users\jahna\.stmcufinder\plugins\mcufinder//mcu/cs/
2026-05-11 11:35:38,553 [INFO] ApplicationProperties:184 - Using Application install path: C:\ST\STM32CubeIDE_1.19.0\STM32CubeIDE\plugins\com.st.stm32cube.common.mx_6.15.0.202507011659
2026-05-11 11:35:38,555 [INFO] PluginManage:196 - Search for loadable plugins [exclusion list=, ]
2026-05-11 11:35:38,555 [INFO] PluginManage:310 - Check plugin analytics
2026-05-11 11:35:38,771 [INFO] AnalyticsPlugin:253 - Accepted Software Licenses: STM32CubeMX.6.17.0
2026-05-11 11:35:38,771 [INFO] AnalyticsPlugin:255 - Accepted CMSIS Pack Licenses: 
2026-05-11 11:35:38,771 [INFO] AnalyticsPlugin:257 - Accepted Firmware Licenses: FW.F4.1.28.0,FW.F4.1.28.3
2026-05-11 11:35:38,776 [INFO] PluginManage:359 - Loaded plugin analytics (category:tool,tabindex:-1)
2026-05-11 11:35:38,776 [INFO] PluginManage:310 - Check plugin cadmodel
2026-05-11 11:35:38,787 [INFO] CADModel:105 - Init CAD model plugin
2026-05-11 11:35:38,787 [INFO] PluginManage:359 - Loaded plugin cadmodel (category:power,tabindex:5)
2026-05-11 11:35:38,787 [INFO] PluginManage:310 - Check plugin clock
2026-05-11 11:35:38,789 [INFO] PluginManage:359 - Loaded plugin clock (category:base,tabindex:2)
2026-05-11 11:35:38,789 [INFO] PluginManage:310 - Check plugin ddr
2026-05-11 11:35:38,789 [INFO] PluginManage:359 - Loaded plugin ddr (category:tool,tabindex:6)
2026-05-11 11:35:38,789 [INFO] PluginManage:310 - Check plugin filemanager
2026-05-11 11:35:38,969 [INFO] PluginManage:359 - Loaded plugin filemanager (category:base,tabindex:10)
2026-05-11 11:35:38,969 [INFO] PluginManage:310 - Check plugin ipmanager
2026-05-11 11:35:38,980 [INFO] PluginManage:359 - Loaded plugin ipmanager (category:base,tabindex:5)
2026-05-11 11:35:38,980 [INFO] PluginManage:310 - Check plugin lpbam
2026-05-11 11:35:38,990 [INFO] PluginManage:359 - Loaded plugin lpbam (category:base,tabindex:0)
2026-05-11 11:35:38,994 [INFO] PluginManage:310 - Check plugin memorymap
2026-05-11 11:35:39,008 [INFO] PluginManage:359 - Loaded plugin memorymap (category:base,tabindex:4)
2026-05-11 11:35:39,008 [INFO] PluginManage:310 - Check plugin pinoutandconfiguration
2026-05-11 11:35:39,029 [INFO] PluginManage:359 - Loaded plugin pinoutandconfiguration (category:base,tabindex:1)
2026-05-11 11:35:39,029 [INFO] PluginManage:310 - Check plugin pinoutconfig
2026-05-11 11:35:39,158 [WARN] SupportedApi:132 - Cannot load RTOS API schema: s4s-elt-must-match.1: The content of 'definitions' must match (annotation?, (simpleType | complexType)?, (unique | key | keyref)*)). A problem was found starting at: attribute.
2026-05-11 11:35:39,621 [INFO] PluginManage:359 - Loaded plugin pinoutconfig (category:base,tabindex:0)
2026-05-11 11:35:39,621 [INFO] PluginManage:310 - Check plugin power
2026-05-11 11:35:39,633 [INFO] PluginManage:359 - Loaded plugin power (category:power,tabindex:4)
2026-05-11 11:35:39,633 [INFO] PluginManage:310 - Check plugin projectmanager
2026-05-11 11:35:39,649 [INFO] PluginManage:359 - Loaded plugin projectmanager (category:projectmanager,tabindex:4)
2026-05-11 11:35:39,649 [INFO] PluginManage:310 - Check plugin rif
2026-05-11 11:35:39,655 [INFO] PluginManage:359 - Loaded plugin rif (category:base,tabindex:3)
2026-05-11 11:35:39,655 [INFO] PluginManage:310 - Check plugin thirdparty
2026-05-11 11:35:39,824 [INFO] PluginManage:359 - Loaded plugin thirdparty (category:base,tabindex:-1)
2026-05-11 11:35:39,824 [INFO] PluginManage:310 - Check plugin tools
2026-05-11 11:35:39,824 [WARN] IntegrityCheckThread:84 - waiting for thirdparty lock release [integrity check]
2026-05-11 11:35:39,824 [INFO] IntegrityCheckThread:86 - entering critical section [integrity check]
2026-05-11 11:35:39,824 [INFO] ThirdPartyUpdaterWithRetryManager:70 - Updater plugin not ready yet. [1/15]
2026-05-11 11:35:39,824 [INFO] PluginManage:359 - Loaded plugin tools (category:base,tabindex:7)
2026-05-11 11:35:39,824 [INFO] PluginManage:310 - Check plugin tutovideos
2026-05-11 11:35:40,080 [INFO] PluginManage:359 - Loaded plugin tutovideos (category:base,tabindex:-1)
2026-05-11 11:35:40,080 [INFO] PluginManage:310 - Check plugin updater
2026-05-11 11:35:40,108 [INFO] PluginManage:359 - Loaded plugin updater (category:base,tabindex:12)
2026-05-11 11:35:40,108 [INFO] PluginManage:310 - Check plugin userauth
2026-05-11 11:35:40,108 [INFO] UserAuth:118 - Init User Auth plugin
2026-05-11 11:35:40,108 [INFO] PluginManage:359 - Loaded plugin userauth (category:base,tabindex:14)
2026-05-11 11:35:40,108 [INFO] PluginManage:283 - PluginManage : Loaded plugins [18]
2026-05-11 11:35:40,367 [INFO] PinOutPanel:1589 - setPackage(No Configuration,No Configuration)
2026-05-11 11:35:40,476 [INFO] CADModel:165 - CPN selected for project level
2026-05-11 11:35:40,476 [INFO] CADModel:114 - Register for checkConnection events
2026-05-11 11:35:40,502 [INFO] IPUIPlugin:80 - create IPUIPlugin
2026-05-11 11:35:40,502 [INFO] PluginManager:220 - loadIPPluginJar : add adc
2026-05-11 11:35:40,502 [INFO] IPUIPlugin:80 - create IPUIPlugin
2026-05-11 11:35:40,502 [INFO] PluginManager:220 - loadIPPluginJar : add aes
2026-05-11 11:35:40,502 [INFO] IPUIPlugin:80 - create IPUIPlugin
2026-05-11 11:35:40,502 [INFO] PluginManager:220 - loadIPPluginJar : add can
2026-05-11 11:35:40,502 [INFO] IPUIPlugin:80 - create IPUIPlugin
2026-05-11 11:35:40,502 [INFO] PluginManager:220 - loadIPPluginJar : add comp
2026-05-11 11:35:40,518 [INFO] IPUIPlugin:80 - create IPUIPlugin
2026-05-11 11:35:40,518 [INFO] PluginManager:220 - loadIPPluginJar : add cryp
2026-05-11 11:35:40,526 [INFO] IPUIPlugin:80 - create IPUIPlugin
2026-05-11 11:35:40,526 [INFO] PluginManager:220 - loadIPPluginJar : add ddr_ctrl_phy
2026-05-11 11:35:40,528 [INFO] IPUIPlugin:80 - create IPUIPlugin
2026-05-11 11:35:40,528 [INFO] PluginManager:220 - loadIPPluginJar : add dfsdm
2026-05-11 11:35:40,536 [INFO] IPUIPlugin:80 - create IPUIPlugin
2026-05-11 11:35:40,536 [INFO] PluginManager:220 - loadIPPluginJar : add dma
2026-05-11 11:35:40,541 [INFO] IPUIPlugin:80 - create IPUIPlugin
2026-05-11 11:35:40,541 [INFO] PluginManager:220 - loadIPPluginJar : add dma3
2026-05-11 11:35:40,541 [INFO] IPUIPlugin:80 - create IPUIPlugin
2026-05-11 11:35:40,541 [INFO] PluginManager:220 - loadIPPluginJar : add extmemmanager
2026-05-11 11:35:40,541 [INFO] IPUIPlugin:80 - create IPUIPlugin
2026-05-11 11:35:40,541 [INFO] PluginManager:220 - loadIPPluginJar : add fatfs
2026-05-11 11:35:40,552 [INFO] IPUIPlugin:80 - create IPUIPlugin
2026-05-11 11:35:40,552 [INFO] PluginManager:220 - loadIPPluginJar : add fmc
2026-05-11 11:35:40,552 [INFO] IPUIPlugin:80 - create IPUIPlugin
2026-05-11 11:35:40,552 [INFO] PluginManager:220 - loadIPPluginJar : add freertos
2026-05-11 11:35:40,552 [INFO] IPUIPlugin:80 - create IPUIPlugin
2026-05-11 11:35:40,552 [INFO] PluginManager:220 - loadIPPluginJar : add genericplugin
2026-05-11 11:35:40,568 [INFO] IPUIPlugin:80 - create IPUIPlugin
2026-05-11 11:35:40,568 [INFO] PluginManager:220 - loadIPPluginJar : add gfxmmu
2026-05-11 11:35:40,575 [INFO] IPUIPlugin:80 - create IPUIPlugin
2026-05-11 11:35:40,575 [INFO] PluginManager:220 - loadIPPluginJar : add gic
2026-05-11 11:35:40,583 [INFO] IPUIPlugin:80 - create IPUIPlugin
2026-05-11 11:35:40,583 [INFO] PluginManager:220 - loadIPPluginJar : add gpio
2026-05-11 11:35:40,583 [INFO] IPUIPlugin:80 - create IPUIPlugin
2026-05-11 11:35:40,583 [INFO] PluginManager:220 - loadIPPluginJar : add gtzc
2026-05-11 11:35:40,593 [INFO] IPUIPlugin:80 - create IPUIPlugin
2026-05-11 11:35:40,593 [INFO] PluginManager:220 - loadIPPluginJar : add hash
2026-05-11 11:35:40,597 [INFO] IPUIPlugin:80 - create IPUIPlugin
2026-05-11 11:35:40,597 [INFO] PluginManager:220 - loadIPPluginJar : add i2c
2026-05-11 11:35:40,597 [INFO] IPUIPlugin:80 - create IPUIPlugin
2026-05-11 11:35:40,602 [INFO] PluginManager:220 - loadIPPluginJar : add i2s
2026-05-11 11:35:40,604 [INFO] IPUIPlugin:80 - create IPUIPlugin
2026-05-11 11:35:40,604 [INFO] PluginManager:220 - loadIPPluginJar : add i3c
2026-05-11 11:35:40,610 [INFO] IPUIPlugin:80 - create IPUIPlugin
2026-05-11 11:35:40,610 [INFO] PluginManager:220 - loadIPPluginJar : add ipddr
2026-05-11 11:35:40,620 [INFO] IPUIPlugin:80 - create IPUIPlugin
2026-05-11 11:35:40,620 [INFO] PluginManager:220 - loadIPPluginJar : add linkedlist
2026-05-11 11:35:40,620 [INFO] IPUIPlugin:80 - create IPUIPlugin
2026-05-11 11:35:40,620 [INFO] PluginManager:220 - loadIPPluginJar : add lorawan
2026-05-11 11:35:40,629 [INFO] IPUIPlugin:80 - create IPUIPlugin
2026-05-11 11:35:40,629 [INFO] PluginManager:220 - loadIPPluginJar : add ltdc
2026-05-11 11:35:40,629 [INFO] IPUIPlugin:80 - create IPUIPlugin
2026-05-11 11:35:40,629 [INFO] PluginManager:220 - loadIPPluginJar : add mdma
2026-05-11 11:35:40,629 [INFO] IPUIPlugin:80 - create IPUIPlugin
2026-05-11 11:35:40,629 [INFO] PluginManager:220 - loadIPPluginJar : add nvic
2026-05-11 11:35:40,645 [INFO] IPUIPlugin:80 - create IPUIPlugin
2026-05-11 11:35:40,645 [INFO] PluginManager:220 - loadIPPluginJar : add opamp
2026-05-11 11:35:40,645 [INFO] IPUIPlugin:80 - create IPUIPlugin
2026-05-11 11:35:40,645 [INFO] PluginManager:220 - loadIPPluginJar : add openamp
2026-05-11 11:35:40,645 [INFO] IPUIPlugin:80 - create IPUIPlugin
2026-05-11 11:35:40,645 [INFO] PluginManager:220 - loadIPPluginJar : add pdm2pcm
2026-05-11 11:35:40,665 [INFO] IPUIPlugin:80 - create IPUIPlugin
2026-05-11 11:35:40,668 [INFO] PluginManager:220 - loadIPPluginJar : add plateformsettings
2026-05-11 11:35:40,668 [INFO] IPUIPlugin:80 - create IPUIPlugin
2026-05-11 11:35:40,668 [INFO] PluginManager:220 - loadIPPluginJar : add quadspi
2026-05-11 11:35:40,668 [INFO] IPUIPlugin:80 - create IPUIPlugin
2026-05-11 11:35:40,676 [INFO] PluginManager:220 - loadIPPluginJar : add radio
2026-05-11 11:35:40,676 [INFO] IPUIPlugin:80 - create IPUIPlugin
2026-05-11 11:35:40,676 [INFO] PluginManager:220 - loadIPPluginJar : add resmgrutility
2026-05-11 11:35:40,676 [INFO] IPUIPlugin:80 - create IPUIPlugin
2026-05-11 11:35:40,676 [INFO] PluginManager:220 - loadIPPluginJar : add sai
2026-05-11 11:35:40,676 [INFO] IPUIPlugin:80 - create IPUIPlugin
2026-05-11 11:35:40,676 [INFO] PluginManager:220 - loadIPPluginJar : add spi
2026-05-11 11:35:40,692 [INFO] IPUIPlugin:80 - create IPUIPlugin
2026-05-11 11:35:40,692 [INFO] PluginManager:220 - loadIPPluginJar : add stm32_wpan
2026-05-11 11:35:40,692 [INFO] IPUIPlugin:80 - create IPUIPlugin
2026-05-11 11:35:40,692 [INFO] PluginManager:220 - loadIPPluginJar : add tim
2026-05-11 11:35:40,692 [INFO] IPUIPlugin:80 - create IPUIPlugin
2026-05-11 11:35:40,692 [INFO] PluginManager:220 - loadIPPluginJar : add touchsensing
2026-05-11 11:35:40,704 [INFO] IPUIPlugin:80 - create IPUIPlugin
2026-05-11 11:35:40,704 [INFO] PluginManager:220 - loadIPPluginJar : add tracer_emb
2026-05-11 11:35:40,708 [INFO] IPUIPlugin:80 - create IPUIPlugin
2026-05-11 11:35:40,708 [INFO] PluginManager:220 - loadIPPluginJar : add ts
2026-05-11 11:35:40,708 [INFO] IPUIPlugin:80 - create IPUIPlugin
2026-05-11 11:35:40,708 [INFO] PluginManager:220 - loadIPPluginJar : add tsc
2026-05-11 11:35:40,708 [INFO] IPUIPlugin:80 - create IPUIPlugin
2026-05-11 11:35:40,708 [INFO] PluginManager:220 - loadIPPluginJar : add ucpd
2026-05-11 11:35:40,717 [INFO] IPUIPlugin:80 - create IPUIPlugin
2026-05-11 11:35:40,717 [INFO] PluginManager:220 - loadIPPluginJar : add usart
2026-05-11 11:35:40,720 [INFO] IPUIPlugin:80 - create IPUIPlugin
2026-05-11 11:35:40,720 [INFO] PluginManager:220 - loadIPPluginJar : add usbx
2026-05-11 11:35:40,847 [FATAL] Updater:351 - Updater called before beeing initialized
2026-05-11 11:35:40,891 [INFO] RulesReader:64 - Compatibility file has been processed (317 Rules)
2026-05-11 11:35:40,902 [INFO] RulesReader:64 - Compatibility file has been processed (317 Rules)
2026-05-11 11:35:40,908 [INFO] CADModel:165 - CPN selected for project level
2026-05-11 11:35:40,908 [INFO] CADModel:114 - Register for checkConnection events
2026-05-11 11:35:40,908 [FATAL] Updater:351 - Updater called before beeing initialized
2026-05-11 11:35:40,908 [ERROR] CADModel:125 - Updater not yet initialized, retry later 
2026-05-11 11:35:41,080 [FATAL] Updater:351 - Updater called before beeing initialized
2026-05-11 11:35:41,087 [INFO] CADModel:165 - CPN selected for project level
2026-05-11 11:35:41,087 [INFO] CADModel:114 - Register for checkConnection events
2026-05-11 11:35:41,087 [FATAL] Updater:351 - Updater called before beeing initialized
2026-05-11 11:35:41,087 [ERROR] CADModel:125 - Updater not yet initialized, retry later 
2026-05-11 11:35:41,087 [FATAL] Updater:351 - Updater called before beeing initialized
2026-05-11 11:35:41,245 [FATAL] Updater:351 - Updater called before beeing initialized
2026-05-11 11:35:41,245 [INFO] DbMcusAds:53 - JSON generation date=Mon Apr 27 13:44:29 IST 2026 (1777277669683)
2026-05-11 11:35:41,245 [FATAL] Updater:351 - Updater called before beeing initialized
2026-05-11 11:35:41,307 [WARN] DetailPanel:346 - Failed to get advertising image, set to default
2026-05-11 11:35:41,438 [FATAL] Updater:351 - Updater called before beeing initialized
2026-05-11 11:35:41,440 [FATAL] Updater:351 - Updater called before beeing initialized
2026-05-11 11:35:41,442 [FATAL] Updater:351 - Updater called before beeing initialized
2026-05-11 11:35:41,442 [WARN] DetailPanel:346 - Failed to get advertising image, set to default
2026-05-11 11:35:41,444 [FATAL] Updater:351 - Updater called before beeing initialized
2026-05-11 11:35:41,513 [ERROR] Updater:1198 - MainUpdater not yet initialized. External WinMGr cannot be set.
2026-05-11 11:35:41,524 [INFO] Updater:1134 - Updater Version found : 6.15.0
2026-05-11 11:35:41,544 [INFO] ApplicationProperties:184 - Using Application install path: C:\ST\STM32CubeIDE_1.19.0\STM32CubeIDE\plugins\com.st.stm32cube.common.mx_6.15.0.202507011659
2026-05-11 11:35:41,938 [INFO] MainUpdater:2872 - connection check result : 10
2026-05-11 11:35:41,938 [INFO] MainUpdater:289 - Updater Check For Update Now.
2026-05-11 11:35:41,938 [INFO] MicroXplorer:498 - Change Database Version : DB.6.0.150
2026-05-11 11:35:42,127 [INFO] CheckServerUpdateThread:120 - End of CheckServer Thread
2026-05-11 11:35:42,173 [INFO] MainUpdater:2872 - connection check result : 10
2026-05-11 11:35:42,173 [INFO] MainUpdater:2872 - connection check result : 10
2026-05-11 11:35:42,226 [INFO] MicroXplorer:468 - Change Database Path : 
2026-05-11 11:35:42,226 [INFO] MicroXplorer:498 - Change Database Version : DB.6.0.150
2026-05-11 11:35:42,236 [WARN] ThirdParty:871 - waiting for thirdparty lock release [close project]
2026-05-11 11:35:43,197 [WARN] PackLoader:240 - Cannot read IP mode file for STMicroelectronics.X-CUBE-AZRTOS-H7.3.5.0
2026-05-11 11:35:43,212 [WARN] PackLoader:240 - Cannot read IP mode file for STMicroelectronics.FP-ATR-ASTRA1.2.0.2
2026-05-11 11:35:43,212 [WARN] PackLoader:240 - Cannot read IP mode file for STMicroelectronics.X-CUBE-SMBUS.2.1.0
2026-05-11 11:35:43,244 [WARN] PackLoader:240 - Cannot read IP mode file for STMicroelectronics.X-CUBE-AZRTOS-F7.1.1.0
2026-05-11 11:35:43,254 [WARN] PackLoader:240 - Cannot read IP mode file for STMicroelectronics.FP-SNS-MOTENV1.5.1.0
2026-05-11 11:35:43,268 [WARN] PackLoader:240 - Cannot read IP mode file for WES.I-CUBE-Cesium.1.4.0
2026-05-11 11:35:43,277 [WARN] PackLoader:240 - Cannot read IP mode file for STMicroelectronics.X-CUBE-DISPLAY.3.0.0
2026-05-11 11:35:43,289 [WARN] PackLoader:240 - Cannot read IP mode file for STMicroelectronics.X-CUBE-GNSS1.7.1.1
2026-05-11 11:35:43,295 [WARN] PackLoader:240 - Cannot read IP mode file for STMicroelectronics.FP-SNS-MOTENVWB1.1.5.0
2026-05-11 11:35:43,302 [WARN] PackLoader:240 - Cannot read IP mode file for STMicroelectronics.X-CUBE-NFC10.1.0.0
2026-05-11 11:35:43,302 [WARN] PackLoader:240 - Cannot read IP mode file for STMicroelectronics.X-CUBE-ST60.1.1.0
2026-05-11 11:35:43,318 [WARN] PackLoader:240 - Cannot read IP mode file for emotas.I-CUBE-CANOPEN.1.3.0
2026-05-11 11:35:43,318 [WARN] PackLoader:240 - Cannot read IP mode file for STMicroelectronics.X-CUBE-GNSS1.7.1.0
2026-05-11 11:35:43,335 [WARN] PackLoader:240 - Cannot read IP mode file for STMicroelectronics.FP-SNS-STBOX1.2.1.0
2026-05-11 11:35:43,335 [WARN] PackLoader:240 - Cannot read IP mode file for STMicroelectronics.FP-SNS-SMARTAG2.1.2.0
2026-05-11 11:35:43,349 [WARN] PackLoader:240 - Cannot read IP mode file for STMicroelectronics.FP-SNS-FLIGHT1.5.1.0
2026-05-11 11:35:43,349 [INFO] LogOutputStream:77 - [STDOUT_REDIRECT] 1 : Invalid condition id : UX_CORESTACK_Condition cause : null
2026-05-11 11:35:43,349 [INFO] LogOutputStream:77 - [STDOUT_REDIRECT] 1 : Invalid condition id : UX_CORESTACK_Condition cause : null
2026-05-11 11:35:43,349 [INFO] LogOutputStream:77 - [STDOUT_REDIRECT] 1 : Invalid condition id : UX_CORESTACK_Condition cause : null
2026-05-11 11:35:43,349 [INFO] LogOutputStream:77 - [STDOUT_REDIRECT] 1 : Invalid condition id : UX_CORESTACK_Condition cause : null
2026-05-11 11:35:43,349 [INFO] LogOutputStream:77 - [STDOUT_REDIRECT] 1 : Invalid condition id : UX_CORESTACK_Condition cause : null
2026-05-11 11:35:43,367 [WARN] PackLoader:240 - Cannot read IP mode file for STMicroelectronics.X-CUBE-AZRTOS-WL.2.0.0
2026-05-11 11:35:43,397 [WARN] PackLoader:240 - Cannot read IP mode file for STMicroelectronics.X-CUBE-AZRTOS-H7RS.1.2.0
2026-05-11 11:35:43,401 [WARN] PackLoader:240 - Cannot read IP mode file for STMicroelectronics.X-CUBE-BLE2.3.3.0
2026-05-11 11:35:43,438 [WARN] PackLoader:240 - Cannot read IP mode file for Infineon.AIROC-Wi-Fi-Bluetooth-STM32.1.8.0
2026-05-11 11:35:43,447 [WARN] PackLoader:240 - Cannot read IP mode file for STMicroelectronics.X-CUBE-NFC9.1.0.0
2026-05-11 11:35:43,459 [WARN] PackLoader:240 - Cannot read IP mode file for STMicroelectronics.X-CUBE-BLE1.7.1.0
2026-05-11 11:35:43,466 [WARN] PackLoader:240 - Cannot read IP mode file for wolfSSL.I-CUBE-wolfMQTT.1.19.2
2026-05-11 11:35:43,472 [WARN] PackLoader:240 - Cannot read IP mode file for STMicroelectronics.X-CUBE-EEPRMA1.5.2.0
2026-05-11 11:35:43,477 [WARN] PackLoader:240 - Cannot read IP mode file for wolfSSL.I-CUBE-wolfSSL.5.8.4
2026-05-11 11:35:43,484 [WARN] PackLoader:240 - Cannot read IP mode file for Cesanta.I-CUBE-Mongoose.7.20.0
2026-05-11 11:35:43,491 [WARN] PackLoader:240 - Cannot read IP mode file for STMicroelectronics.FP-SNS-STAIOTCFT.1.1.0
2026-05-11 11:35:43,522 [WARN] PackLoader:240 - Cannot read IP mode file for STMicroelectronics.X-CUBE-MEMS1.12.0.0
2026-05-11 11:35:43,623 [WARN] PackLoader:240 - Cannot read IP mode file for STMicroelectronics.X-CUBE-AZRTOS-G0.1.1.0
2026-05-11 11:35:43,642 [WARN] PackLoader:240 - Cannot read IP mode file for STMicroelectronics.X-CUBE-NFC4.3.0.0
2026-05-11 11:35:43,654 [WARN] PackLoader:240 - Cannot read IP mode file for EmbeddedOffice.I-CUBE-FS-RTOS.1.0.1
2026-05-11 11:35:43,662 [WARN] PackLoader:240 - Cannot read IP mode file for STMicroelectronics.X-CUBE-WB05N.2.0.0
2026-05-11 11:35:43,670 [WARN] PackLoader:240 - Cannot read IP mode file for wolfSSL.I-CUBE-wolfTPM.3.8.0
2026-05-11 11:35:43,674 [WARN] PackLoader:240 - Cannot read IP mode file for STMicroelectronics.X-CUBE-TCPP.4.2.0
2026-05-11 11:35:43,688 [WARN] PackLoader:240 - Cannot read IP mode file for RealThread.X-CUBE-RT-Thread_Nano.4.1.1
2026-05-11 11:35:43,714 [WARN] PackLoader:240 - Cannot read IP mode file for STMicroelectronics.FP-ATR-SIGFOX1.3.2.0
2026-05-11 11:35:43,722 [WARN] PackLoader:240 - Cannot read IP mode file for STMicroelectronics.X-CUBE-FREERTOS.1.5.0
2026-05-11 11:35:43,732 [WARN] PackLoader:240 - Cannot read IP mode file for ITTIA_DB.I-CUBE-ITTIADB.8.9.0
2026-05-11 11:35:43,739 [WARN] PackLoader:240 - Cannot read IP mode file for STMicroelectronics.X-CUBE-NFC6.3.2.0
2026-05-11 11:35:43,747 [WARN] PackLoader:240 - Cannot read IP mode file for STMicroelectronics.X-CUBE-AI.10.2.0
2026-05-11 11:35:43,796 [WARN] PackLoader:240 - Cannot read IP mode file for STMicroelectronics.X-CUBE-MEMS1.12.1.0
2026-05-11 11:35:43,886 [WARN] PackLoader:240 - Cannot read IP mode file for SEGGER.I-CUBE-embOS.1.3.1
2026-05-11 11:35:43,923 [WARN] PackLoader:240 - Cannot read IP mode file for STMicroelectronics.X-CUBE-ALGOBUILD.1.4.0
2026-05-11 11:35:43,927 [WARN] PackLoader:240 - Cannot read IP mode file for STMicroelectronics.X-CUBE-PM33A1.1.0.0
2026-05-11 11:35:43,940 [WARN] PackLoader:240 - Cannot read IP mode file for STMicroelectronics.X-CUBE-AZRTOS-F4.1.1.0
2026-05-11 11:35:43,949 [WARN] PackLoader:240 - Cannot read IP mode file for STMicroelectronics.X-CUBE-ISPU.2.1.0
2026-05-11 11:35:43,960 [WARN] PackLoader:240 - Cannot read IP mode file for STMicroelectronics.X-CUBE-IPS.3.2.0
2026-05-11 11:35:43,970 [WARN] PackLoader:240 - Cannot read IP mode file for STMicroelectronics.eDS-WB_DPC_TT-BIDIR.2.1.1
2026-05-11 11:35:43,970 [WARN] PackLoader:240 - Cannot read IP mode file for STMicroelectronics.X-CUBE-NFC12.1.0.0
2026-05-11 11:35:43,980 [WARN] PackLoader:240 - Cannot read IP mode file for STMicroelectronics.X-CUBE-AZRTOS-L5.2.0.0
2026-05-11 11:35:43,994 [WARN] PackLoader:240 - Cannot read IP mode file for STMicroelectronics.eDS-WB_DPC_VIENNA.1.2.0
2026-05-11 11:35:43,996 [WARN] PackLoader:240 - Cannot read IP mode file for STMicroelectronics.eDS-WB_DPC_3PH2L-BIDIR.1.1.1
2026-05-11 11:35:43,996 [ERROR] Engine:466 - C:\Users\jahna\.stm32cubemx\thirdparties\pdsc\STMicroelectronics.X-CUBE-ST67W61.1.3.0.pdsc: PDSC version is not supported
2026-05-11 11:35:44,006 [WARN] PackLoader:240 - Cannot read IP mode file for STMicroelectronics.X-CUBE-TOUCHGFX.4.26.1
2026-05-11 11:35:44,010 [WARN] PackLoader:240 - Cannot read IP mode file for STMicroelectronics.FP-SNS-STAIOTCFT.1.0.0
2026-05-11 11:35:44,016 [WARN] PackLoader:240 - Cannot read IP mode file for STMicroelectronics.X-CUBE-DPower.1.3.0
2026-05-11 11:35:44,043 [WARN] ConditionMgr:438 - getConditionDescription Invalid condition id : LAN8742 Phy interface Condition cause : null
2026-05-11 11:35:44,043 [WARN] PackLoader:240 - Cannot read IP mode file for STMicroelectronics.X-CUBE-AZRTOS-L4.2.0.0
2026-05-11 11:35:44,043 [WARN] ConditionMgr:1044 - genDependencies : Invalid condition id : LAN8742 Phy interface Condition cause : null
2026-05-11 11:35:44,043 [WARN] ConditionMgr:1044 - genDependencies : Invalid condition id : LAN8742 Phy interface Condition cause : null
2026-05-11 11:35:44,043 [WARN] ConditionMgr:1044 - genDependencies : Invalid condition id : LAN8742 Phy interface Condition cause : null
2026-05-11 11:35:44,053 [WARN] PackLoader:240 - Cannot read IP mode file for STMicroelectronics.X-CUBE-SFXS2LP1.4.0.0
2026-05-11 11:35:44,059 [WARN] PackLoader:240 - Cannot read IP mode file for STMicroelectronics.X-CUBE-WB05N.2.1.0
2026-05-11 11:35:44,075 [WARN] PackLoader:240 - Cannot read IP mode file for STMicroelectronics.X-CUBE-ST67W61.1.2.0
2026-05-11 11:35:44,088 [WARN] PackLoader:240 - Cannot read IP mode file for STMicroelectronics.X-CUBE-BLEMGR.4.1.0
2026-05-11 11:35:44,099 [WARN] ConditionMgr:438 - getConditionDescription Invalid condition id : UX DEVICE CLASS RTOS Condition cause : null
2026-05-11 11:35:44,099 [WARN] ConditionMgr:438 - getConditionDescription Invalid condition id : UX DEVICE CLASS RTOS Condition cause : null
2026-05-11 11:35:44,101 [WARN] PackLoader:240 - Cannot read IP mode file for STMicroelectronics.X-CUBE-AZRTOS-WB.2.0.0
2026-05-11 11:35:44,101 [WARN] ConditionMgr:1044 - genDependencies : Invalid condition id : UX DEVICE CLASS RTOS Condition cause : null
2026-05-11 11:35:44,101 [WARN] ConditionMgr:1044 - genDependencies : Invalid condition id : UX DEVICE CLASS RTOS Condition cause : null
2026-05-11 11:35:44,101 [WARN] ConditionMgr:1044 - genDependencies : Invalid condition id : UX DEVICE CLASS RTOS Condition cause : null
2026-05-11 11:35:44,101 [WARN] ConditionMgr:1044 - genDependencies : Invalid condition id : UX DEVICE CLASS RTOS Condition cause : null
2026-05-11 11:35:44,101 [WARN] ConditionMgr:1044 - genDependencies : Invalid condition id : UX DEVICE CLASS RTOS Condition cause : null
2026-05-11 11:35:44,108 [WARN] ConditionMgr:438 - getConditionDescription Invalid condition id : Cortex-A Device cause : null
2026-05-11 11:35:44,114 [WARN] ConditionMgr:1044 - genDependencies : Invalid condition id : Cortex-A Device cause : null
2026-05-11 11:35:44,114 [WARN] ConditionMgr:1044 - genDependencies : Invalid condition id : Cortex-A Device cause : null
2026-05-11 11:35:44,114 [WARN] ConditionMgr:1044 - genDependencies : Invalid condition id : Cortex-A Device cause : null
2026-05-11 11:35:44,122 [WARN] PackLoader:240 - Cannot read IP mode file for STMicroelectronics.X-CUBE-STSE01.2.0.0
2026-05-11 11:35:44,125 [WARN] PackLoader:240 - Cannot read IP mode file for STMicroelectronics.X-CUBE-SUBG2.5.0.0
2026-05-11 11:35:44,144 [WARN] PackLoader:240 - Cannot read IP mode file for STMicroelectronics.X-CUBE-AZRTOS-G4.2.0.0
2026-05-11 11:35:44,144 [WARN] PackLoader:240 - Cannot read IP mode file for wolfSSL.I-CUBE-wolfSSH.1.4.20
2026-05-11 11:35:44,153 [WARN] PackLoader:240 - Cannot read IP mode file for STMicroelectronics.X-CUBE-NFC7.2.0.0
2026-05-11 11:35:44,158 [WARN] PackLoader:240 - Cannot read IP mode file for STMicroelectronics.X-CUBE-ALS.1.0.2
2026-05-11 11:35:44,160 [WARN] PackLoader:240 - Cannot read IP mode file for STMicroelectronics.X-CUBE-TOF1.3.4.3
2026-05-11 11:35:44,170 [INFO] ThirdParty:978 - Integrity check success = true
2026-05-11 11:35:44,170 [INFO] IntegrityCheckThread:100 - exiting critical section [integrity check]
2026-05-11 11:35:44,170 [INFO] IntegrityCheckThread:103 - End integrity checks thread
2026-05-11 11:35:44,170 [INFO] ThirdParty:873 - entering critical section [close project]
2026-05-11 11:35:44,173 [INFO] ThirdParty:883 - exiting critical section [close project]
2026-05-11 11:35:44,173 [INFO] PinOutPanel:1589 - setPackage(No Configuration,No Configuration)
2026-05-11 11:35:44,173 [INFO] UtilMem:75 - Begin LoadConfig() Used Memory: 214583992 Bytes (361758720)
2026-05-11 11:35:44,173 [INFO] MicroXplorer:468 - Change Database Path : 
2026-05-11 11:35:44,173 [INFO] MicroXplorer:498 - Change Database Version : DB.6.0.150
2026-05-11 11:35:44,181 [INFO] OpenFileManager:355 - Change cursor
2026-05-11 11:35:44,202 [INFO] Mcu:2029 - Initializing MCU STM32L053C(6-8)Tx STM32L053C8Tx STM32L053C8T6
2026-05-11 11:35:45,113 [INFO] Context:786 - Trying to add GPIOservice into a context  which must be forbidden
2026-05-11 11:35:45,402 [INFO] ImportTextPane:234 - (OptionalMessage_ERROR) Pin33 (VP_RIF_VS_RIF1) cannot be retrieved for this MCU
2026-05-11 11:35:45,529 [INFO] RtosManager:558 - Registered RTOS mode: class=CMSIS, group=RTOS, mode=CMSIS_V1, owner=FREERTOS
2026-05-11 11:35:45,529 [INFO] RtosManager:558 - Registered RTOS mode: class=CMSIS, group=RTOS2, mode=CMSIS_V2, owner=FREERTOS
2026-05-11 11:35:45,529 [INFO] RtosManager:558 - Registered RTOS mode: class=RTOS, group=Core, mode=CMSIS_V1, owner=FREERTOS
2026-05-11 11:35:45,529 [INFO] RtosManager:558 - Registered RTOS mode: class=RTOS, group=Core, mode=CMSIS_V2, owner=FREERTOS
2026-05-11 11:35:45,529 [WARN] ModelIntegratedComponent:184 - Missing modes for component STMicroelectronics:FreeRTOS:0.0.1:STMicroelectronics:RTOS:FreeRTOS:Core:::10.2.0:
2026-05-11 11:35:45,533 [WARN] ModelIntegratedComponent:63 - No mode defined for component null
2026-05-11 11:35:45,533 [WARN] ModelIntegratedComponent:63 - No mode defined for component null
2026-05-11 11:35:45,533 [WARN] ModelIntegratedComponent:63 - No mode defined for component null
2026-05-11 11:35:45,544 [WARN] ModelIntegratedComponent:63 - No mode defined for component null
2026-05-11 11:35:45,544 [WARN] ModelIntegratedComponent:63 - No mode defined for component null
2026-05-11 11:35:45,544 [WARN] ModelIntegratedComponent:63 - No mode defined for component null
2026-05-11 11:35:45,544 [WARN] ModelIntegratedComponent:63 - No mode defined for component null
2026-05-11 11:35:45,544 [WARN] ModelIntegratedComponent:63 - No mode defined for component null
2026-05-11 11:35:45,544 [WARN] ModelIntegratedComponent:63 - No mode defined for component null
2026-05-11 11:35:45,544 [WARN] ModelIntegratedComponent:63 - No mode defined for component null
2026-05-11 11:35:45,544 [WARN] ModelIntegratedComponent:63 - No mode defined for component null
2026-05-11 11:35:45,544 [WARN] ModelIntegratedComponent:63 - No mode defined for component null
2026-05-11 11:35:45,544 [WARN] ModelIntegratedComponent:63 - No mode defined for component null
2026-05-11 11:35:45,544 [WARN] ModelIntegratedComponent:63 - No mode defined for component null
2026-05-11 11:35:45,544 [WARN] ModelIntegratedComponent:63 - No mode defined for component null
2026-05-11 11:35:45,544 [WARN] ModelIntegratedComponent:63 - No mode defined for component null
2026-05-11 11:35:45,544 [WARN] ModelIntegratedComponent:63 - No mode defined for component null
2026-05-11 11:35:45,544 [WARN] ModelIntegratedComponent:63 - No mode defined for component null
2026-05-11 11:35:45,544 [WARN] ModelIntegratedComponent:63 - No mode defined for component null
2026-05-11 11:35:45,544 [WARN] ModelIntegratedComponent:63 - No mode defined for component null
2026-05-11 11:35:45,544 [WARN] ModelIntegratedComponent:63 - No mode defined for component null
2026-05-11 11:35:45,544 [WARN] ModelIntegratedComponent:63 - No mode defined for component null
2026-05-11 11:35:45,544 [WARN] ModelIntegratedComponent:63 - No mode defined for component null
2026-05-11 11:35:45,544 [WARN] ModelIntegratedComponent:63 - No mode defined for component null
2026-05-11 11:35:45,544 [WARN] ModelIntegratedComponent:63 - No mode defined for component null
2026-05-11 11:35:45,544 [WARN] ModelIntegratedComponent:63 - No mode defined for component null
2026-05-11 11:35:45,544 [WARN] ModelIntegratedComponent:63 - No mode defined for component null
2026-05-11 11:35:45,544 [WARN] ModelIntegratedComponent:63 - No mode defined for component null
2026-05-11 11:35:45,544 [WARN] ModelIntegratedComponent:63 - No mode defined for component null
2026-05-11 11:35:45,544 [WARN] ModelIntegratedComponent:63 - No mode defined for component null
2026-05-11 11:35:45,544 [WARN] ModelIntegratedComponent:63 - No mode defined for component null
2026-05-11 11:35:45,544 [WARN] ModelIntegratedComponent:63 - No mode defined for component null
2026-05-11 11:35:45,544 [WARN] ModelIntegratedComponent:63 - No mode defined for component null
2026-05-11 11:35:45,544 [WARN] ModelIntegratedComponent:63 - No mode defined for component null
2026-05-11 11:35:45,544 [WARN] ModelIntegratedComponent:63 - No mode defined for component null
2026-05-11 11:35:45,544 [WARN] ModelPack:524 - Component already loaded: STMicroelectronics:HAL Drivers:0.0.0:STMicroelectronics:Device:STMicro_Driver:XSPI:HAL::0.0.1:HAL_XSPI
2026-05-11 11:35:45,619 [INFO] ThirdPartyModel:298 - Start build external matchings
2026-05-11 11:35:45,945 [INFO] ThirdPartyModel:316 - End build external matchings
2026-05-11 11:35:45,961 [INFO] ImportTextPane:234 - (OptionalMessage_ERROR) IP (RCC) : Invalid parameter (FamilyName)
2026-05-11 11:35:45,961 [INFO] ImportTextPane:234 - (OptionalMessage_ERROR) IP (RCC) : Invalid parameter (PWRFreq_Value)
2026-05-11 11:35:45,961 [INFO] ImportTextPane:234 - (OptionalMessage_ERROR) IP (RCC) : Parameter (RTCHSEDivFreq_Value) has invalid value (4000000)
2026-05-11 11:35:45,961 [INFO] ImportTextPane:234 - (OptionalMessage_ERROR) IP (RCC) : Invalid parameter (TIMFreq_Value)
2026-05-11 11:35:46,241 [INFO] ApiDb:581 - Connected to CubeFinder SQLite database (C:\Users\jahna\.stmcufinder\plugins\mcufinder\mcu\cube-finder-db.db)
2026-05-11 11:35:46,368 [INFO] ApiDb:668 - CubeFinder database Data Model version=2.1
2026-05-11 11:35:46,368 [INFO] ApiDb:669 - CubeFinder database Configuration version=3.0.42
2026-05-11 11:35:46,368 [INFO] ApiDb:670 - CubeFinder database generation date=2026-05-06 (1778060171)
2026-05-11 11:35:46,368 [INFO] ApiDb:671 - CubeFinder database FW Pack versions=[FP-ATR-ASTRA1_V2.0.0, FP-SNS-FLIGHT1_V5.1.0, FP-SNS-MOTENV1_V5.1.0, FP-SNS-MOTENVWB1_V1.5.0, FP-SNS-SMARTAG2_V1.2.0, FP-SNS-STBOX1_V2.1.0, STM32Cube_FW_C0_V1.4.0, STM32Cube_FW_F4_V1.28.3, STM32Cube_FW_F7_V1.17.4, STM32Cube_FW_G0_V1.6.3, STM32Cube_FW_G4_V1.6.2, STM32Cube_FW_H5_V1.6.0, STM32Cube_FW_H7RS_V1.3.0, STM32Cube_FW_H7_V1.13.0, STM32Cube_FW_L0_V1.12.2, STM32Cube_FW_L4_V1.18.2, STM32Cube_FW_L5_V1.6.0, STM32Cube_FW_N6_V1.3.0, STM32Cube_FW_U0_V1.3.0, STM32Cube_FW_U3_V1.3.0, STM32Cube_FW_U5_V1.8.0, STM32Cube_FW_WB0_V1.4.0, STM32Cube_FW_WBA_V1.9.0, STM32Cube_FW_WB_V1.24.0, STM32Cube_FW_WL3_V1.4.0, STM32Cube_FW_WL_V1.5.0, X-CUBE-ALGOBUILD_V1.4.0, X-CUBE-ALS_V1.0.2, X-CUBE-AZRTOS-F4_V1.1.0, X-CUBE-AZRTOS-F7_V1.1.0, X-CUBE-AZRTOS-G0_V1.1.0, X-CUBE-AZRTOS-G4_V2.0.0, X-CUBE-AZRTOS-H7RS_V1.1.0, X-CUBE-AZRTOS-H7_V3.5.0, X-CUBE-AZRTOS-L4_V2.0.0, X-CUBE-AZRTOS-L5_V2.0.0, X-CUBE-AZRTOS-WB_V2.0.0, X-CUBE-AZRTOS-WL_V2.0.0, X-CUBE-BLE1_V7.1.0, X-CUBE-BLE2_V3.3.0, X-CUBE-BLEMGR_V4.1.0, X-CUBE-EEPRMA1_V5.2.0, X-CUBE-FREERTOS_V1.5.0, X-CUBE-GNSS1_V6.0.0, X-CUBE-MEMS1_V12.0.0, X-CUBE-NFC4_V3.0.0, X-CUBE-NFC7_V2.0.0, X-CUBE-SFXS2LP1_V4.0.0, X-CUBE-ST67W61_V1.2.0, X-CUBE-SUBG2_V5.0.0, X-CUBE-TOF1_V3.4.3]
2026-05-11 11:35:46,495 [INFO] DbBoardsSqlite:226 - include board P-NUCLEO-WB55-NUCLEO as a kit item of type 'Nucleo-64'
2026-05-11 11:35:46,495 [INFO] DbBoardsSqlite:226 - include board P-NUCLEO-WB55-USBDONGLE as a kit item of type 'Nucleo USB Dongle'
2026-05-11 11:35:46,511 [INFO] DbBoardsSqlite:226 - include board STEVAL-IDP005V1 as a kit item of type 'Evaluation Board'
2026-05-11 11:35:46,511 [INFO] DbBoardsSqlite:226 - include board STEVAL-IDP005V2 as a kit item of type 'Evaluation Board'
2026-05-11 11:35:47,103 [INFO] ApiDb:240 - Found 880 in-development CPN: [B-G473E-ZEST1S, B-WB1M-WPAN1, B-WBA5M-WPAN, B-WL5M-SUBG1, NUCLEO-C031C6, NUCLEO-C051C8, NUCLEO-C071RB, NUCLEO-C092RC, NUCLEO-H503RB, NUCLEO-H533RE, NUCLEO-H563ZI, NUCLEO-H7S3L8, NUCLEO-N657X0-Q, NUCLEO-U031R8, NUCLEO-U083RC, NUCLEO-U385RG-Q, NUCLEO-U545RE-Q, NUCLEO-U5A5ZJ-Q, NUCLEO-WB05KZ, NUCLEO-WB07CC, NUCLEO-WB09KE, NUCLEO-WBA52CG, NUCLEO-WBA55CG, NUCLEO-WL33CC1, NUCLEO-WL33CC2, STEVAL-PROTEUS1, STEVAL-SMARTAG2, STEVAL-STWINBX1, STM320518-EVAL, STM32C0116-DK, STM32C011D6Y3TR, STM32C011D6Y6TR, STM32C011F4P3, STM32C011F4P6, STM32C011F4U3, STM32C011F4U6TR, STM32C011F6P3, STM32C011F6P6, STM32C011F6U3, STM32C011F6U6TR, STM32C011J4M3, STM32C011J4M6, STM32C011J6M3, STM32C011J6M6, STM32C0316-DK, STM32C031C4T3, STM32C031C4T6, STM32C031C4U3, STM32C031C4U6, STM32C031C6T3, STM32C031C6T6, STM32C031C6U3, STM32C031C6U6, STM32C031F4P3, STM32C031F4P6, STM32C031F6P3, STM32C031F6P6, STM32C031G4U3, STM32C031G4U6, STM32C031G6U3, STM32C031G6U6, STM32C031K4T3, STM32C031K4T6, STM32C031K4U3, STM32C031K4U6, STM32C031K6T3, STM32C031K6T6, STM32C031K6U3, STM32C031K6U6, STM32C051C6T6, STM32C051C6U6, STM32C051C8T6, STM32C051C8U6, STM32C051D8Y6TR, STM32C051F6P6, STM32C051F8P6, STM32C051G6U6, STM32C051G8U6, STM32C051K6T6, STM32C051K6U6, STM32C051K8T6, STM32C071C8T6, STM32C071C8T6N, STM32C071C8U6, STM32C071C8U6N, STM32C071CBT6, STM32C071CBT6N, STM32C071CBU6, STM32C071CBU6N, STM32C071F8P6, STM32C071F8P6N, STM32C071FBP6, STM32C071FBP6N, STM32C071FBY6TR, STM32C071G8U6, STM32C071G8U6N, STM32C071GBU6, STM32C071GBU6N, STM32C071K8T6, STM32C071K8T6N, STM32C071K8U6, STM32C071K8U6N, STM32C071KBT6, STM32C071KBT6N, STM32C071KBU6, STM32C071KBU6N, STM32C071R8T6, STM32C071R8T6N, STM32C071RBI6N, STM32C071RBT6, STM32C071RBT6N, STM32C091CBT6, STM32C091CBU6, STM32C091CCT6, STM32C091CCU6, STM32C091ECY6TR, STM32C091FBP6, STM32C091FCP6, STM32C091GBU6, STM32C091GCU6, STM32C091KBT6, STM32C091KBU6, STM32C091KCT6, STM32C091KCU6, STM32C091RBT6, STM32C091RCI6, STM32C091RCT6, STM32C092CBT6, STM32C092CBU6, STM32C092CCT6, STM32C092CCU6, STM32C092ECY6TR, STM32C092FBP6, STM32C092FCP6, STM32C092GBU6, STM32C092GCU6, STM32C092KBT6, STM32C092KBU6, STM32C092KCT6, STM32C092KCU6, STM32C092RBT6, STM32C092RCI6, STM32C092RCT6, STM32G071K8TXN, STM32G071K8UXN, STM32G081GBU6N, STM32G081KBT6N, STM32G081KBUXN, STM32G0B1CCT6N, STM32G0B1KCT6, STM32G0B1NEY6TR, STM32G0B1RCT6N, STM32G0C1CCT6, STM32G0C1CCT6N, STM32G0C1CCU6N, STM32G0C1CET6N, STM32G0C1CEU6N, STM32G0C1KCT6, STM32G0C1NEY6TR, STM32G0C1RCI6N, STM32G0C1RCT6N, STM32G0C1REI6N, STM32G0C1RET6N, STM32G0C1VCI6, STM32G0C1VEI6, STM32G411C6T3, STM32G411C6T6, STM32G411C6U3, STM32G411C6U6, STM32G411C8T3, STM32G411C8T6, STM32G411C8U3, STM32G411C8U6, STM32G411CBT3, STM32G411CBT6, STM32G411CBU3, STM32G411CBU6, STM32G411K6T3, STM32G411K6T6, STM32G411K6U3, STM32G411K6U6, STM32G411K8T3, STM32G411K8T6, STM32G411K8U3, STM32G411K8U6, STM32G411KBT3, STM32G411KBT6, STM32G411KBU3, STM32G411KBU6, STM32G411M6T3, STM32G411M6T6, STM32G411M8T3, STM32G411M8T6, STM32G411MBT3, STM32G411MBT6, STM32G411R6T3, STM32G411R6T6, STM32G411R8T3, STM32G411R8T6, STM32G411RBT3, STM32G411RBT6, STM32G414CBT3, STM32G414CBT6, STM32G414CBU3, STM32G414CBU6, STM32G414CCT3, STM32G414CCT6, STM32G414CCU3, STM32G414CCU6, STM32G414MBT3, STM32G414MBT6, STM32G414MCT3, STM32G414MCT6, STM32G414RBT3, STM32G414RBT6, STM32G414RCT3, STM32G414RCT6, STM32G414VBT3, STM32G414VBT6, STM32G414VCT3, STM32G414VCT6, STM32G431CBT3Z, STM32G431RBT3Z, STM32G471CCT6, STM32G471CCU6, STM32G471CET3, STM32G471CET6, STM32G471CEU3, STM32G471CEU6, STM32G471MCT6, STM32G471MET3, STM32G471MET6, STM32G471MEY6TR, STM32G471QCT6, STM32G471QET3, STM32G471RCT6, STM32G471RET3, STM32G471RET6, STM32G471VCH6, STM32G471VCI6, STM32G471VCT6, STM32G471VEH3, STM32G471VEH6, STM32G471VEI3, STM32G471VEI6, STM32G471VET3, STM32G471VET6, STM32G473QET3Z, STM32G473RET3Z, STM32G474CCT6, STM32G491RET3Z, STM32H503CBT6, STM32H503CBU6, STM32H503EBY6TR, STM32H503KBU6, STM32H503RBT6, STM32H523CCT6, STM32H523CCU6, STM32H523CET6, STM32H523CEU6, STM32H523HEY6TR, STM32H523RCT6, STM32H523RET6, STM32H523VCI6, STM32H523VCT6, STM32H523VEI6, STM32H523VET6, STM32H523ZCJ6, STM32H523ZCT6, STM32H523ZEJ6, STM32H523ZET6, STM32H533CET6, STM32H533CEU6, STM32H533HEY6TR, STM32H533RET6, STM32H533VEI6, STM32H533VET6, STM32H533ZEJ6, STM32H533ZET6, STM32H562AGI6, STM32H562AII6, STM32H562IGK6, STM32H562IGT6, STM32H562IIK6, STM32H562IIT6, STM32H562RGT6, STM32H562RGV6, STM32H562RIT6, STM32H562RIV6, STM32H562VGT6, STM32H562VIT6, STM32H562ZGT6, STM32H562ZIT6, STM32H563AGI6, STM32H563AII3Q, STM32H563AII6, STM32H563IGK6, STM32H563IGT6, STM32H563IIK3Q, STM32H563IIK6, STM32H563IIT3Q, STM32H563IIT6, STM32H563MIY3QTR, STM32H563RGT6, STM32H563RGV6, STM32H563RIT6, STM32H563RIV6, STM32H563VGT6, STM32H563VIT3Q, STM32H563VIT6, STM32H563ZGT6, STM32H563ZIT3Q, STM32H563ZIT6, STM32H573AII3Q, STM32H573AII6, STM32H573I-DK, STM32H573IIK3Q, STM32H573IIK6, STM32H573IIT3Q, STM32H573IIT6, STM32H573MIY3QTR, STM32H573RIT6, STM32H573RIV6, STM32H573VIT3Q, STM32H573VIT6, STM32H573ZIT3Q, STM32H573ZIT6, STM32H7R3A8I6, STM32H7R3I8K6, STM32H7R3I8T6, STM32H7R3L8H6, STM32H7R3L8H6H, STM32H7R3R8V6, STM32H7R3V8H6, STM32H7R3V8T6, STM32H7R3V8Y6TR, STM32H7R3Z8J6, STM32H7R3Z8T6, STM32H7R7A8I6, STM32H7R7I8K6, STM32H7R7I8T6, STM32H7R7L8H6, STM32H7R7L8H6H, STM32H7R7Z8J6, STM32H7S3A8I6, STM32H7S3I8K6, STM32H7S3I8T6, STM32H7S3L8H6, STM32H7S3L8H6H, STM32H7S3R8V6, STM32H7S3V8H6, STM32H7S3V8T6, STM32H7S3V8Y6TR, STM32H7S3Z8J6, STM32H7S3Z8T6, STM32H7S78-DK, STM32H7S7A8I6, STM32H7S7I8K6, STM32H7S7I8T6, STM32H7S7L8H6, STM32H7S7L8H6H, STM32H7S7Z8J6, STM32L4R5QGI6STR, STM32MP131AAE3, STM32MP131AAF3, STM32MP131AAG3, STM32MP131CAE3, STM32MP131CAF3, STM32MP131CAG3, STM32MP131DAE7, STM32MP131DAF7, STM32MP131DAG7, STM32MP131FAE7, STM32MP131FAF7, STM32MP131FAG7, STM32MP133AAE3, STM32MP133AAF3, STM32MP133AAG3, STM32MP133CAE3, STM32MP133CAF3, STM32MP133CAG3, STM32MP133DAE7, STM32MP133DAF7, STM32MP133DAG7, STM32MP133FAE7, STM32MP133FAF7, STM32MP133FAG7, STM32MP135AAE3, STM32MP135AAF3, STM32MP135AAG3, STM32MP135CAE3, STM32MP135CAF3, STM32MP135CAG3, STM32MP135DAE7, STM32MP135DAF7, STM32MP135DAG7, STM32MP135F-DK, STM32MP135FAE7, STM32MP135FAF7, STM32MP135FAF7T, STM32MP135FAF7U, STM32MP135FAG7, STM32MP211AAL3, STM32MP211AAM3, STM32MP211AAN3, STM32MP211AAO3, STM32MP211CAL3, STM32MP211CAM3, STM32MP211CAN3, STM32MP211CAO3, STM32MP211DAL3, STM32MP211DAM3, STM32MP211DAN3, STM32MP211DAO3, STM32MP211FAL3, STM32MP211FAM3, STM32MP211FAN3, STM32MP211FAO3, STM32MP213AAL3, STM32MP213AAM3, STM32MP213AAN3, STM32MP213AAO3, STM32MP213CAL3, STM32MP213CAM3, STM32MP213CAN3, STM32MP213CAO3, STM32MP213DAL3, STM32MP213DAM3, STM32MP213DAN3, STM32MP213DAO3, STM32MP213FAL3, STM32MP213FAM3, STM32MP213FAN3, STM32MP213FAO3, STM32MP215AAL3, STM32MP215AAM3, STM32MP215AAN3, STM32MP215AAO3, STM32MP215CAL3, STM32MP215CAM3, STM32MP215CAN3, STM32MP215CAO3, STM32MP215DAL3, STM32MP215DAM3, STM32MP215DAN3, STM32MP215DAO3, STM32MP215F-DK, STM32MP215FAL3, STM32MP215FAM3, STM32MP215FAN3, STM32MP215FAO3, STM32MP231AAJ3, STM32MP231AAK3, STM32MP231AAL3, STM32MP231CAJ3, STM32MP231CAK3, STM32MP231CAL3, STM32MP231DAJ3, STM32MP231DAK3, STM32MP231DAL3, STM32MP231FAJ3, STM32MP231FAK3, STM32MP231FAL3, STM32MP233AAJ3, STM32MP233AAK3, STM32MP233AAL3, STM32MP233CAJ3, STM32MP233CAK3, STM32MP233CAL3, STM32MP233DAJ3, STM32MP233DAK3, STM32MP233DAL3, STM32MP233FAJ3, STM32MP233FAK3, STM32MP233FAL3, STM32MP235AAJ3, STM32MP235AAK3, STM32MP235AAL3, STM32MP235CAJ3, STM32MP235CAK3, STM32MP235CAL3, STM32MP235DAJ3, STM32MP235DAK3, STM32MP235DAL3, STM32MP235FAJ3, STM32MP235FAK3, STM32MP235FAL3, STM32MP251AAI3, STM32MP251AAK3, STM32MP251AAL3, STM32MP251CAI3, STM32MP251CAK3, STM32MP251CAL3, STM32MP251DAI3, STM32MP251DAK3, STM32MP251DAL3, STM32MP251FAI3, STM32MP251FAK3, STM32MP251FAL3, STM32MP253AAI3, STM32MP253AAK3, STM32MP253AAL3, STM32MP253CAI3, STM32MP253CAK3, STM32MP253CAL3, STM32MP253DAI3, STM32MP253DAK3, STM32MP253DAL3, STM32MP253FAI3, STM32MP253FAK3, STM32MP253FAL3, STM32MP255AAI3, STM32MP255AAK3, STM32MP255AAL3, STM32MP255CAI3, STM32MP255CAK3, STM32MP255CAL3, STM32MP255DAI3, STM32MP255DAK3, STM32MP255DAL3, STM32MP255FAI3, STM32MP255FAK3, STM32MP255FAL3, STM32MP257AAI3, STM32MP257AAK3, STM32MP257AAL3, STM32MP257CAI3, STM32MP257CAK3, STM32MP257CAL3, STM32MP257DAI3, STM32MP257DAK3, STM32MP257DAL3, STM32MP257F-DK, STM32MP257F-EV1, STM32MP257FAI3, STM32MP257FAK3, STM32MP257FAL3, STM32N645A0H3Q, STM32N645B0H3Q, STM32N645I0H3Q, STM32N645L0H3Q, STM32N645X0H3Q, STM32N645Z0H3Q, STM32N647A0H3Q, STM32N647B0H3Q, STM32N647I0H3Q, STM32N647L0H3Q, STM32N647X0H3Q, STM32N647Z0H3Q, STM32N655A0H3Q, STM32N655B0H3Q, STM32N655I0H3Q, STM32N655L0H3Q, STM32N655X0H3Q, STM32N655Z0H3Q, STM32N6570-DK, STM32N657A0H3Q, STM32N657B0H3Q, STM32N657I0H3Q, STM32N657L0H3Q, STM32N657X0H3Q, STM32N657Z0H3Q, STM32U031C6T6, STM32U031C6U6, STM32U031C8T6, STM32U031C8U6, STM32U031F4P6, STM32U031F6P6, STM32U031F8P6, STM32U031G6Y6TR, STM32U031G8Y6TR, STM32U031K4U6, STM32U031K6U6, STM32U031K8U6, STM32U031R6I6, STM32U031R6T6, STM32U031R8I6, STM32U031R8T6, STM32U073C8T6, STM32U073C8U6, STM32U073CBT6, STM32U073CBU6, STM32U073CCT6, STM32U073CCU6, STM32U073H8Y6TR, STM32U073HBY6TR, STM32U073HCY6TR, STM32U073K8U6, STM32U073KBU6, STM32U073KCU6, STM32U073M8I6, STM32U073M8T6, STM32U073MBI6, STM32U073MBT6, STM32U073MCI6, STM32U073MCT6, STM32U073R8I6, STM32U073R8T6, STM32U073RBI6, STM32U073RBT6, STM32U073RCI6, STM32U073RCT6, STM32U083C-DK, STM32U083CCT6, STM32U083CCU6, STM32U083HCY6TR, STM32U083KCU6, STM32U083MCI6, STM32U083MCT6, STM32U083RCI6, STM32U083RCT6, STM32U375CET6, STM32U375CET6Q, STM32U375CEU6, STM32U375CEU6Q, STM32U375CEY6QTR, STM32U375CGT6, STM32U375CGT6Q, STM32U375CGU6, STM32U375CGU6Q, STM32U375CGY6QTR, STM32U375KEU6, STM32U375KGU6, STM32U375REI6, STM32U375REI6Q, STM32U375RET6, STM32U375RET6Q, STM32U375REY6GTR, STM32U375REY6QTR, STM32U375RGI6, STM32U375RGI6Q, STM32U375RGT6, STM32U375RGT6Q, STM32U375RGY6GTR, STM32U375RGY6QTR, STM32U375VEI6, STM32U375VEI6Q, STM32U375VET6, STM32U375VET6Q, STM32U375VGI6, STM32U375VGI6Q, STM32U375VGT6, STM32U375VGT6Q, STM32U385CGT6, STM32U385CGT6Q, STM32U385CGU6, STM32U385CGU6Q, STM32U385CGY6QTR, STM32U385KGU6, STM32U385RGI6, STM32U385RGI6Q, STM32U385RGT6, STM32U385RGT6Q, STM32U385RGY6GTR, STM32U385RGY6QTR, STM32U385VGI6, STM32U385VGI6Q, STM32U385VGT6, STM32U385VGT6Q, STM32U535CBT6, STM32U535CBT6Q, STM32U535CBU6, STM32U535CBU6Q, STM32U535CCT6, STM32U535CCT6Q, STM32U535CCU6, STM32U535CCU6Q, STM32U535CET6, STM32U535CET6Q, STM32U535CEU6, STM32U535CEU6Q, STM32U535JEY6QTR, STM32U535NCY6QTR, STM32U535NEY6QTR, STM32U535RBI6, STM32U535RBI6Q, STM32U535RBT6, STM32U535RBT6Q, STM32U535RCI6, STM32U535RCI6Q, STM32U535RCT6, STM32U535RCT6Q, STM32U535REI6, STM32U535REI6Q, STM32U535RET6, STM32U535RET6Q, STM32U535VCI6, STM32U535VCI6Q, STM32U535VCT6, STM32U535VCT6Q, STM32U535VEI6, STM32U535VEI6Q, STM32U535VET6, STM32U535VET6Q, STM32U545CET6, STM32U545CET6Q, STM32U545CEU6, STM32U545CEU6Q, STM32U545JEY6QTR, STM32U545NEY6QTR, STM32U545REI6, STM32U545REI6Q, STM32U545RET6, STM32U545RET6Q, STM32U545VEI6, STM32U545VEI6Q, STM32U545VET6, STM32U545VET6Q, STM32U595AIH6, STM32U595AIH6Q, STM32U595AJH6, STM32U595AJH6Q, STM32U595QII6, STM32U595QII6Q, STM32U595QJI6, STM32U595QJI6Q, STM32U595RIT6, STM32U595RIT6Q, STM32U595RJT6, STM32U595RJT6Q, STM32U595VIT6, STM32U595VIT6Q, STM32U595VJT6, STM32U595VJT6Q, STM32U595ZIT6, STM32U595ZIT6Q, STM32U595ZIY6QTR, STM32U595ZJT6, STM32U595ZJT6Q, STM32U595ZJY6QTR, STM32U599BJY6QTR, STM32U599NIH6Q, STM32U599NJH6Q, STM32U599VIT6Q, STM32U599VJT6, STM32U599VJT6Q, STM32U599ZIT6Q, STM32U599ZIY6QTR, STM32U599ZJT6Q, STM32U599ZJY6QTR, STM32U5A5AJH6, STM32U5A5AJH6Q, STM32U5A5QII3Q , STM32U5A5QJI6, STM32U5A5QJI6Q, STM32U5A5RJT6, STM32U5A5RJT6Q, STM32U5A5VJT6, STM32U5A5VJT6Q, STM32U5A5ZJT6, STM32U5A5ZJT6Q, STM32U5A5ZJY6QTR, STM32U5A9BJY6QTR, STM32U5A9J-DK, STM32U5A9NJH6Q, STM32U5A9VJT6Q, STM32U5A9ZJT6Q, STM32U5A9ZJY6QTR, STM32U5F7VIT6, STM32U5F7VIT6Q, STM32U5F7VJT6, STM32U5F7VJT6Q, STM32U5F9BJY6QTR, STM32U5F9NJH6Q, STM32U5F9VIT6Q, STM32U5F9VJT6Q, STM32U5F9ZIJ6QTR, STM32U5F9ZIT6Q, STM32U5F9ZJJ6QTR, STM32U5F9ZJT6Q, STM32U5G7VJT6, STM32U5G7VJT6Q, STM32U5G9BJY6QTR, STM32U5G9J-DK1, STM32U5G9J-DK2, STM32U5G9NJH6Q, STM32U5G9VJT6Q, STM32U5G9ZJJ6QTR, STM32U5G9ZJT6Q, STM32WB05KZV6TR, STM32WB05KZV7TR, STM32WB05TZF6TR, STM32WB05TZF7TR, STM32WB06CCF6TR, STM32WB06CCF7TR, STM32WB06CCV6TR, STM32WB06CCV7TR, STM32WB06KCV6TR, STM32WB06KCV7TR, STM32WB07CCF6TR, STM32WB07CCF7TR, STM32WB07CCV6TR, STM32WB07CCV7TR, STM32WB07KCV6TR, STM32WB07KCV7TR, STM32WB09KEV6TR, STM32WB09KEV7TR, STM32WB09TEF6TR, STM32WB09TEF7TR, STM32WB1MMCH6, STM32WBA50KGU6, STM32WBA50KGU6TR, STM32WBA52CEU6, STM32WBA52CEU6TR, STM32WBA52CEU7, STM32WBA52CEU7TR, STM32WBA52CGU6, STM32WBA52CGU6TR, STM32WBA52CGU6U, STM32WBA52CGU7, STM32WBA52CGU7TR, STM32WBA52KEU6, STM32WBA52KEU6TR, STM32WBA52KGU6, STM32WBA52KGU6TR, STM32WBA54CEU6, STM32WBA54CEU6TR, STM32WBA54CEU7, STM32WBA54CEU7TR, STM32WBA54CGU6, STM32WBA54CGU6TR, STM32WBA54CGU7, STM32WBA54CGU7TR, STM32WBA54KEU6, STM32WBA54KEU6TR, STM32WBA54KEU7, STM32WBA54KEU7TR, STM32WBA54KGU6, STM32WBA54KGU6TR, STM32WBA54KGU7, STM32WBA54KGU7TR, STM32WBA55CEU6, STM32WBA55CEU6TR, STM32WBA55CEU7, STM32WBA55CEU7TR, STM32WBA55CGU6, STM32WBA55CGU6TR, STM32WBA55CGU6U, STM32WBA55CGU7, STM32WBA55CGU7TR, STM32WBA55G-DK1, STM32WBA55HEF6, STM32WBA55HEF7, STM32WBA55HGF6, STM32WBA55HGF7, STM32WBA55UEI6, STM32WBA55UEI6TR, STM32WBA55UEI7, STM32WBA55UEI7TR, STM32WBA55UGI6, STM32WBA55UGI6TR, STM32WBA55UGI7, STM32WBA55UGI7TR, STM32WBA5MMGH6TR, STM32WBA62MGF6, STM32WBA62MIF6, STM32WBA65MGF7, STM32WBA65MIF6, STM32WBA65MIF7, STM32WL30K8V6, STM32WL30KBV6, STM32WL31C8V6, STM32WL31CBV6, STM32WL31K8V6, STM32WL31KBV6, STM32WL33C8V6, STM32WL33C8V6X, STM32WL33CBV6, STM32WL33CBV6X, STM32WL33CCV6, STM32WL33CCV6A, STM32WL33CCV6X, STM32WL33K8V7, STM32WL33K8V7X, STM32WL33KBV7 , STM32WL33KBV7X, STM32WL33KCV7, STM32WL33KCV7X, STM32WL5MOCH6, STM32WL5MOCH6TR]
2026-05-11 11:35:47,108 [INFO] ApiDb:668 - CubeFinder database Data Model version=2.1
2026-05-11 11:35:47,108 [INFO] ApiDb:669 - CubeFinder database Configuration version=3.0.42
2026-05-11 11:35:47,108 [INFO] ApiDb:670 - CubeFinder database generation date=2026-05-06 (1778060171)
2026-05-11 11:35:47,110 [INFO] ApiDb:671 - CubeFinder database FW Pack versions=[FP-ATR-ASTRA1_V2.0.0, FP-SNS-FLIGHT1_V5.1.0, FP-SNS-MOTENV1_V5.1.0, FP-SNS-MOTENVWB1_V1.5.0, FP-SNS-SMARTAG2_V1.2.0, FP-SNS-STBOX1_V2.1.0, STM32Cube_FW_C0_V1.4.0, STM32Cube_FW_F4_V1.28.3, STM32Cube_FW_F7_V1.17.4, STM32Cube_FW_G0_V1.6.3, STM32Cube_FW_G4_V1.6.2, STM32Cube_FW_H5_V1.6.0, STM32Cube_FW_H7RS_V1.3.0, STM32Cube_FW_H7_V1.13.0, STM32Cube_FW_L0_V1.12.2, STM32Cube_FW_L4_V1.18.2, STM32Cube_FW_L5_V1.6.0, STM32Cube_FW_N6_V1.3.0, STM32Cube_FW_U0_V1.3.0, STM32Cube_FW_U3_V1.3.0, STM32Cube_FW_U5_V1.8.0, STM32Cube_FW_WB0_V1.4.0, STM32Cube_FW_WBA_V1.9.0, STM32Cube_FW_WB_V1.24.0, STM32Cube_FW_WL3_V1.4.0, STM32Cube_FW_WL_V1.5.0, X-CUBE-ALGOBUILD_V1.4.0, X-CUBE-ALS_V1.0.2, X-CUBE-AZRTOS-F4_V1.1.0, X-CUBE-AZRTOS-F7_V1.1.0, X-CUBE-AZRTOS-G0_V1.1.0, X-CUBE-AZRTOS-G4_V2.0.0, X-CUBE-AZRTOS-H7RS_V1.1.0, X-CUBE-AZRTOS-H7_V3.5.0, X-CUBE-AZRTOS-L4_V2.0.0, X-CUBE-AZRTOS-L5_V2.0.0, X-CUBE-AZRTOS-WB_V2.0.0, X-CUBE-AZRTOS-WL_V2.0.0, X-CUBE-BLE1_V7.1.0, X-CUBE-BLE2_V3.3.0, X-CUBE-BLEMGR_V4.1.0, X-CUBE-EEPRMA1_V5.2.0, X-CUBE-FREERTOS_V1.5.0, X-CUBE-GNSS1_V6.0.0, X-CUBE-MEMS1_V12.0.0, X-CUBE-NFC4_V3.0.0, X-CUBE-NFC7_V2.0.0, X-CUBE-SFXS2LP1_V4.0.0, X-CUBE-ST67W61_V1.2.0, X-CUBE-SUBG2_V5.0.0, X-CUBE-TOF1_V3.4.3]
2026-05-11 11:35:49,025 [INFO] McuFinderGlobals:63 - Set McuFinder mode to 2 (CubeIDE integrated)
2026-05-11 11:35:49,026 [INFO] UserAuth:171 - activating auth plugin
2026-05-11 11:35:49,029 [INFO] UserAuth:487 - Internet connection configuration mode: 1
2026-05-11 11:35:49,052 [INFO] ApiDb:240 - Found 880 in-development CPN: [B-G473E-ZEST1S, B-WB1M-WPAN1, B-WBA5M-WPAN, B-WL5M-SUBG1, NUCLEO-C031C6, NUCLEO-C051C8, NUCLEO-C071RB, NUCLEO-C092RC, NUCLEO-H503RB, NUCLEO-H533RE, NUCLEO-H563ZI, NUCLEO-H7S3L8, NUCLEO-N657X0-Q, NUCLEO-U031R8, NUCLEO-U083RC, NUCLEO-U385RG-Q, NUCLEO-U545RE-Q, NUCLEO-U5A5ZJ-Q, NUCLEO-WB05KZ, NUCLEO-WB07CC, NUCLEO-WB09KE, NUCLEO-WBA52CG, NUCLEO-WBA55CG, NUCLEO-WL33CC1, NUCLEO-WL33CC2, STEVAL-PROTEUS1, STEVAL-SMARTAG2, STEVAL-STWINBX1, STM320518-EVAL, STM32C0116-DK, STM32C011D6Y3TR, STM32C011D6Y6TR, STM32C011F4P3, STM32C011F4P6, STM32C011F4U3, STM32C011F4U6TR, STM32C011F6P3, STM32C011F6P6, STM32C011F6U3, STM32C011F6U6TR, STM32C011J4M3, STM32C011J4M6, STM32C011J6M3, STM32C011J6M6, STM32C0316-DK, STM32C031C4T3, STM32C031C4T6, STM32C031C4U3, STM32C031C4U6, STM32C031C6T3, STM32C031C6T6, STM32C031C6U3, STM32C031C6U6, STM32C031F4P3, STM32C031F4P6, STM32C031F6P3, STM32C031F6P6, STM32C031G4U3, STM32C031G4U6, STM32C031G6U3, STM32C031G6U6, STM32C031K4T3, STM32C031K4T6, STM32C031K4U3, STM32C031K4U6, STM32C031K6T3, STM32C031K6T6, STM32C031K6U3, STM32C031K6U6, STM32C051C6T6, STM32C051C6U6, STM32C051C8T6, STM32C051C8U6, STM32C051D8Y6TR, STM32C051F6P6, STM32C051F8P6, STM32C051G6U6, STM32C051G8U6, STM32C051K6T6, STM32C051K6U6, STM32C051K8T6, STM32C071C8T6, STM32C071C8T6N, STM32C071C8U6, STM32C071C8U6N, STM32C071CBT6, STM32C071CBT6N, STM32C071CBU6, STM32C071CBU6N, STM32C071F8P6, STM32C071F8P6N, STM32C071FBP6, STM32C071FBP6N, STM32C071FBY6TR, STM32C071G8U6, STM32C071G8U6N, STM32C071GBU6, STM32C071GBU6N, STM32C071K8T6, STM32C071K8T6N, STM32C071K8U6, STM32C071K8U6N, STM32C071KBT6, STM32C071KBT6N, STM32C071KBU6, STM32C071KBU6N, STM32C071R8T6, STM32C071R8T6N, STM32C071RBI6N, STM32C071RBT6, STM32C071RBT6N, STM32C091CBT6, STM32C091CBU6, STM32C091CCT6, STM32C091CCU6, STM32C091ECY6TR, STM32C091FBP6, STM32C091FCP6, STM32C091GBU6, STM32C091GCU6, STM32C091KBT6, STM32C091KBU6, STM32C091KCT6, STM32C091KCU6, STM32C091RBT6, STM32C091RCI6, STM32C091RCT6, STM32C092CBT6, STM32C092CBU6, STM32C092CCT6, STM32C092CCU6, STM32C092ECY6TR, STM32C092FBP6, STM32C092FCP6, STM32C092GBU6, STM32C092GCU6, STM32C092KBT6, STM32C092KBU6, STM32C092KCT6, STM32C092KCU6, STM32C092RBT6, STM32C092RCI6, STM32C092RCT6, STM32G071K8TXN, STM32G071K8UXN, STM32G081GBU6N, STM32G081KBT6N, STM32G081KBUXN, STM32G0B1CCT6N, STM32G0B1KCT6, STM32G0B1NEY6TR, STM32G0B1RCT6N, STM32G0C1CCT6, STM32G0C1CCT6N, STM32G0C1CCU6N, STM32G0C1CET6N, STM32G0C1CEU6N, STM32G0C1KCT6, STM32G0C1NEY6TR, STM32G0C1RCI6N, STM32G0C1RCT6N, STM32G0C1REI6N, STM32G0C1RET6N, STM32G0C1VCI6, STM32G0C1VEI6, STM32G411C6T3, STM32G411C6T6, STM32G411C6U3, STM32G411C6U6, STM32G411C8T3, STM32G411C8T6, STM32G411C8U3, STM32G411C8U6, STM32G411CBT3, STM32G411CBT6, STM32G411CBU3, STM32G411CBU6, STM32G411K6T3, STM32G411K6T6, STM32G411K6U3, STM32G411K6U6, STM32G411K8T3, STM32G411K8T6, STM32G411K8U3, STM32G411K8U6, STM32G411KBT3, STM32G411KBT6, STM32G411KBU3, STM32G411KBU6, STM32G411M6T3, STM32G411M6T6, STM32G411M8T3, STM32G411M8T6, STM32G411MBT3, STM32G411MBT6, STM32G411R6T3, STM32G411R6T6, STM32G411R8T3, STM32G411R8T6, STM32G411RBT3, STM32G411RBT6, STM32G414CBT3, STM32G414CBT6, STM32G414CBU3, STM32G414CBU6, STM32G414CCT3, STM32G414CCT6, STM32G414CCU3, STM32G414CCU6, STM32G414MBT3, STM32G414MBT6, STM32G414MCT3, STM32G414MCT6, STM32G414RBT3, STM32G414RBT6, STM32G414RCT3, STM32G414RCT6, STM32G414VBT3, STM32G414VBT6, STM32G414VCT3, STM32G414VCT6, STM32G431CBT3Z, STM32G431RBT3Z, STM32G471CCT6, STM32G471CCU6, STM32G471CET3, STM32G471CET6, STM32G471CEU3, STM32G471CEU6, STM32G471MCT6, STM32G471MET3, STM32G471MET6, STM32G471MEY6TR, STM32G471QCT6, STM32G471QET3, STM32G471RCT6, STM32G471RET3, STM32G471RET6, STM32G471VCH6, STM32G471VCI6, STM32G471VCT6, STM32G471VEH3, STM32G471VEH6, STM32G471VEI3, STM32G471VEI6, STM32G471VET3, STM32G471VET6, STM32G473QET3Z, STM32G473RET3Z, STM32G474CCT6, STM32G491RET3Z, STM32H503CBT6, STM32H503CBU6, STM32H503EBY6TR, STM32H503KBU6, STM32H503RBT6, STM32H523CCT6, STM32H523CCU6, STM32H523CET6, STM32H523CEU6, STM32H523HEY6TR, STM32H523RCT6, STM32H523RET6, STM32H523VCI6, STM32H523VCT6, STM32H523VEI6, STM32H523VET6, STM32H523ZCJ6, STM32H523ZCT6, STM32H523ZEJ6, STM32H523ZET6, STM32H533CET6, STM32H533CEU6, STM32H533HEY6TR, STM32H533RET6, STM32H533VEI6, STM32H533VET6, STM32H533ZEJ6, STM32H533ZET6, STM32H562AGI6, STM32H562AII6, STM32H562IGK6, STM32H562IGT6, STM32H562IIK6, STM32H562IIT6, STM32H562RGT6, STM32H562RGV6, STM32H562RIT6, STM32H562RIV6, STM32H562VGT6, STM32H562VIT6, STM32H562ZGT6, STM32H562ZIT6, STM32H563AGI6, STM32H563AII3Q, STM32H563AII6, STM32H563IGK6, STM32H563IGT6, STM32H563IIK3Q, STM32H563IIK6, STM32H563IIT3Q, STM32H563IIT6, STM32H563MIY3QTR, STM32H563RGT6, STM32H563RGV6, STM32H563RIT6, STM32H563RIV6, STM32H563VGT6, STM32H563VIT3Q, STM32H563VIT6, STM32H563ZGT6, STM32H563ZIT3Q, STM32H563ZIT6, STM32H573AII3Q, STM32H573AII6, STM32H573I-DK, STM32H573IIK3Q, STM32H573IIK6, STM32H573IIT3Q, STM32H573IIT6, STM32H573MIY3QTR, STM32H573RIT6, STM32H573RIV6, STM32H573VIT3Q, STM32H573VIT6, STM32H573ZIT3Q, STM32H573ZIT6, STM32H7R3A8I6, STM32H7R3I8K6, STM32H7R3I8T6, STM32H7R3L8H6, STM32H7R3L8H6H, STM32H7R3R8V6, STM32H7R3V8H6, STM32H7R3V8T6, STM32H7R3V8Y6TR, STM32H7R3Z8J6, STM32H7R3Z8T6, STM32H7R7A8I6, STM32H7R7I8K6, STM32H7R7I8T6, STM32H7R7L8H6, STM32H7R7L8H6H, STM32H7R7Z8J6, STM32H7S3A8I6, STM32H7S3I8K6, STM32H7S3I8T6, STM32H7S3L8H6, STM32H7S3L8H6H, STM32H7S3R8V6, STM32H7S3V8H6, STM32H7S3V8T6, STM32H7S3V8Y6TR, STM32H7S3Z8J6, STM32H7S3Z8T6, STM32H7S78-DK, STM32H7S7A8I6, STM32H7S7I8K6, STM32H7S7I8T6, STM32H7S7L8H6, STM32H7S7L8H6H, STM32H7S7Z8J6, STM32L4R5QGI6STR, STM32MP131AAE3, STM32MP131AAF3, STM32MP131AAG3, STM32MP131CAE3, STM32MP131CAF3, STM32MP131CAG3, STM32MP131DAE7, STM32MP131DAF7, STM32MP131DAG7, STM32MP131FAE7, STM32MP131FAF7, STM32MP131FAG7, STM32MP133AAE3, STM32MP133AAF3, STM32MP133AAG3, STM32MP133CAE3, STM32MP133CAF3, STM32MP133CAG3, STM32MP133DAE7, STM32MP133DAF7, STM32MP133DAG7, STM32MP133FAE7, STM32MP133FAF7, STM32MP133FAG7, STM32MP135AAE3, STM32MP135AAF3, STM32MP135AAG3, STM32MP135CAE3, STM32MP135CAF3, STM32MP135CAG3, STM32MP135DAE7, STM32MP135DAF7, STM32MP135DAG7, STM32MP135F-DK, STM32MP135FAE7, STM32MP135FAF7, STM32MP135FAF7T, STM32MP135FAF7U, STM32MP135FAG7, STM32MP211AAL3, STM32MP211AAM3, STM32MP211AAN3, STM32MP211AAO3, STM32MP211CAL3, STM32MP211CAM3, STM32MP211CAN3, STM32MP211CAO3, STM32MP211DAL3, STM32MP211DAM3, STM32MP211DAN3, STM32MP211DAO3, STM32MP211FAL3, STM32MP211FAM3, STM32MP211FAN3, STM32MP211FAO3, STM32MP213AAL3, STM32MP213AAM3, STM32MP213AAN3, STM32MP213AAO3, STM32MP213CAL3, STM32MP213CAM3, STM32MP213CAN3, STM32MP213CAO3, STM32MP213DAL3, STM32MP213DAM3, STM32MP213DAN3, STM32MP213DAO3, STM32MP213FAL3, STM32MP213FAM3, STM32MP213FAN3, STM32MP213FAO3, STM32MP215AAL3, STM32MP215AAM3, STM32MP215AAN3, STM32MP215AAO3, STM32MP215CAL3, STM32MP215CAM3, STM32MP215CAN3, STM32MP215CAO3, STM32MP215DAL3, STM32MP215DAM3, STM32MP215DAN3, STM32MP215DAO3, STM32MP215F-DK, STM32MP215FAL3, STM32MP215FAM3, STM32MP215FAN3, STM32MP215FAO3, STM32MP231AAJ3, STM32MP231AAK3, STM32MP231AAL3, STM32MP231CAJ3, STM32MP231CAK3, STM32MP231CAL3, STM32MP231DAJ3, STM32MP231DAK3, STM32MP231DAL3, STM32MP231FAJ3, STM32MP231FAK3, STM32MP231FAL3, STM32MP233AAJ3, STM32MP233AAK3, STM32MP233AAL3, STM32MP233CAJ3, STM32MP233CAK3, STM32MP233CAL3, STM32MP233DAJ3, STM32MP233DAK3, STM32MP233DAL3, STM32MP233FAJ3, STM32MP233FAK3, STM32MP233FAL3, STM32MP235AAJ3, STM32MP235AAK3, STM32MP235AAL3, STM32MP235CAJ3, STM32MP235CAK3, STM32MP235CAL3, STM32MP235DAJ3, STM32MP235DAK3, STM32MP235DAL3, STM32MP235FAJ3, STM32MP235FAK3, STM32MP235FAL3, STM32MP251AAI3, STM32MP251AAK3, STM32MP251AAL3, STM32MP251CAI3, STM32MP251CAK3, STM32MP251CAL3, STM32MP251DAI3, STM32MP251DAK3, STM32MP251DAL3, STM32MP251FAI3, STM32MP251FAK3, STM32MP251FAL3, STM32MP253AAI3, STM32MP253AAK3, STM32MP253AAL3, STM32MP253CAI3, STM32MP253CAK3, STM32MP253CAL3, STM32MP253DAI3, STM32MP253DAK3, STM32MP253DAL3, STM32MP253FAI3, STM32MP253FAK3, STM32MP253FAL3, STM32MP255AAI3, STM32MP255AAK3, STM32MP255AAL3, STM32MP255CAI3, STM32MP255CAK3, STM32MP255CAL3, STM32MP255DAI3, STM32MP255DAK3, STM32MP255DAL3, STM32MP255FAI3, STM32MP255FAK3, STM32MP255FAL3, STM32MP257AAI3, STM32MP257AAK3, STM32MP257AAL3, STM32MP257CAI3, STM32MP257CAK3, STM32MP257CAL3, STM32MP257DAI3, STM32MP257DAK3, STM32MP257DAL3, STM32MP257F-DK, STM32MP257F-EV1, STM32MP257FAI3, STM32MP257FAK3, STM32MP257FAL3, STM32N645A0H3Q, STM32N645B0H3Q, STM32N645I0H3Q, STM32N645L0H3Q, STM32N645X0H3Q, STM32N645Z0H3Q, STM32N647A0H3Q, STM32N647B0H3Q, STM32N647I0H3Q, STM32N647L0H3Q, STM32N647X0H3Q, STM32N647Z0H3Q, STM32N655A0H3Q, STM32N655B0H3Q, STM32N655I0H3Q, STM32N655L0H3Q, STM32N655X0H3Q, STM32N655Z0H3Q, STM32N6570-DK, STM32N657A0H3Q, STM32N657B0H3Q, STM32N657I0H3Q, STM32N657L0H3Q, STM32N657X0H3Q, STM32N657Z0H3Q, STM32U031C6T6, STM32U031C6U6, STM32U031C8T6, STM32U031C8U6, STM32U031F4P6, STM32U031F6P6, STM32U031F8P6, STM32U031G6Y6TR, STM32U031G8Y6TR, STM32U031K4U6, STM32U031K6U6, STM32U031K8U6, STM32U031R6I6, STM32U031R6T6, STM32U031R8I6, STM32U031R8T6, STM32U073C8T6, STM32U073C8U6, STM32U073CBT6, STM32U073CBU6, STM32U073CCT6, STM32U073CCU6, STM32U073H8Y6TR, STM32U073HBY6TR, STM32U073HCY6TR, STM32U073K8U6, STM32U073KBU6, STM32U073KCU6, STM32U073M8I6, STM32U073M8T6, STM32U073MBI6, STM32U073MBT6, STM32U073MCI6, STM32U073MCT6, STM32U073R8I6, STM32U073R8T6, STM32U073RBI6, STM32U073RBT6, STM32U073RCI6, STM32U073RCT6, STM32U083C-DK, STM32U083CCT6, STM32U083CCU6, STM32U083HCY6TR, STM32U083KCU6, STM32U083MCI6, STM32U083MCT6, STM32U083RCI6, STM32U083RCT6, STM32U375CET6, STM32U375CET6Q, STM32U375CEU6, STM32U375CEU6Q, STM32U375CEY6QTR, STM32U375CGT6, STM32U375CGT6Q, STM32U375CGU6, STM32U375CGU6Q, STM32U375CGY6QTR, STM32U375KEU6, STM32U375KGU6, STM32U375REI6, STM32U375REI6Q, STM32U375RET6, STM32U375RET6Q, STM32U375REY6GTR, STM32U375REY6QTR, STM32U375RGI6, STM32U375RGI6Q, STM32U375RGT6, STM32U375RGT6Q, STM32U375RGY6GTR, STM32U375RGY6QTR, STM32U375VEI6, STM32U375VEI6Q, STM32U375VET6, STM32U375VET6Q, STM32U375VGI6, STM32U375VGI6Q, STM32U375VGT6, STM32U375VGT6Q, STM32U385CGT6, STM32U385CGT6Q, STM32U385CGU6, STM32U385CGU6Q, STM32U385CGY6QTR, STM32U385KGU6, STM32U385RGI6, STM32U385RGI6Q, STM32U385RGT6, STM32U385RGT6Q, STM32U385RGY6GTR, STM32U385RGY6QTR, STM32U385VGI6, STM32U385VGI6Q, STM32U385VGT6, STM32U385VGT6Q, STM32U535CBT6, STM32U535CBT6Q, STM32U535CBU6, STM32U535CBU6Q, STM32U535CCT6, STM32U535CCT6Q, STM32U535CCU6, STM32U535CCU6Q, STM32U535CET6, STM32U535CET6Q, STM32U535CEU6, STM32U535CEU6Q, STM32U535JEY6QTR, STM32U535NCY6QTR, STM32U535NEY6QTR, STM32U535RBI6, STM32U535RBI6Q, STM32U535RBT6, STM32U535RBT6Q, STM32U535RCI6, STM32U535RCI6Q, STM32U535RCT6, STM32U535RCT6Q, STM32U535REI6, STM32U535REI6Q, STM32U535RET6, STM32U535RET6Q, STM32U535VCI6, STM32U535VCI6Q, STM32U535VCT6, STM32U535VCT6Q, STM32U535VEI6, STM32U535VEI6Q, STM32U535VET6, STM32U535VET6Q, STM32U545CET6, STM32U545CET6Q, STM32U545CEU6, STM32U545CEU6Q, STM32U545JEY6QTR, STM32U545NEY6QTR, STM32U545REI6, STM32U545REI6Q, STM32U545RET6, STM32U545RET6Q, STM32U545VEI6, STM32U545VEI6Q, STM32U545VET6, STM32U545VET6Q, STM32U595AIH6, STM32U595AIH6Q, STM32U595AJH6, STM32U595AJH6Q, STM32U595QII6, STM32U595QII6Q, STM32U595QJI6, STM32U595QJI6Q, STM32U595RIT6, STM32U595RIT6Q, STM32U595RJT6, STM32U595RJT6Q, STM32U595VIT6, STM32U595VIT6Q, STM32U595VJT6, STM32U595VJT6Q, STM32U595ZIT6, STM32U595ZIT6Q, STM32U595ZIY6QTR, STM32U595ZJT6, STM32U595ZJT6Q, STM32U595ZJY6QTR, STM32U599BJY6QTR, STM32U599NIH6Q, STM32U599NJH6Q, STM32U599VIT6Q, STM32U599VJT6, STM32U599VJT6Q, STM32U599ZIT6Q, STM32U599ZIY6QTR, STM32U599ZJT6Q, STM32U599ZJY6QTR, STM32U5A5AJH6, STM32U5A5AJH6Q, STM32U5A5QII3Q , STM32U5A5QJI6, STM32U5A5QJI6Q, STM32U5A5RJT6, STM32U5A5RJT6Q, STM32U5A5VJT6, STM32U5A5VJT6Q, STM32U5A5ZJT6, STM32U5A5ZJT6Q, STM32U5A5ZJY6QTR, STM32U5A9BJY6QTR, STM32U5A9J-DK, STM32U5A9NJH6Q, STM32U5A9VJT6Q, STM32U5A9ZJT6Q, STM32U5A9ZJY6QTR, STM32U5F7VIT6, STM32U5F7VIT6Q, STM32U5F7VJT6, STM32U5F7VJT6Q, STM32U5F9BJY6QTR, STM32U5F9NJH6Q, STM32U5F9VIT6Q, STM32U5F9VJT6Q, STM32U5F9ZIJ6QTR, STM32U5F9ZIT6Q, STM32U5F9ZJJ6QTR, STM32U5F9ZJT6Q, STM32U5G7VJT6, STM32U5G7VJT6Q, STM32U5G9BJY6QTR, STM32U5G9J-DK1, STM32U5G9J-DK2, STM32U5G9NJH6Q, STM32U5G9VJT6Q, STM32U5G9ZJJ6QTR, STM32U5G9ZJT6Q, STM32WB05KZV6TR, STM32WB05KZV7TR, STM32WB05TZF6TR, STM32WB05TZF7TR, STM32WB06CCF6TR, STM32WB06CCF7TR, STM32WB06CCV6TR, STM32WB06CCV7TR, STM32WB06KCV6TR, STM32WB06KCV7TR, STM32WB07CCF6TR, STM32WB07CCF7TR, STM32WB07CCV6TR, STM32WB07CCV7TR, STM32WB07KCV6TR, STM32WB07KCV7TR, STM32WB09KEV6TR, STM32WB09KEV7TR, STM32WB09TEF6TR, STM32WB09TEF7TR, STM32WB1MMCH6, STM32WBA50KGU6, STM32WBA50KGU6TR, STM32WBA52CEU6, STM32WBA52CEU6TR, STM32WBA52CEU7, STM32WBA52CEU7TR, STM32WBA52CGU6, STM32WBA52CGU6TR, STM32WBA52CGU6U, STM32WBA52CGU7, STM32WBA52CGU7TR, STM32WBA52KEU6, STM32WBA52KEU6TR, STM32WBA52KGU6, STM32WBA52KGU6TR, STM32WBA54CEU6, STM32WBA54CEU6TR, STM32WBA54CEU7, STM32WBA54CEU7TR, STM32WBA54CGU6, STM32WBA54CGU6TR, STM32WBA54CGU7, STM32WBA54CGU7TR, STM32WBA54KEU6, STM32WBA54KEU6TR, STM32WBA54KEU7, STM32WBA54KEU7TR, STM32WBA54KGU6, STM32WBA54KGU6TR, STM32WBA54KGU7, STM32WBA54KGU7TR, STM32WBA55CEU6, STM32WBA55CEU6TR, STM32WBA55CEU7, STM32WBA55CEU7TR, STM32WBA55CGU6, STM32WBA55CGU6TR, STM32WBA55CGU6U, STM32WBA55CGU7, STM32WBA55CGU7TR, STM32WBA55G-DK1, STM32WBA55HEF6, STM32WBA55HEF7, STM32WBA55HGF6, STM32WBA55HGF7, STM32WBA55UEI6, STM32WBA55UEI6TR, STM32WBA55UEI7, STM32WBA55UEI7TR, STM32WBA55UGI6, STM32WBA55UGI6TR, STM32WBA55UGI7, STM32WBA55UGI7TR, STM32WBA5MMGH6TR, STM32WBA62MGF6, STM32WBA62MIF6, STM32WBA65MGF7, STM32WBA65MIF6, STM32WBA65MIF7, STM32WL30K8V6, STM32WL30KBV6, STM32WL31C8V6, STM32WL31CBV6, STM32WL31K8V6, STM32WL31KBV6, STM32WL33C8V6, STM32WL33C8V6X, STM32WL33CBV6, STM32WL33CBV6X, STM32WL33CCV6, STM32WL33CCV6A, STM32WL33CCV6X, STM32WL33K8V7, STM32WL33K8V7X, STM32WL33KBV7 , STM32WL33KBV7X, STM32WL33KCV7, STM32WL33KCV7X, STM32WL5MOCH6, STM32WL5MOCH6TR]
2026-05-11 11:35:49,053 [INFO] JxBrowserEngine:152 - Initiate JxBrowser Engine with user profile folder
2026-05-11 11:35:49,057 [INFO] DbMcus:218 - Found 5086 MCUs, 4968 are supported
2026-05-11 11:35:49,057 [INFO] ApiDb:423 - Load user favorites file C:\Users\jahna/.stm32cubeide/favorites.mcus.txt: 0 item(s)
2026-05-11 11:35:49,058 [INFO] ApiDb:427 - User favorites MCUs=[]
2026-05-11 11:35:49,058 [INFO] DbMcus:224 - Set 0 / 0 favorites MCUs
2026-05-11 11:35:49,687 [INFO] BoardInfo:889 - No configuration file found for board NUCLEO-H5E5ZJ
2026-05-11 11:35:49,689 [INFO] DbBoards:161 - Board is not supported: NUCLEO-H5E5ZJ
2026-05-11 11:35:49,776 [INFO] BoardInfo:889 - No configuration file found for board NUCLEO-U3C5ZI-Q
2026-05-11 11:35:49,777 [INFO] DbBoards:161 - Board is not supported: NUCLEO-U3C5ZI-Q
2026-05-11 11:35:49,798 [INFO] BoardInfo:889 - No configuration file found for board NUCLEO-WBA25CE1
2026-05-11 11:35:49,799 [INFO] DbBoards:161 - Board is not supported: NUCLEO-WBA25CE1
2026-05-11 11:35:49,812 [INFO] BoardInfo:889 - No configuration file found for board NUCLEO-WL3RKB1
2026-05-11 11:35:49,814 [INFO] DbBoards:161 - Board is not supported: NUCLEO-WL3RKB1
2026-05-11 11:35:49,815 [INFO] BoardInfo:889 - No configuration file found for board NUCLEO-WL3RKB2
2026-05-11 11:35:49,817 [INFO] DbBoards:161 - Board is not supported: NUCLEO-WL3RKB2
2026-05-11 11:35:49,828 [INFO] BoardInfo:889 - No configuration file found for board P-NUCLEO-WB55
2026-05-11 11:35:49,829 [INFO] DbBoards:161 - Kit is not supported: P-NUCLEO-WB55
2026-05-11 11:35:49,838 [INFO] BoardInfo:889 - No configuration file found for board STEVAL-BFA001V1B
2026-05-11 11:35:49,839 [INFO] DbBoards:161 - Kit is not supported: STEVAL-BFA001V1B
2026-05-11 11:35:49,840 [INFO] BoardInfo:889 - No configuration file found for board STEVAL-BFA001V2B
2026-05-11 11:35:49,842 [INFO] DbBoards:161 - Kit is not supported: STEVAL-BFA001V2B
2026-05-11 11:35:49,989 [INFO] BoardInfo:889 - No configuration file found for board STM32H5F5J-DK
2026-05-11 11:35:49,990 [INFO] DbBoards:161 - Board is not supported: STM32H5F5J-DK
2026-05-11 11:35:50,111 [INFO] DbBoards:168 - Found 218 boards, 209 are supported
2026-05-11 11:35:50,112 [INFO] DbBoards:169 - Found 218 boards, 43 of them is supported for  Bsp
2026-05-11 11:35:50,117 [INFO] ApiDb:423 - Load user favorites file C:\Users\jahna/.stm32cubeide/favorites.boards.txt: 0 item(s)
2026-05-11 11:35:50,117 [INFO] ApiDb:427 - User favorites Boards=[]
2026-05-11 11:35:50,117 [INFO] DbBoards:198 - Set 0 / 0 favorites Boards
2026-05-11 11:35:50,194 [INFO] UtilMem:75 - End LoadConfig() Used Memory: 215636928 Bytes (361758720)
2026-05-11 11:35:50,394 [WARN] ThirdParty:833 - waiting for thirdparty lock release [change project]
2026-05-11 11:35:50,395 [INFO] ThirdParty:835 - entering critical section [change project]
2026-05-11 11:35:50,395 [INFO] ThirdParty:1030 - CMSIS Pack Vendor :STMicroelectronics X-CUBE-AZRTOS-H7 3.5.0
2026-05-11 11:35:50,395 [INFO] ThirdParty:1030 - CMSIS Pack Vendor :STMicroelectronics X-CUBE-PM33A1 1.0.0
2026-05-11 11:35:50,395 [INFO] ThirdParty:1030 - CMSIS Pack Vendor :STMicroelectronics USBPD 4.1
2026-05-11 11:35:50,395 [INFO] ThirdParty:1030 - CMSIS Pack Vendor :STMicroelectronics X-CUBE-NFC9 1.0.0
2026-05-11 11:35:50,395 [INFO] ThirdParty:1030 - CMSIS Pack Vendor :STMicroelectronics USB_HOST 2.0.0
2026-05-11 11:35:50,395 [INFO] ThirdParty:1030 - CMSIS Pack Vendor :STMicroelectronics X-CUBE-AZRTOS-F4 1.1.0
2026-05-11 11:35:50,395 [INFO] ThirdParty:1030 - CMSIS Pack Vendor :STMicroelectronics LIBJPEG 8.0.0
2026-05-11 11:35:50,395 [INFO] ThirdParty:1030 - CMSIS Pack Vendor :STMicroelectronics FP-ATR-ASTRA1 2.0.2
2026-05-11 11:35:50,395 [INFO] ThirdParty:1030 - CMSIS Pack Vendor :STMicroelectronics X-CUBE-BLE1 7.1.0
2026-05-11 11:35:50,395 [INFO] ThirdParty:1030 - CMSIS Pack Vendor :STMicroelectronics X-CUBE-SMBUS 2.1.0
2026-05-11 11:35:50,395 [INFO] ThirdParty:1030 - CMSIS Pack Vendor :wolfSSL I-CUBE-wolfMQTT 1.19.2
2026-05-11 11:35:50,395 [INFO] ThirdParty:1030 - CMSIS Pack Vendor :STMicroelectronics USB_DEVICE 3.0.0
2026-05-11 11:35:50,395 [INFO] ThirdParty:1030 - CMSIS Pack Vendor :STMicroelectronics X-CUBE-ISPU 2.1.0
2026-05-11 11:35:50,395 [INFO] ThirdParty:1030 - CMSIS Pack Vendor :STMicroelectronics X-CUBE-EEPRMA1 5.2.0
2026-05-11 11:35:50,395 [INFO] ThirdParty:1030 - CMSIS Pack Vendor :STMicroelectronics X-CUBE-IPS 3.2.0
2026-05-11 11:35:50,395 [INFO] ThirdParty:1030 - CMSIS Pack Vendor :STMicroelectronics X-CUBE-BLEMGR 4.1.0
2026-05-11 11:35:50,395 [INFO] ThirdParty:1030 - CMSIS Pack Vendor :STMicroelectronics eDS-WB_DPC_TT-BIDIR 2.1.1
2026-05-11 11:35:50,395 [INFO] ThirdParty:1030 - CMSIS Pack Vendor :STMicroelectronics X-CUBE-AZRTOS-WB 2.0.0
2026-05-11 11:35:50,395 [INFO] ThirdParty:1030 - CMSIS Pack Vendor :wolfSSL I-CUBE-wolfSSL 5.8.4
2026-05-11 11:35:50,395 [INFO] ThirdParty:1030 - CMSIS Pack Vendor :Cesanta I-CUBE-Mongoose 7.20.0
2026-05-11 11:35:50,395 [INFO] ThirdParty:1030 - CMSIS Pack Vendor :STMicroelectronics X-CUBE-NFC12 1.0.0
2026-05-11 11:35:50,395 [INFO] ThirdParty:1030 - CMSIS Pack Vendor :STMicroelectronics X-CUBE-AZRTOS-F7 1.1.0
2026-05-11 11:35:50,395 [INFO] ThirdParty:1030 - CMSIS Pack Vendor :STMicroelectronics X-CUBE-AZRTOS-L5 2.0.0
2026-05-11 11:35:50,395 [INFO] ThirdParty:1030 - CMSIS Pack Vendor :STMicroelectronics USB_DEVICE 2.0.0
2026-05-11 11:35:50,396 [INFO] ThirdParty:1030 - CMSIS Pack Vendor :STMicroelectronics FP-SNS-STAIOTCFT 1.1.0
2026-05-11 11:35:50,396 [INFO] ThirdParty:1030 - CMSIS Pack Vendor :quantropi X-CUBE-qispace-sdk-base 2.1.0
2026-05-11 11:35:50,396 [INFO] ThirdParty:1030 - CMSIS Pack Vendor :STMicroelectronics X-CUBE-MEMS1 12.0.0
2026-05-11 11:35:50,396 [INFO] ThirdParty:1030 - CMSIS Pack Vendor :STMicroelectronics X-CUBE-STSE01 2.0.0
2026-05-11 11:35:50,396 [INFO] ThirdParty:1030 - CMSIS Pack Vendor :STMicroelectronics FP-SNS-MOTENV1 5.1.0
2026-05-11 11:35:50,396 [INFO] ThirdParty:1030 - CMSIS Pack Vendor :STMicroelectronics FreeRTOS 0.0.1
2026-05-11 11:35:50,396 [INFO] ThirdParty:1030 - CMSIS Pack Vendor :STMicroelectronics X-CUBE-AZRTOS-G0 1.1.0
2026-05-11 11:35:50,396 [INFO] ThirdParty:1030 - CMSIS Pack Vendor :STMicroelectronics X-CUBE-NFC4 3.0.0
2026-05-11 11:35:50,396 [INFO] ThirdParty:1030 - CMSIS Pack Vendor :STMicroelectronics X-CUBE-SUBG2 5.0.0
2026-05-11 11:35:50,396 [INFO] ThirdParty:1030 - CMSIS Pack Vendor :STMicroelectronics STM32_WPAN 1.0.0
2026-05-11 11:35:50,396 [INFO] ThirdParty:1030 - CMSIS Pack Vendor :STMicroelectronics eDS-WB_DPC_VIENNA 1.2.0
2026-05-11 11:35:50,396 [INFO] ThirdParty:1030 - CMSIS Pack Vendor :EmbeddedOffice I-CUBE-FS-RTOS 1.0.1
2026-05-11 11:35:50,396 [INFO] ThirdParty:1030 - CMSIS Pack Vendor :STMicroelectronics lwIP 2.0.3
2026-05-11 11:35:50,396 [INFO] ThirdParty:1030 - CMSIS Pack Vendor :WES I-CUBE-Cesium 1.4.0
2026-05-11 11:35:50,396 [INFO] ThirdParty:1030 - CMSIS Pack Vendor :STMicroelectronics eDS-WB_DPC_3PH2L-BIDIR 1.1.1
2026-05-11 11:35:50,396 [INFO] ThirdParty:1030 - CMSIS Pack Vendor :STMicroelectronics USB_HOST 1.0.0
2026-05-11 11:35:50,396 [INFO] ThirdParty:1030 - CMSIS Pack Vendor :STMicroelectronics X-CUBE-AZRTOS-G4 2.0.0
2026-05-11 11:35:50,396 [INFO] ThirdParty:1030 - CMSIS Pack Vendor :STMicroelectronics X-CUBE-WB05N 2.0.0
2026-05-11 11:35:50,396 [INFO] ThirdParty:1030 - CMSIS Pack Vendor :STMicroelectronics PDM2PCM 3.1.0
2026-05-11 11:35:50,396 [INFO] ThirdParty:1030 - CMSIS Pack Vendor :STMicroelectronics PDM2PCM 3.3.0
2026-05-11 11:35:50,396 [INFO] ThirdParty:1030 - CMSIS Pack Vendor :wolfSSL I-CUBE-wolfTPM 3.8.0
2026-05-11 11:35:50,396 [INFO] ThirdParty:1030 - CMSIS Pack Vendor :STMicroelectronics X-CUBE-DISPLAY 3.0.0
2026-05-11 11:35:50,396 [INFO] ThirdParty:1030 - CMSIS Pack Vendor :wolfSSL I-CUBE-wolfSSH 1.4.20
2026-05-11 11:35:50,396 [INFO] ThirdParty:1030 - CMSIS Pack Vendor :STMicroelectronics X-CUBE-NFC7 2.0.0
2026-05-11 11:35:50,396 [INFO] ThirdParty:1030 - CMSIS Pack Vendor :STMicroelectronics X-CUBE-GNSS1 7.1.1
2026-05-11 11:35:50,396 [INFO] ThirdParty:1030 - CMSIS Pack Vendor :STMicroelectronics FP-SNS-MOTENVWB1 1.5.0
2026-05-11 11:35:50,396 [INFO] ThirdParty:1030 - CMSIS Pack Vendor :STMicroelectronics X-CUBE-TCPP 4.2.0
2026-05-11 11:35:50,396 [INFO] ThirdParty:1030 - CMSIS Pack Vendor :RealThread X-CUBE-RT-Thread_Nano 4.1.1
2026-05-11 11:35:50,396 [INFO] ThirdParty:1030 - CMSIS Pack Vendor :STMicroelectronics FP-ATR-SIGFOX1 3.2.0
2026-05-11 11:35:50,396 [INFO] ThirdParty:1030 - CMSIS Pack Vendor :STMicroelectronics X-CUBE-NFC10 1.0.0
2026-05-11 11:35:50,396 [INFO] ThirdParty:1030 - CMSIS Pack Vendor :STMicroelectronics HAL Drivers 0.0.0
2026-05-11 11:35:50,396 [INFO] ThirdParty:1030 - CMSIS Pack Vendor :STMicroelectronics X-CUBE-FREERTOS 1.5.0
2026-05-11 11:35:50,396 [INFO] ThirdParty:1030 - CMSIS Pack Vendor :STMicroelectronics MBEDTLS 2.16.2
2026-05-11 11:35:50,396 [INFO] ThirdParty:1030 - CMSIS Pack Vendor :STMicroelectronics X-CUBE-ST60 1.1.0
2026-05-11 11:35:50,396 [INFO] ThirdParty:1030 - CMSIS Pack Vendor :STMicroelectronics X-CUBE-ALS 1.0.2
2026-05-11 11:35:50,396 [INFO] ThirdParty:1030 - CMSIS Pack Vendor :emotas I-CUBE-CANOPEN 1.3.0
2026-05-11 11:35:50,397 [INFO] ThirdParty:1030 - CMSIS Pack Vendor :STMicroelectronics MBEDTLS 2.14.1
2026-05-11 11:35:50,397 [INFO] ThirdParty:1030 - CMSIS Pack Vendor :STMicroelectronics X-CUBE-GNSS1 7.1.0
2026-05-11 11:35:50,397 [INFO] ThirdParty:1030 - CMSIS Pack Vendor :ITTIA_DB I-CUBE-ITTIADB 8.9.0
2026-05-11 11:35:50,397 [INFO] ThirdParty:1030 - CMSIS Pack Vendor :STMicroelectronics X-CUBE-TOUCHGFX 4.26.1
2026-05-11 11:35:50,397 [INFO] ThirdParty:1030 - CMSIS Pack Vendor :STMicroelectronics X-CUBE-NFC6 3.2.0
2026-05-11 11:35:50,397 [INFO] ThirdParty:1030 - CMSIS Pack Vendor :STMicroelectronics FP-SNS-STBOX1 2.1.0
2026-05-11 11:35:50,397 [INFO] ThirdParty:1030 - CMSIS Pack Vendor :STMicroelectronics X-CUBE-AI 10.2.0
2026-05-11 11:35:50,397 [INFO] ThirdParty:1030 - CMSIS Pack Vendor :STMicroelectronics FP-SNS-STAIOTCFT 1.0.0
2026-05-11 11:35:50,397 [INFO] ThirdParty:1030 - CMSIS Pack Vendor :STMicroelectronics ThreadX 1.0.0
2026-05-11 11:35:50,397 [INFO] ThirdParty:1030 - CMSIS Pack Vendor :STMicroelectronics FP-SNS-SMARTAG2 1.2.0
2026-05-11 11:35:50,397 [INFO] ThirdParty:1030 - CMSIS Pack Vendor :STMicroelectronics X-CUBE-MEMS1 12.1.0
2026-05-11 11:35:50,397 [INFO] ThirdParty:1030 - CMSIS Pack Vendor :STMicroelectronics FP-SNS-FLIGHT1 5.1.0
2026-05-11 11:35:50,397 [INFO] ThirdParty:1030 - CMSIS Pack Vendor :STMicroelectronics X-CUBE-AZRTOS-WL 2.0.0
2026-05-11 11:35:50,397 [INFO] ThirdParty:1030 - CMSIS Pack Vendor :SEGGER I-CUBE-embOS 1.3.1
2026-05-11 11:35:50,397 [INFO] ThirdParty:1030 - CMSIS Pack Vendor :STMicroelectronics X-CUBE-ALGOBUILD 1.4.0
2026-05-11 11:35:50,397 [INFO] ThirdParty:1030 - CMSIS Pack Vendor :STMicroelectronics X-CUBE-DPower 1.3.0
2026-05-11 11:35:50,397 [INFO] ThirdParty:1030 - CMSIS Pack Vendor :STMicroelectronics USB_DEVICE 1.0.0
2026-05-11 11:35:50,397 [INFO] ThirdParty:1030 - CMSIS Pack Vendor :STMicroelectronics X-CUBE-AZRTOS-H7RS 1.2.0
2026-05-11 11:35:50,397 [INFO] ThirdParty:1030 - CMSIS Pack Vendor :STMicroelectronics X-CUBE-AZRTOS-L4 2.0.0
2026-05-11 11:35:50,397 [INFO] ThirdParty:1030 - CMSIS Pack Vendor :STMicroelectronics ThreadX 0.0.2
2026-05-11 11:35:50,397 [INFO] ThirdParty:1030 - CMSIS Pack Vendor :STMicroelectronics lwIP 2.1.2
2026-05-11 11:35:50,397 [INFO] ThirdParty:1030 - CMSIS Pack Vendor :STMicroelectronics X-CUBE-SFXS2LP1 4.0.0
2026-05-11 11:35:50,397 [INFO] ThirdParty:1030 - CMSIS Pack Vendor :STMicroelectronics X-CUBE-BLE2 3.3.0
2026-05-11 11:35:50,397 [INFO] ThirdParty:1030 - CMSIS Pack Vendor :Avnet-IOTCONNECT X-CUBE-iotc-st67-sdk 1.0.0
2026-05-11 11:35:50,397 [INFO] ThirdParty:1030 - CMSIS Pack Vendor :STMicroelectronics X-CUBE-TOF1 3.4.3
2026-05-11 11:35:50,397 [INFO] ThirdParty:1030 - CMSIS Pack Vendor :Infineon AIROC-Wi-Fi-Bluetooth-STM32 1.8.0
2026-05-11 11:35:50,397 [INFO] ThirdParty:1030 - CMSIS Pack Vendor :STMicroelectronics PDM2PCM 3.2.0
2026-05-11 11:35:50,397 [INFO] ThirdParty:1030 - CMSIS Pack Vendor :STMicroelectronics X-CUBE-WB05N 2.1.0
2026-05-11 11:35:50,397 [INFO] ThirdParty:1030 - CMSIS Pack Vendor :STMicroelectronics X-CUBE-ST67W61 1.2.0
2026-05-11 11:35:50,397 [INFO] ThirdParty:841 - exiting critical section [change project]
2026-05-11 11:35:50,762 [INFO] PinOutPanel:1589 - setPackage(No Configuration,No Configuration)
2026-05-11 11:35:50,764 [INFO] PinOutPanel:1589 - setPackage(STM32L053C8Tx,LQFP48)
2026-05-11 11:35:51,370 [INFO] UtilMem:75 - Before build in PCC Used Memory: 241696768 Bytes (361758720)
2026-05-11 11:35:52,032 [INFO] WebApp:169 - Instantiating new browser for Auth
2026-05-11 11:35:52,559 [INFO] UtilMem:75 - After build in PCC Used Memory: 215091616 Bytes (361758720)
2026-05-11 11:35:52,597 [INFO] IPUIPlugin:80 - create IPUIPlugin
2026-05-11 11:35:52,597 [INFO] IPUIPlugin:80 - create IPUIPlugin
2026-05-11 11:35:52,597 [INFO] IPUIPlugin:80 - create IPUIPlugin
2026-05-11 11:35:52,597 [INFO] IPUIPlugin:80 - create IPUIPlugin
2026-05-11 11:35:52,598 [INFO] IPUIPlugin:80 - create IPUIPlugin
2026-05-11 11:35:52,598 [INFO] IPUIPlugin:80 - create IPUIPlugin
2026-05-11 11:35:52,598 [INFO] IPUIPlugin:80 - create IPUIPlugin
2026-05-11 11:35:52,598 [INFO] IPUIPlugin:80 - create IPUIPlugin
2026-05-11 11:35:52,598 [INFO] IPUIPlugin:80 - create IPUIPlugin
2026-05-11 11:35:52,598 [INFO] IPUIPlugin:80 - create IPUIPlugin
2026-05-11 11:35:52,598 [INFO] IPUIPlugin:80 - create IPUIPlugin
2026-05-11 11:35:52,598 [INFO] IPUIPlugin:80 - create IPUIPlugin
2026-05-11 11:35:52,599 [INFO] IPUIPlugin:80 - create IPUIPlugin
2026-05-11 11:35:52,599 [INFO] IPUIPlugin:80 - create IPUIPlugin
2026-05-11 11:35:52,599 [INFO] IPUIPlugin:80 - create IPUIPlugin
2026-05-11 11:35:52,599 [INFO] IPUIPlugin:80 - create IPUIPlugin
2026-05-11 11:35:52,599 [INFO] IPUIPlugin:80 - create IPUIPlugin
2026-05-11 11:35:52,600 [INFO] IPUIPlugin:80 - create IPUIPlugin
2026-05-11 11:35:52,600 [INFO] IPUIPlugin:80 - create IPUIPlugin
2026-05-11 11:35:52,601 [INFO] IPUIPlugin:80 - create IPUIPlugin
2026-05-11 11:35:52,601 [INFO] IPUIPlugin:80 - create IPUIPlugin
2026-05-11 11:35:52,601 [INFO] IPUIPlugin:80 - create IPUIPlugin
2026-05-11 11:35:52,602 [INFO] IPUIPlugin:80 - create IPUIPlugin
2026-05-11 11:35:52,602 [INFO] IPUIPlugin:80 - create IPUIPlugin
2026-05-11 11:35:52,602 [INFO] IPUIPlugin:80 - create IPUIPlugin
2026-05-11 11:35:52,602 [INFO] IPUIPlugin:80 - create IPUIPlugin
2026-05-11 11:35:52,603 [INFO] IPUIPlugin:80 - create IPUIPlugin
2026-05-11 11:35:52,603 [INFO] IPUIPlugin:80 - create IPUIPlugin
2026-05-11 11:35:52,604 [INFO] IPUIPlugin:80 - create IPUIPlugin
2026-05-11 11:35:52,604 [INFO] IPUIPlugin:80 - create IPUIPlugin
2026-05-11 11:35:52,605 [INFO] IPUIPlugin:80 - create IPUIPlugin
2026-05-11 11:35:52,605 [INFO] IPUIPlugin:80 - create IPUIPlugin
2026-05-11 11:35:52,606 [INFO] IPUIPlugin:80 - create IPUIPlugin
2026-05-11 11:35:52,607 [INFO] IPUIPlugin:80 - create IPUIPlugin
2026-05-11 11:35:52,959 [INFO] CADModel:165 - CPN selected for project levelSTM32L053C8T6
2026-05-11 11:35:52,960 [INFO] CADModel:114 - Register for checkConnection events
2026-05-11 11:35:53,033 [INFO] OpenFileManager:386 - Restore cursor
2026-05-11 11:35:53,152 [WARN] IP:2250 - TSC_G4_IO1 not found: check if there is a RefParameter without a condition.
2026-05-11 11:35:53,152 [WARN] IP:2250 - TSC_G6_IO1 not found: check if there is a RefParameter without a condition.
2026-05-11 11:35:53,152 [WARN] IP:2250 - TSC_G7_IO2 not found: check if there is a RefParameter without a condition.
2026-05-11 11:35:53,152 [WARN] IP:2250 - TSC_G2_IO1 not found: check if there is a RefParameter without a condition.
2026-05-11 11:35:53,152 [WARN] IP:2250 - TSC_G2_IO3 not found: check if there is a RefParameter without a condition.
2026-05-11 11:35:53,153 [WARN] IP:2250 - TSC_G4_IO1 not found: check if there is a RefParameter without a condition.
2026-05-11 11:35:53,153 [WARN] IP:2250 - TSC_G6_IO1 not found: check if there is a RefParameter without a condition.
2026-05-11 11:35:53,154 [WARN] IP:2250 - TSC_G7_IO2 not found: check if there is a RefParameter without a condition.
2026-05-11 11:35:53,154 [WARN] IP:2250 - TSC_G2_IO1 not found: check if there is a RefParameter without a condition.
2026-05-11 11:35:53,154 [WARN] IP:2250 - TSC_G2_IO3 not found: check if there is a RefParameter without a condition.
2026-05-11 11:35:53,154 [WARN] IP:2250 - TSC_G4_IO1 not found: check if there is a RefParameter without a condition.
2026-05-11 11:35:53,154 [WARN] IP:2250 - TSC_G6_IO1 not found: check if there is a RefParameter without a condition.
2026-05-11 11:35:53,154 [WARN] IP:2250 - TSC_G7_IO2 not found: check if there is a RefParameter without a condition.
2026-05-11 11:35:53,154 [WARN] IP:2250 - TSC_G2_IO1 not found: check if there is a RefParameter without a condition.
2026-05-11 11:35:53,154 [WARN] IP:2250 - TSC_G2_IO3 not found: check if there is a RefParameter without a condition.
2026-05-11 11:35:53,157 [WARN] IP:2250 - TSC_G4_IO1 not found: check if there is a RefParameter without a condition.
2026-05-11 11:35:53,158 [WARN] IP:2250 - TSC_G6_IO1 not found: check if there is a RefParameter without a condition.
2026-05-11 11:35:53,158 [WARN] IP:2250 - TSC_G7_IO2 not found: check if there is a RefParameter without a condition.
2026-05-11 11:35:53,158 [WARN] IP:2250 - TSC_G2_IO1 not found: check if there is a RefParameter without a condition.
2026-05-11 11:35:53,158 [WARN] IP:2250 - TSC_G2_IO3 not found: check if there is a RefParameter without a condition.
2026-05-11 11:35:53,159 [WARN] IP:2250 - TSC_G4_IO1 not found: check if there is a RefParameter without a condition.
2026-05-11 11:35:53,159 [WARN] IP:2250 - TSC_G6_IO1 not found: check if there is a RefParameter without a condition.
2026-05-11 11:35:53,159 [WARN] IP:2250 - TSC_G7_IO2 not found: check if there is a RefParameter without a condition.
2026-05-11 11:35:53,159 [WARN] IP:2250 - TSC_G2_IO1 not found: check if there is a RefParameter without a condition.
2026-05-11 11:35:53,159 [WARN] IP:2250 - TSC_G2_IO3 not found: check if there is a RefParameter without a condition.
2026-05-11 11:35:53,159 [WARN] IP:2250 - TSC_G4_IO1 not found: check if there is a RefParameter without a condition.
2026-05-11 11:35:53,159 [WARN] IP:2250 - TSC_G6_IO1 not found: check if there is a RefParameter without a condition.
2026-05-11 11:35:53,159 [WARN] IP:2250 - TSC_G7_IO2 not found: check if there is a RefParameter without a condition.
2026-05-11 11:35:53,160 [WARN] IP:2250 - TSC_G2_IO1 not found: check if there is a RefParameter without a condition.
2026-05-11 11:35:53,160 [WARN] IP:2250 - TSC_G2_IO3 not found: check if there is a RefParameter without a condition.
2026-05-11 11:35:53,887 [INFO] WebApp:463 - Apply proxy settings
2026-05-11 11:35:53,887 [INFO] WebApp:548 - Chromium requires no authentication
2026-05-11 11:35:53,901 [INFO] WebApp:491 - Direct internet connection detected
2026-05-11 11:35:53,931 [INFO] WebApp:900 - Register for checkConnection events
2026-05-11 11:35:53,931 [INFO] WebApp:463 - Apply proxy settings
2026-05-11 11:35:53,931 [INFO] WebApp:548 - Chromium requires no authentication
2026-05-11 11:35:53,932 [INFO] WebApp:491 - Direct internet connection detected
2026-05-11 11:35:54,207 [INFO] WebApp:225 - Starting web application
2026-05-11 11:35:54,207 [INFO] WebApp:593 - Web application path used C:\ST\STM32CubeIDE_1.19.0\STM32CubeIDE\plugins\com.st.stm32cube.common.mx_6.15.0.202507011659\db\plugins\mcufinder\reactClient1\index.html
2026-05-11 11:35:54,503 [INFO] WebApp:191 - Connection restablished
2026-05-11 11:36:52,560 [INFO] MainUpdater:2872 - connection check result : 10
2026-05-11 11:36:52,562 [INFO] McuFinderGlobals:76 - Set McuFinderConnectedMode to true
2026-05-11 11:36:52,794 [INFO] ServerAccessManage:452 - Complete download http(s) 200
2026-05-11 11:36:52,795 [INFO] ServerAccessManage:509 - Download File mcusAds.json._tmp_
2026-05-11 11:36:52,964 [INFO] LoadUrlFilesThread:156 - End of LoadUrlFiles Thread
2026-05-11 11:36:53,192 [INFO] ServerAccessManage:452 - Complete download http(s) 200
2026-05-11 11:36:53,193 [INFO] ServerAccessManage:509 - Download File cube-finder-db.zip
2026-05-11 11:36:55,285 [INFO] FileExtend:248 - Unzip File : cube-finder-db.zip
2026-05-11 11:36:55,285 [INFO] FileExtend:263 - Standard Zip Deflate
2026-05-11 11:36:56,451 [INFO] LoadUrlFilesThread:156 - End of LoadUrlFiles Thread
2026-05-11 11:36:57,358 [INFO] ServerAccessManage:452 - Complete download http(s) 200
2026-05-11 11:36:57,359 [INFO] ServerAccessManage:509 - Download File crdb.zip
2026-05-11 11:36:58,273 [INFO] FileExtend:248 - Unzip File : crdb.zip
2026-05-11 11:36:58,273 [INFO] FileExtend:263 - Standard Zip Deflate
2026-05-11 11:36:58,422 [INFO] LoadUrlFilesThread:156 - End of LoadUrlFiles Thread
2026-05-11 11:36:58,563 [INFO] ServerAccessManage:452 - Complete download http(s) 200
2026-05-11 11:36:58,563 [INFO] ServerAccessManage:509 - Download File tutoVideoDB.zip
2026-05-11 11:36:58,569 [INFO] FileExtend:248 - Unzip File : tutoVideoDB.zip
2026-05-11 11:36:58,570 [INFO] FileExtend:263 - Standard Zip Deflate
2026-05-11 11:36:58,715 [INFO] LoadUrlFilesThread:156 - End of LoadUrlFiles Thread
2026-05-11 11:36:58,718 [WARN] DbFile:41 - Overriding database path with different value: C:\Users\jahna\.stmcufinder\plugins\mcufinder/ => C:\Users\jahna\.stmcufinder\plugins\mcufinder
2026-05-11 11:36:58,880 [ERROR] ServerAccessManage:1212 - Problem, file not found on Server
2026-05-11 11:36:58,882 [ERROR] ServerAccessManage:740 - Problem, file not found on Server : api_config.json.
2026-05-11 11:37:10,032 [INFO] LoadUrlFilesThread:156 - End of LoadUrlFiles Thread
2026-05-11 11:37:16,698 [INFO] DbMcusAds:53 - JSON generation date=Mon Apr 27 13:44:29 IST 2026 (1777277669683)
2026-05-11 11:37:16,708 [INFO] ApiDb:448 - Save user favorites file C:\Users\jahna/.stm32cubeide/favorites.mcus.txt: 0 item(s)
2026-05-11 11:37:16,709 [INFO] ApiDb:452 - User favorites MCUs=[]
2026-05-11 11:37:16,714 [INFO] ApiDb:581 - Connected to CubeFinder SQLite database (C:\Users\jahna\.stmcufinder\plugins\mcufinder\mcu\cube-finder-db.db)
2026-05-11 11:37:16,872 [INFO] ApiDb:668 - CubeFinder database Data Model version=2.1
2026-05-11 11:37:16,872 [INFO] ApiDb:669 - CubeFinder database Configuration version=3.0.42
2026-05-11 11:37:16,872 [INFO] ApiDb:670 - CubeFinder database generation date=2026-05-06 (1778060171)
2026-05-11 11:37:16,872 [INFO] ApiDb:671 - CubeFinder database FW Pack versions=[FP-ATR-ASTRA1_V2.0.0, FP-SNS-FLIGHT1_V5.1.0, FP-SNS-MOTENV1_V5.1.0, FP-SNS-MOTENVWB1_V1.5.0, FP-SNS-SMARTAG2_V1.2.0, FP-SNS-STBOX1_V2.1.0, STM32Cube_FW_C0_V1.4.0, STM32Cube_FW_F4_V1.28.3, STM32Cube_FW_F7_V1.17.4, STM32Cube_FW_G0_V1.6.3, STM32Cube_FW_G4_V1.6.2, STM32Cube_FW_H5_V1.6.0, STM32Cube_FW_H7RS_V1.3.0, STM32Cube_FW_H7_V1.13.0, STM32Cube_FW_L0_V1.12.2, STM32Cube_FW_L4_V1.18.2, STM32Cube_FW_L5_V1.6.0, STM32Cube_FW_N6_V1.3.0, STM32Cube_FW_U0_V1.3.0, STM32Cube_FW_U3_V1.3.0, STM32Cube_FW_U5_V1.8.0, STM32Cube_FW_WB0_V1.4.0, STM32Cube_FW_WBA_V1.9.0, STM32Cube_FW_WB_V1.24.0, STM32Cube_FW_WL3_V1.4.0, STM32Cube_FW_WL_V1.5.0, X-CUBE-ALGOBUILD_V1.4.0, X-CUBE-ALS_V1.0.2, X-CUBE-AZRTOS-F4_V1.1.0, X-CUBE-AZRTOS-F7_V1.1.0, X-CUBE-AZRTOS-G0_V1.1.0, X-CUBE-AZRTOS-G4_V2.0.0, X-CUBE-AZRTOS-H7RS_V1.1.0, X-CUBE-AZRTOS-H7_V3.5.0, X-CUBE-AZRTOS-L4_V2.0.0, X-CUBE-AZRTOS-L5_V2.0.0, X-CUBE-AZRTOS-WB_V2.0.0, X-CUBE-AZRTOS-WL_V2.0.0, X-CUBE-BLE1_V7.1.0, X-CUBE-BLE2_V3.3.0, X-CUBE-BLEMGR_V4.1.0, X-CUBE-EEPRMA1_V5.2.0, X-CUBE-FREERTOS_V1.5.0, X-CUBE-GNSS1_V6.0.0, X-CUBE-MEMS1_V12.0.0, X-CUBE-NFC4_V3.0.0, X-CUBE-NFC7_V2.0.0, X-CUBE-SFXS2LP1_V4.0.0, X-CUBE-ST67W61_V1.2.0, X-CUBE-SUBG2_V5.0.0, X-CUBE-TOF1_V3.4.3]
2026-05-11 11:37:19,588 [INFO] ApiDb:240 - Found 880 in-development CPN: [B-G473E-ZEST1S, B-WB1M-WPAN1, B-WBA5M-WPAN, B-WL5M-SUBG1, NUCLEO-C031C6, NUCLEO-C051C8, NUCLEO-C071RB, NUCLEO-C092RC, NUCLEO-H503RB, NUCLEO-H533RE, NUCLEO-H563ZI, NUCLEO-H7S3L8, NUCLEO-N657X0-Q, NUCLEO-U031R8, NUCLEO-U083RC, NUCLEO-U385RG-Q, NUCLEO-U545RE-Q, NUCLEO-U5A5ZJ-Q, NUCLEO-WB05KZ, NUCLEO-WB07CC, NUCLEO-WB09KE, NUCLEO-WBA52CG, NUCLEO-WBA55CG, NUCLEO-WL33CC1, NUCLEO-WL33CC2, STEVAL-PROTEUS1, STEVAL-SMARTAG2, STEVAL-STWINBX1, STM320518-EVAL, STM32C0116-DK, STM32C011D6Y3TR, STM32C011D6Y6TR, STM32C011F4P3, STM32C011F4P6, STM32C011F4U3, STM32C011F4U6TR, STM32C011F6P3, STM32C011F6P6, STM32C011F6U3, STM32C011F6U6TR, STM32C011J4M3, STM32C011J4M6, STM32C011J6M3, STM32C011J6M6, STM32C0316-DK, STM32C031C4T3, STM32C031C4T6, STM32C031C4U3, STM32C031C4U6, STM32C031C6T3, STM32C031C6T6, STM32C031C6U3, STM32C031C6U6, STM32C031F4P3, STM32C031F4P6, STM32C031F6P3, STM32C031F6P6, STM32C031G4U3, STM32C031G4U6, STM32C031G6U3, STM32C031G6U6, STM32C031K4T3, STM32C031K4T6, STM32C031K4U3, STM32C031K4U6, STM32C031K6T3, STM32C031K6T6, STM32C031K6U3, STM32C031K6U6, STM32C051C6T6, STM32C051C6U6, STM32C051C8T6, STM32C051C8U6, STM32C051D8Y6TR, STM32C051F6P6, STM32C051F8P6, STM32C051G6U6, STM32C051G8U6, STM32C051K6T6, STM32C051K6U6, STM32C051K8T6, STM32C071C8T6, STM32C071C8T6N, STM32C071C8U6, STM32C071C8U6N, STM32C071CBT6, STM32C071CBT6N, STM32C071CBU6, STM32C071CBU6N, STM32C071F8P6, STM32C071F8P6N, STM32C071FBP6, STM32C071FBP6N, STM32C071FBY6TR, STM32C071G8U6, STM32C071G8U6N, STM32C071GBU6, STM32C071GBU6N, STM32C071K8T6, STM32C071K8T6N, STM32C071K8U6, STM32C071K8U6N, STM32C071KBT6, STM32C071KBT6N, STM32C071KBU6, STM32C071KBU6N, STM32C071R8T6, STM32C071R8T6N, STM32C071RBI6N, STM32C071RBT6, STM32C071RBT6N, STM32C091CBT6, STM32C091CBU6, STM32C091CCT6, STM32C091CCU6, STM32C091ECY6TR, STM32C091FBP6, STM32C091FCP6, STM32C091GBU6, STM32C091GCU6, STM32C091KBT6, STM32C091KBU6, STM32C091KCT6, STM32C091KCU6, STM32C091RBT6, STM32C091RCI6, STM32C091RCT6, STM32C092CBT6, STM32C092CBU6, STM32C092CCT6, STM32C092CCU6, STM32C092ECY6TR, STM32C092FBP6, STM32C092FCP6, STM32C092GBU6, STM32C092GCU6, STM32C092KBT6, STM32C092KBU6, STM32C092KCT6, STM32C092KCU6, STM32C092RBT6, STM32C092RCI6, STM32C092RCT6, STM32G071K8TXN, STM32G071K8UXN, STM32G081GBU6N, STM32G081KBT6N, STM32G081KBUXN, STM32G0B1CCT6N, STM32G0B1KCT6, STM32G0B1NEY6TR, STM32G0B1RCT6N, STM32G0C1CCT6, STM32G0C1CCT6N, STM32G0C1CCU6N, STM32G0C1CET6N, STM32G0C1CEU6N, STM32G0C1KCT6, STM32G0C1NEY6TR, STM32G0C1RCI6N, STM32G0C1RCT6N, STM32G0C1REI6N, STM32G0C1RET6N, STM32G0C1VCI6, STM32G0C1VEI6, STM32G411C6T3, STM32G411C6T6, STM32G411C6U3, STM32G411C6U6, STM32G411C8T3, STM32G411C8T6, STM32G411C8U3, STM32G411C8U6, STM32G411CBT3, STM32G411CBT6, STM32G411CBU3, STM32G411CBU6, STM32G411K6T3, STM32G411K6T6, STM32G411K6U3, STM32G411K6U6, STM32G411K8T3, STM32G411K8T6, STM32G411K8U3, STM32G411K8U6, STM32G411KBT3, STM32G411KBT6, STM32G411KBU3, STM32G411KBU6, STM32G411M6T3, STM32G411M6T6, STM32G411M8T3, STM32G411M8T6, STM32G411MBT3, STM32G411MBT6, STM32G411R6T3, STM32G411R6T6, STM32G411R8T3, STM32G411R8T6, STM32G411RBT3, STM32G411RBT6, STM32G414CBT3, STM32G414CBT6, STM32G414CBU3, STM32G414CBU6, STM32G414CCT3, STM32G414CCT6, STM32G414CCU3, STM32G414CCU6, STM32G414MBT3, STM32G414MBT6, STM32G414MCT3, STM32G414MCT6, STM32G414RBT3, STM32G414RBT6, STM32G414RCT3, STM32G414RCT6, STM32G414VBT3, STM32G414VBT6, STM32G414VCT3, STM32G414VCT6, STM32G431CBT3Z, STM32G431RBT3Z, STM32G471CCT6, STM32G471CCU6, STM32G471CET3, STM32G471CET6, STM32G471CEU3, STM32G471CEU6, STM32G471MCT6, STM32G471MET3, STM32G471MET6, STM32G471MEY6TR, STM32G471QCT6, STM32G471QET3, STM32G471RCT6, STM32G471RET3, STM32G471RET6, STM32G471VCH6, STM32G471VCI6, STM32G471VCT6, STM32G471VEH3, STM32G471VEH6, STM32G471VEI3, STM32G471VEI6, STM32G471VET3, STM32G471VET6, STM32G473QET3Z, STM32G473RET3Z, STM32G474CCT6, STM32G491RET3Z, STM32H503CBT6, STM32H503CBU6, STM32H503EBY6TR, STM32H503KBU6, STM32H503RBT6, STM32H523CCT6, STM32H523CCU6, STM32H523CET6, STM32H523CEU6, STM32H523HEY6TR, STM32H523RCT6, STM32H523RET6, STM32H523VCI6, STM32H523VCT6, STM32H523VEI6, STM32H523VET6, STM32H523ZCJ6, STM32H523ZCT6, STM32H523ZEJ6, STM32H523ZET6, STM32H533CET6, STM32H533CEU6, STM32H533HEY6TR, STM32H533RET6, STM32H533VEI6, STM32H533VET6, STM32H533ZEJ6, STM32H533ZET6, STM32H562AGI6, STM32H562AII6, STM32H562IGK6, STM32H562IGT6, STM32H562IIK6, STM32H562IIT6, STM32H562RGT6, STM32H562RGV6, STM32H562RIT6, STM32H562RIV6, STM32H562VGT6, STM32H562VIT6, STM32H562ZGT6, STM32H562ZIT6, STM32H563AGI6, STM32H563AII3Q, STM32H563AII6, STM32H563IGK6, STM32H563IGT6, STM32H563IIK3Q, STM32H563IIK6, STM32H563IIT3Q, STM32H563IIT6, STM32H563MIY3QTR, STM32H563RGT6, STM32H563RGV6, STM32H563RIT6, STM32H563RIV6, STM32H563VGT6, STM32H563VIT3Q, STM32H563VIT6, STM32H563ZGT6, STM32H563ZIT3Q, STM32H563ZIT6, STM32H573AII3Q, STM32H573AII6, STM32H573I-DK, STM32H573IIK3Q, STM32H573IIK6, STM32H573IIT3Q, STM32H573IIT6, STM32H573MIY3QTR, STM32H573RIT6, STM32H573RIV6, STM32H573VIT3Q, STM32H573VIT6, STM32H573ZIT3Q, STM32H573ZIT6, STM32H7R3A8I6, STM32H7R3I8K6, STM32H7R3I8T6, STM32H7R3L8H6, STM32H7R3L8H6H, STM32H7R3R8V6, STM32H7R3V8H6, STM32H7R3V8T6, STM32H7R3V8Y6TR, STM32H7R3Z8J6, STM32H7R3Z8T6, STM32H7R7A8I6, STM32H7R7I8K6, STM32H7R7I8T6, STM32H7R7L8H6, STM32H7R7L8H6H, STM32H7R7Z8J6, STM32H7S3A8I6, STM32H7S3I8K6, STM32H7S3I8T6, STM32H7S3L8H6, STM32H7S3L8H6H, STM32H7S3R8V6, STM32H7S3V8H6, STM32H7S3V8T6, STM32H7S3V8Y6TR, STM32H7S3Z8J6, STM32H7S3Z8T6, STM32H7S78-DK, STM32H7S7A8I6, STM32H7S7I8K6, STM32H7S7I8T6, STM32H7S7L8H6, STM32H7S7L8H6H, STM32H7S7Z8J6, STM32L4R5QGI6STR, STM32MP131AAE3, STM32MP131AAF3, STM32MP131AAG3, STM32MP131CAE3, STM32MP131CAF3, STM32MP131CAG3, STM32MP131DAE7, STM32MP131DAF7, STM32MP131DAG7, STM32MP131FAE7, STM32MP131FAF7, STM32MP131FAG7, STM32MP133AAE3, STM32MP133AAF3, STM32MP133AAG3, STM32MP133CAE3, STM32MP133CAF3, STM32MP133CAG3, STM32MP133DAE7, STM32MP133DAF7, STM32MP133DAG7, STM32MP133FAE7, STM32MP133FAF7, STM32MP133FAG7, STM32MP135AAE3, STM32MP135AAF3, STM32MP135AAG3, STM32MP135CAE3, STM32MP135CAF3, STM32MP135CAG3, STM32MP135DAE7, STM32MP135DAF7, STM32MP135DAG7, STM32MP135F-DK, STM32MP135FAE7, STM32MP135FAF7, STM32MP135FAF7T, STM32MP135FAF7U, STM32MP135FAG7, STM32MP211AAL3, STM32MP211AAM3, STM32MP211AAN3, STM32MP211AAO3, STM32MP211CAL3, STM32MP211CAM3, STM32MP211CAN3, STM32MP211CAO3, STM32MP211DAL3, STM32MP211DAM3, STM32MP211DAN3, STM32MP211DAO3, STM32MP211FAL3, STM32MP211FAM3, STM32MP211FAN3, STM32MP211FAO3, STM32MP213AAL3, STM32MP213AAM3, STM32MP213AAN3, STM32MP213AAO3, STM32MP213CAL3, STM32MP213CAM3, STM32MP213CAN3, STM32MP213CAO3, STM32MP213DAL3, STM32MP213DAM3, STM32MP213DAN3, STM32MP213DAO3, STM32MP213FAL3, STM32MP213FAM3, STM32MP213FAN3, STM32MP213FAO3, STM32MP215AAL3, STM32MP215AAM3, STM32MP215AAN3, STM32MP215AAO3, STM32MP215CAL3, STM32MP215CAM3, STM32MP215CAN3, STM32MP215CAO3, STM32MP215DAL3, STM32MP215DAM3, STM32MP215DAN3, STM32MP215DAO3, STM32MP215F-DK, STM32MP215FAL3, STM32MP215FAM3, STM32MP215FAN3, STM32MP215FAO3, STM32MP231AAJ3, STM32MP231AAK3, STM32MP231AAL3, STM32MP231CAJ3, STM32MP231CAK3, STM32MP231CAL3, STM32MP231DAJ3, STM32MP231DAK3, STM32MP231DAL3, STM32MP231FAJ3, STM32MP231FAK3, STM32MP231FAL3, STM32MP233AAJ3, STM32MP233AAK3, STM32MP233AAL3, STM32MP233CAJ3, STM32MP233CAK3, STM32MP233CAL3, STM32MP233DAJ3, STM32MP233DAK3, STM32MP233DAL3, STM32MP233FAJ3, STM32MP233FAK3, STM32MP233FAL3, STM32MP235AAJ3, STM32MP235AAK3, STM32MP235AAL3, STM32MP235CAJ3, STM32MP235CAK3, STM32MP235CAL3, STM32MP235DAJ3, STM32MP235DAK3, STM32MP235DAL3, STM32MP235FAJ3, STM32MP235FAK3, STM32MP235FAL3, STM32MP251AAI3, STM32MP251AAK3, STM32MP251AAL3, STM32MP251CAI3, STM32MP251CAK3, STM32MP251CAL3, STM32MP251DAI3, STM32MP251DAK3, STM32MP251DAL3, STM32MP251FAI3, STM32MP251FAK3, STM32MP251FAL3, STM32MP253AAI3, STM32MP253AAK3, STM32MP253AAL3, STM32MP253CAI3, STM32MP253CAK3, STM32MP253CAL3, STM32MP253DAI3, STM32MP253DAK3, STM32MP253DAL3, STM32MP253FAI3, STM32MP253FAK3, STM32MP253FAL3, STM32MP255AAI3, STM32MP255AAK3, STM32MP255AAL3, STM32MP255CAI3, STM32MP255CAK3, STM32MP255CAL3, STM32MP255DAI3, STM32MP255DAK3, STM32MP255DAL3, STM32MP255FAI3, STM32MP255FAK3, STM32MP255FAL3, STM32MP257AAI3, STM32MP257AAK3, STM32MP257AAL3, STM32MP257CAI3, STM32MP257CAK3, STM32MP257CAL3, STM32MP257DAI3, STM32MP257DAK3, STM32MP257DAL3, STM32MP257F-DK, STM32MP257F-EV1, STM32MP257FAI3, STM32MP257FAK3, STM32MP257FAL3, STM32N645A0H3Q, STM32N645B0H3Q, STM32N645I0H3Q, STM32N645L0H3Q, STM32N645X0H3Q, STM32N645Z0H3Q, STM32N647A0H3Q, STM32N647B0H3Q, STM32N647I0H3Q, STM32N647L0H3Q, STM32N647X0H3Q, STM32N647Z0H3Q, STM32N655A0H3Q, STM32N655B0H3Q, STM32N655I0H3Q, STM32N655L0H3Q, STM32N655X0H3Q, STM32N655Z0H3Q, STM32N6570-DK, STM32N657A0H3Q, STM32N657B0H3Q, STM32N657I0H3Q, STM32N657L0H3Q, STM32N657X0H3Q, STM32N657Z0H3Q, STM32U031C6T6, STM32U031C6U6, STM32U031C8T6, STM32U031C8U6, STM32U031F4P6, STM32U031F6P6, STM32U031F8P6, STM32U031G6Y6TR, STM32U031G8Y6TR, STM32U031K4U6, STM32U031K6U6, STM32U031K8U6, STM32U031R6I6, STM32U031R6T6, STM32U031R8I6, STM32U031R8T6, STM32U073C8T6, STM32U073C8U6, STM32U073CBT6, STM32U073CBU6, STM32U073CCT6, STM32U073CCU6, STM32U073H8Y6TR, STM32U073HBY6TR, STM32U073HCY6TR, STM32U073K8U6, STM32U073KBU6, STM32U073KCU6, STM32U073M8I6, STM32U073M8T6, STM32U073MBI6, STM32U073MBT6, STM32U073MCI6, STM32U073MCT6, STM32U073R8I6, STM32U073R8T6, STM32U073RBI6, STM32U073RBT6, STM32U073RCI6, STM32U073RCT6, STM32U083C-DK, STM32U083CCT6, STM32U083CCU6, STM32U083HCY6TR, STM32U083KCU6, STM32U083MCI6, STM32U083MCT6, STM32U083RCI6, STM32U083RCT6, STM32U375CET6, STM32U375CET6Q, STM32U375CEU6, STM32U375CEU6Q, STM32U375CEY6QTR, STM32U375CGT6, STM32U375CGT6Q, STM32U375CGU6, STM32U375CGU6Q, STM32U375CGY6QTR, STM32U375KEU6, STM32U375KGU6, STM32U375REI6, STM32U375REI6Q, STM32U375RET6, STM32U375RET6Q, STM32U375REY6GTR, STM32U375REY6QTR, STM32U375RGI6, STM32U375RGI6Q, STM32U375RGT6, STM32U375RGT6Q, STM32U375RGY6GTR, STM32U375RGY6QTR, STM32U375VEI6, STM32U375VEI6Q, STM32U375VET6, STM32U375VET6Q, STM32U375VGI6, STM32U375VGI6Q, STM32U375VGT6, STM32U375VGT6Q, STM32U385CGT6, STM32U385CGT6Q, STM32U385CGU6, STM32U385CGU6Q, STM32U385CGY6QTR, STM32U385KGU6, STM32U385RGI6, STM32U385RGI6Q, STM32U385RGT6, STM32U385RGT6Q, STM32U385RGY6GTR, STM32U385RGY6QTR, STM32U385VGI6, STM32U385VGI6Q, STM32U385VGT6, STM32U385VGT6Q, STM32U535CBT6, STM32U535CBT6Q, STM32U535CBU6, STM32U535CBU6Q, STM32U535CCT6, STM32U535CCT6Q, STM32U535CCU6, STM32U535CCU6Q, STM32U535CET6, STM32U535CET6Q, STM32U535CEU6, STM32U535CEU6Q, STM32U535JEY6QTR, STM32U535NCY6QTR, STM32U535NEY6QTR, STM32U535RBI6, STM32U535RBI6Q, STM32U535RBT6, STM32U535RBT6Q, STM32U535RCI6, STM32U535RCI6Q, STM32U535RCT6, STM32U535RCT6Q, STM32U535REI6, STM32U535REI6Q, STM32U535RET6, STM32U535RET6Q, STM32U535VCI6, STM32U535VCI6Q, STM32U535VCT6, STM32U535VCT6Q, STM32U535VEI6, STM32U535VEI6Q, STM32U535VET6, STM32U535VET6Q, STM32U545CET6, STM32U545CET6Q, STM32U545CEU6, STM32U545CEU6Q, STM32U545JEY6QTR, STM32U545NEY6QTR, STM32U545REI6, STM32U545REI6Q, STM32U545RET6, STM32U545RET6Q, STM32U545VEI6, STM32U545VEI6Q, STM32U545VET6, STM32U545VET6Q, STM32U595AIH6, STM32U595AIH6Q, STM32U595AJH6, STM32U595AJH6Q, STM32U595QII6, STM32U595QII6Q, STM32U595QJI6, STM32U595QJI6Q, STM32U595RIT6, STM32U595RIT6Q, STM32U595RJT6, STM32U595RJT6Q, STM32U595VIT6, STM32U595VIT6Q, STM32U595VJT6, STM32U595VJT6Q, STM32U595ZIT6, STM32U595ZIT6Q, STM32U595ZIY6QTR, STM32U595ZJT6, STM32U595ZJT6Q, STM32U595ZJY6QTR, STM32U599BJY6QTR, STM32U599NIH6Q, STM32U599NJH6Q, STM32U599VIT6Q, STM32U599VJT6, STM32U599VJT6Q, STM32U599ZIT6Q, STM32U599ZIY6QTR, STM32U599ZJT6Q, STM32U599ZJY6QTR, STM32U5A5AJH6, STM32U5A5AJH6Q, STM32U5A5QII3Q , STM32U5A5QJI6, STM32U5A5QJI6Q, STM32U5A5RJT6, STM32U5A5RJT6Q, STM32U5A5VJT6, STM32U5A5VJT6Q, STM32U5A5ZJT6, STM32U5A5ZJT6Q, STM32U5A5ZJY6QTR, STM32U5A9BJY6QTR, STM32U5A9J-DK, STM32U5A9NJH6Q, STM32U5A9VJT6Q, STM32U5A9ZJT6Q, STM32U5A9ZJY6QTR, STM32U5F7VIT6, STM32U5F7VIT6Q, STM32U5F7VJT6, STM32U5F7VJT6Q, STM32U5F9BJY6QTR, STM32U5F9NJH6Q, STM32U5F9VIT6Q, STM32U5F9VJT6Q, STM32U5F9ZIJ6QTR, STM32U5F9ZIT6Q, STM32U5F9ZJJ6QTR, STM32U5F9ZJT6Q, STM32U5G7VJT6, STM32U5G7VJT6Q, STM32U5G9BJY6QTR, STM32U5G9J-DK1, STM32U5G9J-DK2, STM32U5G9NJH6Q, STM32U5G9VJT6Q, STM32U5G9ZJJ6QTR, STM32U5G9ZJT6Q, STM32WB05KZV6TR, STM32WB05KZV7TR, STM32WB05TZF6TR, STM32WB05TZF7TR, STM32WB06CCF6TR, STM32WB06CCF7TR, STM32WB06CCV6TR, STM32WB06CCV7TR, STM32WB06KCV6TR, STM32WB06KCV7TR, STM32WB07CCF6TR, STM32WB07CCF7TR, STM32WB07CCV6TR, STM32WB07CCV7TR, STM32WB07KCV6TR, STM32WB07KCV7TR, STM32WB09KEV6TR, STM32WB09KEV7TR, STM32WB09TEF6TR, STM32WB09TEF7TR, STM32WB1MMCH6, STM32WBA50KGU6, STM32WBA50KGU6TR, STM32WBA52CEU6, STM32WBA52CEU6TR, STM32WBA52CEU7, STM32WBA52CEU7TR, STM32WBA52CGU6, STM32WBA52CGU6TR, STM32WBA52CGU6U, STM32WBA52CGU7, STM32WBA52CGU7TR, STM32WBA52KEU6, STM32WBA52KEU6TR, STM32WBA52KGU6, STM32WBA52KGU6TR, STM32WBA54CEU6, STM32WBA54CEU6TR, STM32WBA54CEU7, STM32WBA54CEU7TR, STM32WBA54CGU6, STM32WBA54CGU6TR, STM32WBA54CGU7, STM32WBA54CGU7TR, STM32WBA54KEU6, STM32WBA54KEU6TR, STM32WBA54KEU7, STM32WBA54KEU7TR, STM32WBA54KGU6, STM32WBA54KGU6TR, STM32WBA54KGU7, STM32WBA54KGU7TR, STM32WBA55CEU6, STM32WBA55CEU6TR, STM32WBA55CEU7, STM32WBA55CEU7TR, STM32WBA55CGU6, STM32WBA55CGU6TR, STM32WBA55CGU6U, STM32WBA55CGU7, STM32WBA55CGU7TR, STM32WBA55G-DK1, STM32WBA55HEF6, STM32WBA55HEF7, STM32WBA55HGF6, STM32WBA55HGF7, STM32WBA55UEI6, STM32WBA55UEI6TR, STM32WBA55UEI7, STM32WBA55UEI7TR, STM32WBA55UGI6, STM32WBA55UGI6TR, STM32WBA55UGI7, STM32WBA55UGI7TR, STM32WBA5MMGH6TR, STM32WBA62MGF6, STM32WBA62MIF6, STM32WBA65MGF7, STM32WBA65MIF6, STM32WBA65MIF7, STM32WL30K8V6, STM32WL30KBV6, STM32WL31C8V6, STM32WL31CBV6, STM32WL31K8V6, STM32WL31KBV6, STM32WL33C8V6, STM32WL33C8V6X, STM32WL33CBV6, STM32WL33CBV6X, STM32WL33CCV6, STM32WL33CCV6A, STM32WL33CCV6X, STM32WL33K8V7, STM32WL33K8V7X, STM32WL33KBV7 , STM32WL33KBV7X, STM32WL33KCV7, STM32WL33KCV7X, STM32WL5MOCH6, STM32WL5MOCH6TR]
2026-05-11 11:37:19,594 [INFO] DbMcus:218 - Found 5086 MCUs, 4968 are supported
2026-05-11 11:37:19,595 [INFO] ApiDb:423 - Load user favorites file C:\Users\jahna/.stm32cubeide/favorites.mcus.txt: 0 item(s)
2026-05-11 11:37:19,595 [INFO] ApiDb:427 - User favorites MCUs=[]
2026-05-11 11:37:19,596 [INFO] DbMcus:224 - Set 0 / 0 favorites MCUs
2026-05-11 11:37:20,442 [INFO] ApiDb:448 - Save user favorites file C:\Users\jahna/.stm32cubeide/favorites.boards.txt: 0 item(s)
2026-05-11 11:37:20,442 [INFO] ApiDb:452 - User favorites Boards=[]
2026-05-11 11:37:20,445 [INFO] ApiDb:581 - Connected to CubeFinder SQLite database (C:\Users\jahna\.stmcufinder\plugins\mcufinder\mcu\cube-finder-db.db)
2026-05-11 11:37:20,589 [INFO] ApiDb:668 - CubeFinder database Data Model version=2.1
2026-05-11 11:37:20,589 [INFO] ApiDb:669 - CubeFinder database Configuration version=3.0.42
2026-05-11 11:37:20,589 [INFO] ApiDb:670 - CubeFinder database generation date=2026-05-06 (1778060171)
2026-05-11 11:37:20,589 [INFO] ApiDb:671 - CubeFinder database FW Pack versions=[FP-ATR-ASTRA1_V2.0.0, FP-SNS-FLIGHT1_V5.1.0, FP-SNS-MOTENV1_V5.1.0, FP-SNS-MOTENVWB1_V1.5.0, FP-SNS-SMARTAG2_V1.2.0, FP-SNS-STBOX1_V2.1.0, STM32Cube_FW_C0_V1.4.0, STM32Cube_FW_F4_V1.28.3, STM32Cube_FW_F7_V1.17.4, STM32Cube_FW_G0_V1.6.3, STM32Cube_FW_G4_V1.6.2, STM32Cube_FW_H5_V1.6.0, STM32Cube_FW_H7RS_V1.3.0, STM32Cube_FW_H7_V1.13.0, STM32Cube_FW_L0_V1.12.2, STM32Cube_FW_L4_V1.18.2, STM32Cube_FW_L5_V1.6.0, STM32Cube_FW_N6_V1.3.0, STM32Cube_FW_U0_V1.3.0, STM32Cube_FW_U3_V1.3.0, STM32Cube_FW_U5_V1.8.0, STM32Cube_FW_WB0_V1.4.0, STM32Cube_FW_WBA_V1.9.0, STM32Cube_FW_WB_V1.24.0, STM32Cube_FW_WL3_V1.4.0, STM32Cube_FW_WL_V1.5.0, X-CUBE-ALGOBUILD_V1.4.0, X-CUBE-ALS_V1.0.2, X-CUBE-AZRTOS-F4_V1.1.0, X-CUBE-AZRTOS-F7_V1.1.0, X-CUBE-AZRTOS-G0_V1.1.0, X-CUBE-AZRTOS-G4_V2.0.0, X-CUBE-AZRTOS-H7RS_V1.1.0, X-CUBE-AZRTOS-H7_V3.5.0, X-CUBE-AZRTOS-L4_V2.0.0, X-CUBE-AZRTOS-L5_V2.0.0, X-CUBE-AZRTOS-WB_V2.0.0, X-CUBE-AZRTOS-WL_V2.0.0, X-CUBE-BLE1_V7.1.0, X-CUBE-BLE2_V3.3.0, X-CUBE-BLEMGR_V4.1.0, X-CUBE-EEPRMA1_V5.2.0, X-CUBE-FREERTOS_V1.5.0, X-CUBE-GNSS1_V6.0.0, X-CUBE-MEMS1_V12.0.0, X-CUBE-NFC4_V3.0.0, X-CUBE-NFC7_V2.0.0, X-CUBE-SFXS2LP1_V4.0.0, X-CUBE-ST67W61_V1.2.0, X-CUBE-SUBG2_V5.0.0, X-CUBE-TOF1_V3.4.3]
2026-05-11 11:37:20,669 [INFO] DbBoardsSqlite:226 - include board P-NUCLEO-WB55-NUCLEO as a kit item of type 'Nucleo-64'
2026-05-11 11:37:20,669 [INFO] DbBoardsSqlite:226 - include board P-NUCLEO-WB55-USBDONGLE as a kit item of type 'Nucleo USB Dongle'
2026-05-11 11:37:20,670 [INFO] DbBoardsSqlite:226 - include board STEVAL-IDP005V1 as a kit item of type 'Evaluation Board'
2026-05-11 11:37:20,670 [INFO] DbBoardsSqlite:226 - include board STEVAL-IDP005V2 as a kit item of type 'Evaluation Board'
2026-05-11 11:37:20,831 [INFO] ApiDb:240 - Found 880 in-development CPN: [B-G473E-ZEST1S, B-WB1M-WPAN1, B-WBA5M-WPAN, B-WL5M-SUBG1, NUCLEO-C031C6, NUCLEO-C051C8, NUCLEO-C071RB, NUCLEO-C092RC, NUCLEO-H503RB, NUCLEO-H533RE, NUCLEO-H563ZI, NUCLEO-H7S3L8, NUCLEO-N657X0-Q, NUCLEO-U031R8, NUCLEO-U083RC, NUCLEO-U385RG-Q, NUCLEO-U545RE-Q, NUCLEO-U5A5ZJ-Q, NUCLEO-WB05KZ, NUCLEO-WB07CC, NUCLEO-WB09KE, NUCLEO-WBA52CG, NUCLEO-WBA55CG, NUCLEO-WL33CC1, NUCLEO-WL33CC2, STEVAL-PROTEUS1, STEVAL-SMARTAG2, STEVAL-STWINBX1, STM320518-EVAL, STM32C0116-DK, STM32C011D6Y3TR, STM32C011D6Y6TR, STM32C011F4P3, STM32C011F4P6, STM32C011F4U3, STM32C011F4U6TR, STM32C011F6P3, STM32C011F6P6, STM32C011F6U3, STM32C011F6U6TR, STM32C011J4M3, STM32C011J4M6, STM32C011J6M3, STM32C011J6M6, STM32C0316-DK, STM32C031C4T3, STM32C031C4T6, STM32C031C4U3, STM32C031C4U6, STM32C031C6T3, STM32C031C6T6, STM32C031C6U3, STM32C031C6U6, STM32C031F4P3, STM32C031F4P6, STM32C031F6P3, STM32C031F6P6, STM32C031G4U3, STM32C031G4U6, STM32C031G6U3, STM32C031G6U6, STM32C031K4T3, STM32C031K4T6, STM32C031K4U3, STM32C031K4U6, STM32C031K6T3, STM32C031K6T6, STM32C031K6U3, STM32C031K6U6, STM32C051C6T6, STM32C051C6U6, STM32C051C8T6, STM32C051C8U6, STM32C051D8Y6TR, STM32C051F6P6, STM32C051F8P6, STM32C051G6U6, STM32C051G8U6, STM32C051K6T6, STM32C051K6U6, STM32C051K8T6, STM32C071C8T6, STM32C071C8T6N, STM32C071C8U6, STM32C071C8U6N, STM32C071CBT6, STM32C071CBT6N, STM32C071CBU6, STM32C071CBU6N, STM32C071F8P6, STM32C071F8P6N, STM32C071FBP6, STM32C071FBP6N, STM32C071FBY6TR, STM32C071G8U6, STM32C071G8U6N, STM32C071GBU6, STM32C071GBU6N, STM32C071K8T6, STM32C071K8T6N, STM32C071K8U6, STM32C071K8U6N, STM32C071KBT6, STM32C071KBT6N, STM32C071KBU6, STM32C071KBU6N, STM32C071R8T6, STM32C071R8T6N, STM32C071RBI6N, STM32C071RBT6, STM32C071RBT6N, STM32C091CBT6, STM32C091CBU6, STM32C091CCT6, STM32C091CCU6, STM32C091ECY6TR, STM32C091FBP6, STM32C091FCP6, STM32C091GBU6, STM32C091GCU6, STM32C091KBT6, STM32C091KBU6, STM32C091KCT6, STM32C091KCU6, STM32C091RBT6, STM32C091RCI6, STM32C091RCT6, STM32C092CBT6, STM32C092CBU6, STM32C092CCT6, STM32C092CCU6, STM32C092ECY6TR, STM32C092FBP6, STM32C092FCP6, STM32C092GBU6, STM32C092GCU6, STM32C092KBT6, STM32C092KBU6, STM32C092KCT6, STM32C092KCU6, STM32C092RBT6, STM32C092RCI6, STM32C092RCT6, STM32G071K8TXN, STM32G071K8UXN, STM32G081GBU6N, STM32G081KBT6N, STM32G081KBUXN, STM32G0B1CCT6N, STM32G0B1KCT6, STM32G0B1NEY6TR, STM32G0B1RCT6N, STM32G0C1CCT6, STM32G0C1CCT6N, STM32G0C1CCU6N, STM32G0C1CET6N, STM32G0C1CEU6N, STM32G0C1KCT6, STM32G0C1NEY6TR, STM32G0C1RCI6N, STM32G0C1RCT6N, STM32G0C1REI6N, STM32G0C1RET6N, STM32G0C1VCI6, STM32G0C1VEI6, STM32G411C6T3, STM32G411C6T6, STM32G411C6U3, STM32G411C6U6, STM32G411C8T3, STM32G411C8T6, STM32G411C8U3, STM32G411C8U6, STM32G411CBT3, STM32G411CBT6, STM32G411CBU3, STM32G411CBU6, STM32G411K6T3, STM32G411K6T6, STM32G411K6U3, STM32G411K6U6, STM32G411K8T3, STM32G411K8T6, STM32G411K8U3, STM32G411K8U6, STM32G411KBT3, STM32G411KBT6, STM32G411KBU3, STM32G411KBU6, STM32G411M6T3, STM32G411M6T6, STM32G411M8T3, STM32G411M8T6, STM32G411MBT3, STM32G411MBT6, STM32G411R6T3, STM32G411R6T6, STM32G411R8T3, STM32G411R8T6, STM32G411RBT3, STM32G411RBT6, STM32G414CBT3, STM32G414CBT6, STM32G414CBU3, STM32G414CBU6, STM32G414CCT3, STM32G414CCT6, STM32G414CCU3, STM32G414CCU6, STM32G414MBT3, STM32G414MBT6, STM32G414MCT3, STM32G414MCT6, STM32G414RBT3, STM32G414RBT6, STM32G414RCT3, STM32G414RCT6, STM32G414VBT3, STM32G414VBT6, STM32G414VCT3, STM32G414VCT6, STM32G431CBT3Z, STM32G431RBT3Z, STM32G471CCT6, STM32G471CCU6, STM32G471CET3, STM32G471CET6, STM32G471CEU3, STM32G471CEU6, STM32G471MCT6, STM32G471MET3, STM32G471MET6, STM32G471MEY6TR, STM32G471QCT6, STM32G471QET3, STM32G471RCT6, STM32G471RET3, STM32G471RET6, STM32G471VCH6, STM32G471VCI6, STM32G471VCT6, STM32G471VEH3, STM32G471VEH6, STM32G471VEI3, STM32G471VEI6, STM32G471VET3, STM32G471VET6, STM32G473QET3Z, STM32G473RET3Z, STM32G474CCT6, STM32G491RET3Z, STM32H503CBT6, STM32H503CBU6, STM32H503EBY6TR, STM32H503KBU6, STM32H503RBT6, STM32H523CCT6, STM32H523CCU6, STM32H523CET6, STM32H523CEU6, STM32H523HEY6TR, STM32H523RCT6, STM32H523RET6, STM32H523VCI6, STM32H523VCT6, STM32H523VEI6, STM32H523VET6, STM32H523ZCJ6, STM32H523ZCT6, STM32H523ZEJ6, STM32H523ZET6, STM32H533CET6, STM32H533CEU6, STM32H533HEY6TR, STM32H533RET6, STM32H533VEI6, STM32H533VET6, STM32H533ZEJ6, STM32H533ZET6, STM32H562AGI6, STM32H562AII6, STM32H562IGK6, STM32H562IGT6, STM32H562IIK6, STM32H562IIT6, STM32H562RGT6, STM32H562RGV6, STM32H562RIT6, STM32H562RIV6, STM32H562VGT6, STM32H562VIT6, STM32H562ZGT6, STM32H562ZIT6, STM32H563AGI6, STM32H563AII3Q, STM32H563AII6, STM32H563IGK6, STM32H563IGT6, STM32H563IIK3Q, STM32H563IIK6, STM32H563IIT3Q, STM32H563IIT6, STM32H563MIY3QTR, STM32H563RGT6, STM32H563RGV6, STM32H563RIT6, STM32H563RIV6, STM32H563VGT6, STM32H563VIT3Q, STM32H563VIT6, STM32H563ZGT6, STM32H563ZIT3Q, STM32H563ZIT6, STM32H573AII3Q, STM32H573AII6, STM32H573I-DK, STM32H573IIK3Q, STM32H573IIK6, STM32H573IIT3Q, STM32H573IIT6, STM32H573MIY3QTR, STM32H573RIT6, STM32H573RIV6, STM32H573VIT3Q, STM32H573VIT6, STM32H573ZIT3Q, STM32H573ZIT6, STM32H7R3A8I6, STM32H7R3I8K6, STM32H7R3I8T6, STM32H7R3L8H6, STM32H7R3L8H6H, STM32H7R3R8V6, STM32H7R3V8H6, STM32H7R3V8T6, STM32H7R3V8Y6TR, STM32H7R3Z8J6, STM32H7R3Z8T6, STM32H7R7A8I6, STM32H7R7I8K6, STM32H7R7I8T6, STM32H7R7L8H6, STM32H7R7L8H6H, STM32H7R7Z8J6, STM32H7S3A8I6, STM32H7S3I8K6, STM32H7S3I8T6, STM32H7S3L8H6, STM32H7S3L8H6H, STM32H7S3R8V6, STM32H7S3V8H6, STM32H7S3V8T6, STM32H7S3V8Y6TR, STM32H7S3Z8J6, STM32H7S3Z8T6, STM32H7S78-DK, STM32H7S7A8I6, STM32H7S7I8K6, STM32H7S7I8T6, STM32H7S7L8H6, STM32H7S7L8H6H, STM32H7S7Z8J6, STM32L4R5QGI6STR, STM32MP131AAE3, STM32MP131AAF3, STM32MP131AAG3, STM32MP131CAE3, STM32MP131CAF3, STM32MP131CAG3, STM32MP131DAE7, STM32MP131DAF7, STM32MP131DAG7, STM32MP131FAE7, STM32MP131FAF7, STM32MP131FAG7, STM32MP133AAE3, STM32MP133AAF3, STM32MP133AAG3, STM32MP133CAE3, STM32MP133CAF3, STM32MP133CAG3, STM32MP133DAE7, STM32MP133DAF7, STM32MP133DAG7, STM32MP133FAE7, STM32MP133FAF7, STM32MP133FAG7, STM32MP135AAE3, STM32MP135AAF3, STM32MP135AAG3, STM32MP135CAE3, STM32MP135CAF3, STM32MP135CAG3, STM32MP135DAE7, STM32MP135DAF7, STM32MP135DAG7, STM32MP135F-DK, STM32MP135FAE7, STM32MP135FAF7, STM32MP135FAF7T, STM32MP135FAF7U, STM32MP135FAG7, STM32MP211AAL3, STM32MP211AAM3, STM32MP211AAN3, STM32MP211AAO3, STM32MP211CAL3, STM32MP211CAM3, STM32MP211CAN3, STM32MP211CAO3, STM32MP211DAL3, STM32MP211DAM3, STM32MP211DAN3, STM32MP211DAO3, STM32MP211FAL3, STM32MP211FAM3, STM32MP211FAN3, STM32MP211FAO3, STM32MP213AAL3, STM32MP213AAM3, STM32MP213AAN3, STM32MP213AAO3, STM32MP213CAL3, STM32MP213CAM3, STM32MP213CAN3, STM32MP213CAO3, STM32MP213DAL3, STM32MP213DAM3, STM32MP213DAN3, STM32MP213DAO3, STM32MP213FAL3, STM32MP213FAM3, STM32MP213FAN3, STM32MP213FAO3, STM32MP215AAL3, STM32MP215AAM3, STM32MP215AAN3, STM32MP215AAO3, STM32MP215CAL3, STM32MP215CAM3, STM32MP215CAN3, STM32MP215CAO3, STM32MP215DAL3, STM32MP215DAM3, STM32MP215DAN3, STM32MP215DAO3, STM32MP215F-DK, STM32MP215FAL3, STM32MP215FAM3, STM32MP215FAN3, STM32MP215FAO3, STM32MP231AAJ3, STM32MP231AAK3, STM32MP231AAL3, STM32MP231CAJ3, STM32MP231CAK3, STM32MP231CAL3, STM32MP231DAJ3, STM32MP231DAK3, STM32MP231DAL3, STM32MP231FAJ3, STM32MP231FAK3, STM32MP231FAL3, STM32MP233AAJ3, STM32MP233AAK3, STM32MP233AAL3, STM32MP233CAJ3, STM32MP233CAK3, STM32MP233CAL3, STM32MP233DAJ3, STM32MP233DAK3, STM32MP233DAL3, STM32MP233FAJ3, STM32MP233FAK3, STM32MP233FAL3, STM32MP235AAJ3, STM32MP235AAK3, STM32MP235AAL3, STM32MP235CAJ3, STM32MP235CAK3, STM32MP235CAL3, STM32MP235DAJ3, STM32MP235DAK3, STM32MP235DAL3, STM32MP235FAJ3, STM32MP235FAK3, STM32MP235FAL3, STM32MP251AAI3, STM32MP251AAK3, STM32MP251AAL3, STM32MP251CAI3, STM32MP251CAK3, STM32MP251CAL3, STM32MP251DAI3, STM32MP251DAK3, STM32MP251DAL3, STM32MP251FAI3, STM32MP251FAK3, STM32MP251FAL3, STM32MP253AAI3, STM32MP253AAK3, STM32MP253AAL3, STM32MP253CAI3, STM32MP253CAK3, STM32MP253CAL3, STM32MP253DAI3, STM32MP253DAK3, STM32MP253DAL3, STM32MP253FAI3, STM32MP253FAK3, STM32MP253FAL3, STM32MP255AAI3, STM32MP255AAK3, STM32MP255AAL3, STM32MP255CAI3, STM32MP255CAK3, STM32MP255CAL3, STM32MP255DAI3, STM32MP255DAK3, STM32MP255DAL3, STM32MP255FAI3, STM32MP255FAK3, STM32MP255FAL3, STM32MP257AAI3, STM32MP257AAK3, STM32MP257AAL3, STM32MP257CAI3, STM32MP257CAK3, STM32MP257CAL3, STM32MP257DAI3, STM32MP257DAK3, STM32MP257DAL3, STM32MP257F-DK, STM32MP257F-EV1, STM32MP257FAI3, STM32MP257FAK3, STM32MP257FAL3, STM32N645A0H3Q, STM32N645B0H3Q, STM32N645I0H3Q, STM32N645L0H3Q, STM32N645X0H3Q, STM32N645Z0H3Q, STM32N647A0H3Q, STM32N647B0H3Q, STM32N647I0H3Q, STM32N647L0H3Q, STM32N647X0H3Q, STM32N647Z0H3Q, STM32N655A0H3Q, STM32N655B0H3Q, STM32N655I0H3Q, STM32N655L0H3Q, STM32N655X0H3Q, STM32N655Z0H3Q, STM32N6570-DK, STM32N657A0H3Q, STM32N657B0H3Q, STM32N657I0H3Q, STM32N657L0H3Q, STM32N657X0H3Q, STM32N657Z0H3Q, STM32U031C6T6, STM32U031C6U6, STM32U031C8T6, STM32U031C8U6, STM32U031F4P6, STM32U031F6P6, STM32U031F8P6, STM32U031G6Y6TR, STM32U031G8Y6TR, STM32U031K4U6, STM32U031K6U6, STM32U031K8U6, STM32U031R6I6, STM32U031R6T6, STM32U031R8I6, STM32U031R8T6, STM32U073C8T6, STM32U073C8U6, STM32U073CBT6, STM32U073CBU6, STM32U073CCT6, STM32U073CCU6, STM32U073H8Y6TR, STM32U073HBY6TR, STM32U073HCY6TR, STM32U073K8U6, STM32U073KBU6, STM32U073KCU6, STM32U073M8I6, STM32U073M8T6, STM32U073MBI6, STM32U073MBT6, STM32U073MCI6, STM32U073MCT6, STM32U073R8I6, STM32U073R8T6, STM32U073RBI6, STM32U073RBT6, STM32U073RCI6, STM32U073RCT6, STM32U083C-DK, STM32U083CCT6, STM32U083CCU6, STM32U083HCY6TR, STM32U083KCU6, STM32U083MCI6, STM32U083MCT6, STM32U083RCI6, STM32U083RCT6, STM32U375CET6, STM32U375CET6Q, STM32U375CEU6, STM32U375CEU6Q, STM32U375CEY6QTR, STM32U375CGT6, STM32U375CGT6Q, STM32U375CGU6, STM32U375CGU6Q, STM32U375CGY6QTR, STM32U375KEU6, STM32U375KGU6, STM32U375REI6, STM32U375REI6Q, STM32U375RET6, STM32U375RET6Q, STM32U375REY6GTR, STM32U375REY6QTR, STM32U375RGI6, STM32U375RGI6Q, STM32U375RGT6, STM32U375RGT6Q, STM32U375RGY6GTR, STM32U375RGY6QTR, STM32U375VEI6, STM32U375VEI6Q, STM32U375VET6, STM32U375VET6Q, STM32U375VGI6, STM32U375VGI6Q, STM32U375VGT6, STM32U375VGT6Q, STM32U385CGT6, STM32U385CGT6Q, STM32U385CGU6, STM32U385CGU6Q, STM32U385CGY6QTR, STM32U385KGU6, STM32U385RGI6, STM32U385RGI6Q, STM32U385RGT6, STM32U385RGT6Q, STM32U385RGY6GTR, STM32U385RGY6QTR, STM32U385VGI6, STM32U385VGI6Q, STM32U385VGT6, STM32U385VGT6Q, STM32U535CBT6, STM32U535CBT6Q, STM32U535CBU6, STM32U535CBU6Q, STM32U535CCT6, STM32U535CCT6Q, STM32U535CCU6, STM32U535CCU6Q, STM32U535CET6, STM32U535CET6Q, STM32U535CEU6, STM32U535CEU6Q, STM32U535JEY6QTR, STM32U535NCY6QTR, STM32U535NEY6QTR, STM32U535RBI6, STM32U535RBI6Q, STM32U535RBT6, STM32U535RBT6Q, STM32U535RCI6, STM32U535RCI6Q, STM32U535RCT6, STM32U535RCT6Q, STM32U535REI6, STM32U535REI6Q, STM32U535RET6, STM32U535RET6Q, STM32U535VCI6, STM32U535VCI6Q, STM32U535VCT6, STM32U535VCT6Q, STM32U535VEI6, STM32U535VEI6Q, STM32U535VET6, STM32U535VET6Q, STM32U545CET6, STM32U545CET6Q, STM32U545CEU6, STM32U545CEU6Q, STM32U545JEY6QTR, STM32U545NEY6QTR, STM32U545REI6, STM32U545REI6Q, STM32U545RET6, STM32U545RET6Q, STM32U545VEI6, STM32U545VEI6Q, STM32U545VET6, STM32U545VET6Q, STM32U595AIH6, STM32U595AIH6Q, STM32U595AJH6, STM32U595AJH6Q, STM32U595QII6, STM32U595QII6Q, STM32U595QJI6, STM32U595QJI6Q, STM32U595RIT6, STM32U595RIT6Q, STM32U595RJT6, STM32U595RJT6Q, STM32U595VIT6, STM32U595VIT6Q, STM32U595VJT6, STM32U595VJT6Q, STM32U595ZIT6, STM32U595ZIT6Q, STM32U595ZIY6QTR, STM32U595ZJT6, STM32U595ZJT6Q, STM32U595ZJY6QTR, STM32U599BJY6QTR, STM32U599NIH6Q, STM32U599NJH6Q, STM32U599VIT6Q, STM32U599VJT6, STM32U599VJT6Q, STM32U599ZIT6Q, STM32U599ZIY6QTR, STM32U599ZJT6Q, STM32U599ZJY6QTR, STM32U5A5AJH6, STM32U5A5AJH6Q, STM32U5A5QII3Q , STM32U5A5QJI6, STM32U5A5QJI6Q, STM32U5A5RJT6, STM32U5A5RJT6Q, STM32U5A5VJT6, STM32U5A5VJT6Q, STM32U5A5ZJT6, STM32U5A5ZJT6Q, STM32U5A5ZJY6QTR, STM32U5A9BJY6QTR, STM32U5A9J-DK, STM32U5A9NJH6Q, STM32U5A9VJT6Q, STM32U5A9ZJT6Q, STM32U5A9ZJY6QTR, STM32U5F7VIT6, STM32U5F7VIT6Q, STM32U5F7VJT6, STM32U5F7VJT6Q, STM32U5F9BJY6QTR, STM32U5F9NJH6Q, STM32U5F9VIT6Q, STM32U5F9VJT6Q, STM32U5F9ZIJ6QTR, STM32U5F9ZIT6Q, STM32U5F9ZJJ6QTR, STM32U5F9ZJT6Q, STM32U5G7VJT6, STM32U5G7VJT6Q, STM32U5G9BJY6QTR, STM32U5G9J-DK1, STM32U5G9J-DK2, STM32U5G9NJH6Q, STM32U5G9VJT6Q, STM32U5G9ZJJ6QTR, STM32U5G9ZJT6Q, STM32WB05KZV6TR, STM32WB05KZV7TR, STM32WB05TZF6TR, STM32WB05TZF7TR, STM32WB06CCF6TR, STM32WB06CCF7TR, STM32WB06CCV6TR, STM32WB06CCV7TR, STM32WB06KCV6TR, STM32WB06KCV7TR, STM32WB07CCF6TR, STM32WB07CCF7TR, STM32WB07CCV6TR, STM32WB07CCV7TR, STM32WB07KCV6TR, STM32WB07KCV7TR, STM32WB09KEV6TR, STM32WB09KEV7TR, STM32WB09TEF6TR, STM32WB09TEF7TR, STM32WB1MMCH6, STM32WBA50KGU6, STM32WBA50KGU6TR, STM32WBA52CEU6, STM32WBA52CEU6TR, STM32WBA52CEU7, STM32WBA52CEU7TR, STM32WBA52CGU6, STM32WBA52CGU6TR, STM32WBA52CGU6U, STM32WBA52CGU7, STM32WBA52CGU7TR, STM32WBA52KEU6, STM32WBA52KEU6TR, STM32WBA52KGU6, STM32WBA52KGU6TR, STM32WBA54CEU6, STM32WBA54CEU6TR, STM32WBA54CEU7, STM32WBA54CEU7TR, STM32WBA54CGU6, STM32WBA54CGU6TR, STM32WBA54CGU7, STM32WBA54CGU7TR, STM32WBA54KEU6, STM32WBA54KEU6TR, STM32WBA54KEU7, STM32WBA54KEU7TR, STM32WBA54KGU6, STM32WBA54KGU6TR, STM32WBA54KGU7, STM32WBA54KGU7TR, STM32WBA55CEU6, STM32WBA55CEU6TR, STM32WBA55CEU7, STM32WBA55CEU7TR, STM32WBA55CGU6, STM32WBA55CGU6TR, STM32WBA55CGU6U, STM32WBA55CGU7, STM32WBA55CGU7TR, STM32WBA55G-DK1, STM32WBA55HEF6, STM32WBA55HEF7, STM32WBA55HGF6, STM32WBA55HGF7, STM32WBA55UEI6, STM32WBA55UEI6TR, STM32WBA55UEI7, STM32WBA55UEI7TR, STM32WBA55UGI6, STM32WBA55UGI6TR, STM32WBA55UGI7, STM32WBA55UGI7TR, STM32WBA5MMGH6TR, STM32WBA62MGF6, STM32WBA62MIF6, STM32WBA65MGF7, STM32WBA65MIF6, STM32WBA65MIF7, STM32WL30K8V6, STM32WL30KBV6, STM32WL31C8V6, STM32WL31CBV6, STM32WL31K8V6, STM32WL31KBV6, STM32WL33C8V6, STM32WL33C8V6X, STM32WL33CBV6, STM32WL33CBV6X, STM32WL33CCV6, STM32WL33CCV6A, STM32WL33CCV6X, STM32WL33K8V7, STM32WL33K8V7X, STM32WL33KBV7 , STM32WL33KBV7X, STM32WL33KCV7, STM32WL33KCV7X, STM32WL5MOCH6, STM32WL5MOCH6TR]
2026-05-11 11:37:21,024 [INFO] BoardInfo:889 - No configuration file found for board NUCLEO-H5E5ZJ
2026-05-11 11:37:21,025 [INFO] DbBoards:161 - Board is not supported: NUCLEO-H5E5ZJ
2026-05-11 11:37:21,130 [INFO] BoardInfo:889 - No configuration file found for board NUCLEO-U3C5ZI-Q
2026-05-11 11:37:21,132 [INFO] DbBoards:161 - Board is not supported: NUCLEO-U3C5ZI-Q
2026-05-11 11:37:21,157 [INFO] BoardInfo:889 - No configuration file found for board NUCLEO-WBA25CE1
2026-05-11 11:37:21,159 [INFO] DbBoards:161 - Board is not supported: NUCLEO-WBA25CE1
2026-05-11 11:37:21,178 [INFO] BoardInfo:889 - No configuration file found for board NUCLEO-WL3RKB1
2026-05-11 11:37:21,182 [INFO] DbBoards:161 - Board is not supported: NUCLEO-WL3RKB1
2026-05-11 11:37:21,184 [INFO] BoardInfo:889 - No configuration file found for board NUCLEO-WL3RKB2
2026-05-11 11:37:21,188 [INFO] DbBoards:161 - Board is not supported: NUCLEO-WL3RKB2
2026-05-11 11:37:21,205 [INFO] BoardInfo:889 - No configuration file found for board P-NUCLEO-WB55
2026-05-11 11:37:21,207 [INFO] DbBoards:161 - Kit is not supported: P-NUCLEO-WB55
2026-05-11 11:37:21,223 [INFO] BoardInfo:889 - No configuration file found for board STEVAL-BFA001V1B
2026-05-11 11:37:21,225 [INFO] DbBoards:161 - Kit is not supported: STEVAL-BFA001V1B
2026-05-11 11:37:21,227 [INFO] BoardInfo:889 - No configuration file found for board STEVAL-BFA001V2B
2026-05-11 11:37:21,229 [INFO] DbBoards:161 - Kit is not supported: STEVAL-BFA001V2B
2026-05-11 11:37:21,423 [INFO] BoardInfo:889 - No configuration file found for board STM32H5F5J-DK
2026-05-11 11:37:21,424 [INFO] DbBoards:161 - Board is not supported: STM32H5F5J-DK
2026-05-11 11:37:21,559 [INFO] DbBoards:168 - Found 218 boards, 209 are supported
2026-05-11 11:37:21,559 [INFO] DbBoards:169 - Found 218 boards, 43 of them is supported for  Bsp
2026-05-11 11:37:21,564 [INFO] ApiDb:423 - Load user favorites file C:\Users\jahna/.stm32cubeide/favorites.boards.txt: 0 item(s)
2026-05-11 11:37:21,564 [INFO] ApiDb:427 - User favorites Boards=[]
2026-05-11 11:37:21,564 [INFO] DbBoards:198 - Set 0 / 0 favorites Boards
2026-05-11 11:37:21,582 [ERROR] TargetSelectorAdapter:267 - Unable to refresh data
2026-05-11 11:37:21,779 [INFO] McuFinderGlobals:76 - Set McuFinderConnectedMode to true
2026-05-11 11:37:21,792 [INFO] MultiScanPanel:200 - Auto-refresh data requested => check proxy status ongoing
2026-05-11 11:37:21,796 [INFO] FinderPluginLoader:96 - Searching for filters in installed packs
2026-05-11 11:37:23,280 [INFO] LoadUrlFilesThread:185 - End of LoadServerUrlFiles without Thread
2026-05-11 11:37:23,340 [INFO] DetailPanel:341 - Set advertising image to C:/Users/jahna/STM32Cube/Repository/\en.prom-stm32wba2-stm32-nucleo-board-0426.png
2026-05-11 11:37:28,779 [INFO] MultiScanPanel:200 - Auto-refresh data requested => check proxy status ongoing
2026-05-11 11:37:28,899 [INFO] LoadUrlFilesThread:185 - End of LoadServerUrlFiles without Thread
2026-05-11 11:37:28,899 [INFO] DetailPanel:341 - Set advertising image to C:/Users/jahna/STM32Cube/Repository/\en.prom-stm32wba2-stm32-nucleo-board-0426.png
2026-05-11 11:37:28,942 [INFO] DbBoards:642 - Loading board mini-images...
2026-05-11 11:37:31,931 [INFO] DbBoards:665 - Loaded 218 board mini-images
2026-05-11 11:37:56,004 [INFO] BoardAction:75 - Docs & Resources
2026-05-11 11:38:25,234 [INFO] MainUpdater:2872 - connection check result : 10
2026-05-11 11:38:25,234 [INFO] MainUpdater:2872 - connection check result : 10
2026-05-11 11:38:26,567 [INFO] I2cTimingTraitement:330 - 0x00B07CB4
2026-05-11 11:38:26,618 [INFO] MicroXplorer:468 - Change Database Path : 
2026-05-11 11:38:26,619 [INFO] MicroXplorer:498 - Change Database Version : DB.6.0.150
2026-05-11 11:38:26,636 [ERROR] ProjectManagerView:395 - 
java.lang.NullPointerException: Cannot invoke "javax.swing.JTextField.getText()" because the return value of "java.util.List.get(int)" is null
	at com.st.microxplorer.plugins.projectmanager.gui.ProjectChoiceTab$9.caretUpdate(ProjectChoiceTab.java:2706) ~[filemanager.jar:?]
	at javax.swing.text.JTextComponent.fireCaretUpdate(JTextComponent.java:408) ~[?:?]
	at javax.swing.text.JTextComponent$MutableCaretEvent.fire(JTextComponent.java:4484) ~[?:?]
	at javax.swing.text.JTextComponent$MutableCaretEvent.stateChanged(JTextComponent.java:4506) ~[?:?]
	at javax.swing.text.DefaultCaret.fireStateChanged(DefaultCaret.java:857) ~[?:?]
	at javax.swing.text.DefaultCaret.changeCaretPosition(DefaultCaret.java:1343) ~[?:?]
	at javax.swing.text.DefaultCaret.handleSetDot(DefaultCaret.java:1242) ~[?:?]
	at javax.swing.text.DefaultCaret.setDot(DefaultCaret.java:1223) ~[?:?]
	at javax.swing.text.DefaultCaret$Handler.insertUpdate(DefaultCaret.java:1819) ~[?:?]
	at javax.swing.text.AbstractDocument.fireInsertUpdate(AbstractDocument.java:227) ~[?:?]
	at javax.swing.text.AbstractDocument.handleInsertString(AbstractDocument.java:781) ~[?:?]
	at javax.swing.text.AbstractDocument.insertString(AbstractDocument.java:740) ~[?:?]
	at javax.swing.text.PlainDocument.insertString(PlainDocument.java:131) ~[?:?]
	at javax.swing.text.AbstractDocument.replace(AbstractDocument.java:699) ~[?:?]
	at javax.swing.text.JTextComponent.setText(JTextComponent.java:1725) ~[?:?]
	at com.st.microxplorer.plugins.projectmanager.gui.ProjectChoiceTab.createHeapStackFields(ProjectChoiceTab.java:993) ~[filemanager.jar:?]
	at com.st.microxplorer.plugins.projectmanager.gui.ProjectChoiceTab.buildLinkSettingsPanel(ProjectChoiceTab.java:3813) ~[filemanager.jar:?]
	at com.st.microxplorer.plugins.projectmanager.gui.ProjectChoiceTab.defineWindowsFields(ProjectChoiceTab.java:1987) ~[filemanager.jar:?]
	at com.st.microxplorer.plugins.projectmanager.gui.ProjectChoiceTab.updateSettings(ProjectChoiceTab.java:558) ~[filemanager.jar:?]
	at com.st.microxplorer.plugins.projectmanager.gui.ProjectSettingsPanel.UpdateDialog(ProjectSettingsPanel.java:247) ~[filemanager.jar:?]
	at com.st.microxplorer.plugins.projectmanager.ProjectManagerView.propertyChange(ProjectManagerView.java:392) ~[filemanager.jar:?]
	at java.beans.PropertyChangeSupport.fire(PropertyChangeSupport.java:343) ~[?:?]
	at java.beans.PropertyChangeSupport.firePropertyChange(PropertyChangeSupport.java:335) ~[?:?]
	at java.beans.PropertyChangeSupport.firePropertyChange(PropertyChangeSupport.java:268) ~[?:?]
	at com.st.microxplorer.util.MXPropertyChangeSupport.firePropertyChange(MXPropertyChangeSupport.java:54) ~[STM32CubeMX.jar:?]
	at com.st.microxplorer.mxsystem.MxSystem.closeConfig(MxSystem.java:899) ~[STM32CubeMX.jar:?]
	at com.st.microxplorer.maingui.MainPanel.closeConfig(MainPanel.java:792) ~[STM32CubeMX.jar:?]
	at com.st.microxplorer.plugins.filemanager.engine.OpenFileManager.loadConfigurationFile(OpenFileManager.java:288) ~[filemanager.jar:?]
	at com.st.microxplorer.plugins.filemanager.engine.MainFileManager.userLoadConfig(MainFileManager.java:364) ~[filemanager.jar:?]
	at com.st.microxplorer.plugins.filemanager.FileManagerView.getSpecificTask(FileManagerView.java:268) ~[filemanager.jar:?]
	at com.st.stm32cube.common.mx.editor.CubeMxEditor.getMxTabbedPaneInstance(CubeMxEditor.java:1191) ~[com.st.stm32cube.common.mx_6.15.0.202507011659/:?]
	at com.st.stm32cube.common.mx.editor.CubeMxEditor$12$1.createSwingComponent(CubeMxEditor.java:1068) ~[com.st.stm32cube.common.mx_6.15.0.202507011659/:?]
	at com.st.stm32cube.common.mx.oss.core.awtswtbridge.EmbeddedSwingComposite.doComponentCreation(EmbeddedSwingComposite.java:492) ~[com.st.stm32cube.common.mx.oss_6.15.0.202507011659/:?]
	at com.st.stm32cube.common.mx.oss.core.awtswtbridge.EmbeddedSwingComposite$4.run(EmbeddedSwingComposite.java:291) ~[com.st.stm32cube.common.mx.oss_6.15.0.202507011659/:?]
	at com.st.stm32cube.common.mx.oss.core.awtswtbridge.AwtEnvironment$2.run(AwtEnvironment.java:166) ~[com.st.stm32cube.common.mx.oss_6.15.0.202507011659/:?]
	at java.awt.event.InvocationEvent.dispatch(InvocationEvent.java:318) ~[?:?]
	at java.awt.EventQueue.dispatchEventImpl(EventQueue.java:773) ~[?:?]
	at java.awt.EventQueue$4.run(EventQueue.java:720) ~[?:?]
	at java.awt.EventQueue$4.run(EventQueue.java:714) ~[?:?]
	at java.security.AccessController.doPrivileged(AccessController.java:400) ~[?:?]
	at java.security.ProtectionDomain$JavaSecurityAccessImpl.doIntersectionPrivilege(ProtectionDomain.java:87) ~[?:?]
	at java.awt.EventQueue.dispatchEvent(EventQueue.java:742) ~[?:?]
	at java.awt.EventDispatchThread.pumpOneEventForFilters(EventDispatchThread.java:203) ~[?:?]
	at java.awt.EventDispatchThread.pumpEventsForFilter(EventDispatchThread.java:124) ~[?:?]
	at java.awt.EventDispatchThread.pumpEventsForHierarchy(EventDispatchThread.java:113) ~[?:?]
	at java.awt.EventDispatchThread.pumpEvents(EventDispatchThread.java:109) ~[?:?]
	at java.awt.EventDispatchThread.pumpEvents(EventDispatchThread.java:101) ~[?:?]
	at java.awt.EventDispatchThread.run(EventDispatchThread.java:90) ~[?:?]
2026-05-11 11:38:26,648 [WARN] ThirdParty:871 - waiting for thirdparty lock release [close project]
2026-05-11 11:38:26,648 [INFO] ThirdParty:873 - entering critical section [close project]
2026-05-11 11:38:26,648 [INFO] ThirdParty:883 - exiting critical section [close project]
2026-05-11 11:38:26,649 [INFO] PinOutPanel:1589 - setPackage(No Configuration,No Configuration)
2026-05-11 11:38:26,658 [INFO] UtilMem:75 - Begin LoadConfig() Used Memory: 901665144 Bytes (1073741824)
2026-05-11 11:38:26,660 [INFO] OpenFileManager:355 - Change cursor
2026-05-11 11:38:26,671 [INFO] ProjectFactory:514 - No CPN specified for board STM32L0538-DISCO => set CPN to STM32L053C8T6
2026-05-11 11:38:26,671 [INFO] Mcu:2029 - Initializing MCU STM32L053C(6-8)Tx STM32L053C8Tx STM32L053C8T6
2026-05-11 11:38:27,325 [INFO] Context:786 - Trying to add GPIOservice into a context  which must be forbidden
2026-05-11 11:38:27,673 [INFO] Rule:233 - rule 117617 - U5Cobra4M][GTZC] default value MPCBB3 and MPCBB5 - Not Secured memory - MPCBB1 is applicable
2026-05-11 11:38:27,673 [INFO] Rule:233 - rule 117617 - U5Cobra4M][GTZC] default value MPCBB3 and MPCBB5 - Not Secured memory - MPCBB1 is applicable
2026-05-11 11:38:27,673 [INFO] Rule:233 - rule 117617 - U5Cobra4M][GTZC] default value MPCBB3 and MPCBB5 - Not Secured memory - MPCBB2 is applicable
2026-05-11 11:38:27,673 [INFO] Rule:233 - rule 117617 - U5Cobra4M][GTZC] default value MPCBB3 and MPCBB5 - Not Secured memory - MPCBB2 is applicable
2026-05-11 11:38:27,762 [INFO] Rule:233 - rule 117617 - U5Cobra4M][GTZC] default value MPCBB3 and MPCBB5 - Not Secured memory - MPCBB3 is applicable
2026-05-11 11:38:27,762 [INFO] Rule:233 - rule 117617 - U5Cobra4M][GTZC] default value MPCBB3 and MPCBB5 - Not Secured memory - MPCBB3 is applicable
2026-05-11 11:38:27,762 [INFO] Rule:233 - rule 117617 - U5Cobra4M][GTZC] default value MPCBB3 and MPCBB5 - Not Secured memory - MPCBB4 is applicable
2026-05-11 11:38:27,762 [INFO] Rule:233 - rule 117617 - U5Cobra4M][GTZC] default value MPCBB3 and MPCBB5 - Not Secured memory - MPCBB4 is applicable
2026-05-11 11:38:27,762 [INFO] Rule:233 - rule 117617 - U5Cobra4M][GTZC] default value MPCBB3 and MPCBB5 - Secured memory - MPCBB1 is applicable
2026-05-11 11:38:27,762 [INFO] Rule:233 - rule 117617 - U5Cobra4M][GTZC] default value MPCBB3 and MPCBB5 - Secured memory - MPCBB2 is applicable
2026-05-11 11:38:27,762 [INFO] Rule:233 - rule 117617 - U5Cobra4M][GTZC] default value MPCBB3 and MPCBB5 - Secured memory - MPCBB3 is applicable
2026-05-11 11:38:27,762 [INFO] Rule:233 - rule 117617 - U5Cobra4M][GTZC] default value MPCBB3 and MPCBB5 - Secured memory - MPCBB4 is applicable
2026-05-11 11:38:27,762 [INFO] Rule:233 - rule 117617 - U5Cobra4M][GTZC] default value MPCBB3 and MPCBB5 - Privileged memory - MPCBB1 is applicable
2026-05-11 11:38:27,762 [INFO] Rule:233 - rule 117617 - U5Cobra4M][GTZC] default value MPCBB3 and MPCBB5 - Privileged memory - MPCBB2 is applicable
2026-05-11 11:38:27,762 [INFO] Rule:233 - rule 117617 - U5Cobra4M][GTZC] default value MPCBB3 and MPCBB5 - Privileged memory - MPCBB3 is applicable
2026-05-11 11:38:27,762 [INFO] Rule:233 - rule 117617 - U5Cobra4M][GTZC] default value MPCBB3 and MPCBB5 - Privileged memory - MPCBB4 is applicable
2026-05-11 11:38:27,762 [INFO] Rule:233 - rule 117617 - U5Cobra4M][GTZC] default value MPCBB3 and MPCBB5 - Not Privileged memory - MPCBB1 is applicable
2026-05-11 11:38:27,762 [INFO] Rule:233 - rule 117617 - U5Cobra4M][GTZC] default value MPCBB3 and MPCBB5 - Not Privileged memory - MPCBB2 is applicable
2026-05-11 11:38:27,762 [INFO] Rule:233 - rule 117617 - U5Cobra4M][GTZC] default value MPCBB3 and MPCBB5 - Not Privileged memory - MPCBB3 is applicable
2026-05-11 11:38:27,762 [INFO] Rule:233 - rule 117617 - U5Cobra4M][GTZC] default value MPCBB3 and MPCBB5 - Not Privileged memory - MPCBB4 is applicable
2026-05-11 11:38:27,762 [INFO] Rule:233 - rule 117617 - U5Cobra4M][GTZC] default value MPCBB3 and MPCBB5 - Privileged memory - MPCBB1 is applicable
2026-05-11 11:38:27,762 [INFO] Rule:233 - rule 117617 - U5Cobra4M][GTZC] default value MPCBB3 and MPCBB5 - Privileged memory - MPCBB2 is applicable
2026-05-11 11:38:27,762 [INFO] Rule:233 - rule 117617 - U5Cobra4M][GTZC] default value MPCBB3 and MPCBB5 - Privileged memory - MPCBB3 is applicable
2026-05-11 11:38:27,762 [INFO] Rule:233 - rule 117617 - U5Cobra4M][GTZC] default value MPCBB3 and MPCBB5 - Privileged memory - MPCBB4 is applicable
2026-05-11 11:38:27,762 [INFO] Rule:233 - rule 117617 - U5Cobra4M][GTZC] default value MPCBB3 and MPCBB5 - Privileged memory - MPCBB1 is applicable
2026-05-11 11:38:27,762 [INFO] Rule:233 - rule 117617 - U5Cobra4M][GTZC] default value MPCBB3 and MPCBB5 - Privileged memory - MPCBB2 is applicable
2026-05-11 11:38:27,762 [INFO] Rule:233 - rule 117617 - U5Cobra4M][GTZC] default value MPCBB3 and MPCBB5 - Privileged memory - MPCBB3 is applicable
2026-05-11 11:38:27,762 [INFO] Rule:233 - rule 117617 - U5Cobra4M][GTZC] default value MPCBB3 and MPCBB5 - Privileged memory - MPCBB4 is applicable
2026-05-11 11:38:27,762 [INFO] Rule:233 - rule 117617 - U5Cobra4M][GTZC] default value MPCBB3 and MPCBB5 - Not Privileged memory - MPCBB1 is applicable
2026-05-11 11:38:27,762 [INFO] Rule:233 - rule 117617 - U5Cobra4M][GTZC] default value MPCBB3 and MPCBB5 - Not Privileged memory - MPCBB2 is applicable
2026-05-11 11:38:27,762 [INFO] Rule:233 - rule 117617 - U5Cobra4M][GTZC] default value MPCBB3 and MPCBB5 - Not Privileged memory - MPCBB3 is applicable
2026-05-11 11:38:27,762 [INFO] Rule:233 - rule 117617 - U5Cobra4M][GTZC] default value MPCBB3 and MPCBB5 - Not Privileged memory - MPCBB4 is applicable
2026-05-11 11:38:27,762 [INFO] Rule:233 - rule 117617 - U5Cobra4M][GTZC] default value MPCBB3 and MPCBB5 - Privileged memory - MPCBB1 is applicable
2026-05-11 11:38:27,762 [INFO] Rule:233 - rule 117617 - U5Cobra4M][GTZC] default value MPCBB3 and MPCBB5 - Privileged memory - MPCBB2 is applicable
2026-05-11 11:38:27,762 [INFO] Rule:233 - rule 117617 - U5Cobra4M][GTZC] default value MPCBB3 and MPCBB5 - Privileged memory - MPCBB3 is applicable
2026-05-11 11:38:27,762 [INFO] Rule:233 - rule 117617 - U5Cobra4M][GTZC] default value MPCBB3 and MPCBB5 - Privileged memory - MPCBB4 is applicable
2026-05-11 11:38:27,763 [INFO] Rule:233 - rule Rename SubGHz_Phy SUBGHZ_APPLICATION SUBGHZ_PINGPONG to SUBGHZ_ADV_APPLICATION is applicable
2026-05-11 11:38:27,763 [INFO] Rule:233 - rule Rename Enabled to IBEACON is applicable
2026-05-11 11:38:27,763 [INFO] Rule:233 - rule GTZC_S instance for project manager is applicable
2026-05-11 11:38:27,763 [INFO] Rule:233 - rule GTZC_S instance for context M33S is applicable
2026-05-11 11:38:27,763 [INFO] Rule:233 - rule GTZC_S instance value for IP GTZC is applicable
2026-05-11 11:38:27,763 [INFO] Rule:233 - rule GTZC_S instance for mcu.IP is applicable
2026-05-11 11:38:27,763 [INFO] Rule:233 - rule GTZC_S instance for VP is applicable
2026-05-11 11:38:27,763 [INFO] Rule:233 - rule GTZC_S instance for signal is applicable
2026-05-11 11:38:27,763 [INFO] Rule:233 - rule GTZC_S instance for mcu.Pin is applicable
2026-05-11 11:38:27,763 [INFO] Rule:233 - rule GTZC_S instance for VP is applicable
2026-05-11 11:38:27,763 [INFO] Rule:233 - rule GTZC_S instance for signal is applicable
2026-05-11 11:38:27,763 [INFO] Rule:233 - rule GTZC_S instance for mcu is applicable
2026-05-11 11:38:27,763 [INFO] Rule:233 - rule GTZC_S instance for mcu.Pin is applicable
2026-05-11 11:38:27,763 [INFO] Rule:233 - rule GTZC_S instance value for IP GTZC is applicable
2026-05-11 11:38:27,763 [INFO] Rule:233 - rule GTZC_S instance for project manager is applicable
2026-05-11 11:38:27,763 [INFO] Rule:233 - rule GTZC_S instance for context M33S is applicable
2026-05-11 11:38:27,763 [INFO] Rule:233 - rule GTZC_S instance for VP is applicable
2026-05-11 11:38:27,763 [INFO] Rule:233 - rule GTZC_S instance for signal is applicable
2026-05-11 11:38:27,763 [INFO] Rule:233 - rule SPDIFRX instance for mcu is applicable
2026-05-11 11:38:27,763 [INFO] Rule:233 - rule Rename Tracer Mode is applicable
2026-05-11 11:38:27,763 [INFO] Rule:233 - rule SPDIFRX instance value for IP SPDIFRX is applicable
2026-05-11 11:38:27,764 [INFO] Rule:233 - rule SPDIFRX instance for signal is applicable
2026-05-11 11:38:27,764 [INFO] Rule:233 - rule SPDIFRX instance for project manager is applicable
2026-05-11 11:38:27,764 [INFO] Rule:233 - rule SPDIFRX instance for project manager is applicable
2026-05-11 11:38:27,764 [INFO] Rule:233 - rule ADC Scan  fix with FW F7 is applicable
2026-05-11 11:38:27,764 [INFO] Rule:233 - rule ADC Scan  fix with FW F7 is applicable
2026-05-11 11:38:27,764 [INFO] Rule:233 - rule DMA-DAC mode for DIE422 is applicable
2026-05-11 11:38:27,764 [INFO] Rule:233 - rule DMA-DAC mode for DIE438 is applicable
2026-05-11 11:38:27,764 [INFO] Rule:233 - rule DMA-DAC mode for DIE432 or DIE446 is applicable
2026-05-11 11:38:27,764 [INFO] Rule:233 - rule DFSDM instance value for IP DFSDM is applicable
2026-05-11 11:38:27,764 [INFO] Rule:233 - rule DFSDM instance for mcu is applicable
2026-05-11 11:38:27,764 [INFO] Rule:233 - rule DFSDM instance for VP is applicable
2026-05-11 11:38:27,764 [INFO] Rule:233 - rule DFSDM instance for signal is applicable
2026-05-11 11:38:27,764 [INFO] Rule:233 - rule DFSDM instance for shared is applicable
2026-05-11 11:38:27,764 [INFO] Rule:233 - rule BreakInputSource parameter for IP Timer is applicable
2026-05-11 11:38:27,764 [INFO] Rule:233 - rule Sourcebreak parameter for IP Timer is applicable
2026-05-11 11:38:27,764 [INFO] Rule:233 - rule Sourcebreak parameter for IP Timer is applicable
2026-05-11 11:38:27,764 [INFO] Rule:233 - rule DFSDM for PCC is applicable
2026-05-11 11:38:27,764 [INFO] Rule:233 - rule Serial_Wire Mode is applicable
2026-05-11 11:38:27,764 [INFO] Rule:233 - rule JTAG_4_pins Mode is applicable
2026-05-11 11:38:27,764 [INFO] Rule:233 - rule JTAG_5_pins Mode is applicable
2026-05-11 11:38:27,764 [INFO] Rule:233 - rule Trace_Asynchronous_SW Mode is applicable
2026-05-11 11:38:27,764 [INFO] Rule:233 - rule Trace_Synchro_1bit_JTAG Mode is applicable
2026-05-11 11:38:27,765 [INFO] Rule:233 - rule Trace_Synchro_2bits_JTAG Mode is applicable
2026-05-11 11:38:27,765 [INFO] Rule:233 - rule Trace_Synchro_4bits_JTAG Mode is applicable
2026-05-11 11:38:27,765 [INFO] Rule:233 - rule Trace_Synchro_1bit_SW Mode is applicable
2026-05-11 11:38:27,765 [INFO] Rule:233 - rule Trace_Synchro_2bits_SW Mode is applicable
2026-05-11 11:38:27,765 [INFO] Rule:233 - rule Trace_Synchro_4bits_SW Mode is applicable
2026-05-11 11:38:27,765 [INFO] Rule:233 - rule SYS_WakeUp0 Mode is applicable
2026-05-11 11:38:27,765 [INFO] Rule:233 - rule SYS_WakeUp0 Mode for STM32F446 is applicable
2026-05-11 11:38:27,765 [INFO] Rule:233 - rule SYS_WakeUp1 Mode is applicable
2026-05-11 11:38:27,765 [INFO] Rule:233 - rule SYS_WakeUp1 Mode for STM32F446 is applicable
2026-05-11 11:38:27,765 [INFO] Rule:233 - rule SYS_WakeUp2 Mode is applicable
2026-05-11 11:38:27,765 [INFO] Rule:233 - rule SYS_WakeUp3 Mode is applicable
2026-05-11 11:38:27,765 [INFO] Rule:233 - rule SYS_WakeUp4 Mode is applicable
2026-05-11 11:38:27,765 [INFO] Rule:233 - rule SYS_WakeUp5 Mode is applicable
2026-05-11 11:38:27,765 [INFO] Rule:233 - rule SYS_WakeUp6 Mode is applicable
2026-05-11 11:38:27,765 [INFO] Rule:233 - rule SYS_WakeUp7 Mode is applicable
2026-05-11 11:38:27,765 [INFO] Rule:233 - rule WakeUp0 Mode is applicable
2026-05-11 11:38:27,765 [INFO] Rule:233 - rule WakeUp0 SIGNAL is applicable
2026-05-11 11:38:27,765 [INFO] Rule:233 - rule WakeUp1 Mode is applicable
2026-05-11 11:38:27,765 [INFO] Rule:233 - rule WakeUp1 SIGNAL is applicable
2026-05-11 11:38:27,765 [INFO] Rule:233 - rule WakeUp2 Mode is applicable
2026-05-11 11:38:27,765 [INFO] Rule:233 - rule WakeUp2 SIGNAL is applicable
2026-05-11 11:38:27,765 [INFO] Rule:233 - rule WakeUp4 Mode is applicable
2026-05-11 11:38:27,766 [INFO] Rule:233 - rule WakeUp4 SIGNAL is applicable
2026-05-11 11:38:27,766 [INFO] Rule:233 - rule WakeUp5 Mode is applicable
2026-05-11 11:38:27,766 [INFO] Rule:233 - rule WakeUp5 SIGNAL is applicable
2026-05-11 11:38:27,766 [INFO] Rule:233 - rule Mode_PVD_Ext is applicable
2026-05-11 11:38:27,766 [INFO] Rule:233 - rule Mode_PVD_Int is applicable
2026-05-11 11:38:27,766 [INFO] Rule:233 - rule Add RTC Activate Clock Source is applicable
2026-05-11 11:38:27,766 [INFO] Rule:233 - rule Add RTC Activate Calendar 1 is applicable
2026-05-11 11:38:27,766 [INFO] Rule:233 - rule Add RTC Activate Calendar 2 is applicable
2026-05-11 11:38:27,766 [INFO] Rule:233 - rule Add RTC Activate Calendar 3 is applicable
2026-05-11 11:38:27,766 [INFO] Rule:233 - rule UART/USART TX Mode is applicable
2026-05-11 11:38:27,766 [INFO] Rule:233 - rule UART/USART RX Mode is applicable
2026-05-11 11:38:27,766 [INFO] Rule:233 - rule UART/USART RX TX Mode is applicable
2026-05-11 11:38:27,766 [INFO] Rule:233 - rule UART/USART PARITY NONE is applicable
2026-05-11 11:38:27,766 [INFO] Rule:233 - rule UART/USART PARITY EVEN is applicable
2026-05-11 11:38:27,766 [INFO] Rule:233 - rule UART/USART PARITY ODD is applicable
2026-05-11 11:38:27,766 [INFO] Rule:233 - rule USART StopBits 1 is applicable
2026-05-11 11:38:27,766 [INFO] Rule:233 - rule USART StopBits 2 is applicable
2026-05-11 11:38:27,766 [INFO] Rule:233 - rule USART StopBits 1.5 is applicable
2026-05-11 11:38:27,766 [INFO] Rule:233 - rule USART StopBits 0.5 is applicable
2026-05-11 11:38:27,766 [INFO] Rule:233 - rule UART/USART WORD LENGTH 7 is applicable
2026-05-11 11:38:27,766 [INFO] Rule:233 - rule UART/USART WORD LENGTH 8 is applicable
2026-05-11 11:38:27,767 [INFO] Rule:233 - rule UART/USART WORD LENGTH 9 is applicable
2026-05-11 11:38:27,767 [INFO] Rule:233 - rule Rename FMC NAND NCE signal is applicable
2026-05-11 11:38:27,767 [INFO] Rule:233 - rule Rename FMC NAND INT signal is applicable
2026-05-11 11:38:27,767 [INFO] Rule:233 - rule Change Default Value for LSE Drive Capability for WB family is applicable
2026-05-11 11:38:27,767 [INFO] Rule:233 - rule Change Default Value for ADC Clock Prescaler G0 family is applicable
2026-05-11 11:38:27,767 [INFO] Rule:233 - rule Change Default Value for ADC ExternalTrigConv L4 family is applicable
2026-05-11 11:38:27,767 [INFO] Rule:233 - rule Change Default Value for ADC ExternalTrigInjecConv L4 family is applicable
2026-05-11 11:38:27,767 [INFO] Rule:233 - rule Change Default Value for ADC ExternalTrigConv F3 family is applicable
2026-05-11 11:38:27,768 [INFO] Rule:233 - rule Change Default Value for ADC ExternalTrigInjecConv F3 family is applicable
2026-05-11 11:38:27,768 [INFO] Rule:233 - rule Change Default Value for ADC ExternalTrigConv Goldfish serie is applicable
2026-05-11 11:38:27,768 [INFO] Rule:233 - rule Change Default Value for ADC ExternalTrigInjecConv Goldfish serie is applicable
2026-05-11 11:38:27,768 [INFO] Rule:233 - rule Change Default Value for ADC ExternalTrigConv L0 family is applicable
2026-05-11 11:38:27,768 [INFO] Rule:233 - rule Change Default Value for ADC ExternalTrigConv F0 family is applicable
2026-05-11 11:38:27,768 [INFO] Rule:233 - rule Change Default Value for ADC ExternalTrigConvn L1 family is applicable
2026-05-11 11:38:27,768 [INFO] Rule:233 - rule Change Default Value for ADC ExternalTrigInjecConv L1 family is applicable
2026-05-11 11:38:27,768 [INFO] Rule:233 - rule Change Default Value for ADC ExternalTrigConv F1 family is applicable
2026-05-11 11:38:27,768 [INFO] Rule:233 - rule Change Default Value for ADC ExternalTrigInjecConv F1 family is applicable
2026-05-11 11:38:27,768 [INFO] Rule:233 - rule Change Default Value for ADC ExternalTrigConv F7 family is applicable
2026-05-11 11:38:27,768 [INFO] Rule:233 - rule Change Default Value for ADC ExternalTrigInjecConv F7 family is applicable
2026-05-11 11:38:27,768 [INFO] Rule:233 - rule Change Default Value for ADC ExternalTrigConv F4 and F2 family is applicable
2026-05-11 11:38:27,769 [INFO] Rule:233 - rule Change Default Value for ADC ExternalTrigInjecConv F4 and F2 family is applicable
2026-05-11 11:38:27,769 [INFO] Rule:233 - rule ADC SamplingTime fix with FW L0  is applicable
2026-05-11 11:38:27,769 [INFO] Rule:233 - rule ADC SamplingTime fix with FW L0  is applicable
2026-05-11 11:38:27,769 [INFO] Rule:233 - rule ADC SamplingTime fix with FW L0 is applicable
2026-05-11 11:38:27,769 [INFO] Rule:233 - rule ADC SamplingTime fix with FW L0 is applicable
2026-05-11 11:38:27,769 [INFO] Rule:233 - rule ADC SamplingTime fix with FW L0  is applicable
2026-05-11 11:38:27,769 [INFO] Rule:233 - rule ADC SamplingTime fix with FW L0 is applicable
2026-05-11 11:38:27,769 [INFO] Rule:233 - rule Rename USB_OE Signal is applicable
2026-05-11 11:38:27,769 [INFO] Rule:233 - rule Rename Activate_OE Mode is applicable
2026-05-11 11:38:27,769 [INFO] Rule:233 - rule Rename DIE462/DIE415 pin PC14/OSC32_IN -> PC14-OSC32_IN (PC14) is applicable
2026-05-11 11:38:27,769 [INFO] Rule:233 - rule Rename DIE462/DIE415 pin PC15/OSC32_OUT -> PC15-OSC32_OUT (PC15) is applicable
2026-05-11 11:38:27,769 [INFO] Rule:233 - rule Rename DIE462/DIE415 pin PH0/OSC_IN -> PH0-OSC_IN (PH0) is applicable
2026-05-11 11:38:27,769 [INFO] Rule:233 - rule Rename DIE462/DIE415 pin PH1/OSC_OUT -> PH1-OSC_OUT (PH1) is applicable
2026-05-11 11:38:27,769 [INFO] Rule:233 - rule Rename DIE462 pin PA13 -> PA13 (JTMS/SWDIO) is applicable
2026-05-11 11:38:27,769 [INFO] Rule:233 - rule Rename DIE415 pin PA13 -> PA13 (JTMS/SWDIO) is applicable
2026-05-11 11:38:27,769 [INFO] Rule:233 - rule Rename DIE462 pin PA14 -> PA14 (JTCK/SWCLK) is applicable
2026-05-11 11:38:27,769 [INFO] Rule:233 - rule Rename DIE415 pin PA14 -> PA14 (JTCK/SWCLK) is applicable
2026-05-11 11:38:27,769 [INFO] Rule:233 - rule Rename DIE462/DIE415 pin PA15 -> PA15 (JTDI) is applicable
2026-05-11 11:38:27,770 [INFO] Rule:233 - rule Rename DIE462 pin PB3 -> PB3 (JTD0/TRACESWO) is applicable
2026-05-11 11:38:27,770 [INFO] Rule:233 - rule Rename DIE415 pin PB3 -> PB3 (JTD0-TRACESWO) is applicable
2026-05-11 11:38:27,770 [INFO] Rule:233 - rule Rename DIE462/DIE415 pin PB4 -> PB4 (NJTRST) is applicable
2026-05-11 11:38:27,770 [INFO] Rule:233 - rule Rename DIE462 pin PH3/BOOT0 -> PH3-BOOT0 (BOOT0) is applicable
2026-05-11 11:38:27,770 [INFO] Rule:233 - rule Rename CRYP DataEncryptionTypesList to Algorithm is applicable
2026-05-11 11:38:27,770 [INFO] Rule:233 - rule Rename AES DataEncryptionTypesList to Algorithm is applicable
2026-05-11 11:38:27,770 [INFO] Rule:233 - rule Rename TDESECB to CRYP_TDES_ECB is applicable
2026-05-11 11:38:27,770 [INFO] Rule:233 - rule Rename TDESCBC to CRYP_TDES_CBC is applicable
2026-05-11 11:38:27,770 [INFO] Rule:233 - rule Rename DESECB to CRYP_DES_ECB is applicable
2026-05-11 11:38:27,770 [INFO] Rule:233 - rule Rename DESCBC to CRYP_DES_CBC is applicable
2026-05-11 11:38:27,770 [INFO] Rule:233 - rule Rename AESECB to CRYP_AES_ECB is applicable
2026-05-11 11:38:27,770 [INFO] Rule:233 - rule Rename AESCBC to CRYP_AES_CBC is applicable
2026-05-11 11:38:27,770 [INFO] Rule:233 - rule Rename AESCTR to CRYP_AES_CTR is applicable
2026-05-11 11:38:27,770 [INFO] Rule:233 - rule Rename AESGCM to CRYP_AES_GCM is applicable
2026-05-11 11:38:27,770 [INFO] Rule:233 - rule Rename AESCCM to CRYP_AES_CCM is applicable
2026-05-11 11:38:27,770 [INFO] Rule:233 - rule Rename CAN TimeSeg1 to BS1 is applicable
2026-05-11 11:38:27,770 [INFO] Rule:233 - rule Rename CAN TimeSeg2 to BS2 is applicable
2026-05-11 11:38:27,770 [INFO] Rule:233 - rule Rename CAN SyncJumpWidth to SJW is applicable
2026-05-11 11:38:27,770 [INFO] Rule:233 - rule TimeTriggeredMode to TTCM is applicable
2026-05-11 11:38:27,770 [INFO] Rule:233 - rule Rename CAN AutoBusOff to ABOM is applicable
2026-05-11 11:38:27,770 [INFO] Rule:233 - rule Rename CAN AutoWakeUp to AWUM is applicable
2026-05-11 11:38:27,770 [INFO] Rule:233 - rule Rename CAN AutoRetransmission to NART is applicable
2026-05-11 11:38:27,770 [INFO] Rule:233 - rule Rename CAN ReceiveFifoLocked to RFLM is applicable
2026-05-11 11:38:27,770 [INFO] Rule:233 - rule Rename CAN TransmitFifoPriority to TXFP is applicable
2026-05-11 11:38:27,770 [INFO] Rule:233 - rule Rename HRTIMER HRTIM_OUTPUTFAULTLEVEL_HIGH in HRTIMER HRTIM_OUTPUTFAULTLEVEL_HIGHZ is applicable
2026-05-11 11:38:27,770 [INFO] Rule:233 - rule Rename TIMER TIM_CLEARINPUTSOURCE_OCREFCLR in  TIMER TIM_CLEARINPUTSOURCE_NONE for F7 family is applicable
2026-05-11 11:38:27,770 [INFO] Rule:233 - rule FDCAN_R1 - Rename FDCAN mode Master into Classic is applicable
2026-05-11 11:38:27,770 [INFO] Rule:233 - rule FDCAN_R2 - Rename FDCAN mode Slave into Classic is applicable
2026-05-11 11:38:27,770 [INFO] Rule:233 - rule FDCAN1_R3 - if PA10.Mode=FullDuplex, add Pin PA12 is applicable
2026-05-11 11:38:27,770 [INFO] Rule:233 - rule FDCAN1_R3 - if PA9.Mode=FullDuplex, add Pin PA11 is applicable
2026-05-11 11:38:27,770 [INFO] Rule:233 - rule FDCAN1_R3 - Alternatepin_1 - if PE1.Mode=FullDuplex, add Pin PB9 is applicable
2026-05-11 11:38:27,771 [INFO] Rule:233 - rule FDCAN1_R3 - Alternatepin_1 - if PE0.Mode=FullDuplex, add Pin PB8 is applicable
2026-05-11 11:38:27,771 [INFO] Rule:233 - rule FDCAN1_R3 - Alternatepin_2 - if PD5.Mode=FullDuplex, add Pin PD1 is applicable
2026-05-11 11:38:27,771 [INFO] Rule:233 - rule FDCAN1_R3 - Alternatepin_2 - if PD4.Mode=FullDuplex, add Pin PD0 is applicable
2026-05-11 11:38:27,771 [INFO] Rule:233 - rule FDCAN1_R4 - Rename Mode FullDuplex into Enable FDCAN_TXFD for pin PA10 is applicable
2026-05-11 11:38:27,771 [INFO] Rule:233 - rule FDCAN1_R4 - Rename Mode FullDuplex into Enable FDCAN_TXFD for pin PA9 is applicable
2026-05-11 11:38:27,771 [INFO] Rule:233 - rule FDCAN1_R4 - Alternatepin_1 - Rename Mode FullDuplex into Enable FDCAN_TXFD for pin PE1 is applicable
2026-05-11 11:38:27,771 [INFO] Rule:233 - rule FDCAN1_R4 - Alternatepin_1 - Rename Mode FullDuplex into Enable FDCAN_TXFD for pin PE0 is applicable
2026-05-11 11:38:27,771 [INFO] Rule:233 - rule FDCAN1_R4 - Alternatepin_2 - Rename Mode FullDuplex into Enable FDCAN_TXFD for pin PD5 is applicable
2026-05-11 11:38:27,771 [INFO] Rule:233 - rule FDCAN1_R4 - Alternatepin_2 - Rename Mode FullDuplex into Enable FDCAN_TXFD for pin PD4 is applicable
2026-05-11 11:38:27,771 [INFO] Rule:233 - rule FDCAN2_R3 - if PD10.Mode=FullDuplex, add Pin PB13 is applicable
2026-05-11 11:38:27,771 [INFO] Rule:233 - rule FDCAN2_R3 - if PD9.Mode=FullDuplex, add Pin PB12 is applicable
2026-05-11 11:38:27,771 [INFO] Rule:233 - rule FDCAN2_R3 - Alternatepin_1 - if PB7.Mode=FullDuplex, add Pin PB6 is applicable
2026-05-11 11:38:27,771 [INFO] Rule:233 - rule FDCAN2_R3 - Alternatepin_1 - if PD9.Mode=FullDuplex, add Pin PB12 is applicable
2026-05-11 11:38:27,771 [INFO] Rule:233 - rule FDCAN2_R4 - Rename Mode FullDuplex into Enable FDCAN_TXFD for pin PD10 is applicable
2026-05-11 11:38:27,771 [INFO] Rule:233 - rule FDCAN2_R4 - Rename Mode FullDuplex into Enable FDCAN_TXFD for pin PD9 is applicable
2026-05-11 11:38:27,771 [INFO] Rule:233 - rule FDCAN2_R4 - Alternatepin_1 - Rename Mode FullDuplex into Enable FDCAN_TXFD for pin PB7 is applicable
2026-05-11 11:38:27,771 [INFO] Rule:233 - rule FDCAN2_R4 - Alternatepin_1 - Rename Mode FullDuplex into Enable FDCAN_TXFD for pin PD6 is applicable
2026-05-11 11:38:27,771 [INFO] Rule:233 - rule USART TxPinLevelInvertParam Mode is applicable
2026-05-11 11:38:27,771 [INFO] Rule:233 - rule USART RxPinLevelInvertParam Mode is applicable
2026-05-11 11:38:27,771 [INFO] Rule:233 - rule USART DataInvertParam Mode is applicable
2026-05-11 11:38:27,771 [INFO] Rule:233 - rule USART SwapParam Mode is applicable
2026-05-11 11:38:27,771 [INFO] Rule:233 - rule USART OverrunDisableParam Mode is applicable
2026-05-11 11:38:27,771 [INFO] Rule:233 - rule USART DMADisableonRxErrorParam Mode is applicable
2026-05-11 11:38:27,771 [INFO] Rule:233 - rule USART MSBFirstParam Mode is applicable
2026-05-11 11:38:27,771 [INFO] Rule:233 - rule Update MwName for USB_DEVICE is applicable
2026-05-11 11:38:27,771 [INFO] Rule:233 - rule Change PWR_Regulator_Voltage_Scale Default Value for RCC  H7 family is applicable
2026-05-11 11:38:27,771 [INFO] Rule:233 - rule UART/USART IPParameter rename Prescaler parameter to ClockPrescaler is applicable
2026-05-11 11:38:27,771 [INFO] Rule:233 - rule UART/USART Prescaler rename Prescaler parameter to ClockPrescaler is applicable
2026-05-11 11:38:27,771 [INFO] Rule:233 - rule TIM1CLockSelection is applicable
2026-05-11 11:38:27,771 [INFO] Rule:233 - rule TIM15CLockSelection is applicable
2026-05-11 11:38:27,771 [INFO] Rule:233 - rule align RCC SDMMC3CLockSelection default value on MP1 is applicable
2026-05-11 11:38:27,771 [INFO] Rule:233 - rule align RCC SDMMC12CLockSelection default value on MP1 is applicable
2026-05-11 11:38:27,771 [INFO] Rule:233 - rule align RCC QSPICLockSelection default value on MP1 is applicable
2026-05-11 11:38:27,771 [INFO] Rule:233 - rule align RCC QSPICLockSelection default value on MP1 is applicable
2026-05-11 11:38:27,771 [INFO] Rule:233 - rule align RCC SPI6CLockSelection default value on MP1 is applicable
2026-05-11 11:38:27,772 [INFO] Rule:233 - rule align RCC LPTIM23CLockSelection default value on MP1 is applicable
2026-05-11 11:38:27,772 [INFO] Rule:233 - rule align RCC LPTIM1CLockSelection default value on MP1 is applicable
2026-05-11 11:38:27,772 [INFO] Rule:233 - rule align RCC USART1CLockSelection default value on MP1 is applicable
2026-05-11 11:38:27,772 [INFO] Rule:233 - rule align RCC USART24CLockSelection default value on MP1 is applicable
2026-05-11 11:38:27,772 [INFO] Rule:233 - rule align RCC USART6CLockSelection default value on MP1 is applicable
2026-05-11 11:38:27,772 [INFO] Rule:233 - rule align RCC UART78CLockSelection default value on MP1 is applicable
2026-05-11 11:38:27,772 [INFO] Rule:233 - rule align RCC USART35CLockSelection default value on MP1 is applicable
2026-05-11 11:38:27,772 [INFO] Rule:233 - rule align RCC SPI45CLockSelection default value on MP1 is applicable
2026-05-11 11:38:27,772 [INFO] Rule:233 - rule align RCC I2C46CLockSelection BCLK value on MP1 is applicable
2026-05-11 11:38:27,772 [INFO] Rule:233 - rule align RCC SPI45CLockSelection default value on MP1 is applicable
2026-05-11 11:38:27,772 [INFO] Rule:233 - rule align RCC I2C12CLockSelection default value on MP1 is applicable
2026-05-11 11:38:27,772 [INFO] Rule:233 - rule align RCC I2C35CLockSelection default value on MP1 is applicable
2026-05-11 11:38:27,772 [INFO] Rule:233 - rule align RCC LPTIM45CLockSelection default value on MP1 is applicable
2026-05-11 11:38:27,772 [INFO] Rule:233 - rule Rename DCMI PIXCK signal is applicable
2026-05-11 11:38:27,772 [INFO] Rule:233 - rule Change Default Value for I2C46CLockSelection MP1 family is applicable
2026-05-11 11:38:27,772 [INFO] Rule:233 - rule Change Default Value for UART for G4, G0 and WB families is applicable
2026-05-11 11:38:27,772 [INFO] Rule:233 - rule Change Default Value for USART for G4, G0 and WB families is applicable
2026-05-11 11:38:27,772 [INFO] Rule:233 - rule Change Default Value for USART for G4 family is applicable
2026-05-11 11:38:27,772 [INFO] Rule:233 - rule Change USART1CLockSelection refparam name for MP1 is applicable
2026-05-11 11:38:27,772 [INFO] Rule:233 - rule Change USART2CLockSelection refparam name for MP1 is applicable
2026-05-11 11:38:27,772 [INFO] Rule:233 - rule Change USART3CLockSelection refparam name for MP1 is applicable
2026-05-11 11:38:27,772 [INFO] Rule:233 - rule Change UART4CLockSelection refparam name for MP1 is applicable
2026-05-11 11:38:27,772 [INFO] Rule:233 - rule Change UART5CLockSelection refparam name for MP1 is applicable
2026-05-11 11:38:27,772 [INFO] Rule:233 - rule Change LPUART1CLockSelection refparam name for MP1 is applicable
2026-05-11 11:38:27,772 [INFO] Rule:233 - rule Change LPTIM1CLockSelection refparam name for MP1 is applicable
2026-05-11 11:38:27,772 [INFO] Rule:233 - rule Change LPTIM2CLockSelection refparam name for MP1 is applicable
2026-05-11 11:38:27,772 [INFO] Rule:233 - rule Change RCC_MCO1Source refparam name for MP1 is applicable
2026-05-11 11:38:27,772 [INFO] Rule:233 - rule Change LSCOSource1 refparam name for MP1 is applicable
2026-05-11 11:38:27,772 [INFO] Rule:233 - rule Change SMPSCLockSelection refparam name for MP1 is applicable
2026-05-11 11:38:27,772 [INFO] Rule:233 - rule Change LPTIM3CLockSelection refparam name for MP1 is applicable
2026-05-11 11:38:27,772 [INFO] Rule:233 - rule Change MPCBB* Default Template Mode to Parameters is applicable
2026-05-11 11:38:27,772 [INFO] Rule:233 - rule Change MPCWM* or MPCBB* Secure Mode to Parameters is applicable
2026-05-11 11:38:27,772 [INFO] Rule:233 - rule Change MPCWM* or MPCBB* No Secure Mode to Parameters is applicable
2026-05-11 11:38:27,772 [INFO] Rule:233 - rule Change TZSC IP Secure Mode to Parameters is applicable
2026-05-11 11:38:27,773 [INFO] Rule:233 - rule Change TZSC IP No Secure Mode to Parameters is applicable
2026-05-11 11:38:27,773 [INFO] Rule:233 - rule Change TZSC IP Privilege Mode to Parameters is applicable
2026-05-11 11:38:27,773 [INFO] Rule:233 - rule Change TZSC IP No Privilege Mode to Parameters is applicable
2026-05-11 11:38:27,773 [INFO] Rule:233 - rule Change TZIC IT Secure Mode to Parameters is applicable
2026-05-11 11:38:27,773 [INFO] Rule:233 - rule Change TZIC IT No Secure Mode to Parameters is applicable
2026-05-11 11:38:27,773 [INFO] Rule:233 - rule Add MPCBB1_NonSecureArea_Start_Address value with referenced to MPCBB1_NonSecureArea_Start value is applicable
2026-05-11 11:38:27,773 [INFO] Rule:233 - rule Add MPCBB2_NonSecureArea_Start_Address value with referenced to MPCBB2_NonSecureArea_Start value is applicable
2026-05-11 11:38:27,773 [INFO] Rule:233 - rule Add MPCWM1_NonSecureArea*_Start_Address value with referenced to MPCWM1_NonSecureArea*_Start value is applicable
2026-05-11 11:38:27,773 [INFO] Rule:233 - rule Add MPCWM2_NonSecureArea*_Start_Address value with referenced to MPCWM2_NonSecureArea*_Start value is applicable
2026-05-11 11:38:27,773 [INFO] Rule:233 - rule Add MPCWM3_NonSecureArea_Start_Address value with referenced to MPCWM3_NonSecureArea_Start value is applicable
2026-05-11 11:38:27,773 [INFO] Rule:233 - rule Change Default Value for PLL1UserDefinedConfig is applicable
2026-05-11 11:38:27,773 [INFO] Rule:233 - rule Change GPIO_PuPd Default Value for USART in async mode is applicable
2026-05-11 11:38:27,773 [INFO] Rule:233 - rule Change SMPSDivider Default Value is applicable
2026-05-11 11:38:27,773 [INFO] Rule:233 - rule OPAMP is applicable
2026-05-11 11:38:27,773 [INFO] Rule:233 - rule LPUART IPParameter rename Prescaler parameter to ClockPrescaler for STM32H7 is applicable
2026-05-11 11:38:27,773 [INFO] Rule:233 - rule LPUART IPParameter rename Prescaler parameter to ClockPrescaler for STM32H7 is applicable
2026-05-11 11:38:27,773 [INFO] Rule:233 - rule LPUART IPParameter rename Prescaler parameter to ClockPrescaler for STM32WB is applicable
2026-05-11 11:38:27,773 [INFO] Rule:233 - rule LPUART IPParameter rename Prescaler parameter to ClockPrescaler for STM32WB is applicable
2026-05-11 11:38:27,773 [INFO] Rule:233 - rule LPUART IPParameter rename Prescaler parameter to ClockPrescaler for STM32G4 is applicable
2026-05-11 11:38:27,773 [INFO] Rule:233 - rule LPUART IPParameter rename Prescaler parameter to ClockPrescaler for STM32G4 is applicable
2026-05-11 11:38:27,773 [INFO] Rule:233 - rule LPUART IPParameter rename Prescaler parameter to ClockPrescaler for STM32L5 is applicable
2026-05-11 11:38:27,773 [INFO] Rule:233 - rule LPUART IPParameter rename Prescaler parameter to ClockPrescaler for STM32L5 is applicable
2026-05-11 11:38:27,773 [INFO] Rule:233 - rule LPUART IPParameter rename Prescaler parameter to ClockPrescaler for STM32G4 is applicable
2026-05-11 11:38:27,773 [INFO] Rule:233 - rule LPUART IPParameter rename Prescaler parameter to ClockPrescaler for STM32G4 is applicable
2026-05-11 11:38:27,773 [INFO] Rule:233 - rule USB device lib V2.5.3 for L0 rename USBD_SUPPORT_USER_STRING parameter to USBD_SUPPORT_USER_STRING_DESC4 is applicable
2026-05-11 11:38:27,773 [INFO] Rule:233 - rule I2SCLockSelection clock entry align is applicable
2026-05-11 11:38:27,773 [INFO] Rule:233 - rule Assign TIMx context if used as SYS timebase is applicable
2026-05-11 11:38:27,773 [INFO] Rule:233 - rule Change GPIO_Pu Default Value for I2C is applicable
2026-05-11 11:38:27,773 [INFO] Rule:233 - rule Change GPIO_Pu Default Value for SMBus is applicable
2026-05-11 11:38:27,773 [INFO] Rule:233 - rule change FDCAN default value is applicable
2026-05-11 11:38:27,774 [INFO] Rule:233 - rule Change mode sai is applicable
2026-05-11 11:38:27,774 [INFO] Rule:233 - rule **Change sai mode is applicable
2026-05-11 11:38:27,774 [INFO] Rule:233 - rule Rename STM32WPAN CFG_BLE_IRK to CFG_BLE_IR is applicable
2026-05-11 11:38:27,774 [INFO] Rule:233 - rule Rename STM32WPAN CFG_BLE_ERK to CFG_BLE_ER is applicable
2026-05-11 11:38:27,774 [INFO] Rule:233 - rule Rename STM32WPAN CFG_BLE_IRK_HEX to CFG_BLE_IR_HEX is applicable
2026-05-11 11:38:27,774 [INFO] Rule:233 - rule Rename STM32WPAN CFG_BLE_ERK_HEX to CFG_BLE_ER_HEX is applicable
2026-05-11 11:38:27,774 [INFO] Rule:233 - rule Adapt Old IOC before rework replace old CORTEX_M33/CORTEX_M55 attributes by the new one. is applicable
2026-05-11 11:38:27,774 [INFO] Rule:233 - rule Rename parametre of RCC RCC_APBDBG_DIV2 to RCC_TIMPRES_DIV2 is applicable
2026-05-11 11:38:27,774 [INFO] Rule:233 - rule Rename DIE493 pin PA10 [PA12] -> PA10 is applicable
2026-05-11 11:38:27,774 [INFO] Rule:233 - rule Rename DIE493 pin PA9 [PA11] -> PA9 is applicable
2026-05-11 11:38:27,774 [INFO] Rule:233 - rule Rename DIE492 PartNumber CPN STM32WBA5MJGHx -> STM32WBA5MMGHx is applicable
2026-05-11 11:38:27,774 [INFO] Rule:233 - rule Rename DIE492 PartNumber  Name STM32WBA5MJGHx -> STM32WBA5MMGHx is applicable
2026-05-11 11:38:27,774 [INFO] Rule:233 - rule Rename DIE492 PartNumber UserName STM32WBA5MJGHx -> STM32WBA5MMGHx is applicable
2026-05-11 11:38:27,774 [INFO] Rule:233 - rule Rename DIE492 PartNumber DeviceId STM32WBA5MJGHx -> STM32WBA5MMGHx is applicable
2026-05-11 11:38:27,774 [INFO] Rule:233 - rule Adapt Old IOC CSI. is applicable
2026-05-11 11:38:27,774 [INFO] Rule:233 - rule Adapt Old IOC DCMIPP. is applicable
2026-05-11 11:38:27,774 [INFO] Rule:233 - rule Adapt Old IOC DCMIPP Mode Parallel. is applicable
2026-05-11 11:38:27,774 [INFO] Rule:233 - rule Adapt Old IOC LTDC. is applicable
2026-05-11 11:38:27,774 [INFO] Rule:233 - rule Rename STM32MP2 RIF Peripheral LTDC RIF.RISUP.LTDC_L0L1.Privilege -> RIF.RISUP.LTDC_L1L2.Privilege is applicable
2026-05-11 11:38:27,774 [INFO] Rule:233 - rule Rename STM32MP2 RIF Peripheral LTDC RIF.RISUP.LTDC_L0L1.Privilege -> RIF.RISUP.LTDC_L1L2.Privilege is applicable
2026-05-11 11:38:27,774 [INFO] Rule:233 - rule Rename STM32MP2 RIF Peripheral LTDC RIF.RISUP.LTDC_L0L1.Lock -> RIF.RISUP.LTDC_L1L2.Lock is applicable
2026-05-11 11:38:27,774 [INFO] Rule:233 - rule Rename STM32MP2 RIF Peripheral LTDC RIF.RISUP.LTDC_L2.Lock -> RIF.RISUP.LTDC_L3.Lock is applicable
2026-05-11 11:38:27,774 [INFO] Rule:233 - rule Adapt the old IOC example for updating the SYS when it is misconfigured. is applicable
2026-05-11 11:38:27,774 [INFO] Rule:233 - rule Rename STM32C09 Mcu.Package LQFP64 -> LQFP48 is applicable
2026-05-11 11:38:27,774 [INFO] Rule:233 - rule Adapt the old IOC example for updating the SYS when it is misconfigured. is applicable
2026-05-11 11:38:27,774 [INFO] Rule:233 - rule Adapt the old IOC example for updating the SYS when it is misconfigured. is applicable
2026-05-11 11:38:27,841 [INFO] DbConfProperties:307 - Apply Compatibility (81/316 Rules)
2026-05-11 11:38:29,141 [INFO] ImportTextPane:234 - (OptionalMessage_ERROR) Unable to find key (Mcu.ThirdPartyNb) in loaded IOC file
2026-05-11 11:38:29,142 [INFO] ImportTextPane:234 - (OptionalMessage_WARN) Unknown mode (NSS_Signal_Hard) for pin (PB12)
2026-05-11 11:38:29,143 [INFO] ImportTextPane:234 - (OptionalMessage_WARN) Unknown mode (NSS_Signal_Hard) for pin (PA15)
2026-05-11 11:38:29,143 [INFO] ImportTextPane:234 - (OptionalMessage_ERROR) Pin33 (VP_RIF_VS_RIF1) cannot be retrieved for this MCU
2026-05-11 11:38:29,170 [INFO] ImportTextPane:234 - (OptionalMessage_INFO) Successful Mode recovery for pin (PB12) with mode (Hardware NSS Input Signal)
2026-05-11 11:38:29,198 [INFO] ImportTextPane:234 - (OptionalMessage_INFO) Successful Mode recovery for pin (PA15) with mode (Hardware NSS Input Signal)
2026-05-11 11:38:29,347 [INFO] RtosManager:558 - Registered RTOS mode: class=CMSIS, group=RTOS, mode=CMSIS_V1, owner=FREERTOS
2026-05-11 11:38:29,347 [INFO] RtosManager:558 - Registered RTOS mode: class=CMSIS, group=RTOS2, mode=CMSIS_V2, owner=FREERTOS
2026-05-11 11:38:29,347 [INFO] RtosManager:558 - Registered RTOS mode: class=RTOS, group=Core, mode=CMSIS_V1, owner=FREERTOS
2026-05-11 11:38:29,347 [INFO] RtosManager:558 - Registered RTOS mode: class=RTOS, group=Core, mode=CMSIS_V2, owner=FREERTOS
2026-05-11 11:38:29,347 [WARN] ModelIntegratedComponent:184 - Missing modes for component STMicroelectronics:FreeRTOS:0.0.1:STMicroelectronics:RTOS:FreeRTOS:Core:::10.2.0:
2026-05-11 11:38:29,355 [WARN] ModelIntegratedComponent:63 - No mode defined for component null
2026-05-11 11:38:29,355 [WARN] ModelIntegratedComponent:63 - No mode defined for component null
2026-05-11 11:38:29,356 [WARN] ModelIntegratedComponent:63 - No mode defined for component null
2026-05-11 11:38:29,356 [WARN] ModelIntegratedComponent:63 - No mode defined for component null
2026-05-11 11:38:29,356 [WARN] ModelIntegratedComponent:63 - No mode defined for component null
2026-05-11 11:38:29,356 [WARN] ModelIntegratedComponent:63 - No mode defined for component null
2026-05-11 11:38:29,356 [WARN] ModelIntegratedComponent:63 - No mode defined for component null
2026-05-11 11:38:29,356 [WARN] ModelIntegratedComponent:63 - No mode defined for component null
2026-05-11 11:38:29,356 [WARN] ModelIntegratedComponent:63 - No mode defined for component null
2026-05-11 11:38:29,356 [WARN] ModelIntegratedComponent:63 - No mode defined for component null
2026-05-11 11:38:29,356 [WARN] ModelIntegratedComponent:63 - No mode defined for component null
2026-05-11 11:38:29,356 [WARN] ModelIntegratedComponent:63 - No mode defined for component null
2026-05-11 11:38:29,356 [WARN] ModelIntegratedComponent:63 - No mode defined for component null
2026-05-11 11:38:29,356 [WARN] ModelIntegratedComponent:63 - No mode defined for component null
2026-05-11 11:38:29,356 [WARN] ModelIntegratedComponent:63 - No mode defined for component null
2026-05-11 11:38:29,356 [WARN] ModelIntegratedComponent:63 - No mode defined for component null
2026-05-11 11:38:29,356 [WARN] ModelIntegratedComponent:63 - No mode defined for component null
2026-05-11 11:38:29,356 [WARN] ModelIntegratedComponent:63 - No mode defined for component null
2026-05-11 11:38:29,356 [WARN] ModelIntegratedComponent:63 - No mode defined for component null
2026-05-11 11:38:29,356 [WARN] ModelIntegratedComponent:63 - No mode defined for component null
2026-05-11 11:38:29,356 [WARN] ModelIntegratedComponent:63 - No mode defined for component null
2026-05-11 11:38:29,356 [WARN] ModelIntegratedComponent:63 - No mode defined for component null
2026-05-11 11:38:29,356 [WARN] ModelIntegratedComponent:63 - No mode defined for component null
2026-05-11 11:38:29,357 [WARN] ModelIntegratedComponent:63 - No mode defined for component null
2026-05-11 11:38:29,357 [WARN] ModelIntegratedComponent:63 - No mode defined for component null
2026-05-11 11:38:29,357 [WARN] ModelIntegratedComponent:63 - No mode defined for component null
2026-05-11 11:38:29,357 [WARN] ModelIntegratedComponent:63 - No mode defined for component null
2026-05-11 11:38:29,357 [WARN] ModelIntegratedComponent:63 - No mode defined for component null
2026-05-11 11:38:29,357 [WARN] ModelIntegratedComponent:63 - No mode defined for component null
2026-05-11 11:38:29,357 [WARN] ModelIntegratedComponent:63 - No mode defined for component null
2026-05-11 11:38:29,357 [WARN] ModelIntegratedComponent:63 - No mode defined for component null
2026-05-11 11:38:29,357 [WARN] ModelIntegratedComponent:63 - No mode defined for component null
2026-05-11 11:38:29,357 [WARN] ModelIntegratedComponent:63 - No mode defined for component null
2026-05-11 11:38:29,357 [WARN] ModelIntegratedComponent:63 - No mode defined for component null
2026-05-11 11:38:29,357 [WARN] ModelIntegratedComponent:63 - No mode defined for component null
2026-05-11 11:38:29,357 [WARN] ModelPack:524 - Component already loaded: STMicroelectronics:HAL Drivers:0.0.0:STMicroelectronics:Device:STMicro_Driver:XSPI:HAL::0.0.1:HAL_XSPI
2026-05-11 11:38:29,448 [INFO] ThirdPartyModel:298 - Start build external matchings
2026-05-11 11:38:30,024 [INFO] ThirdPartyModel:316 - End build external matchings
2026-05-11 11:38:30,039 [INFO] ImportTextPane:234 - (OptionalMessage_ERROR) IP (RCC) : Invalid parameter (FamilyName)
2026-05-11 11:38:30,039 [INFO] ImportTextPane:234 - (OptionalMessage_ERROR) IP (RCC) : Parameter (RTCHSEDivFreq_Value) has invalid value (4000000)
2026-05-11 11:38:30,039 [INFO] ImportTextPane:234 - (OptionalMessage_ERROR) IP (RCC) : Invalid parameter (PWRFreq_Value)
2026-05-11 11:38:30,039 [INFO] ImportTextPane:234 - (OptionalMessage_ERROR) IP (RCC) : Invalid parameter (TIMFreq_Value)
2026-05-11 11:38:30,182 [INFO] UtilMem:75 - End LoadConfig() Used Memory: 909873904 Bytes (1073741824)
2026-05-11 11:38:30,359 [WARN] ThirdParty:833 - waiting for thirdparty lock release [change project]
2026-05-11 11:38:30,359 [INFO] ThirdParty:835 - entering critical section [change project]
2026-05-11 11:38:30,359 [INFO] ThirdParty:1030 - CMSIS Pack Vendor :STMicroelectronics X-CUBE-AZRTOS-H7 3.5.0
2026-05-11 11:38:30,359 [INFO] ThirdParty:1030 - CMSIS Pack Vendor :STMicroelectronics X-CUBE-PM33A1 1.0.0
2026-05-11 11:38:30,359 [INFO] ThirdParty:1030 - CMSIS Pack Vendor :STMicroelectronics USBPD 4.1
2026-05-11 11:38:30,360 [INFO] ThirdParty:1030 - CMSIS Pack Vendor :STMicroelectronics X-CUBE-NFC9 1.0.0
2026-05-11 11:38:30,360 [INFO] ThirdParty:1030 - CMSIS Pack Vendor :STMicroelectronics USB_HOST 2.0.0
2026-05-11 11:38:30,360 [INFO] ThirdParty:1030 - CMSIS Pack Vendor :STMicroelectronics X-CUBE-AZRTOS-F4 1.1.0
2026-05-11 11:38:30,360 [INFO] ThirdParty:1030 - CMSIS Pack Vendor :STMicroelectronics LIBJPEG 8.0.0
2026-05-11 11:38:30,360 [INFO] ThirdParty:1030 - CMSIS Pack Vendor :STMicroelectronics FP-ATR-ASTRA1 2.0.2
2026-05-11 11:38:30,360 [INFO] ThirdParty:1030 - CMSIS Pack Vendor :STMicroelectronics X-CUBE-BLE1 7.1.0
2026-05-11 11:38:30,360 [INFO] ThirdParty:1030 - CMSIS Pack Vendor :STMicroelectronics X-CUBE-SMBUS 2.1.0
2026-05-11 11:38:30,360 [INFO] ThirdParty:1030 - CMSIS Pack Vendor :wolfSSL I-CUBE-wolfMQTT 1.19.2
2026-05-11 11:38:30,360 [INFO] ThirdParty:1030 - CMSIS Pack Vendor :STMicroelectronics USB_DEVICE 3.0.0
2026-05-11 11:38:30,360 [INFO] ThirdParty:1030 - CMSIS Pack Vendor :STMicroelectronics X-CUBE-ISPU 2.1.0
2026-05-11 11:38:30,360 [INFO] ThirdParty:1030 - CMSIS Pack Vendor :STMicroelectronics X-CUBE-EEPRMA1 5.2.0
2026-05-11 11:38:30,360 [INFO] ThirdParty:1030 - CMSIS Pack Vendor :STMicroelectronics X-CUBE-IPS 3.2.0
2026-05-11 11:38:30,360 [INFO] ThirdParty:1030 - CMSIS Pack Vendor :STMicroelectronics X-CUBE-BLEMGR 4.1.0
2026-05-11 11:38:30,360 [INFO] ThirdParty:1030 - CMSIS Pack Vendor :STMicroelectronics eDS-WB_DPC_TT-BIDIR 2.1.1
2026-05-11 11:38:30,360 [INFO] ThirdParty:1030 - CMSIS Pack Vendor :STMicroelectronics X-CUBE-AZRTOS-WB 2.0.0
2026-05-11 11:38:30,360 [INFO] ThirdParty:1030 - CMSIS Pack Vendor :wolfSSL I-CUBE-wolfSSL 5.8.4
2026-05-11 11:38:30,360 [INFO] ThirdParty:1030 - CMSIS Pack Vendor :Cesanta I-CUBE-Mongoose 7.20.0
2026-05-11 11:38:30,360 [INFO] ThirdParty:1030 - CMSIS Pack Vendor :STMicroelectronics X-CUBE-NFC12 1.0.0
2026-05-11 11:38:30,360 [INFO] ThirdParty:1030 - CMSIS Pack Vendor :STMicroelectronics X-CUBE-AZRTOS-F7 1.1.0
2026-05-11 11:38:30,360 [INFO] ThirdParty:1030 - CMSIS Pack Vendor :STMicroelectronics X-CUBE-AZRTOS-L5 2.0.0
2026-05-11 11:38:30,360 [INFO] ThirdParty:1030 - CMSIS Pack Vendor :STMicroelectronics USB_DEVICE 2.0.0
2026-05-11 11:38:30,360 [INFO] ThirdParty:1030 - CMSIS Pack Vendor :STMicroelectronics FP-SNS-STAIOTCFT 1.1.0
2026-05-11 11:38:30,360 [INFO] ThirdParty:1030 - CMSIS Pack Vendor :quantropi X-CUBE-qispace-sdk-base 2.1.0
2026-05-11 11:38:30,360 [INFO] ThirdParty:1030 - CMSIS Pack Vendor :STMicroelectronics X-CUBE-MEMS1 12.0.0
2026-05-11 11:38:30,360 [INFO] ThirdParty:1030 - CMSIS Pack Vendor :STMicroelectronics X-CUBE-STSE01 2.0.0
2026-05-11 11:38:30,360 [INFO] ThirdParty:1030 - CMSIS Pack Vendor :STMicroelectronics FP-SNS-MOTENV1 5.1.0
2026-05-11 11:38:30,360 [INFO] ThirdParty:1030 - CMSIS Pack Vendor :STMicroelectronics FreeRTOS 0.0.1
2026-05-11 11:38:30,360 [INFO] ThirdParty:1030 - CMSIS Pack Vendor :STMicroelectronics X-CUBE-AZRTOS-G0 1.1.0
2026-05-11 11:38:30,360 [INFO] ThirdParty:1030 - CMSIS Pack Vendor :STMicroelectronics X-CUBE-NFC4 3.0.0
2026-05-11 11:38:30,360 [INFO] ThirdParty:1030 - CMSIS Pack Vendor :STMicroelectronics X-CUBE-SUBG2 5.0.0
2026-05-11 11:38:30,360 [INFO] ThirdParty:1030 - CMSIS Pack Vendor :STMicroelectronics STM32_WPAN 1.0.0
2026-05-11 11:38:30,360 [INFO] ThirdParty:1030 - CMSIS Pack Vendor :STMicroelectronics eDS-WB_DPC_VIENNA 1.2.0
2026-05-11 11:38:30,360 [INFO] ThirdParty:1030 - CMSIS Pack Vendor :EmbeddedOffice I-CUBE-FS-RTOS 1.0.1
2026-05-11 11:38:30,360 [INFO] ThirdParty:1030 - CMSIS Pack Vendor :STMicroelectronics lwIP 2.0.3
2026-05-11 11:38:30,360 [INFO] ThirdParty:1030 - CMSIS Pack Vendor :WES I-CUBE-Cesium 1.4.0
2026-05-11 11:38:30,360 [INFO] ThirdParty:1030 - CMSIS Pack Vendor :STMicroelectronics eDS-WB_DPC_3PH2L-BIDIR 1.1.1
2026-05-11 11:38:30,360 [INFO] ThirdParty:1030 - CMSIS Pack Vendor :STMicroelectronics USB_HOST 1.0.0
2026-05-11 11:38:30,360 [INFO] ThirdParty:1030 - CMSIS Pack Vendor :STMicroelectronics X-CUBE-AZRTOS-G4 2.0.0
2026-05-11 11:38:30,360 [INFO] ThirdParty:1030 - CMSIS Pack Vendor :STMicroelectronics X-CUBE-WB05N 2.0.0
2026-05-11 11:38:30,360 [INFO] ThirdParty:1030 - CMSIS Pack Vendor :STMicroelectronics PDM2PCM 3.1.0
2026-05-11 11:38:30,360 [INFO] ThirdParty:1030 - CMSIS Pack Vendor :STMicroelectronics PDM2PCM 3.3.0
2026-05-11 11:38:30,360 [INFO] ThirdParty:1030 - CMSIS Pack Vendor :wolfSSL I-CUBE-wolfTPM 3.8.0
2026-05-11 11:38:30,360 [INFO] ThirdParty:1030 - CMSIS Pack Vendor :STMicroelectronics X-CUBE-DISPLAY 3.0.0
2026-05-11 11:38:30,360 [INFO] ThirdParty:1030 - CMSIS Pack Vendor :wolfSSL I-CUBE-wolfSSH 1.4.20
2026-05-11 11:38:30,360 [INFO] ThirdParty:1030 - CMSIS Pack Vendor :STMicroelectronics X-CUBE-NFC7 2.0.0
2026-05-11 11:38:30,360 [INFO] ThirdParty:1030 - CMSIS Pack Vendor :STMicroelectronics X-CUBE-GNSS1 7.1.1
2026-05-11 11:38:30,360 [INFO] ThirdParty:1030 - CMSIS Pack Vendor :STMicroelectronics FP-SNS-MOTENVWB1 1.5.0
2026-05-11 11:38:30,360 [INFO] ThirdParty:1030 - CMSIS Pack Vendor :STMicroelectronics X-CUBE-TCPP 4.2.0
2026-05-11 11:38:30,360 [INFO] ThirdParty:1030 - CMSIS Pack Vendor :RealThread X-CUBE-RT-Thread_Nano 4.1.1
2026-05-11 11:38:30,360 [INFO] ThirdParty:1030 - CMSIS Pack Vendor :STMicroelectronics FP-ATR-SIGFOX1 3.2.0
2026-05-11 11:38:30,360 [INFO] ThirdParty:1030 - CMSIS Pack Vendor :STMicroelectronics X-CUBE-NFC10 1.0.0
2026-05-11 11:38:30,360 [INFO] ThirdParty:1030 - CMSIS Pack Vendor :STMicroelectronics HAL Drivers 0.0.0
2026-05-11 11:38:30,360 [INFO] ThirdParty:1030 - CMSIS Pack Vendor :STMicroelectronics X-CUBE-FREERTOS 1.5.0
2026-05-11 11:38:30,360 [INFO] ThirdParty:1030 - CMSIS Pack Vendor :STMicroelectronics MBEDTLS 2.16.2
2026-05-11 11:38:30,360 [INFO] ThirdParty:1030 - CMSIS Pack Vendor :STMicroelectronics X-CUBE-ST60 1.1.0
2026-05-11 11:38:30,360 [INFO] ThirdParty:1030 - CMSIS Pack Vendor :STMicroelectronics X-CUBE-ALS 1.0.2
2026-05-11 11:38:30,360 [INFO] ThirdParty:1030 - CMSIS Pack Vendor :emotas I-CUBE-CANOPEN 1.3.0
2026-05-11 11:38:30,360 [INFO] ThirdParty:1030 - CMSIS Pack Vendor :STMicroelectronics MBEDTLS 2.14.1
2026-05-11 11:38:30,360 [INFO] ThirdParty:1030 - CMSIS Pack Vendor :STMicroelectronics X-CUBE-GNSS1 7.1.0
2026-05-11 11:38:30,360 [INFO] ThirdParty:1030 - CMSIS Pack Vendor :ITTIA_DB I-CUBE-ITTIADB 8.9.0
2026-05-11 11:38:30,360 [INFO] ThirdParty:1030 - CMSIS Pack Vendor :STMicroelectronics X-CUBE-TOUCHGFX 4.26.1
2026-05-11 11:38:30,361 [INFO] ThirdParty:1030 - CMSIS Pack Vendor :STMicroelectronics X-CUBE-NFC6 3.2.0
2026-05-11 11:38:30,361 [INFO] ThirdParty:1030 - CMSIS Pack Vendor :STMicroelectronics FP-SNS-STBOX1 2.1.0
2026-05-11 11:38:30,361 [INFO] ThirdParty:1030 - CMSIS Pack Vendor :STMicroelectronics X-CUBE-AI 10.2.0
2026-05-11 11:38:30,361 [INFO] ThirdParty:1030 - CMSIS Pack Vendor :STMicroelectronics FP-SNS-STAIOTCFT 1.0.0
2026-05-11 11:38:30,361 [INFO] ThirdParty:1030 - CMSIS Pack Vendor :STMicroelectronics ThreadX 1.0.0
2026-05-11 11:38:30,361 [INFO] ThirdParty:1030 - CMSIS Pack Vendor :STMicroelectronics FP-SNS-SMARTAG2 1.2.0
2026-05-11 11:38:30,361 [INFO] ThirdParty:1030 - CMSIS Pack Vendor :STMicroelectronics X-CUBE-MEMS1 12.1.0
2026-05-11 11:38:30,361 [INFO] ThirdParty:1030 - CMSIS Pack Vendor :STMicroelectronics FP-SNS-FLIGHT1 5.1.0
2026-05-11 11:38:30,361 [INFO] ThirdParty:1030 - CMSIS Pack Vendor :STMicroelectronics X-CUBE-AZRTOS-WL 2.0.0
2026-05-11 11:38:30,361 [INFO] ThirdParty:1030 - CMSIS Pack Vendor :SEGGER I-CUBE-embOS 1.3.1
2026-05-11 11:38:30,361 [INFO] ThirdParty:1030 - CMSIS Pack Vendor :STMicroelectronics X-CUBE-ALGOBUILD 1.4.0
2026-05-11 11:38:30,361 [INFO] ThirdParty:1030 - CMSIS Pack Vendor :STMicroelectronics X-CUBE-DPower 1.3.0
2026-05-11 11:38:30,361 [INFO] ThirdParty:1030 - CMSIS Pack Vendor :STMicroelectronics USB_DEVICE 1.0.0
2026-05-11 11:38:30,361 [INFO] ThirdParty:1030 - CMSIS Pack Vendor :STMicroelectronics X-CUBE-AZRTOS-H7RS 1.2.0
2026-05-11 11:38:30,361 [INFO] ThirdParty:1030 - CMSIS Pack Vendor :STMicroelectronics X-CUBE-AZRTOS-L4 2.0.0
2026-05-11 11:38:30,361 [INFO] ThirdParty:1030 - CMSIS Pack Vendor :STMicroelectronics ThreadX 0.0.2
2026-05-11 11:38:30,361 [INFO] ThirdParty:1030 - CMSIS Pack Vendor :STMicroelectronics lwIP 2.1.2
2026-05-11 11:38:30,361 [INFO] ThirdParty:1030 - CMSIS Pack Vendor :STMicroelectronics X-CUBE-SFXS2LP1 4.0.0
2026-05-11 11:38:30,361 [INFO] ThirdParty:1030 - CMSIS Pack Vendor :STMicroelectronics X-CUBE-BLE2 3.3.0
2026-05-11 11:38:30,361 [INFO] ThirdParty:1030 - CMSIS Pack Vendor :Avnet-IOTCONNECT X-CUBE-iotc-st67-sdk 1.0.0
2026-05-11 11:38:30,361 [INFO] ThirdParty:1030 - CMSIS Pack Vendor :STMicroelectronics X-CUBE-TOF1 3.4.3
2026-05-11 11:38:30,361 [INFO] ThirdParty:1030 - CMSIS Pack Vendor :Infineon AIROC-Wi-Fi-Bluetooth-STM32 1.8.0
2026-05-11 11:38:30,361 [INFO] ThirdParty:1030 - CMSIS Pack Vendor :STMicroelectronics PDM2PCM 3.2.0
2026-05-11 11:38:30,361 [INFO] ThirdParty:1030 - CMSIS Pack Vendor :STMicroelectronics X-CUBE-WB05N 2.1.0
2026-05-11 11:38:30,361 [INFO] ThirdParty:1030 - CMSIS Pack Vendor :STMicroelectronics X-CUBE-ST67W61 1.2.0
2026-05-11 11:38:30,361 [INFO] ThirdParty:841 - exiting critical section [change project]
2026-05-11 11:38:30,494 [INFO] PinOutPanel:1589 - setPackage(No Configuration,No Configuration)
2026-05-11 11:38:30,495 [INFO] PinOutPanel:1589 - setPackage(STM32L053C8Tx,LQFP48)
2026-05-11 11:38:30,691 [INFO] UtilMem:75 - Before build in PCC Used Memory: 955611736 Bytes (1073741824)
2026-05-11 11:38:30,990 [INFO] UtilMem:75 - After build in PCC Used Memory: 1008040536 Bytes (1073741824)
2026-05-11 11:38:31,017 [INFO] IPUIPlugin:80 - create IPUIPlugin
2026-05-11 11:38:31,017 [INFO] IPUIPlugin:80 - create IPUIPlugin
2026-05-11 11:38:31,017 [INFO] IPUIPlugin:80 - create IPUIPlugin
2026-05-11 11:38:31,018 [INFO] IPUIPlugin:80 - create IPUIPlugin
2026-05-11 11:38:31,018 [INFO] IPUIPlugin:80 - create IPUIPlugin
2026-05-11 11:38:31,018 [INFO] IPUIPlugin:80 - create IPUIPlugin
2026-05-11 11:38:31,018 [INFO] IPUIPlugin:80 - create IPUIPlugin
2026-05-11 11:38:31,019 [INFO] IPUIPlugin:80 - create IPUIPlugin
2026-05-11 11:38:31,019 [INFO] IPUIPlugin:80 - create IPUIPlugin
2026-05-11 11:38:31,019 [INFO] IPUIPlugin:80 - create IPUIPlugin
2026-05-11 11:38:31,019 [INFO] IPUIPlugin:80 - create IPUIPlugin
2026-05-11 11:38:31,019 [INFO] IPUIPlugin:80 - create IPUIPlugin
2026-05-11 11:38:31,019 [INFO] IPUIPlugin:80 - create IPUIPlugin
2026-05-11 11:38:31,019 [INFO] IPUIPlugin:80 - create IPUIPlugin
2026-05-11 11:38:31,020 [INFO] IPUIPlugin:80 - create IPUIPlugin
2026-05-11 11:38:31,020 [INFO] IPUIPlugin:80 - create IPUIPlugin
2026-05-11 11:38:31,020 [INFO] IPUIPlugin:80 - create IPUIPlugin
2026-05-11 11:38:31,020 [INFO] IPUIPlugin:80 - create IPUIPlugin
2026-05-11 11:38:31,020 [INFO] IPUIPlugin:80 - create IPUIPlugin
2026-05-11 11:38:31,020 [INFO] IPUIPlugin:80 - create IPUIPlugin
2026-05-11 11:38:31,021 [INFO] IPUIPlugin:80 - create IPUIPlugin
2026-05-11 11:38:31,021 [INFO] IPUIPlugin:80 - create IPUIPlugin
2026-05-11 11:38:31,021 [INFO] IPUIPlugin:80 - create IPUIPlugin
2026-05-11 11:38:31,021 [INFO] IPUIPlugin:80 - create IPUIPlugin
2026-05-11 11:38:31,021 [INFO] IPUIPlugin:80 - create IPUIPlugin
2026-05-11 11:38:31,021 [INFO] IPUIPlugin:80 - create IPUIPlugin
2026-05-11 11:38:31,021 [INFO] IPUIPlugin:80 - create IPUIPlugin
2026-05-11 11:38:31,021 [INFO] IPUIPlugin:80 - create IPUIPlugin
2026-05-11 11:38:31,022 [INFO] IPUIPlugin:80 - create IPUIPlugin
2026-05-11 11:38:31,022 [INFO] IPUIPlugin:80 - create IPUIPlugin
2026-05-11 11:38:31,022 [INFO] IPUIPlugin:80 - create IPUIPlugin
2026-05-11 11:38:31,022 [INFO] IPUIPlugin:80 - create IPUIPlugin
2026-05-11 11:38:31,022 [INFO] IPUIPlugin:80 - create IPUIPlugin
2026-05-11 11:38:31,022 [INFO] IPUIPlugin:80 - create IPUIPlugin
2026-05-11 11:38:31,074 [INFO] CADModel:165 - CPN selected for project levelSTM32L053C8T6
2026-05-11 11:38:31,074 [INFO] CADModel:114 - Register for checkConnection events
2026-05-11 11:38:31,133 [INFO] OpenFileManager:386 - Restore cursor
2026-05-11 11:38:31,299 [WARN] IP:2250 - TSC_G4_IO1 not found: check if there is a RefParameter without a condition.
2026-05-11 11:38:31,299 [WARN] IP:2250 - TSC_G6_IO1 not found: check if there is a RefParameter without a condition.
2026-05-11 11:38:31,299 [WARN] IP:2250 - TSC_G7_IO2 not found: check if there is a RefParameter without a condition.
2026-05-11 11:38:31,299 [WARN] IP:2250 - TSC_G2_IO1 not found: check if there is a RefParameter without a condition.
2026-05-11 11:38:31,299 [WARN] IP:2250 - TSC_G2_IO3 not found: check if there is a RefParameter without a condition.
2026-05-11 11:38:31,299 [WARN] IP:2250 - TSC_G4_IO1 not found: check if there is a RefParameter without a condition.
2026-05-11 11:38:31,299 [WARN] IP:2250 - TSC_G6_IO1 not found: check if there is a RefParameter without a condition.
2026-05-11 11:38:31,299 [WARN] IP:2250 - TSC_G7_IO2 not found: check if there is a RefParameter without a condition.
2026-05-11 11:38:31,299 [WARN] IP:2250 - TSC_G2_IO1 not found: check if there is a RefParameter without a condition.
2026-05-11 11:38:31,299 [WARN] IP:2250 - TSC_G2_IO3 not found: check if there is a RefParameter without a condition.
2026-05-11 11:38:31,299 [WARN] IP:2250 - TSC_G4_IO1 not found: check if there is a RefParameter without a condition.
2026-05-11 11:38:31,299 [WARN] IP:2250 - TSC_G6_IO1 not found: check if there is a RefParameter without a condition.
2026-05-11 11:38:31,300 [WARN] IP:2250 - TSC_G7_IO2 not found: check if there is a RefParameter without a condition.
2026-05-11 11:38:31,300 [WARN] IP:2250 - TSC_G2_IO1 not found: check if there is a RefParameter without a condition.
2026-05-11 11:38:31,300 [WARN] IP:2250 - TSC_G2_IO3 not found: check if there is a RefParameter without a condition.
2026-05-11 11:38:31,300 [WARN] IP:2250 - TSC_G4_IO1 not found: check if there is a RefParameter without a condition.
2026-05-11 11:38:31,300 [WARN] IP:2250 - TSC_G6_IO1 not found: check if there is a RefParameter without a condition.
2026-05-11 11:38:31,300 [WARN] IP:2250 - TSC_G7_IO2 not found: check if there is a RefParameter without a condition.
2026-05-11 11:38:31,300 [WARN] IP:2250 - TSC_G2_IO1 not found: check if there is a RefParameter without a condition.
2026-05-11 11:38:31,300 [WARN] IP:2250 - TSC_G2_IO3 not found: check if there is a RefParameter without a condition.
2026-05-11 11:38:31,300 [WARN] IP:2250 - TSC_G4_IO1 not found: check if there is a RefParameter without a condition.
2026-05-11 11:38:31,300 [WARN] IP:2250 - TSC_G6_IO1 not found: check if there is a RefParameter without a condition.
2026-05-11 11:38:31,300 [WARN] IP:2250 - TSC_G7_IO2 not found: check if there is a RefParameter without a condition.
2026-05-11 11:38:31,300 [WARN] IP:2250 - TSC_G2_IO1 not found: check if there is a RefParameter without a condition.
2026-05-11 11:38:31,300 [WARN] IP:2250 - TSC_G2_IO3 not found: check if there is a RefParameter without a condition.
2026-05-11 11:38:31,300 [WARN] IP:2250 - TSC_G4_IO1 not found: check if there is a RefParameter without a condition.
2026-05-11 11:38:31,300 [WARN] IP:2250 - TSC_G6_IO1 not found: check if there is a RefParameter without a condition.
2026-05-11 11:38:31,301 [WARN] IP:2250 - TSC_G7_IO2 not found: check if there is a RefParameter without a condition.
2026-05-11 11:38:31,301 [WARN] IP:2250 - TSC_G2_IO1 not found: check if there is a RefParameter without a condition.
2026-05-11 11:38:31,301 [WARN] IP:2250 - TSC_G2_IO3 not found: check if there is a RefParameter without a condition.
2026-05-11 11:38:31,633 [INFO] UtilMem:75 - End SaveConfig() Used Memory: 960243488 Bytes (1073741824)
2026-05-11 11:39:03,046 [INFO] McuFinderGlobals:76 - Set McuFinderConnectedMode to true
2026-05-11 11:39:03,057 [INFO] ApiDb:448 - Save user favorites file C:\Users\jahna/.stm32cubeide/favorites.mcus.txt: 0 item(s)
2026-05-11 11:39:03,057 [INFO] ApiDb:452 - User favorites MCUs=[]
2026-05-11 11:39:03,059 [INFO] ApiDb:448 - Save user favorites file C:\Users\jahna/.stm32cubeide/favorites.boards.txt: 0 item(s)
2026-05-11 11:39:03,059 [INFO] ApiDb:452 - User favorites Boards=[]
2026-05-11 11:39:12,510 [INFO] McuFinderGlobals:63 - Set McuFinder mode to 2 (CubeIDE integrated)
2026-05-11 11:39:12,511 [INFO] UserAuth:171 - activating auth plugin
2026-05-11 11:39:12,539 [INFO] UserAuth:487 - Internet connection configuration mode: 1
2026-05-11 11:41:57,087 [INFO] McuFinderGlobals:63 - Set McuFinder mode to 2 (CubeIDE integrated)
2026-05-11 11:41:57,088 [INFO] UserAuth:171 - activating auth plugin
2026-05-11 11:41:57,096 [INFO] UserAuth:487 - Internet connection configuration mode: 1
2026-05-11 11:44:53,116 [INFO] CADModel:198 - CPN selected (Project mode): STM32L053C8T6
2026-05-11 11:44:53,117 [INFO] CADModel:200 - Internet connection configuration mode: 1
2026-05-11 11:44:53,117 [INFO] CADModel:203 - rpn retrievedSTM32L053C8
2026-05-11 11:44:53,141 [INFO] WebAppUi:336 - Instantiating new browser for Project
2026-05-11 11:44:53,387 [INFO] WebAppUi:1235 - Register for checkConnection events
2026-05-11 11:44:53,387 [INFO] WebAppUi:1270 - Apply proxy settings
2026-05-11 11:44:53,388 [INFO] WebAppUi:1308 - Chromium requires no authentication
2026-05-11 11:44:53,389 [INFO] WebAppUi:1294 - Direct internet connection detected
2026-05-11 11:44:53,396 [INFO] WebAppUi:1166 - Web application path used C:\ST\STM32CubeIDE_1.19.0\STM32CubeIDE\plugins\com.st.stm32cube.common.mx_6.15.0.202507011659\db\plugins\mcufinder\reactClient\index.html
2026-05-11 11:44:53,536 [INFO] WebAppUi:938 - Path where api_config.json is located C:\Users\jahna\.stmcufinder\plugins\mcufinder//mcu/api_config.json
2026-05-11 11:44:53,537 [INFO] WebAppUi:939 - Setting api config in window object
2026-05-11 11:44:53,564 [WARN] WebAppUi:976 - Cannot access cad_preferences.json
2026-05-11 11:44:53,564 [WARN] WebAppUi:979 - Fallback to default consent
2026-05-11 11:44:53,566 [INFO] WebAppUi:947 - Path where cad_preferences.json is located C:\Users\jahna/.stm32cubeide/
2026-05-11 11:44:53,566 [INFO] WebAppUi:948 - Setting consent info in window object
2026-05-11 11:44:54,350 [INFO] WebAppUi:843 - Allow Downloads
2026-05-11 11:44:54,350 [INFO] WebAppUi:336 - Instantiating new browser for Finder
2026-05-11 11:44:54,462 [INFO] WebAppUi:1100 - Web application message: [UlApiManager component] Connecting to SSO
2026-05-11 11:44:54,564 [INFO] WebAppUi:1235 - Register for checkConnection events
2026-05-11 11:44:54,564 [INFO] WebAppUi:1270 - Apply proxy settings
2026-05-11 11:44:54,564 [INFO] WebAppUi:1308 - Chromium requires no authentication
2026-05-11 11:44:54,565 [INFO] WebAppUi:1294 - Direct internet connection detected
2026-05-11 11:44:54,568 [INFO] WebAppUi:1166 - Web application path used C:\ST\STM32CubeIDE_1.19.0\STM32CubeIDE\plugins\com.st.stm32cube.common.mx_6.15.0.202507011659\db\plugins\mcufinder\reactClient\index.html
2026-05-11 11:44:54,580 [INFO] WebAppUi:938 - Path where api_config.json is located C:\Users\jahna\.stmcufinder\plugins\mcufinder//mcu/api_config.json
2026-05-11 11:44:54,581 [INFO] WebAppUi:939 - Setting api config in window object
2026-05-11 11:44:54,609 [INFO] WebAppUi:947 - Path where cad_preferences.json is located C:\Users\jahna/.stm32cubeide/
2026-05-11 11:44:54,609 [INFO] WebAppUi:948 - Setting consent info in window object
2026-05-11 11:44:54,928 [INFO] WebAppUi:843 - Allow Downloads
2026-05-11 11:44:54,929 [INFO] WebAppUi:664 - RPN selected STM32L053C8
2026-05-11 11:44:54,929 [INFO] WebAppUi:665 - RefName selected STM32L053C8Tx
2026-05-11 11:44:54,929 [INFO] WebAppUi:666 - CPN selected STM32L053C8T6
2026-05-11 11:44:54,935 [INFO] WebAppUi:829 - Which Bigleton in use 2 and which CPN is about STM32L053C8T6
2026-05-11 11:44:54,936 [INFO] WebAppUi:703 - Have injected Javascript into web application
2026-05-11 11:44:54,936 [INFO] WebAppUiContainer:153 - Web application run mode: Project CPN: STM32L053C8T6
2026-05-11 11:44:55,193 [INFO] WebAppUi:1100 - Web application message: [UlApiManager component] Connecting to SSO
2026-05-11 11:44:55,631 [INFO] WebAppUi:1100 - Web application message: [UlApiManager component] Connected to Ultra Librarian SSO
2026-05-11 11:44:55,632 [INFO] WebAppUi:1100 - Web application message: [UlApiManager component] Connected to Ultra Librarian API
2026-05-11 11:44:56,258 [INFO] WebAppUi:1100 - Web application message: [UlApiManager component] Connected to Ultra Librarian SSO
2026-05-11 11:44:56,259 [INFO] WebAppUi:1100 - Web application message: [UlApiManager component] Connected to Ultra Librarian API
2026-05-11 11:44:56,650 [INFO] WebAppUi:1100 - Web application message: CAD resources feature launch attempt
2026-05-11 11:44:59,283 [INFO] WebAppUi:938 - Path where api_config.json is located C:\Users\jahna\.stmcufinder\plugins\mcufinder//mcu/api_config.json
2026-05-11 11:44:59,283 [INFO] WebAppUi:939 - Setting api config in window object
2026-05-11 11:44:59,322 [INFO] WebAppUi:947 - Path where cad_preferences.json is located C:\Users\jahna/.stm32cubeide/
2026-05-11 11:44:59,323 [INFO] WebAppUi:948 - Setting consent info in window object
2026-05-11 11:45:02,037 [INFO] WebAppUi:1100 - Web application message: THREE.WebGLRenderer 101
2026-05-11 11:45:06,010 [INFO] MainUpdater:2872 - connection check result : 10
2026-05-11 11:45:06,575 [INFO] CheckServerUpdateThread:120 - End of CheckServer Thread
2026-05-11 11:47:05,514 [INFO] MainUpdater:2872 - connection check result : 10
2026-05-11 11:47:05,546 [INFO] MainUpdater:665 - Updater currently busy
2026-05-11 11:51:39,944 [INFO] MainUpdater:2872 - connection check result : 10
2026-05-11 11:51:51,344 [INFO] WebApp:403 - JxBrowser engine has been closed 
2026-05-11 11:51:51,345 [INFO] WebAppUi:504 - JxBrowser engine has been closed 
2026-05-11 11:51:51,345 [INFO] WebAppUi:541 - Close the Jxbrowser engine manually
2026-05-11 11:52:20,864 [ERROR] LogOutputStream:75 - [STDERR_REDIRECT] 
