2026-05-05 10:11:59,937 [INFO] WebApp:191 - Connection restablished
2026-05-05 10:12:07,149 [INFO] WebApp:194 - Connection lost
2026-05-05 10:12:08,873 [INFO] WebApp:191 - Connection restablished
2026-05-05 10:13:48,803 [INFO] WebApp:194 - Connection lost
2026-05-05 10:13:49,923 [INFO] WebApp:191 - Connection restablished
2026-05-05 11:12:02,701 [INFO] WebApp:194 - Connection lost
2026-05-05 11:12:03,213 [INFO] WebApp:191 - Connection restablished
2026-05-05 11:55:35,909 [INFO] MainUpdater:2872 - connection check result : 10
2026-05-05 11:55:36,621 [INFO] McuFinderGlobals:76 - Set McuFinderConnectedMode to true
2026-05-05 11:55:36,653 [INFO] MultiScanPanel:200 - Auto-refresh data requested => check proxy status ongoing
2026-05-05 11:55:36,660 [INFO] FinderPluginLoader:96 - Searching for filters in installed packs
2026-05-05 11:55:40,526 [INFO] LoadUrlFilesThread:185 - End of LoadServerUrlFiles without Thread
2026-05-05 11:55:40,545 [INFO] DetailPanel:341 - Set advertising image to C:/Users/jahna/STM32Cube/Repository/\en.prom-stm32wba2-stm32-nucleo-board-0426.png
2026-05-05 11:55:46,650 [INFO] MultiScanPanel:200 - Auto-refresh data requested => check proxy status ongoing
2026-05-05 11:55:46,807 [INFO] LoadUrlFilesThread:185 - End of LoadServerUrlFiles without Thread
2026-05-05 11:55:46,808 [INFO] DetailPanel:341 - Set advertising image to C:/Users/jahna/STM32Cube/Repository/\en.prom-stm32wba2-stm32-nucleo-board-0426.png
2026-05-05 11:56:09,254 [INFO] MainUpdater:2872 - connection check result : 10
2026-05-05 11:56:09,254 [INFO] MainUpdater:2872 - connection check result : 10
2026-05-05 11:56:09,477 [INFO] MicroXplorer:468 - Change Database Path : 
2026-05-05 11:56:09,477 [INFO] MicroXplorer:498 - Change Database Version : DB.6.0.150
2026-05-05 11:56:09,555 [ERROR] ProjectManagerView:395 - 
java.lang.NullPointerException: Cannot invoke "javax.swing.JTextField.getText()" because the return value of "java.util.List.get(int)" is null
	at com.st.microxplorer.plugins.projectmanager.gui.ProjectChoiceTab$9.caretUpdate(ProjectChoiceTab.java:2706) ~[filemanager.jar:?]
	at javax.swing.text.JTextComponent.fireCaretUpdate(JTextComponent.java:408) ~[?:?]
	at javax.swing.text.JTextComponent$MutableCaretEvent.fire(JTextComponent.java:4484) ~[?:?]
	at javax.swing.text.JTextComponent$MutableCaretEvent.stateChanged(JTextComponent.java:4506) ~[?:?]
	at javax.swing.text.DefaultCaret.fireStateChanged(DefaultCaret.java:857) ~[?:?]
	at javax.swing.text.DefaultCaret.changeCaretPosition(DefaultCaret.java:1343) ~[?:?]
	at javax.swing.text.DefaultCaret.handleSetDot(DefaultCaret.java:1242) ~[?:?]
	at javax.swing.text.DefaultCaret.setDot(DefaultCaret.java:1223) ~[?:?]
	at javax.swing.text.DefaultCaret$Handler.insertUpdate(DefaultCaret.java:1819) ~[?:?]
	at javax.swing.text.AbstractDocument.fireInsertUpdate(AbstractDocument.java:227) ~[?:?]
	at javax.swing.text.AbstractDocument.handleInsertString(AbstractDocument.java:781) ~[?:?]
	at javax.swing.text.AbstractDocument.insertString(AbstractDocument.java:740) ~[?:?]
	at javax.swing.text.PlainDocument.insertString(PlainDocument.java:131) ~[?:?]
	at javax.swing.text.AbstractDocument.replace(AbstractDocument.java:699) ~[?:?]
	at javax.swing.text.JTextComponent.setText(JTextComponent.java:1725) ~[?:?]
	at com.st.microxplorer.plugins.projectmanager.gui.ProjectChoiceTab.createHeapStackFields(ProjectChoiceTab.java:993) ~[filemanager.jar:?]
	at com.st.microxplorer.plugins.projectmanager.gui.ProjectChoiceTab.buildLinkSettingsPanel(ProjectChoiceTab.java:3813) ~[filemanager.jar:?]
	at com.st.microxplorer.plugins.projectmanager.gui.ProjectChoiceTab.defineWindowsFields(ProjectChoiceTab.java:1987) ~[filemanager.jar:?]
	at com.st.microxplorer.plugins.projectmanager.gui.ProjectChoiceTab.updateSettings(ProjectChoiceTab.java:558) ~[filemanager.jar:?]
	at com.st.microxplorer.plugins.projectmanager.gui.ProjectSettingsPanel.UpdateDialog(ProjectSettingsPanel.java:247) ~[filemanager.jar:?]
	at com.st.microxplorer.plugins.projectmanager.ProjectManagerView.propertyChange(ProjectManagerView.java:392) ~[filemanager.jar:?]
	at java.beans.PropertyChangeSupport.fire(PropertyChangeSupport.java:343) ~[?:?]
	at java.beans.PropertyChangeSupport.firePropertyChange(PropertyChangeSupport.java:335) ~[?:?]
	at java.beans.PropertyChangeSupport.firePropertyChange(PropertyChangeSupport.java:268) ~[?:?]
	at com.st.microxplorer.util.MXPropertyChangeSupport.firePropertyChange(MXPropertyChangeSupport.java:54) ~[STM32CubeMX.jar:?]
	at com.st.microxplorer.mxsystem.MxSystem.closeConfig(MxSystem.java:899) ~[STM32CubeMX.jar:?]
	at com.st.microxplorer.maingui.MainPanel.closeConfig(MainPanel.java:792) ~[STM32CubeMX.jar:?]
	at com.st.microxplorer.plugins.filemanager.engine.OpenFileManager.loadConfigurationFile(OpenFileManager.java:288) ~[filemanager.jar:?]
	at com.st.microxplorer.plugins.filemanager.engine.MainFileManager.userLoadConfig(MainFileManager.java:364) ~[filemanager.jar:?]
	at com.st.microxplorer.plugins.filemanager.FileManagerView.getSpecificTask(FileManagerView.java:268) ~[filemanager.jar:?]
	at com.st.stm32cube.common.mx.editor.CubeMxEditor.getMxTabbedPaneInstance(CubeMxEditor.java:1191) ~[com.st.stm32cube.common.mx_6.15.0.202507011659/:?]
	at com.st.stm32cube.common.mx.editor.CubeMxEditor$12$1.createSwingComponent(CubeMxEditor.java:1068) ~[com.st.stm32cube.common.mx_6.15.0.202507011659/:?]
	at com.st.stm32cube.common.mx.oss.core.awtswtbridge.EmbeddedSwingComposite.doComponentCreation(EmbeddedSwingComposite.java:492) ~[com.st.stm32cube.common.mx.oss_6.15.0.202507011659/:?]
	at com.st.stm32cube.common.mx.oss.core.awtswtbridge.EmbeddedSwingComposite$4.run(EmbeddedSwingComposite.java:291) ~[com.st.stm32cube.common.mx.oss_6.15.0.202507011659/:?]
	at com.st.stm32cube.common.mx.oss.core.awtswtbridge.AwtEnvironment$2.run(AwtEnvironment.java:166) ~[com.st.stm32cube.common.mx.oss_6.15.0.202507011659/:?]
	at java.awt.event.InvocationEvent.dispatch(InvocationEvent.java:318) ~[?:?]
	at java.awt.EventQueue.dispatchEventImpl(EventQueue.java:773) ~[?:?]
	at java.awt.EventQueue$4.run(EventQueue.java:720) ~[?:?]
	at java.awt.EventQueue$4.run(EventQueue.java:714) ~[?:?]
	at java.security.AccessController.doPrivileged(AccessController.java:400) ~[?:?]
	at java.security.ProtectionDomain$JavaSecurityAccessImpl.doIntersectionPrivilege(ProtectionDomain.java:87) ~[?:?]
	at java.awt.EventQueue.dispatchEvent(EventQueue.java:742) ~[?:?]
	at java.awt.EventDispatchThread.pumpOneEventForFilters(EventDispatchThread.java:203) ~[?:?]
	at java.awt.EventDispatchThread.pumpEventsForFilter(EventDispatchThread.java:124) ~[?:?]
	at java.awt.EventDispatchThread.pumpEventsForHierarchy(EventDispatchThread.java:113) ~[?:?]
	at java.awt.EventDispatchThread.pumpEvents(EventDispatchThread.java:109) ~[?:?]
	at java.awt.EventDispatchThread.pumpEvents(EventDispatchThread.java:101) ~[?:?]
	at java.awt.EventDispatchThread.run(EventDispatchThread.java:90) ~[?:?]
2026-05-05 11:56:09,609 [WARN] ThirdParty:871 - waiting for thirdparty lock release [close project]
2026-05-05 11:56:09,610 [INFO] ThirdParty:873 - entering critical section [close project]
2026-05-05 11:56:09,611 [INFO] ThirdParty:883 - exiting critical section [close project]
2026-05-05 11:56:09,614 [INFO] PinOutPanel:1589 - setPackage(No Configuration,No Configuration)
2026-05-05 11:56:09,650 [WARN] IpParametersView:155 - Warning: This peripheral hasn't parameters
2026-05-05 11:56:09,665 [WARN] MainPanel:289 - <html><b><center>Warning: This peripheral has no parameters to be configured<br></b></html>
2026-05-05 11:56:09,689 [INFO] UtilMem:75 - Begin LoadConfig() Used Memory: 823866520 Bytes (1073741824)
2026-05-05 11:56:09,692 [INFO] OpenFileManager:355 - Change cursor
2026-05-05 11:56:09,734 [INFO] RulesReader:64 - Compatibility file has been processed (317 Rules)
2026-05-05 11:56:09,749 [INFO] ProjectFactory:514 - No CPN specified for board STM32F407G-DISC1 => set CPN to STM32F407VGT6
2026-05-05 11:56:09,750 [INFO] Mcu:2029 - Initializing MCU STM32F407V(E-G)Tx STM32F407VGTx STM32F407VGT6
2026-05-05 11:56:12,859 [INFO] Context:786 - Trying to add GPIOservice into a context  which must be forbidden
2026-05-05 11:56:13,800 [INFO] Rule:233 - rule 117617 - U5Cobra4M][GTZC] default value MPCBB3 and MPCBB5 - Not Secured memory - MPCBB1 is applicable
2026-05-05 11:56:13,800 [INFO] Rule:233 - rule 117617 - U5Cobra4M][GTZC] default value MPCBB3 and MPCBB5 - Not Secured memory - MPCBB1 is applicable
2026-05-05 11:56:13,800 [INFO] Rule:233 - rule 117617 - U5Cobra4M][GTZC] default value MPCBB3 and MPCBB5 - Not Secured memory - MPCBB2 is applicable
2026-05-05 11:56:13,800 [INFO] Rule:233 - rule 117617 - U5Cobra4M][GTZC] default value MPCBB3 and MPCBB5 - Not Secured memory - MPCBB2 is applicable
2026-05-05 11:56:13,800 [INFO] Rule:233 - rule 117617 - U5Cobra4M][GTZC] default value MPCBB3 and MPCBB5 - Not Secured memory - MPCBB3 is applicable
2026-05-05 11:56:13,801 [INFO] Rule:233 - rule 117617 - U5Cobra4M][GTZC] default value MPCBB3 and MPCBB5 - Not Secured memory - MPCBB3 is applicable
2026-05-05 11:56:13,801 [INFO] Rule:233 - rule 117617 - U5Cobra4M][GTZC] default value MPCBB3 and MPCBB5 - Not Secured memory - MPCBB4 is applicable
2026-05-05 11:56:13,801 [INFO] Rule:233 - rule 117617 - U5Cobra4M][GTZC] default value MPCBB3 and MPCBB5 - Not Secured memory - MPCBB4 is applicable
2026-05-05 11:56:13,801 [INFO] Rule:233 - rule 117617 - U5Cobra4M][GTZC] default value MPCBB3 and MPCBB5 - Secured memory - MPCBB1 is applicable
2026-05-05 11:56:13,801 [INFO] Rule:233 - rule 117617 - U5Cobra4M][GTZC] default value MPCBB3 and MPCBB5 - Secured memory - MPCBB2 is applicable
2026-05-05 11:56:13,801 [INFO] Rule:233 - rule 117617 - U5Cobra4M][GTZC] default value MPCBB3 and MPCBB5 - Secured memory - MPCBB3 is applicable
2026-05-05 11:56:13,801 [INFO] Rule:233 - rule 117617 - U5Cobra4M][GTZC] default value MPCBB3 and MPCBB5 - Secured memory - MPCBB4 is applicable
2026-05-05 11:56:13,801 [INFO] Rule:233 - rule 117617 - U5Cobra4M][GTZC] default value MPCBB3 and MPCBB5 - Privileged memory - MPCBB1 is applicable
2026-05-05 11:56:13,801 [INFO] Rule:233 - rule 117617 - U5Cobra4M][GTZC] default value MPCBB3 and MPCBB5 - Privileged memory - MPCBB2 is applicable
2026-05-05 11:56:13,801 [INFO] Rule:233 - rule 117617 - U5Cobra4M][GTZC] default value MPCBB3 and MPCBB5 - Privileged memory - MPCBB3 is applicable
2026-05-05 11:56:13,801 [INFO] Rule:233 - rule 117617 - U5Cobra4M][GTZC] default value MPCBB3 and MPCBB5 - Privileged memory - MPCBB4 is applicable
2026-05-05 11:56:13,801 [INFO] Rule:233 - rule 117617 - U5Cobra4M][GTZC] default value MPCBB3 and MPCBB5 - Not Privileged memory - MPCBB1 is applicable
2026-05-05 11:56:13,801 [INFO] Rule:233 - rule 117617 - U5Cobra4M][GTZC] default value MPCBB3 and MPCBB5 - Not Privileged memory - MPCBB2 is applicable
2026-05-05 11:56:13,801 [INFO] Rule:233 - rule 117617 - U5Cobra4M][GTZC] default value MPCBB3 and MPCBB5 - Not Privileged memory - MPCBB3 is applicable
2026-05-05 11:56:13,801 [INFO] Rule:233 - rule 117617 - U5Cobra4M][GTZC] default value MPCBB3 and MPCBB5 - Not Privileged memory - MPCBB4 is applicable
2026-05-05 11:56:13,801 [INFO] Rule:233 - rule 117617 - U5Cobra4M][GTZC] default value MPCBB3 and MPCBB5 - Privileged memory - MPCBB1 is applicable
2026-05-05 11:56:13,801 [INFO] Rule:233 - rule 117617 - U5Cobra4M][GTZC] default value MPCBB3 and MPCBB5 - Privileged memory - MPCBB2 is applicable
2026-05-05 11:56:13,802 [INFO] Rule:233 - rule 117617 - U5Cobra4M][GTZC] default value MPCBB3 and MPCBB5 - Privileged memory - MPCBB3 is applicable
2026-05-05 11:56:13,802 [INFO] Rule:233 - rule 117617 - U5Cobra4M][GTZC] default value MPCBB3 and MPCBB5 - Privileged memory - MPCBB4 is applicable
2026-05-05 11:56:13,802 [INFO] Rule:233 - rule 117617 - U5Cobra4M][GTZC] default value MPCBB3 and MPCBB5 - Privileged memory - MPCBB1 is applicable
2026-05-05 11:56:13,802 [INFO] Rule:233 - rule 117617 - U5Cobra4M][GTZC] default value MPCBB3 and MPCBB5 - Privileged memory - MPCBB2 is applicable
2026-05-05 11:56:13,802 [INFO] Rule:233 - rule 117617 - U5Cobra4M][GTZC] default value MPCBB3 and MPCBB5 - Privileged memory - MPCBB3 is applicable
2026-05-05 11:56:13,802 [INFO] Rule:233 - rule 117617 - U5Cobra4M][GTZC] default value MPCBB3 and MPCBB5 - Privileged memory - MPCBB4 is applicable
2026-05-05 11:56:13,802 [INFO] Rule:233 - rule 117617 - U5Cobra4M][GTZC] default value MPCBB3 and MPCBB5 - Not Privileged memory - MPCBB1 is applicable
2026-05-05 11:56:13,803 [INFO] Rule:233 - rule 117617 - U5Cobra4M][GTZC] default value MPCBB3 and MPCBB5 - Not Privileged memory - MPCBB2 is applicable
2026-05-05 11:56:13,803 [INFO] Rule:233 - rule 117617 - U5Cobra4M][GTZC] default value MPCBB3 and MPCBB5 - Not Privileged memory - MPCBB3 is applicable
2026-05-05 11:56:13,803 [INFO] Rule:233 - rule 117617 - U5Cobra4M][GTZC] default value MPCBB3 and MPCBB5 - Not Privileged memory - MPCBB4 is applicable
2026-05-05 11:56:13,803 [INFO] Rule:233 - rule 117617 - U5Cobra4M][GTZC] default value MPCBB3 and MPCBB5 - Privileged memory - MPCBB1 is applicable
2026-05-05 11:56:13,803 [INFO] Rule:233 - rule 117617 - U5Cobra4M][GTZC] default value MPCBB3 and MPCBB5 - Privileged memory - MPCBB2 is applicable
2026-05-05 11:56:13,804 [INFO] Rule:233 - rule 117617 - U5Cobra4M][GTZC] default value MPCBB3 and MPCBB5 - Privileged memory - MPCBB3 is applicable
2026-05-05 11:56:13,804 [INFO] Rule:233 - rule 117617 - U5Cobra4M][GTZC] default value MPCBB3 and MPCBB5 - Privileged memory - MPCBB4 is applicable
2026-05-05 11:56:13,804 [INFO] Rule:233 - rule Rename SubGHz_Phy SUBGHZ_APPLICATION SUBGHZ_PINGPONG to SUBGHZ_ADV_APPLICATION is applicable
2026-05-05 11:56:13,804 [INFO] Rule:233 - rule Rename Enabled to IBEACON is applicable
2026-05-05 11:56:13,804 [INFO] Rule:233 - rule GTZC_S instance for project manager is applicable
2026-05-05 11:56:13,804 [INFO] Rule:233 - rule GTZC_S instance for context M33S is applicable
2026-05-05 11:56:13,804 [INFO] Rule:233 - rule GTZC_S instance value for IP GTZC is applicable
2026-05-05 11:56:13,804 [INFO] Rule:233 - rule GTZC_S instance for mcu.IP is applicable
2026-05-05 11:56:13,804 [INFO] Rule:233 - rule GTZC_S instance for VP is applicable
2026-05-05 11:56:13,804 [INFO] Rule:233 - rule GTZC_S instance for signal is applicable
2026-05-05 11:56:13,805 [INFO] Rule:233 - rule GTZC_S instance for mcu.Pin is applicable
2026-05-05 11:56:13,805 [INFO] Rule:233 - rule GTZC_S instance for VP is applicable
2026-05-05 11:56:13,805 [INFO] Rule:233 - rule GTZC_S instance for signal is applicable
2026-05-05 11:56:13,805 [INFO] Rule:233 - rule GTZC_S instance for mcu is applicable
2026-05-05 11:56:13,805 [INFO] Rule:233 - rule GTZC_S instance for mcu.Pin is applicable
2026-05-05 11:56:13,806 [INFO] Rule:233 - rule GTZC_S instance value for IP GTZC is applicable
2026-05-05 11:56:13,806 [INFO] Rule:233 - rule GTZC_S instance for project manager is applicable
2026-05-05 11:56:13,806 [INFO] Rule:233 - rule GTZC_S instance for context M33S is applicable
2026-05-05 11:56:13,806 [INFO] Rule:233 - rule GTZC_S instance for VP is applicable
2026-05-05 11:56:13,806 [INFO] Rule:233 - rule GTZC_S instance for signal is applicable
2026-05-05 11:56:13,806 [INFO] Rule:233 - rule SPDIFRX instance for mcu is applicable
2026-05-05 11:56:13,806 [INFO] Rule:233 - rule Rename Tracer Mode is applicable
2026-05-05 11:56:13,806 [INFO] Rule:233 - rule SPDIFRX instance value for IP SPDIFRX is applicable
2026-05-05 11:56:13,806 [INFO] Rule:233 - rule SPDIFRX instance for signal is applicable
2026-05-05 11:56:13,806 [INFO] Rule:233 - rule SPDIFRX instance for project manager is applicable
2026-05-05 11:56:13,806 [INFO] Rule:233 - rule SPDIFRX instance for project manager is applicable
2026-05-05 11:56:13,806 [INFO] Rule:233 - rule ADC Scan  fix with FW F7 is applicable
2026-05-05 11:56:13,807 [INFO] Rule:233 - rule ADC Scan  fix with FW F7 is applicable
2026-05-05 11:56:13,807 [INFO] Rule:233 - rule WakeUp0 Mode is applicable
2026-05-05 11:56:13,807 [INFO] Rule:233 - rule WakeUp0 SIGNAL is applicable
2026-05-05 11:56:13,807 [INFO] Rule:233 - rule WakeUp1 Mode is applicable
2026-05-05 11:56:13,807 [INFO] Rule:233 - rule WakeUp1 SIGNAL is applicable
2026-05-05 11:56:13,807 [INFO] Rule:233 - rule WakeUp2 Mode is applicable
2026-05-05 11:56:13,807 [INFO] Rule:233 - rule WakeUp2 SIGNAL is applicable
2026-05-05 11:56:13,807 [INFO] Rule:233 - rule WakeUp4 Mode is applicable
2026-05-05 11:56:13,807 [INFO] Rule:233 - rule WakeUp4 SIGNAL is applicable
2026-05-05 11:56:13,807 [INFO] Rule:233 - rule WakeUp5 Mode is applicable
2026-05-05 11:56:13,807 [INFO] Rule:233 - rule WakeUp5 SIGNAL is applicable
2026-05-05 11:56:13,808 [INFO] Rule:233 - rule UART/USART WORD LENGTH 7 is applicable
2026-05-05 11:56:13,808 [INFO] Rule:233 - rule UART/USART WORD LENGTH 8 is applicable
2026-05-05 11:56:13,808 [INFO] Rule:233 - rule UART/USART WORD LENGTH 9 is applicable
2026-05-05 11:56:13,808 [INFO] Rule:233 - rule Change Default Value for LSE Drive Capability for WB family is applicable
2026-05-05 11:56:13,808 [INFO] Rule:233 - rule Change Default Value for ADC Clock Prescaler G0 family is applicable
2026-05-05 11:56:13,809 [INFO] Rule:233 - rule ADC SamplingTime fix with FW L0  is applicable
2026-05-05 11:56:13,809 [INFO] Rule:233 - rule ADC SamplingTime fix with FW L0  is applicable
2026-05-05 11:56:13,809 [INFO] Rule:233 - rule ADC SamplingTime fix with FW L0 is applicable
2026-05-05 11:56:13,809 [INFO] Rule:233 - rule ADC SamplingTime fix with FW L0 is applicable
2026-05-05 11:56:13,809 [INFO] Rule:233 - rule ADC SamplingTime fix with FW L0  is applicable
2026-05-05 11:56:13,809 [INFO] Rule:233 - rule ADC SamplingTime fix with FW L0 is applicable
2026-05-05 11:56:13,809 [INFO] Rule:233 - rule Rename USB_OE Signal is applicable
2026-05-05 11:56:13,809 [INFO] Rule:233 - rule Rename Activate_OE Mode is applicable
2026-05-05 11:56:13,809 [INFO] Rule:233 - rule Rename DIE462/DIE415 pin PC14/OSC32_IN -> PC14-OSC32_IN (PC14) is applicable
2026-05-05 11:56:13,809 [INFO] Rule:233 - rule Rename DIE462/DIE415 pin PC15/OSC32_OUT -> PC15-OSC32_OUT (PC15) is applicable
2026-05-05 11:56:13,810 [INFO] Rule:233 - rule Rename DIE462/DIE415 pin PH0/OSC_IN -> PH0-OSC_IN (PH0) is applicable
2026-05-05 11:56:13,810 [INFO] Rule:233 - rule Rename DIE462/DIE415 pin PH1/OSC_OUT -> PH1-OSC_OUT (PH1) is applicable
2026-05-05 11:56:13,810 [INFO] Rule:233 - rule Rename DIE462 pin PA13 -> PA13 (JTMS/SWDIO) is applicable
2026-05-05 11:56:13,810 [INFO] Rule:233 - rule Rename DIE415 pin PA13 -> PA13 (JTMS/SWDIO) is applicable
2026-05-05 11:56:13,810 [INFO] Rule:233 - rule Rename DIE462 pin PA14 -> PA14 (JTCK/SWCLK) is applicable
2026-05-05 11:56:13,810 [INFO] Rule:233 - rule Rename DIE415 pin PA14 -> PA14 (JTCK/SWCLK) is applicable
2026-05-05 11:56:13,810 [INFO] Rule:233 - rule Rename DIE462/DIE415 pin PA15 -> PA15 (JTDI) is applicable
2026-05-05 11:56:13,810 [INFO] Rule:233 - rule Rename DIE462 pin PB3 -> PB3 (JTD0/TRACESWO) is applicable
2026-05-05 11:56:13,810 [INFO] Rule:233 - rule Rename DIE415 pin PB3 -> PB3 (JTD0-TRACESWO) is applicable
2026-05-05 11:56:13,810 [INFO] Rule:233 - rule Rename DIE462/DIE415 pin PB4 -> PB4 (NJTRST) is applicable
2026-05-05 11:56:13,810 [INFO] Rule:233 - rule Rename DIE462 pin PH3/BOOT0 -> PH3-BOOT0 (BOOT0) is applicable
2026-05-05 11:56:13,811 [INFO] Rule:233 - rule Rename CRYP DataEncryptionTypesList to Algorithm is applicable
2026-05-05 11:56:13,811 [INFO] Rule:233 - rule Rename AES DataEncryptionTypesList to Algorithm is applicable
2026-05-05 11:56:13,811 [INFO] Rule:233 - rule Rename TDESECB to CRYP_TDES_ECB is applicable
2026-05-05 11:56:13,811 [INFO] Rule:233 - rule Rename TDESCBC to CRYP_TDES_CBC is applicable
2026-05-05 11:56:13,811 [INFO] Rule:233 - rule Rename DESECB to CRYP_DES_ECB is applicable
2026-05-05 11:56:13,811 [INFO] Rule:233 - rule Rename DESCBC to CRYP_DES_CBC is applicable
2026-05-05 11:56:13,811 [INFO] Rule:233 - rule Rename AESECB to CRYP_AES_ECB is applicable
2026-05-05 11:56:13,811 [INFO] Rule:233 - rule Rename AESCBC to CRYP_AES_CBC is applicable
2026-05-05 11:56:13,811 [INFO] Rule:233 - rule Rename AESCTR to CRYP_AES_CTR is applicable
2026-05-05 11:56:13,811 [INFO] Rule:233 - rule Rename AESGCM to CRYP_AES_GCM is applicable
2026-05-05 11:56:13,811 [INFO] Rule:233 - rule Rename AESCCM to CRYP_AES_CCM is applicable
2026-05-05 11:56:13,811 [INFO] Rule:233 - rule Rename CAN TimeSeg1 to BS1 is applicable
2026-05-05 11:56:13,811 [INFO] Rule:233 - rule Rename CAN TimeSeg2 to BS2 is applicable
2026-05-05 11:56:13,811 [INFO] Rule:233 - rule Rename CAN SyncJumpWidth to SJW is applicable
2026-05-05 11:56:13,811 [INFO] Rule:233 - rule TimeTriggeredMode to TTCM is applicable
2026-05-05 11:56:13,811 [INFO] Rule:233 - rule Rename CAN AutoBusOff to ABOM is applicable
2026-05-05 11:56:13,811 [INFO] Rule:233 - rule Rename CAN AutoWakeUp to AWUM is applicable
2026-05-05 11:56:13,811 [INFO] Rule:233 - rule Rename CAN AutoRetransmission to NART is applicable
2026-05-05 11:56:13,811 [INFO] Rule:233 - rule Rename CAN ReceiveFifoLocked to RFLM is applicable
2026-05-05 11:56:13,811 [INFO] Rule:233 - rule Rename CAN TransmitFifoPriority to TXFP is applicable
2026-05-05 11:56:13,811 [INFO] Rule:233 - rule Rename HRTIMER HRTIM_OUTPUTFAULTLEVEL_HIGH in HRTIMER HRTIM_OUTPUTFAULTLEVEL_HIGHZ is applicable
2026-05-05 11:56:13,811 [INFO] Rule:233 - rule Rename TIMER TIM_CLEARINPUTSOURCE_OCREFCLR in  TIMER TIM_CLEARINPUTSOURCE_NONE for F7 family is applicable
2026-05-05 11:56:13,812 [INFO] Rule:233 - rule FDCAN_R1 - Rename FDCAN mode Master into Classic is applicable
2026-05-05 11:56:13,812 [INFO] Rule:233 - rule FDCAN_R2 - Rename FDCAN mode Slave into Classic is applicable
2026-05-05 11:56:13,812 [INFO] Rule:233 - rule FDCAN1_R3 - if PA10.Mode=FullDuplex, add Pin PA12 is applicable
2026-05-05 11:56:13,812 [INFO] Rule:233 - rule FDCAN1_R3 - if PA9.Mode=FullDuplex, add Pin PA11 is applicable
2026-05-05 11:56:13,812 [INFO] Rule:233 - rule FDCAN1_R3 - Alternatepin_1 - if PE1.Mode=FullDuplex, add Pin PB9 is applicable
2026-05-05 11:56:13,812 [INFO] Rule:233 - rule FDCAN1_R3 - Alternatepin_1 - if PE0.Mode=FullDuplex, add Pin PB8 is applicable
2026-05-05 11:56:13,812 [INFO] Rule:233 - rule FDCAN1_R3 - Alternatepin_2 - if PD5.Mode=FullDuplex, add Pin PD1 is applicable
2026-05-05 11:56:13,812 [INFO] Rule:233 - rule FDCAN1_R3 - Alternatepin_2 - if PD4.Mode=FullDuplex, add Pin PD0 is applicable
2026-05-05 11:56:13,812 [INFO] Rule:233 - rule FDCAN1_R4 - Rename Mode FullDuplex into Enable FDCAN_TXFD for pin PA10 is applicable
2026-05-05 11:56:13,812 [INFO] Rule:233 - rule FDCAN1_R4 - Rename Mode FullDuplex into Enable FDCAN_TXFD for pin PA9 is applicable
2026-05-05 11:56:13,812 [INFO] Rule:233 - rule FDCAN1_R4 - Alternatepin_1 - Rename Mode FullDuplex into Enable FDCAN_TXFD for pin PE1 is applicable
2026-05-05 11:56:13,812 [INFO] Rule:233 - rule FDCAN1_R4 - Alternatepin_1 - Rename Mode FullDuplex into Enable FDCAN_TXFD for pin PE0 is applicable
2026-05-05 11:56:13,812 [INFO] Rule:233 - rule FDCAN1_R4 - Alternatepin_2 - Rename Mode FullDuplex into Enable FDCAN_TXFD for pin PD5 is applicable
2026-05-05 11:56:13,812 [INFO] Rule:233 - rule FDCAN1_R4 - Alternatepin_2 - Rename Mode FullDuplex into Enable FDCAN_TXFD for pin PD4 is applicable
2026-05-05 11:56:13,812 [INFO] Rule:233 - rule FDCAN2_R3 - if PD10.Mode=FullDuplex, add Pin PB13 is applicable
2026-05-05 11:56:13,812 [INFO] Rule:233 - rule FDCAN2_R3 - if PD9.Mode=FullDuplex, add Pin PB12 is applicable
2026-05-05 11:56:13,812 [INFO] Rule:233 - rule FDCAN2_R3 - Alternatepin_1 - if PB7.Mode=FullDuplex, add Pin PB6 is applicable
2026-05-05 11:56:13,812 [INFO] Rule:233 - rule FDCAN2_R3 - Alternatepin_1 - if PD9.Mode=FullDuplex, add Pin PB12 is applicable
2026-05-05 11:56:13,812 [INFO] Rule:233 - rule FDCAN2_R4 - Rename Mode FullDuplex into Enable FDCAN_TXFD for pin PD10 is applicable
2026-05-05 11:56:13,812 [INFO] Rule:233 - rule FDCAN2_R4 - Rename Mode FullDuplex into Enable FDCAN_TXFD for pin PD9 is applicable
2026-05-05 11:56:13,812 [INFO] Rule:233 - rule FDCAN2_R4 - Alternatepin_1 - Rename Mode FullDuplex into Enable FDCAN_TXFD for pin PB7 is applicable
2026-05-05 11:56:13,812 [INFO] Rule:233 - rule FDCAN2_R4 - Alternatepin_1 - Rename Mode FullDuplex into Enable FDCAN_TXFD for pin PD6 is applicable
2026-05-05 11:56:13,813 [INFO] Rule:233 - rule USART TxPinLevelInvertParam Mode is applicable
2026-05-05 11:56:13,813 [INFO] Rule:233 - rule USART RxPinLevelInvertParam Mode is applicable
2026-05-05 11:56:13,813 [INFO] Rule:233 - rule USART DataInvertParam Mode is applicable
2026-05-05 11:56:13,813 [INFO] Rule:233 - rule USART SwapParam Mode is applicable
2026-05-05 11:56:13,813 [INFO] Rule:233 - rule USART OverrunDisableParam Mode is applicable
2026-05-05 11:56:13,813 [INFO] Rule:233 - rule USART DMADisableonRxErrorParam Mode is applicable
2026-05-05 11:56:13,813 [INFO] Rule:233 - rule USART MSBFirstParam Mode is applicable
2026-05-05 11:56:13,813 [INFO] Rule:233 - rule Update MwName for USB_DEVICE is applicable
2026-05-05 11:56:13,813 [INFO] Rule:233 - rule Change PWR_Regulator_Voltage_Scale Default Value for RCC  H7 family is applicable
2026-05-05 11:56:13,813 [INFO] Rule:233 - rule UART/USART IPParameter rename Prescaler parameter to ClockPrescaler is applicable
2026-05-05 11:56:13,813 [INFO] Rule:233 - rule UART/USART Prescaler rename Prescaler parameter to ClockPrescaler is applicable
2026-05-05 11:56:13,813 [INFO] Rule:233 - rule TIM1CLockSelection is applicable
2026-05-05 11:56:13,813 [INFO] Rule:233 - rule TIM15CLockSelection is applicable
2026-05-05 11:56:13,813 [INFO] Rule:233 - rule align RCC SDMMC3CLockSelection default value on MP1 is applicable
2026-05-05 11:56:13,813 [INFO] Rule:233 - rule align RCC SDMMC12CLockSelection default value on MP1 is applicable
2026-05-05 11:56:13,813 [INFO] Rule:233 - rule align RCC QSPICLockSelection default value on MP1 is applicable
2026-05-05 11:56:13,813 [INFO] Rule:233 - rule align RCC QSPICLockSelection default value on MP1 is applicable
2026-05-05 11:56:13,813 [INFO] Rule:233 - rule align RCC SPI6CLockSelection default value on MP1 is applicable
2026-05-05 11:56:13,813 [INFO] Rule:233 - rule align RCC LPTIM23CLockSelection default value on MP1 is applicable
2026-05-05 11:56:13,813 [INFO] Rule:233 - rule align RCC LPTIM1CLockSelection default value on MP1 is applicable
2026-05-05 11:56:13,813 [INFO] Rule:233 - rule align RCC USART1CLockSelection default value on MP1 is applicable
2026-05-05 11:56:13,813 [INFO] Rule:233 - rule align RCC USART24CLockSelection default value on MP1 is applicable
2026-05-05 11:56:13,813 [INFO] Rule:233 - rule align RCC USART6CLockSelection default value on MP1 is applicable
2026-05-05 11:56:13,813 [INFO] Rule:233 - rule align RCC UART78CLockSelection default value on MP1 is applicable
2026-05-05 11:56:13,814 [INFO] Rule:233 - rule align RCC USART35CLockSelection default value on MP1 is applicable
2026-05-05 11:56:13,814 [INFO] Rule:233 - rule align RCC SPI45CLockSelection default value on MP1 is applicable
2026-05-05 11:56:13,814 [INFO] Rule:233 - rule align RCC I2C46CLockSelection BCLK value on MP1 is applicable
2026-05-05 11:56:13,814 [INFO] Rule:233 - rule align RCC SPI45CLockSelection default value on MP1 is applicable
2026-05-05 11:56:13,814 [INFO] Rule:233 - rule align RCC I2C12CLockSelection default value on MP1 is applicable
2026-05-05 11:56:13,814 [INFO] Rule:233 - rule align RCC I2C35CLockSelection default value on MP1 is applicable
2026-05-05 11:56:13,814 [INFO] Rule:233 - rule align RCC LPTIM45CLockSelection default value on MP1 is applicable
2026-05-05 11:56:13,814 [INFO] Rule:233 - rule Rename DCMI PIXCK signal is applicable
2026-05-05 11:56:13,814 [INFO] Rule:233 - rule Change Default Value for I2C46CLockSelection MP1 family is applicable
2026-05-05 11:56:13,814 [INFO] Rule:233 - rule Change Default Value for UART for G4, G0 and WB families is applicable
2026-05-05 11:56:13,814 [INFO] Rule:233 - rule Change Default Value for USART for G4, G0 and WB families is applicable
2026-05-05 11:56:13,814 [INFO] Rule:233 - rule Change Default Value for USART for G4 family is applicable
2026-05-05 11:56:13,814 [INFO] Rule:233 - rule Change USART1CLockSelection refparam name for MP1 is applicable
2026-05-05 11:56:13,814 [INFO] Rule:233 - rule Change USART2CLockSelection refparam name for MP1 is applicable
2026-05-05 11:56:13,814 [INFO] Rule:233 - rule Change USART3CLockSelection refparam name for MP1 is applicable
2026-05-05 11:56:13,814 [INFO] Rule:233 - rule Change UART4CLockSelection refparam name for MP1 is applicable
2026-05-05 11:56:13,814 [INFO] Rule:233 - rule Change UART5CLockSelection refparam name for MP1 is applicable
2026-05-05 11:56:13,814 [INFO] Rule:233 - rule Change LPUART1CLockSelection refparam name for MP1 is applicable
2026-05-05 11:56:13,814 [INFO] Rule:233 - rule Change LPTIM1CLockSelection refparam name for MP1 is applicable
2026-05-05 11:56:13,814 [INFO] Rule:233 - rule Change LPTIM2CLockSelection refparam name for MP1 is applicable
2026-05-05 11:56:13,814 [INFO] Rule:233 - rule Change RCC_MCO1Source refparam name for MP1 is applicable
2026-05-05 11:56:13,814 [INFO] Rule:233 - rule Change LSCOSource1 refparam name for MP1 is applicable
2026-05-05 11:56:13,814 [INFO] Rule:233 - rule Change SMPSCLockSelection refparam name for MP1 is applicable
2026-05-05 11:56:13,815 [INFO] Rule:233 - rule Change LPTIM3CLockSelection refparam name for MP1 is applicable
2026-05-05 11:56:13,815 [INFO] Rule:233 - rule Change MPCBB* Default Template Mode to Parameters is applicable
2026-05-05 11:56:13,815 [INFO] Rule:233 - rule Change MPCWM* or MPCBB* Secure Mode to Parameters is applicable
2026-05-05 11:56:13,815 [INFO] Rule:233 - rule Change MPCWM* or MPCBB* No Secure Mode to Parameters is applicable
2026-05-05 11:56:13,815 [INFO] Rule:233 - rule Change TZSC IP Secure Mode to Parameters is applicable
2026-05-05 11:56:13,815 [INFO] Rule:233 - rule Change TZSC IP No Secure Mode to Parameters is applicable
2026-05-05 11:56:13,815 [INFO] Rule:233 - rule Change TZSC IP Privilege Mode to Parameters is applicable
2026-05-05 11:56:13,815 [INFO] Rule:233 - rule Change TZSC IP No Privilege Mode to Parameters is applicable
2026-05-05 11:56:13,815 [INFO] Rule:233 - rule Change TZIC IT Secure Mode to Parameters is applicable
2026-05-05 11:56:13,815 [INFO] Rule:233 - rule Change TZIC IT No Secure Mode to Parameters is applicable
2026-05-05 11:56:13,815 [INFO] Rule:233 - rule Add MPCBB1_NonSecureArea_Start_Address value with referenced to MPCBB1_NonSecureArea_Start value is applicable
2026-05-05 11:56:13,815 [INFO] Rule:233 - rule Add MPCBB2_NonSecureArea_Start_Address value with referenced to MPCBB2_NonSecureArea_Start value is applicable
2026-05-05 11:56:13,815 [INFO] Rule:233 - rule Add MPCWM1_NonSecureArea*_Start_Address value with referenced to MPCWM1_NonSecureArea*_Start value is applicable
2026-05-05 11:56:13,815 [INFO] Rule:233 - rule Add MPCWM2_NonSecureArea*_Start_Address value with referenced to MPCWM2_NonSecureArea*_Start value is applicable
2026-05-05 11:56:13,815 [INFO] Rule:233 - rule Add MPCWM3_NonSecureArea_Start_Address value with referenced to MPCWM3_NonSecureArea_Start value is applicable
2026-05-05 11:56:13,815 [INFO] Rule:233 - rule Change Default Value for PLL1UserDefinedConfig is applicable
2026-05-05 11:56:13,815 [INFO] Rule:233 - rule Change GPIO_PuPd Default Value for USART in async mode is applicable
2026-05-05 11:56:13,815 [INFO] Rule:233 - rule Change SMPSDivider Default Value is applicable
2026-05-05 11:56:13,815 [INFO] Rule:233 - rule OPAMP is applicable
2026-05-05 11:56:13,815 [INFO] Rule:233 - rule LPUART IPParameter rename Prescaler parameter to ClockPrescaler for STM32H7 is applicable
2026-05-05 11:56:13,815 [INFO] Rule:233 - rule LPUART IPParameter rename Prescaler parameter to ClockPrescaler for STM32H7 is applicable
2026-05-05 11:56:13,815 [INFO] Rule:233 - rule LPUART IPParameter rename Prescaler parameter to ClockPrescaler for STM32WB is applicable
2026-05-05 11:56:13,815 [INFO] Rule:233 - rule LPUART IPParameter rename Prescaler parameter to ClockPrescaler for STM32WB is applicable
2026-05-05 11:56:13,815 [INFO] Rule:233 - rule LPUART IPParameter rename Prescaler parameter to ClockPrescaler for STM32G4 is applicable
2026-05-05 11:56:13,816 [INFO] Rule:233 - rule LPUART IPParameter rename Prescaler parameter to ClockPrescaler for STM32G4 is applicable
2026-05-05 11:56:13,816 [INFO] Rule:233 - rule LPUART IPParameter rename Prescaler parameter to ClockPrescaler for STM32L5 is applicable
2026-05-05 11:56:13,816 [INFO] Rule:233 - rule LPUART IPParameter rename Prescaler parameter to ClockPrescaler for STM32L5 is applicable
2026-05-05 11:56:13,816 [INFO] Rule:233 - rule LPUART IPParameter rename Prescaler parameter to ClockPrescaler for STM32G4 is applicable
2026-05-05 11:56:13,816 [INFO] Rule:233 - rule LPUART IPParameter rename Prescaler parameter to ClockPrescaler for STM32G4 is applicable
2026-05-05 11:56:13,816 [INFO] Rule:233 - rule USB device lib V2.5.3 for L0 rename USBD_SUPPORT_USER_STRING parameter to USBD_SUPPORT_USER_STRING_DESC4 is applicable
2026-05-05 11:56:13,816 [INFO] Rule:233 - rule I2SCLockSelection clock entry align is applicable
2026-05-05 11:56:13,816 [INFO] Rule:233 - rule Assign TIMx context if used as SYS timebase is applicable
2026-05-05 11:56:13,816 [INFO] Rule:233 - rule Change GPIO_Pu Default Value for I2C is applicable
2026-05-05 11:56:13,816 [INFO] Rule:233 - rule Change GPIO_Pu Default Value for SMBus is applicable
2026-05-05 11:56:13,816 [INFO] Rule:233 - rule change FDCAN default value is applicable
2026-05-05 11:56:13,816 [INFO] Rule:233 - rule Change mode sai is applicable
2026-05-05 11:56:13,817 [INFO] Rule:233 - rule **Change sai mode is applicable
2026-05-05 11:56:13,817 [INFO] Rule:233 - rule Rename STM32WPAN CFG_BLE_IRK to CFG_BLE_IR is applicable
2026-05-05 11:56:13,817 [INFO] Rule:233 - rule Rename STM32WPAN CFG_BLE_ERK to CFG_BLE_ER is applicable
2026-05-05 11:56:13,817 [INFO] Rule:233 - rule Rename STM32WPAN CFG_BLE_IRK_HEX to CFG_BLE_IR_HEX is applicable
2026-05-05 11:56:13,817 [INFO] Rule:233 - rule Rename STM32WPAN CFG_BLE_ERK_HEX to CFG_BLE_ER_HEX is applicable
2026-05-05 11:56:13,817 [INFO] Rule:233 - rule Adapt Old IOC before rework replace old CORTEX_M33/CORTEX_M55 attributes by the new one. is applicable
2026-05-05 11:56:13,817 [INFO] Rule:233 - rule Rename parametre of RCC RCC_APBDBG_DIV2 to RCC_TIMPRES_DIV2 is applicable
2026-05-05 11:56:13,817 [INFO] Rule:233 - rule Rename DIE493 pin PA10 [PA12] -> PA10 is applicable
2026-05-05 11:56:13,817 [INFO] Rule:233 - rule Rename DIE493 pin PA9 [PA11] -> PA9 is applicable
2026-05-05 11:56:13,817 [INFO] Rule:233 - rule Rename DIE492 PartNumber CPN STM32WBA5MJGHx -> STM32WBA5MMGHx is applicable
2026-05-05 11:56:13,817 [INFO] Rule:233 - rule Rename DIE492 PartNumber  Name STM32WBA5MJGHx -> STM32WBA5MMGHx is applicable
2026-05-05 11:56:13,817 [INFO] Rule:233 - rule Rename DIE492 PartNumber UserName STM32WBA5MJGHx -> STM32WBA5MMGHx is applicable
2026-05-05 11:56:13,817 [INFO] Rule:233 - rule Rename DIE492 PartNumber DeviceId STM32WBA5MJGHx -> STM32WBA5MMGHx is applicable
2026-05-05 11:56:13,817 [INFO] Rule:233 - rule Adapt Old IOC CSI. is applicable
2026-05-05 11:56:13,817 [INFO] Rule:233 - rule Adapt Old IOC DCMIPP. is applicable
2026-05-05 11:56:13,817 [INFO] Rule:233 - rule Adapt Old IOC DCMIPP Mode Parallel. is applicable
2026-05-05 11:56:13,818 [INFO] Rule:233 - rule Adapt Old IOC LTDC. is applicable
2026-05-05 11:56:13,818 [INFO] Rule:233 - rule Rename STM32MP2 RIF Peripheral LTDC RIF.RISUP.LTDC_L0L1.Privilege -> RIF.RISUP.LTDC_L1L2.Privilege is applicable
2026-05-05 11:56:13,818 [INFO] Rule:233 - rule Rename STM32MP2 RIF Peripheral LTDC RIF.RISUP.LTDC_L0L1.Privilege -> RIF.RISUP.LTDC_L1L2.Privilege is applicable
2026-05-05 11:56:13,818 [INFO] Rule:233 - rule Rename STM32MP2 RIF Peripheral LTDC RIF.RISUP.LTDC_L0L1.Lock -> RIF.RISUP.LTDC_L1L2.Lock is applicable
2026-05-05 11:56:13,818 [INFO] Rule:233 - rule Rename STM32MP2 RIF Peripheral LTDC RIF.RISUP.LTDC_L2.Lock -> RIF.RISUP.LTDC_L3.Lock is applicable
2026-05-05 11:56:13,818 [INFO] Rule:233 - rule Adapt the old IOC example for updating the SYS when it is misconfigured. is applicable
2026-05-05 11:56:13,818 [INFO] Rule:233 - rule Rename STM32C09 Mcu.Package LQFP64 -> LQFP48 is applicable
2026-05-05 11:56:13,818 [INFO] Rule:233 - rule Adapt the old IOC example for updating the SYS when it is misconfigured. is applicable
2026-05-05 11:56:13,818 [INFO] Rule:233 - rule Adapt the old IOC example for updating the SYS when it is misconfigured. is applicable
2026-05-05 11:56:13,848 [INFO] DbConfProperties:307 - Apply Compatibility (38/250 Rules)
2026-05-05 11:56:13,872 [INFO] ImportTextPane:234 - (OptionalMessage_ERROR) Unable to find key (Mcu.ThirdPartyNb) in loaded IOC file
2026-05-05 11:56:13,876 [INFO] ImportTextPane:234 - (OptionalMessage_ERROR) Pin34 (VP_RIF_VS_RIF1) cannot be retrieved for this MCU
2026-05-05 11:56:14,055 [INFO] RtosManager:558 - Registered RTOS mode: class=CMSIS, group=RTOS, mode=CMSIS_V1, owner=FREERTOS
2026-05-05 11:56:14,055 [INFO] RtosManager:558 - Registered RTOS mode: class=CMSIS, group=RTOS2, mode=CMSIS_V2, owner=FREERTOS
2026-05-05 11:56:14,055 [INFO] RtosManager:558 - Registered RTOS mode: class=RTOS, group=Core, mode=CMSIS_V1, owner=FREERTOS
2026-05-05 11:56:14,055 [INFO] RtosManager:558 - Registered RTOS mode: class=RTOS, group=Core, mode=CMSIS_V2, owner=FREERTOS
2026-05-05 11:56:14,055 [WARN] ModelIntegratedComponent:184 - Missing modes for component STMicroelectronics:FreeRTOS:0.0.1:STMicroelectronics:RTOS:FreeRTOS:Core:::10.2.0:
2026-05-05 11:56:14,067 [WARN] ModelIntegratedComponent:63 - No mode defined for component null
2026-05-05 11:56:14,067 [WARN] ModelIntegratedComponent:63 - No mode defined for component null
2026-05-05 11:56:14,067 [WARN] ModelIntegratedComponent:63 - No mode defined for component null
2026-05-05 11:56:14,067 [WARN] ModelIntegratedComponent:63 - No mode defined for component null
2026-05-05 11:56:14,067 [WARN] ModelIntegratedComponent:63 - No mode defined for component null
2026-05-05 11:56:14,068 [WARN] ModelIntegratedComponent:63 - No mode defined for component null
2026-05-05 11:56:14,068 [WARN] ModelIntegratedComponent:63 - No mode defined for component null
2026-05-05 11:56:14,068 [WARN] ModelIntegratedComponent:63 - No mode defined for component null
2026-05-05 11:56:14,068 [WARN] ModelIntegratedComponent:63 - No mode defined for component null
2026-05-05 11:56:14,068 [WARN] ModelIntegratedComponent:63 - No mode defined for component null
2026-05-05 11:56:14,068 [WARN] ModelIntegratedComponent:63 - No mode defined for component null
2026-05-05 11:56:14,068 [WARN] ModelIntegratedComponent:63 - No mode defined for component null
2026-05-05 11:56:14,068 [WARN] ModelIntegratedComponent:63 - No mode defined for component null
2026-05-05 11:56:14,068 [WARN] ModelIntegratedComponent:63 - No mode defined for component null
2026-05-05 11:56:14,068 [WARN] ModelIntegratedComponent:63 - No mode defined for component null
2026-05-05 11:56:14,068 [WARN] ModelIntegratedComponent:63 - No mode defined for component null
2026-05-05 11:56:14,068 [WARN] ModelIntegratedComponent:63 - No mode defined for component null
2026-05-05 11:56:14,068 [WARN] ModelIntegratedComponent:63 - No mode defined for component null
2026-05-05 11:56:14,068 [WARN] ModelIntegratedComponent:63 - No mode defined for component null
2026-05-05 11:56:14,068 [WARN] ModelIntegratedComponent:63 - No mode defined for component null
2026-05-05 11:56:14,068 [WARN] ModelIntegratedComponent:63 - No mode defined for component null
2026-05-05 11:56:14,068 [WARN] ModelIntegratedComponent:63 - No mode defined for component null
2026-05-05 11:56:14,068 [WARN] ModelIntegratedComponent:63 - No mode defined for component null
2026-05-05 11:56:14,068 [WARN] ModelIntegratedComponent:63 - No mode defined for component null
2026-05-05 11:56:14,068 [WARN] ModelIntegratedComponent:63 - No mode defined for component null
2026-05-05 11:56:14,068 [WARN] ModelIntegratedComponent:63 - No mode defined for component null
2026-05-05 11:56:14,068 [WARN] ModelIntegratedComponent:63 - No mode defined for component null
2026-05-05 11:56:14,068 [WARN] ModelIntegratedComponent:63 - No mode defined for component null
2026-05-05 11:56:14,069 [WARN] ModelIntegratedComponent:63 - No mode defined for component null
2026-05-05 11:56:14,069 [WARN] ModelIntegratedComponent:63 - No mode defined for component null
2026-05-05 11:56:14,069 [WARN] ModelIntegratedComponent:63 - No mode defined for component null
2026-05-05 11:56:14,069 [WARN] ModelIntegratedComponent:63 - No mode defined for component null
2026-05-05 11:56:14,069 [WARN] ModelIntegratedComponent:63 - No mode defined for component null
2026-05-05 11:56:14,069 [WARN] ModelIntegratedComponent:63 - No mode defined for component null
2026-05-05 11:56:14,069 [WARN] ModelIntegratedComponent:63 - No mode defined for component null
2026-05-05 11:56:14,069 [WARN] ModelPack:524 - Component already loaded: STMicroelectronics:HAL Drivers:0.0.0:STMicroelectronics:Device:STMicro_Driver:XSPI:HAL::0.0.1:HAL_XSPI
2026-05-05 11:56:14,169 [INFO] ThirdPartyModel:298 - Start build external matchings
2026-05-05 11:56:14,968 [INFO] ThirdPartyModel:316 - End build external matchings
2026-05-05 11:56:15,667 [INFO] UtilMem:75 - End LoadConfig() Used Memory: 963576688 Bytes (1073741824)
2026-05-05 11:56:15,713 [WARN] ThirdParty:833 - waiting for thirdparty lock release [change project]
2026-05-05 11:56:15,714 [INFO] ThirdParty:835 - entering critical section [change project]
2026-05-05 11:56:15,714 [INFO] ThirdParty:1030 - CMSIS Pack Vendor :STMicroelectronics X-CUBE-AZRTOS-H7 3.5.0
2026-05-05 11:56:15,714 [INFO] ThirdParty:1030 - CMSIS Pack Vendor :STMicroelectronics X-CUBE-PM33A1 1.0.0
2026-05-05 11:56:15,714 [INFO] ThirdParty:1030 - CMSIS Pack Vendor :STMicroelectronics USBPD 4.1
2026-05-05 11:56:15,714 [INFO] ThirdParty:1030 - CMSIS Pack Vendor :STMicroelectronics X-CUBE-NFC9 1.0.0
2026-05-05 11:56:15,714 [INFO] ThirdParty:1030 - CMSIS Pack Vendor :STMicroelectronics USB_HOST 2.0.0
2026-05-05 11:56:15,714 [INFO] ThirdParty:1030 - CMSIS Pack Vendor :STMicroelectronics X-CUBE-AZRTOS-F4 1.1.0
2026-05-05 11:56:15,714 [INFO] ThirdParty:1030 - CMSIS Pack Vendor :STMicroelectronics LIBJPEG 8.0.0
2026-05-05 11:56:15,714 [INFO] ThirdParty:1030 - CMSIS Pack Vendor :STMicroelectronics FP-ATR-ASTRA1 2.0.2
2026-05-05 11:56:15,715 [INFO] ThirdParty:1030 - CMSIS Pack Vendor :STMicroelectronics X-CUBE-BLE1 7.1.0
2026-05-05 11:56:15,715 [INFO] ThirdParty:1030 - CMSIS Pack Vendor :STMicroelectronics X-CUBE-SMBUS 2.1.0
2026-05-05 11:56:15,715 [INFO] ThirdParty:1030 - CMSIS Pack Vendor :wolfSSL I-CUBE-wolfMQTT 1.19.2
2026-05-05 11:56:15,715 [INFO] ThirdParty:1030 - CMSIS Pack Vendor :STMicroelectronics USB_DEVICE 3.0.0
2026-05-05 11:56:15,715 [INFO] ThirdParty:1030 - CMSIS Pack Vendor :STMicroelectronics X-CUBE-ISPU 2.1.0
2026-05-05 11:56:15,715 [INFO] ThirdParty:1030 - CMSIS Pack Vendor :STMicroelectronics X-CUBE-EEPRMA1 5.2.0
2026-05-05 11:56:15,715 [INFO] ThirdParty:1030 - CMSIS Pack Vendor :STMicroelectronics X-CUBE-IPS 3.2.0
2026-05-05 11:56:15,715 [INFO] ThirdParty:1030 - CMSIS Pack Vendor :STMicroelectronics X-CUBE-BLEMGR 4.1.0
2026-05-05 11:56:15,715 [INFO] ThirdParty:1030 - CMSIS Pack Vendor :STMicroelectronics eDS-WB_DPC_TT-BIDIR 2.1.1
2026-05-05 11:56:15,715 [INFO] ThirdParty:1030 - CMSIS Pack Vendor :STMicroelectronics X-CUBE-AZRTOS-WB 2.0.0
2026-05-05 11:56:15,715 [INFO] ThirdParty:1030 - CMSIS Pack Vendor :wolfSSL I-CUBE-wolfSSL 5.8.4
2026-05-05 11:56:15,715 [INFO] ThirdParty:1030 - CMSIS Pack Vendor :Cesanta I-CUBE-Mongoose 7.20.0
2026-05-05 11:56:15,715 [INFO] ThirdParty:1030 - CMSIS Pack Vendor :STMicroelectronics X-CUBE-NFC12 1.0.0
2026-05-05 11:56:15,715 [INFO] ThirdParty:1030 - CMSIS Pack Vendor :STMicroelectronics X-CUBE-AZRTOS-F7 1.1.0
2026-05-05 11:56:15,715 [INFO] ThirdParty:1030 - CMSIS Pack Vendor :STMicroelectronics X-CUBE-AZRTOS-L5 2.0.0
2026-05-05 11:56:15,715 [INFO] ThirdParty:1030 - CMSIS Pack Vendor :STMicroelectronics USB_DEVICE 2.0.0
2026-05-05 11:56:15,715 [INFO] ThirdParty:1030 - CMSIS Pack Vendor :STMicroelectronics FP-SNS-STAIOTCFT 1.1.0
2026-05-05 11:56:15,715 [INFO] ThirdParty:1030 - CMSIS Pack Vendor :quantropi X-CUBE-qispace-sdk-base 2.1.0
2026-05-05 11:56:15,715 [INFO] ThirdParty:1030 - CMSIS Pack Vendor :STMicroelectronics X-CUBE-MEMS1 12.0.0
2026-05-05 11:56:15,715 [INFO] ThirdParty:1030 - CMSIS Pack Vendor :STMicroelectronics X-CUBE-STSE01 2.0.0
2026-05-05 11:56:15,716 [INFO] ThirdParty:1030 - CMSIS Pack Vendor :STMicroelectronics FP-SNS-MOTENV1 5.1.0
2026-05-05 11:56:15,716 [INFO] ThirdParty:1030 - CMSIS Pack Vendor :STMicroelectronics FreeRTOS 0.0.1
2026-05-05 11:56:15,716 [INFO] ThirdParty:1030 - CMSIS Pack Vendor :STMicroelectronics X-CUBE-AZRTOS-G0 1.1.0
2026-05-05 11:56:15,716 [INFO] ThirdParty:1030 - CMSIS Pack Vendor :STMicroelectronics X-CUBE-NFC4 3.0.0
2026-05-05 11:56:15,716 [INFO] ThirdParty:1030 - CMSIS Pack Vendor :STMicroelectronics X-CUBE-SUBG2 5.0.0
2026-05-05 11:56:15,716 [INFO] ThirdParty:1030 - CMSIS Pack Vendor :STMicroelectronics STM32_WPAN 1.0.0
2026-05-05 11:56:15,716 [INFO] ThirdParty:1030 - CMSIS Pack Vendor :STMicroelectronics eDS-WB_DPC_VIENNA 1.2.0
2026-05-05 11:56:15,716 [INFO] ThirdParty:1030 - CMSIS Pack Vendor :EmbeddedOffice I-CUBE-FS-RTOS 1.0.1
2026-05-05 11:56:15,716 [INFO] ThirdParty:1030 - CMSIS Pack Vendor :STMicroelectronics lwIP 2.0.3
2026-05-05 11:56:15,716 [INFO] ThirdParty:1030 - CMSIS Pack Vendor :WES I-CUBE-Cesium 1.4.0
2026-05-05 11:56:15,716 [INFO] ThirdParty:1030 - CMSIS Pack Vendor :STMicroelectronics eDS-WB_DPC_3PH2L-BIDIR 1.1.1
2026-05-05 11:56:15,716 [INFO] ThirdParty:1030 - CMSIS Pack Vendor :STMicroelectronics USB_HOST 1.0.0
2026-05-05 11:56:15,717 [INFO] ThirdParty:1030 - CMSIS Pack Vendor :STMicroelectronics X-CUBE-AZRTOS-G4 2.0.0
2026-05-05 11:56:15,717 [INFO] ThirdParty:1030 - CMSIS Pack Vendor :STMicroelectronics X-CUBE-WB05N 2.0.0
2026-05-05 11:56:15,717 [INFO] ThirdParty:1030 - CMSIS Pack Vendor :STMicroelectronics PDM2PCM 3.1.0
2026-05-05 11:56:15,717 [INFO] ThirdParty:1030 - CMSIS Pack Vendor :STMicroelectronics PDM2PCM 3.3.0
2026-05-05 11:56:15,717 [INFO] ThirdParty:1030 - CMSIS Pack Vendor :wolfSSL I-CUBE-wolfTPM 3.8.0
2026-05-05 11:56:15,717 [INFO] ThirdParty:1030 - CMSIS Pack Vendor :STMicroelectronics X-CUBE-DISPLAY 3.0.0
2026-05-05 11:56:15,717 [INFO] ThirdParty:1030 - CMSIS Pack Vendor :wolfSSL I-CUBE-wolfSSH 1.4.20
2026-05-05 11:56:15,719 [INFO] ThirdParty:1030 - CMSIS Pack Vendor :STMicroelectronics X-CUBE-NFC7 2.0.0
2026-05-05 11:56:15,721 [INFO] ThirdParty:1030 - CMSIS Pack Vendor :STMicroelectronics X-CUBE-GNSS1 7.1.1
2026-05-05 11:56:15,722 [INFO] ThirdParty:1030 - CMSIS Pack Vendor :STMicroelectronics FP-SNS-MOTENVWB1 1.5.0
2026-05-05 11:56:15,722 [INFO] ThirdParty:1030 - CMSIS Pack Vendor :STMicroelectronics X-CUBE-TCPP 4.2.0
2026-05-05 11:56:15,722 [INFO] ThirdParty:1030 - CMSIS Pack Vendor :RealThread X-CUBE-RT-Thread_Nano 4.1.1
2026-05-05 11:56:15,722 [INFO] ThirdParty:1030 - CMSIS Pack Vendor :STMicroelectronics FP-ATR-SIGFOX1 3.2.0
2026-05-05 11:56:15,722 [INFO] ThirdParty:1030 - CMSIS Pack Vendor :STMicroelectronics X-CUBE-NFC10 1.0.0
2026-05-05 11:56:15,722 [INFO] ThirdParty:1030 - CMSIS Pack Vendor :STMicroelectronics HAL Drivers 0.0.0
2026-05-05 11:56:15,722 [INFO] ThirdParty:1030 - CMSIS Pack Vendor :STMicroelectronics X-CUBE-FREERTOS 1.5.0
2026-05-05 11:56:15,722 [INFO] ThirdParty:1030 - CMSIS Pack Vendor :STMicroelectronics MBEDTLS 2.16.2
2026-05-05 11:56:15,722 [INFO] ThirdParty:1030 - CMSIS Pack Vendor :STMicroelectronics X-CUBE-ST60 1.1.0
2026-05-05 11:56:15,723 [INFO] ThirdParty:1030 - CMSIS Pack Vendor :STMicroelectronics X-CUBE-ALS 1.0.2
2026-05-05 11:56:15,723 [INFO] ThirdParty:1030 - CMSIS Pack Vendor :emotas I-CUBE-CANOPEN 1.3.0
2026-05-05 11:56:15,723 [INFO] ThirdParty:1030 - CMSIS Pack Vendor :STMicroelectronics MBEDTLS 2.14.1
2026-05-05 11:56:15,723 [INFO] ThirdParty:1030 - CMSIS Pack Vendor :STMicroelectronics X-CUBE-GNSS1 7.1.0
2026-05-05 11:56:15,723 [INFO] ThirdParty:1030 - CMSIS Pack Vendor :ITTIA_DB I-CUBE-ITTIADB 8.9.0
2026-05-05 11:56:15,723 [INFO] ThirdParty:1030 - CMSIS Pack Vendor :STMicroelectronics X-CUBE-TOUCHGFX 4.26.1
2026-05-05 11:56:15,723 [INFO] ThirdParty:1030 - CMSIS Pack Vendor :STMicroelectronics X-CUBE-NFC6 3.2.0
2026-05-05 11:56:15,723 [INFO] ThirdParty:1030 - CMSIS Pack Vendor :STMicroelectronics FP-SNS-STBOX1 2.1.0
2026-05-05 11:56:15,723 [INFO] ThirdParty:1030 - CMSIS Pack Vendor :STMicroelectronics X-CUBE-AI 10.2.0
2026-05-05 11:56:15,723 [INFO] ThirdParty:1030 - CMSIS Pack Vendor :STMicroelectronics FP-SNS-STAIOTCFT 1.0.0
2026-05-05 11:56:15,723 [INFO] ThirdParty:1030 - CMSIS Pack Vendor :STMicroelectronics ThreadX 1.0.0
2026-05-05 11:56:15,723 [INFO] ThirdParty:1030 - CMSIS Pack Vendor :STMicroelectronics FP-SNS-SMARTAG2 1.2.0
2026-05-05 11:56:15,723 [INFO] ThirdParty:1030 - CMSIS Pack Vendor :STMicroelectronics X-CUBE-MEMS1 12.1.0
2026-05-05 11:56:15,723 [INFO] ThirdParty:1030 - CMSIS Pack Vendor :STMicroelectronics FP-SNS-FLIGHT1 5.1.0
2026-05-05 11:56:15,723 [INFO] ThirdParty:1030 - CMSIS Pack Vendor :STMicroelectronics X-CUBE-AZRTOS-WL 2.0.0
2026-05-05 11:56:15,723 [INFO] ThirdParty:1030 - CMSIS Pack Vendor :SEGGER I-CUBE-embOS 1.3.1
2026-05-05 11:56:15,724 [INFO] ThirdParty:1030 - CMSIS Pack Vendor :STMicroelectronics X-CUBE-ALGOBUILD 1.4.0
2026-05-05 11:56:15,724 [INFO] ThirdParty:1030 - CMSIS Pack Vendor :STMicroelectronics X-CUBE-DPower 1.3.0
2026-05-05 11:56:15,724 [INFO] ThirdParty:1030 - CMSIS Pack Vendor :STMicroelectronics USB_DEVICE 1.0.0
2026-05-05 11:56:15,724 [INFO] ThirdParty:1030 - CMSIS Pack Vendor :STMicroelectronics X-CUBE-AZRTOS-H7RS 1.2.0
2026-05-05 11:56:15,724 [INFO] ThirdParty:1030 - CMSIS Pack Vendor :STMicroelectronics X-CUBE-AZRTOS-L4 2.0.0
2026-05-05 11:56:15,724 [INFO] ThirdParty:1030 - CMSIS Pack Vendor :STMicroelectronics ThreadX 0.0.2
2026-05-05 11:56:15,724 [INFO] ThirdParty:1030 - CMSIS Pack Vendor :STMicroelectronics lwIP 2.1.2
2026-05-05 11:56:15,724 [INFO] ThirdParty:1030 - CMSIS Pack Vendor :STMicroelectronics X-CUBE-SFXS2LP1 4.0.0
2026-05-05 11:56:15,724 [INFO] ThirdParty:1030 - CMSIS Pack Vendor :STMicroelectronics X-CUBE-BLE2 3.3.0
2026-05-05 11:56:15,724 [INFO] ThirdParty:1030 - CMSIS Pack Vendor :Avnet-IOTCONNECT X-CUBE-iotc-st67-sdk 1.0.0
2026-05-05 11:56:15,724 [INFO] ThirdParty:1030 - CMSIS Pack Vendor :STMicroelectronics X-CUBE-TOF1 3.4.3
2026-05-05 11:56:15,724 [INFO] ThirdParty:1030 - CMSIS Pack Vendor :Infineon AIROC-Wi-Fi-Bluetooth-STM32 1.8.0
2026-05-05 11:56:15,724 [INFO] ThirdParty:1030 - CMSIS Pack Vendor :STMicroelectronics PDM2PCM 3.2.0
2026-05-05 11:56:15,724 [INFO] ThirdParty:1030 - CMSIS Pack Vendor :STMicroelectronics X-CUBE-WB05N 2.1.0
2026-05-05 11:56:15,724 [INFO] ThirdParty:1030 - CMSIS Pack Vendor :STMicroelectronics X-CUBE-ST67W61 1.2.0
2026-05-05 11:56:15,724 [INFO] ThirdParty:841 - exiting critical section [change project]
2026-05-05 11:56:16,043 [INFO] PinOutPanel:1589 - setPackage(No Configuration,No Configuration)
2026-05-05 11:56:16,046 [INFO] PinOutPanel:1589 - setPackage(STM32F407VGTx,LQFP100)
2026-05-05 11:56:16,375 [INFO] UtilMem:75 - Before build in PCC Used Memory: 926919936 Bytes (1073741824)
2026-05-05 11:56:16,646 [INFO] UtilMem:75 - After build in PCC Used Memory: 972530944 Bytes (1073741824)
2026-05-05 11:56:16,674 [INFO] IPUIPlugin:80 - create IPUIPlugin
2026-05-05 11:56:16,675 [INFO] IPUIPlugin:80 - create IPUIPlugin
2026-05-05 11:56:16,675 [INFO] IPUIPlugin:80 - create IPUIPlugin
2026-05-05 11:56:16,675 [INFO] IPUIPlugin:80 - create IPUIPlugin
2026-05-05 11:56:16,675 [INFO] IPUIPlugin:80 - create IPUIPlugin
2026-05-05 11:56:16,675 [INFO] IPUIPlugin:80 - create IPUIPlugin
2026-05-05 11:56:16,675 [INFO] IPUIPlugin:80 - create IPUIPlugin
2026-05-05 11:56:16,675 [INFO] IPUIPlugin:80 - create IPUIPlugin
2026-05-05 11:56:16,675 [INFO] IPUIPlugin:80 - create IPUIPlugin
2026-05-05 11:56:16,676 [INFO] IPUIPlugin:80 - create IPUIPlugin
2026-05-05 11:56:16,676 [INFO] IPUIPlugin:80 - create IPUIPlugin
2026-05-05 11:56:16,676 [INFO] IPUIPlugin:80 - create IPUIPlugin
2026-05-05 11:56:16,676 [INFO] IPUIPlugin:80 - create IPUIPlugin
2026-05-05 11:56:16,676 [INFO] IPUIPlugin:80 - create IPUIPlugin
2026-05-05 11:56:16,676 [INFO] IPUIPlugin:80 - create IPUIPlugin
2026-05-05 11:56:16,676 [INFO] IPUIPlugin:80 - create IPUIPlugin
2026-05-05 11:56:16,677 [INFO] IPUIPlugin:80 - create IPUIPlugin
2026-05-05 11:56:16,677 [INFO] IPUIPlugin:80 - create IPUIPlugin
2026-05-05 11:56:16,677 [INFO] IPUIPlugin:80 - create IPUIPlugin
2026-05-05 11:56:16,677 [INFO] IPUIPlugin:80 - create IPUIPlugin
2026-05-05 11:56:16,678 [INFO] IPUIPlugin:80 - create IPUIPlugin
2026-05-05 11:56:16,678 [INFO] IPUIPlugin:80 - create IPUIPlugin
2026-05-05 11:56:16,678 [INFO] IPUIPlugin:80 - create IPUIPlugin
2026-05-05 11:56:16,678 [INFO] IPUIPlugin:80 - create IPUIPlugin
2026-05-05 11:56:16,679 [INFO] IPUIPlugin:80 - create IPUIPlugin
2026-05-05 11:56:16,679 [INFO] IPUIPlugin:80 - create IPUIPlugin
2026-05-05 11:56:16,679 [INFO] IPUIPlugin:80 - create IPUIPlugin
2026-05-05 11:56:16,679 [INFO] IPUIPlugin:80 - create IPUIPlugin
2026-05-05 11:56:16,680 [INFO] IPUIPlugin:80 - create IPUIPlugin
2026-05-05 11:56:16,680 [INFO] IPUIPlugin:80 - create IPUIPlugin
2026-05-05 11:56:16,680 [INFO] IPUIPlugin:80 - create IPUIPlugin
2026-05-05 11:56:16,680 [INFO] IPUIPlugin:80 - create IPUIPlugin
2026-05-05 11:56:16,681 [INFO] IPUIPlugin:80 - create IPUIPlugin
2026-05-05 11:56:16,681 [INFO] IPUIPlugin:80 - create IPUIPlugin
2026-05-05 11:56:16,681 [INFO] IPUIPlugin:80 - create IPUIPlugin
2026-05-05 11:56:16,681 [INFO] IPUIPlugin:80 - create IPUIPlugin
2026-05-05 11:56:16,682 [INFO] IPUIPlugin:80 - create IPUIPlugin
2026-05-05 11:56:16,682 [INFO] IPUIPlugin:80 - create IPUIPlugin
2026-05-05 11:56:16,682 [INFO] IPUIPlugin:80 - create IPUIPlugin
2026-05-05 11:56:16,682 [INFO] IPUIPlugin:80 - create IPUIPlugin
2026-05-05 11:56:16,682 [INFO] IPUIPlugin:80 - create IPUIPlugin
2026-05-05 11:56:16,683 [INFO] IPUIPlugin:80 - create IPUIPlugin
2026-05-05 11:56:16,683 [INFO] IPUIPlugin:80 - create IPUIPlugin
2026-05-05 11:56:16,683 [INFO] IPUIPlugin:80 - create IPUIPlugin
2026-05-05 11:56:16,683 [INFO] IPUIPlugin:80 - create IPUIPlugin
2026-05-05 11:56:16,683 [INFO] IPUIPlugin:80 - create IPUIPlugin
2026-05-05 11:56:16,684 [INFO] IPUIPlugin:80 - create IPUIPlugin
2026-05-05 11:56:16,684 [INFO] IPUIPlugin:80 - create IPUIPlugin
2026-05-05 11:56:16,684 [INFO] IPUIPlugin:80 - create IPUIPlugin
2026-05-05 11:56:16,685 [INFO] IPUIPlugin:80 - create IPUIPlugin
2026-05-05 11:56:16,685 [INFO] IPUIPlugin:80 - create IPUIPlugin
2026-05-05 11:56:16,685 [INFO] IPUIPlugin:80 - create IPUIPlugin
2026-05-05 11:56:16,686 [INFO] IPUIPlugin:80 - create IPUIPlugin
2026-05-05 11:56:16,686 [INFO] IPUIPlugin:80 - create IPUIPlugin
2026-05-05 11:56:16,688 [INFO] IPUIPlugin:80 - create IPUIPlugin
2026-05-05 11:56:16,689 [INFO] IPUIPlugin:80 - create IPUIPlugin
2026-05-05 11:56:16,689 [INFO] IPUIPlugin:80 - create IPUIPlugin
2026-05-05 11:56:16,689 [INFO] IPUIPlugin:80 - create IPUIPlugin
2026-05-05 11:56:16,698 [INFO] ApiDbMcu:532 - Load IP Config File for PDM2PCM
2026-05-05 11:56:16,744 [INFO] CADModel:165 - CPN selected for project levelSTM32F407VGT6
2026-05-05 11:56:16,744 [INFO] CADModel:114 - Register for checkConnection events
2026-05-05 11:56:16,808 [INFO] OpenFileManager:386 - Restore cursor
2026-05-05 11:56:17,515 [INFO] UtilMem:75 - End SaveConfig() Used Memory: 862224272 Bytes (1073741824)
2026-05-05 11:56:17,635 [INFO] UtilMem:75 - End SaveConfig() Used Memory: 883516768 Bytes (1073741824)
2026-05-05 11:56:18,061 [INFO] BlockDiagram:2775 - set Specific Code input for plugin: SYS
2026-05-05 11:56:18,061 [INFO] BlockDiagram:2775 - set Specific Code input for plugin: RCC
2026-05-05 11:56:18,061 [INFO] BlockDiagram:2775 - set Specific Code input for plugin: NVIC
2026-05-05 11:56:18,062 [INFO] BlockDiagram:2775 - set Specific Code input for plugin: GPIO
2026-05-05 11:56:18,064 [INFO] CodeGenerator:892 - code generatio: config db path: C:\ST\STM32CubeIDE_1.19.0\STM32CubeIDE\plugins\com.st.stm32cube.common.mx_6.15.0.202507011659\\db\
2026-05-05 11:56:18,285 [INFO] CodeEngine:265 - oldGeneratedFile, D:\RTOS_stm32\led_and_button\MXTmpFiles\license.tmp_save
2026-05-05 11:56:18,721 [INFO] CodeEngine:289 - Generated code: D:\RTOS_stm32\led_and_button\MXTmpFiles\license.tmp
2026-05-05 11:56:18,837 [INFO] CodeEngine:265 - oldGeneratedFile, D:\RTOS_stm32\led_and_button\MXTmpFiles\gpio.tmp_save
2026-05-05 11:56:19,077 [INFO] CodeEngine:289 - Generated code: D:\RTOS_stm32\led_and_button\MXTmpFiles\gpio.tmp
2026-05-05 11:56:19,155 [INFO] CodeEngine:265 - oldGeneratedFile, D:\RTOS_stm32\led_and_button\Core\Src\stm32f4xx_it.c_save
2026-05-05 11:56:19,559 [INFO] CodeEngine:289 - Generated code: D:\RTOS_stm32\led_and_button\Core\Src\stm32f4xx_it.c
2026-05-05 11:56:19,566 [INFO] CodeEngine:265 - oldGeneratedFile, D:\RTOS_stm32\led_and_button\Core\Inc\stm32f4xx_it.h_save
2026-05-05 11:56:19,684 [INFO] CodeEngine:289 - Generated code: D:\RTOS_stm32\led_and_button\Core\Inc\stm32f4xx_it.h
2026-05-05 11:56:19,715 [INFO] CodeEngine:265 - oldGeneratedFile, D:\RTOS_stm32\led_and_button\Core\Src\stm32f4xx_hal_msp.c_save
2026-05-05 11:56:19,852 [INFO] CodeEngine:289 - Generated code: D:\RTOS_stm32\led_and_button\Core\Src\stm32f4xx_hal_msp.c
2026-05-05 11:56:19,860 [INFO] CodeEngine:265 - oldGeneratedFile, D:\RTOS_stm32\led_and_button\MXTmpFiles\system.tmp_save
2026-05-05 11:56:19,927 [INFO] CodeEngine:289 - Generated code: D:\RTOS_stm32\led_and_button\MXTmpFiles\system.tmp
2026-05-05 11:56:19,942 [INFO] CodeEngine:321 - oldGeneratedFile, D:\RTOS_stm32\led_and_button\Core\Inc\stm32f4xx_hal_conf.h_save
2026-05-05 11:56:20,022 [INFO] CodeEngine:345 - Generated code: D:\RTOS_stm32\led_and_button\Core\Inc\stm32f4xx_hal_conf.h
2026-05-05 11:56:20,050 [INFO] ApiDbMcu:532 - Load IP Config File for RCC
2026-05-05 11:56:20,065 [INFO] CodeEngine:265 - oldGeneratedFile, D:\RTOS_stm32\led_and_button\Core\Inc\main.h_save
2026-05-05 11:56:20,187 [INFO] CodeEngine:289 - Generated code: D:\RTOS_stm32\led_and_button\Core\Inc\main.h
2026-05-05 11:56:20,198 [INFO] CodeEngine:265 - oldGeneratedFile, D:\RTOS_stm32\led_and_button\Core\Src\main.c_save
2026-05-05 11:56:20,307 [INFO] CodeEngine:289 - Generated code: D:\RTOS_stm32\led_and_button\Core\Src\main.c
2026-05-05 11:56:20,986 [INFO] ProjectBuilder:3606 - Time for Copy HAL[1] : 365mS.
2026-05-05 11:56:20,993 [INFO] ProjectBuilder:5216 - Project Generator version: 4.7.0-B52
2026-05-05 11:56:21,102 [INFO] ConfigFileManager:1595 - The Die is : DIE413
2026-05-05 11:56:21,108 [INFO] ApiDbMcu:532 - Load IP Config File for FATFS
2026-05-05 11:56:21,115 [INFO] ApiDbMcu:532 - Load IP Config File for FREERTOS
2026-05-05 11:56:21,119 [INFO] ApiDbMcu:532 - Load IP Config File for LIBJPEG
2026-05-05 11:56:21,130 [INFO] ApiDbMcu:532 - Load IP Config File for LWIP
2026-05-05 11:56:21,141 [INFO] ApiDbMcu:532 - Load IP Config File for MBEDTLS
2026-05-05 11:56:21,152 [INFO] ApiDbMcu:532 - Load IP Config File for USB_DEVICE
2026-05-05 11:56:21,161 [INFO] ApiDbMcu:532 - Load IP Config File for USB_HOST
2026-05-05 11:56:25,587 [INFO] ProjectBuilder:5496 - Time for Generating toolchain IDE Files: 4593mS.
2026-05-05 11:56:25,589 [INFO] ProjectBuilder:3463 - Time for Copy CMSIS : 2mS.
2026-05-05 11:56:25,591 [INFO] ProjectBuilder:3463 - Time for Copy CMSIS : 0mS.
2026-05-05 11:56:27,567 [INFO] McuFinderGlobals:76 - Set McuFinderConnectedMode to true
2026-05-05 11:56:27,578 [INFO] ApiDb:448 - Save user favorites file C:\Users\jahna/.stm32cubeide/favorites.mcus.txt: 0 item(s)
2026-05-05 11:56:27,579 [INFO] ApiDb:452 - User favorites MCUs=[]
2026-05-05 11:56:27,582 [INFO] ApiDb:448 - Save user favorites file C:\Users\jahna/.stm32cubeide/favorites.boards.txt: 1 item(s)
2026-05-05 11:56:27,583 [INFO] ApiDb:452 - User favorites Boards=[STM32F407G-DISC1]
2026-05-05 11:57:37,339 [INFO] RtosManager:1018 - Current active RTOS is FREERTOS [Cortex-M4NS]
2026-05-05 11:57:37,768 [ERROR] RtosPanel:558 - Can not restore the selected Tab for FREERTOS(A reason can be that the tab is no more available.)
2026-05-05 11:57:37,870 [ERROR] RtosPanel:558 - Can not restore the selected Tab for FREERTOS(A reason can be that the tab is no more available.)
2026-05-05 11:57:40,623 [INFO] UtilMem:75 - End SaveConfig() Used Memory: 977354632 Bytes (1073741824)
2026-05-05 11:57:41,776 [INFO] UtilMem:75 - End SaveConfig() Used Memory: 706088368 Bytes (1073741824)
2026-05-05 11:57:44,532 [INFO] UtilMem:75 - End SaveConfig() Used Memory: 821381064 Bytes (1073741824)
2026-05-05 11:57:45,946 [INFO] BlockDiagram:2775 - set Specific Code input for plugin: FREERTOS
2026-05-05 11:57:45,947 [INFO] BlockDiagram:2775 - set Specific Code input for plugin: SYS
2026-05-05 11:57:45,947 [INFO] BlockDiagram:2775 - set Specific Code input for plugin: RCC
2026-05-05 11:57:45,947 [INFO] BlockDiagram:2775 - set Specific Code input for plugin: NVIC
2026-05-05 11:57:45,947 [INFO] BlockDiagram:2775 - set Specific Code input for plugin: USART
2026-05-05 11:57:45,947 [INFO] BlockDiagram:2775 - set Specific Code input for plugin: GPIO
2026-05-05 11:57:45,949 [INFO] CodeGenerator:892 - code generatio: config db path: C:\ST\STM32CubeIDE_1.19.0\STM32CubeIDE\plugins\com.st.stm32cube.common.mx_6.15.0.202507011659\\db\
2026-05-05 11:57:46,089 [INFO] CodeEngine:265 - oldGeneratedFile, D:\RTOS_stm32\led_and_button\MXTmpFiles\license.tmp_save
2026-05-05 11:57:46,380 [INFO] CodeEngine:289 - Generated code: D:\RTOS_stm32\led_and_button\MXTmpFiles\license.tmp
2026-05-05 11:57:46,426 [INFO] CodeEngine:265 - oldGeneratedFile, D:\RTOS_stm32\led_and_button\MXTmpFiles\gpio.tmp_save
2026-05-05 11:57:46,586 [INFO] CodeEngine:289 - Generated code: D:\RTOS_stm32\led_and_button\MXTmpFiles\gpio.tmp
2026-05-05 11:57:46,790 [INFO] Middleware:1452 - No code input for Bsp Dependency
2026-05-05 11:57:46,806 [INFO] CodeEngine:265 - oldGeneratedFile, D:\RTOS_stm32\led_and_button\MXTmpFiles\rtos_inc.tmp_save
2026-05-05 11:57:46,934 [INFO] CodeEngine:289 - Generated code: D:\RTOS_stm32\led_and_button\MXTmpFiles\rtos_inc.tmp
2026-05-05 11:57:46,955 [INFO] CodeEngine:265 - oldGeneratedFile, D:\RTOS_stm32\led_and_button\MXTmpFiles\rtos_vars.tmp_save
2026-05-05 11:57:47,117 [INFO] CodeEngine:289 - Generated code: D:\RTOS_stm32\led_and_button\MXTmpFiles\rtos_vars.tmp
2026-05-05 11:57:47,140 [INFO] CodeEngine:265 - oldGeneratedFile, D:\RTOS_stm32\led_and_button\MXTmpFiles\rtos_pfp.tmp_save
2026-05-05 11:57:47,252 [INFO] CodeEngine:289 - Generated code: D:\RTOS_stm32\led_and_button\MXTmpFiles\rtos_pfp.tmp
2026-05-05 11:57:47,264 [INFO] CodeEngine:265 - oldGeneratedFile, D:\RTOS_stm32\led_and_button\MXTmpFiles\rtos_obj_creat.tmp_save
2026-05-05 11:57:47,360 [INFO] CodeEngine:289 - Generated code: D:\RTOS_stm32\led_and_button\MXTmpFiles\rtos_obj_creat.tmp
2026-05-05 11:57:47,369 [INFO] CodeEngine:265 - oldGeneratedFile, D:\RTOS_stm32\led_and_button\MXTmpFiles\rtos_kernelStart.tmp_save
2026-05-05 11:57:47,457 [INFO] CodeEngine:289 - Generated code: D:\RTOS_stm32\led_and_button\MXTmpFiles\rtos_kernelStart.tmp
2026-05-05 11:57:47,473 [INFO] CodeEngine:265 - oldGeneratedFile, D:\RTOS_stm32\led_and_button\MXTmpFiles\rtos_default_thread.tmp_save
2026-05-05 11:57:47,567 [INFO] CodeEngine:289 - Generated code: D:\RTOS_stm32\led_and_button\MXTmpFiles\rtos_default_thread.tmp
2026-05-05 11:57:47,583 [INFO] CodeEngine:265 - oldGeneratedFile, D:\RTOS_stm32\led_and_button\MXTmpFiles\rtos_threads.tmp_save
2026-05-05 11:57:47,662 [INFO] CodeEngine:289 - Generated code: D:\RTOS_stm32\led_and_button\MXTmpFiles\rtos_threads.tmp
2026-05-05 11:57:47,707 [INFO] Middleware:1452 - No code input for Bsp Dependency
2026-05-05 11:57:47,725 [INFO] CodeEngine:265 - oldGeneratedFile, D:\RTOS_stm32\led_and_button\MXTmpFiles\rtos_inc.tmp_save
2026-05-05 11:57:47,814 [INFO] CodeEngine:289 - Generated code: D:\RTOS_stm32\led_and_button\MXTmpFiles\rtos_inc.tmp
2026-05-05 11:57:47,822 [INFO] CodeEngine:265 - oldGeneratedFile, D:\RTOS_stm32\led_and_button\MXTmpFiles\rtos_vars.tmp_save
2026-05-05 11:57:47,915 [INFO] CodeEngine:289 - Generated code: D:\RTOS_stm32\led_and_button\MXTmpFiles\rtos_vars.tmp
2026-05-05 11:57:47,934 [INFO] CodeEngine:265 - oldGeneratedFile, D:\RTOS_stm32\led_and_button\MXTmpFiles\rtos_pfp.tmp_save
2026-05-05 11:57:48,037 [INFO] CodeEngine:289 - Generated code: D:\RTOS_stm32\led_and_button\MXTmpFiles\rtos_pfp.tmp
2026-05-05 11:57:48,037 [INFO] CodeEngine:265 - oldGeneratedFile, D:\RTOS_stm32\led_and_button\MXTmpFiles\rtos_obj_creat.tmp_save
2026-05-05 11:57:48,150 [INFO] CodeEngine:289 - Generated code: D:\RTOS_stm32\led_and_button\MXTmpFiles\rtos_obj_creat.tmp
2026-05-05 11:57:48,162 [INFO] CodeEngine:265 - oldGeneratedFile, D:\RTOS_stm32\led_and_button\MXTmpFiles\rtos_kernelStart.tmp_save
2026-05-05 11:57:48,243 [INFO] CodeEngine:289 - Generated code: D:\RTOS_stm32\led_and_button\MXTmpFiles\rtos_kernelStart.tmp
2026-05-05 11:57:48,249 [INFO] CodeEngine:265 - oldGeneratedFile, D:\RTOS_stm32\led_and_button\MXTmpFiles\rtos_default_thread.tmp_save
2026-05-05 11:57:48,343 [INFO] CodeEngine:289 - Generated code: D:\RTOS_stm32\led_and_button\MXTmpFiles\rtos_default_thread.tmp
2026-05-05 11:57:48,351 [INFO] CodeEngine:265 - oldGeneratedFile, D:\RTOS_stm32\led_and_button\MXTmpFiles\rtos_threads.tmp_save
2026-05-05 11:57:48,439 [INFO] CodeEngine:289 - Generated code: D:\RTOS_stm32\led_and_button\MXTmpFiles\rtos_threads.tmp
2026-05-05 11:57:48,456 [INFO] CodeEngine:265 - oldGeneratedFile, D:\RTOS_stm32\led_and_button\Core\Inc\FreeRTOSConfig.h_save
2026-05-05 11:57:48,563 [INFO] CodeEngine:289 - Generated code: D:\RTOS_stm32\led_and_button\Core\Inc\FreeRTOSConfig.h
2026-05-05 11:57:48,578 [INFO] CodeEngine:265 - oldGeneratedFile, D:\RTOS_stm32\led_and_button\Core\Src\freertos.c_save
2026-05-05 11:57:48,670 [INFO] CodeEngine:289 - Generated code: D:\RTOS_stm32\led_and_button\Core\Src\freertos.c
2026-05-05 11:57:48,694 [INFO] CodeEngine:265 - oldGeneratedFile, D:\RTOS_stm32\led_and_button\Core\Src\stm32f4xx_it.c_save
2026-05-05 11:57:48,832 [INFO] CodeEngine:289 - Generated code: D:\RTOS_stm32\led_and_button\Core\Src\stm32f4xx_it.c
2026-05-05 11:57:48,843 [INFO] CodeEngine:265 - oldGeneratedFile, D:\RTOS_stm32\led_and_button\Core\Inc\stm32f4xx_it.h_save
2026-05-05 11:57:48,934 [INFO] CodeEngine:289 - Generated code: D:\RTOS_stm32\led_and_button\Core\Inc\stm32f4xx_it.h
2026-05-05 11:57:48,959 [INFO] CodeEngine:265 - oldGeneratedFile, D:\RTOS_stm32\led_and_button\Core\Src\stm32f4xx_hal_msp.c_save
2026-05-05 11:57:49,116 [INFO] CodeEngine:289 - Generated code: D:\RTOS_stm32\led_and_button\Core\Src\stm32f4xx_hal_msp.c
2026-05-05 11:57:49,127 [INFO] CodeEngine:265 - oldGeneratedFile, D:\RTOS_stm32\led_and_button\MXTmpFiles\system.tmp_save
2026-05-05 11:57:49,213 [INFO] CodeEngine:289 - Generated code: D:\RTOS_stm32\led_and_button\MXTmpFiles\system.tmp
2026-05-05 11:57:49,232 [INFO] CodeEngine:321 - oldGeneratedFile, D:\RTOS_stm32\led_and_button\Core\Inc\stm32f4xx_hal_conf.h_save
2026-05-05 11:57:49,343 [INFO] CodeEngine:345 - Generated code: D:\RTOS_stm32\led_and_button\Core\Inc\stm32f4xx_hal_conf.h
2026-05-05 11:57:49,384 [INFO] ApiDbMcu:532 - Load IP Config File for USART2
2026-05-05 11:57:49,408 [INFO] CodeEngine:265 - oldGeneratedFile, D:\RTOS_stm32\led_and_button\Core\Inc\main.h_save
2026-05-05 11:57:49,505 [INFO] CodeEngine:289 - Generated code: D:\RTOS_stm32\led_and_button\Core\Inc\main.h
2026-05-05 11:57:49,505 [INFO] CodeEngine:265 - oldGeneratedFile, D:\RTOS_stm32\led_and_button\Core\Src\main.c_save
2026-05-05 11:57:49,663 [INFO] CodeEngine:289 - Generated code: D:\RTOS_stm32\led_and_button\Core\Src\main.c
2026-05-05 11:57:50,562 [INFO] ProjectBuilder:3606 - Time for Copy HAL[1] : 490mS.
2026-05-05 11:57:50,570 [INFO] ProjectBuilder:5216 - Project Generator version: 4.7.0-B52
2026-05-05 11:57:50,706 [INFO] ConfigFileManager:1595 - The Die is : DIE413
2026-05-05 11:57:52,373 [INFO] ProjectBuilder:5496 - Time for Generating toolchain IDE Files: 1803mS.
2026-05-05 11:57:52,375 [INFO] ProjectBuilder:3463 - Time for Copy CMSIS : 0mS.
2026-05-05 11:57:52,379 [INFO] ProjectBuilder:3463 - Time for Copy CMSIS : 0mS.
2026-05-05 12:12:03,721 [INFO] WebApp:194 - Connection lost
2026-05-05 12:12:05,257 [INFO] WebApp:191 - Connection restablished
2026-05-05 12:25:21,734 [INFO] MainUpdater:2872 - connection check result : 10
2026-05-05 12:25:22,695 [INFO] McuFinderGlobals:76 - Set McuFinderConnectedMode to true
2026-05-05 12:25:22,723 [INFO] MultiScanPanel:200 - Auto-refresh data requested => check proxy status ongoing
2026-05-05 12:25:22,736 [INFO] FinderPluginLoader:96 - Searching for filters in installed packs
2026-05-05 12:25:27,759 [INFO] LoadUrlFilesThread:185 - End of LoadServerUrlFiles without Thread
2026-05-05 12:25:27,766 [INFO] DetailPanel:341 - Set advertising image to C:/Users/jahna/STM32Cube/Repository/\en.prom-stm32wba2-stm32-nucleo-board-0426.png
2026-05-05 12:25:40,703 [INFO] MultiScanPanel:200 - Auto-refresh data requested => check proxy status ongoing
2026-05-05 12:25:40,944 [INFO] LoadUrlFilesThread:185 - End of LoadServerUrlFiles without Thread
2026-05-05 12:25:40,945 [INFO] DetailPanel:341 - Set advertising image to C:/Users/jahna/STM32Cube/Repository/\en.prom-stm32wba2-stm32-nucleo-board-0426.png
2026-05-05 12:26:07,646 [INFO] MainUpdater:2872 - connection check result : 10
2026-05-05 12:26:07,646 [INFO] MainUpdater:2872 - connection check result : 10
2026-05-05 12:26:07,910 [INFO] MicroXplorer:468 - Change Database Path : 
2026-05-05 12:26:07,910 [INFO] MicroXplorer:498 - Change Database Version : DB.6.0.150
2026-05-05 12:26:08,021 [ERROR] ProjectManagerView:395 - 
java.lang.NullPointerException: Cannot invoke "javax.swing.JTextField.getText()" because the return value of "java.util.List.get(int)" is null
	at com.st.microxplorer.plugins.projectmanager.gui.ProjectChoiceTab$9.caretUpdate(ProjectChoiceTab.java:2706) ~[filemanager.jar:?]
	at javax.swing.text.JTextComponent.fireCaretUpdate(JTextComponent.java:408) ~[?:?]
	at javax.swing.text.JTextComponent$MutableCaretEvent.fire(JTextComponent.java:4484) ~[?:?]
	at javax.swing.text.JTextComponent$MutableCaretEvent.stateChanged(JTextComponent.java:4506) ~[?:?]
	at javax.swing.text.DefaultCaret.fireStateChanged(DefaultCaret.java:857) ~[?:?]
	at javax.swing.text.DefaultCaret.changeCaretPosition(DefaultCaret.java:1343) ~[?:?]
	at javax.swing.text.DefaultCaret.handleSetDot(DefaultCaret.java:1242) ~[?:?]
	at javax.swing.text.DefaultCaret.setDot(DefaultCaret.java:1223) ~[?:?]
	at javax.swing.text.DefaultCaret$Handler.insertUpdate(DefaultCaret.java:1819) ~[?:?]
	at javax.swing.text.AbstractDocument.fireInsertUpdate(AbstractDocument.java:227) ~[?:?]
	at javax.swing.text.AbstractDocument.handleInsertString(AbstractDocument.java:781) ~[?:?]
	at javax.swing.text.AbstractDocument.insertString(AbstractDocument.java:740) ~[?:?]
	at javax.swing.text.PlainDocument.insertString(PlainDocument.java:131) ~[?:?]
	at javax.swing.text.AbstractDocument.replace(AbstractDocument.java:699) ~[?:?]
	at javax.swing.text.JTextComponent.setText(JTextComponent.java:1725) ~[?:?]
	at com.st.microxplorer.plugins.projectmanager.gui.ProjectChoiceTab.createHeapStackFields(ProjectChoiceTab.java:993) ~[filemanager.jar:?]
	at com.st.microxplorer.plugins.projectmanager.gui.ProjectChoiceTab.buildLinkSettingsPanel(ProjectChoiceTab.java:3813) ~[filemanager.jar:?]
	at com.st.microxplorer.plugins.projectmanager.gui.ProjectChoiceTab.defineWindowsFields(ProjectChoiceTab.java:1987) ~[filemanager.jar:?]
	at com.st.microxplorer.plugins.projectmanager.gui.ProjectChoiceTab.updateSettings(ProjectChoiceTab.java:558) ~[filemanager.jar:?]
	at com.st.microxplorer.plugins.projectmanager.gui.ProjectSettingsPanel.UpdateDialog(ProjectSettingsPanel.java:247) ~[filemanager.jar:?]
	at com.st.microxplorer.plugins.projectmanager.ProjectManagerView.propertyChange(ProjectManagerView.java:392) ~[filemanager.jar:?]
	at java.beans.PropertyChangeSupport.fire(PropertyChangeSupport.java:343) ~[?:?]
	at java.beans.PropertyChangeSupport.firePropertyChange(PropertyChangeSupport.java:335) ~[?:?]
	at java.beans.PropertyChangeSupport.firePropertyChange(PropertyChangeSupport.java:268) ~[?:?]
	at com.st.microxplorer.util.MXPropertyChangeSupport.firePropertyChange(MXPropertyChangeSupport.java:54) ~[STM32CubeMX.jar:?]
	at com.st.microxplorer.mxsystem.MxSystem.closeConfig(MxSystem.java:899) ~[STM32CubeMX.jar:?]
	at com.st.microxplorer.maingui.MainPanel.closeConfig(MainPanel.java:792) ~[STM32CubeMX.jar:?]
	at com.st.microxplorer.plugins.filemanager.engine.OpenFileManager.loadConfigurationFile(OpenFileManager.java:288) ~[filemanager.jar:?]
	at com.st.microxplorer.plugins.filemanager.engine.MainFileManager.userLoadConfig(MainFileManager.java:364) ~[filemanager.jar:?]
	at com.st.microxplorer.plugins.filemanager.FileManagerView.getSpecificTask(FileManagerView.java:268) ~[filemanager.jar:?]
	at com.st.stm32cube.common.mx.editor.CubeMxEditor.getMxTabbedPaneInstance(CubeMxEditor.java:1191) ~[com.st.stm32cube.common.mx_6.15.0.202507011659/:?]
	at com.st.stm32cube.common.mx.editor.CubeMxEditor$12$1.createSwingComponent(CubeMxEditor.java:1068) ~[com.st.stm32cube.common.mx_6.15.0.202507011659/:?]
	at com.st.stm32cube.common.mx.oss.core.awtswtbridge.EmbeddedSwingComposite.doComponentCreation(EmbeddedSwingComposite.java:492) ~[com.st.stm32cube.common.mx.oss_6.15.0.202507011659/:?]
	at com.st.stm32cube.common.mx.oss.core.awtswtbridge.EmbeddedSwingComposite$4.run(EmbeddedSwingComposite.java:291) ~[com.st.stm32cube.common.mx.oss_6.15.0.202507011659/:?]
	at com.st.stm32cube.common.mx.oss.core.awtswtbridge.AwtEnvironment$2.run(AwtEnvironment.java:166) ~[com.st.stm32cube.common.mx.oss_6.15.0.202507011659/:?]
	at java.awt.event.InvocationEvent.dispatch(InvocationEvent.java:318) ~[?:?]
	at java.awt.EventQueue.dispatchEventImpl(EventQueue.java:773) ~[?:?]
	at java.awt.EventQueue$4.run(EventQueue.java:720) ~[?:?]
	at java.awt.EventQueue$4.run(EventQueue.java:714) ~[?:?]
	at java.security.AccessController.doPrivileged(AccessController.java:400) ~[?:?]
	at java.security.ProtectionDomain$JavaSecurityAccessImpl.doIntersectionPrivilege(ProtectionDomain.java:87) ~[?:?]
	at java.awt.EventQueue.dispatchEvent(EventQueue.java:742) ~[?:?]
	at java.awt.EventDispatchThread.pumpOneEventForFilters(EventDispatchThread.java:203) ~[?:?]
	at java.awt.EventDispatchThread.pumpEventsForFilter(EventDispatchThread.java:124) ~[?:?]
	at java.awt.EventDispatchThread.pumpEventsForHierarchy(EventDispatchThread.java:113) ~[?:?]
	at java.awt.EventDispatchThread.pumpEvents(EventDispatchThread.java:109) ~[?:?]
	at java.awt.EventDispatchThread.pumpEvents(EventDispatchThread.java:101) ~[?:?]
	at java.awt.EventDispatchThread.run(EventDispatchThread.java:90) ~[?:?]
2026-05-05 12:26:08,034 [WARN] ThirdParty:871 - waiting for thirdparty lock release [close project]
2026-05-05 12:26:08,035 [INFO] ThirdParty:873 - entering critical section [close project]
2026-05-05 12:26:08,035 [INFO] ThirdParty:883 - exiting critical section [close project]
2026-05-05 12:26:08,043 [INFO] PinOutPanel:1589 - setPackage(No Configuration,No Configuration)
2026-05-05 12:26:08,072 [WARN] IpParametersView:155 - Warning: This peripheral hasn't parameters
2026-05-05 12:26:08,093 [WARN] MainPanel:289 - <html><b><center>Warning: This peripheral has no parameters to be configured<br></b></html>
2026-05-05 12:26:08,102 [INFO] UtilMem:75 - Begin LoadConfig() Used Memory: 960263048 Bytes (1073741824)
2026-05-05 12:26:08,108 [INFO] OpenFileManager:355 - Change cursor
2026-05-05 12:26:08,184 [INFO] RulesReader:64 - Compatibility file has been processed (317 Rules)
2026-05-05 12:26:08,204 [INFO] ProjectFactory:514 - No CPN specified for board STM32F407G-DISC1 => set CPN to STM32F407VGT6
2026-05-05 12:26:08,206 [INFO] Mcu:2029 - Initializing MCU STM32F407V(E-G)Tx STM32F407VGTx STM32F407VGT6
2026-05-05 12:26:13,328 [INFO] Context:786 - Trying to add GPIOservice into a context  which must be forbidden
2026-05-05 12:26:14,572 [INFO] Rule:233 - rule 117617 - U5Cobra4M][GTZC] default value MPCBB3 and MPCBB5 - Not Secured memory - MPCBB1 is applicable
2026-05-05 12:26:14,575 [INFO] Rule:233 - rule 117617 - U5Cobra4M][GTZC] default value MPCBB3 and MPCBB5 - Not Secured memory - MPCBB1 is applicable
2026-05-05 12:26:14,575 [INFO] Rule:233 - rule 117617 - U5Cobra4M][GTZC] default value MPCBB3 and MPCBB5 - Not Secured memory - MPCBB2 is applicable
2026-05-05 12:26:14,575 [INFO] Rule:233 - rule 117617 - U5Cobra4M][GTZC] default value MPCBB3 and MPCBB5 - Not Secured memory - MPCBB2 is applicable
2026-05-05 12:26:14,575 [INFO] Rule:233 - rule 117617 - U5Cobra4M][GTZC] default value MPCBB3 and MPCBB5 - Not Secured memory - MPCBB3 is applicable
2026-05-05 12:26:14,575 [INFO] Rule:233 - rule 117617 - U5Cobra4M][GTZC] default value MPCBB3 and MPCBB5 - Not Secured memory - MPCBB3 is applicable
2026-05-05 12:26:14,575 [INFO] Rule:233 - rule 117617 - U5Cobra4M][GTZC] default value MPCBB3 and MPCBB5 - Not Secured memory - MPCBB4 is applicable
2026-05-05 12:26:14,576 [INFO] Rule:233 - rule 117617 - U5Cobra4M][GTZC] default value MPCBB3 and MPCBB5 - Not Secured memory - MPCBB4 is applicable
2026-05-05 12:26:14,576 [INFO] Rule:233 - rule 117617 - U5Cobra4M][GTZC] default value MPCBB3 and MPCBB5 - Secured memory - MPCBB1 is applicable
2026-05-05 12:26:14,576 [INFO] Rule:233 - rule 117617 - U5Cobra4M][GTZC] default value MPCBB3 and MPCBB5 - Secured memory - MPCBB2 is applicable
2026-05-05 12:26:14,576 [INFO] Rule:233 - rule 117617 - U5Cobra4M][GTZC] default value MPCBB3 and MPCBB5 - Secured memory - MPCBB3 is applicable
2026-05-05 12:26:14,576 [INFO] Rule:233 - rule 117617 - U5Cobra4M][GTZC] default value MPCBB3 and MPCBB5 - Secured memory - MPCBB4 is applicable
2026-05-05 12:26:14,577 [INFO] Rule:233 - rule 117617 - U5Cobra4M][GTZC] default value MPCBB3 and MPCBB5 - Privileged memory - MPCBB1 is applicable
2026-05-05 12:26:14,577 [INFO] Rule:233 - rule 117617 - U5Cobra4M][GTZC] default value MPCBB3 and MPCBB5 - Privileged memory - MPCBB2 is applicable
2026-05-05 12:26:14,577 [INFO] Rule:233 - rule 117617 - U5Cobra4M][GTZC] default value MPCBB3 and MPCBB5 - Privileged memory - MPCBB3 is applicable
2026-05-05 12:26:14,577 [INFO] Rule:233 - rule 117617 - U5Cobra4M][GTZC] default value MPCBB3 and MPCBB5 - Privileged memory - MPCBB4 is applicable
2026-05-05 12:26:14,578 [INFO] Rule:233 - rule 117617 - U5Cobra4M][GTZC] default value MPCBB3 and MPCBB5 - Not Privileged memory - MPCBB1 is applicable
2026-05-05 12:26:14,578 [INFO] Rule:233 - rule 117617 - U5Cobra4M][GTZC] default value MPCBB3 and MPCBB5 - Not Privileged memory - MPCBB2 is applicable
2026-05-05 12:26:14,578 [INFO] Rule:233 - rule 117617 - U5Cobra4M][GTZC] default value MPCBB3 and MPCBB5 - Not Privileged memory - MPCBB3 is applicable
2026-05-05 12:26:14,578 [INFO] Rule:233 - rule 117617 - U5Cobra4M][GTZC] default value MPCBB3 and MPCBB5 - Not Privileged memory - MPCBB4 is applicable
2026-05-05 12:26:14,578 [INFO] Rule:233 - rule 117617 - U5Cobra4M][GTZC] default value MPCBB3 and MPCBB5 - Privileged memory - MPCBB1 is applicable
2026-05-05 12:26:14,578 [INFO] Rule:233 - rule 117617 - U5Cobra4M][GTZC] default value MPCBB3 and MPCBB5 - Privileged memory - MPCBB2 is applicable
2026-05-05 12:26:14,578 [INFO] Rule:233 - rule 117617 - U5Cobra4M][GTZC] default value MPCBB3 and MPCBB5 - Privileged memory - MPCBB3 is applicable
2026-05-05 12:26:14,578 [INFO] Rule:233 - rule 117617 - U5Cobra4M][GTZC] default value MPCBB3 and MPCBB5 - Privileged memory - MPCBB4 is applicable
2026-05-05 12:26:14,578 [INFO] Rule:233 - rule 117617 - U5Cobra4M][GTZC] default value MPCBB3 and MPCBB5 - Privileged memory - MPCBB1 is applicable
2026-05-05 12:26:14,578 [INFO] Rule:233 - rule 117617 - U5Cobra4M][GTZC] default value MPCBB3 and MPCBB5 - Privileged memory - MPCBB2 is applicable
2026-05-05 12:26:14,578 [INFO] Rule:233 - rule 117617 - U5Cobra4M][GTZC] default value MPCBB3 and MPCBB5 - Privileged memory - MPCBB3 is applicable
2026-05-05 12:26:14,578 [INFO] Rule:233 - rule 117617 - U5Cobra4M][GTZC] default value MPCBB3 and MPCBB5 - Privileged memory - MPCBB4 is applicable
2026-05-05 12:26:14,578 [INFO] Rule:233 - rule 117617 - U5Cobra4M][GTZC] default value MPCBB3 and MPCBB5 - Not Privileged memory - MPCBB1 is applicable
2026-05-05 12:26:14,578 [INFO] Rule:233 - rule 117617 - U5Cobra4M][GTZC] default value MPCBB3 and MPCBB5 - Not Privileged memory - MPCBB2 is applicable
2026-05-05 12:26:14,578 [INFO] Rule:233 - rule 117617 - U5Cobra4M][GTZC] default value MPCBB3 and MPCBB5 - Not Privileged memory - MPCBB3 is applicable
2026-05-05 12:26:14,578 [INFO] Rule:233 - rule 117617 - U5Cobra4M][GTZC] default value MPCBB3 and MPCBB5 - Not Privileged memory - MPCBB4 is applicable
2026-05-05 12:26:14,578 [INFO] Rule:233 - rule 117617 - U5Cobra4M][GTZC] default value MPCBB3 and MPCBB5 - Privileged memory - MPCBB1 is applicable
2026-05-05 12:26:14,578 [INFO] Rule:233 - rule 117617 - U5Cobra4M][GTZC] default value MPCBB3 and MPCBB5 - Privileged memory - MPCBB2 is applicable
2026-05-05 12:26:14,578 [INFO] Rule:233 - rule 117617 - U5Cobra4M][GTZC] default value MPCBB3 and MPCBB5 - Privileged memory - MPCBB3 is applicable
2026-05-05 12:26:14,582 [INFO] Rule:233 - rule 117617 - U5Cobra4M][GTZC] default value MPCBB3 and MPCBB5 - Privileged memory - MPCBB4 is applicable
2026-05-05 12:26:14,582 [INFO] Rule:233 - rule Rename SubGHz_Phy SUBGHZ_APPLICATION SUBGHZ_PINGPONG to SUBGHZ_ADV_APPLICATION is applicable
2026-05-05 12:26:14,582 [INFO] Rule:233 - rule Rename Enabled to IBEACON is applicable
2026-05-05 12:26:14,582 [INFO] Rule:233 - rule GTZC_S instance for project manager is applicable
2026-05-05 12:26:14,582 [INFO] Rule:233 - rule GTZC_S instance for context M33S is applicable
2026-05-05 12:26:14,582 [INFO] Rule:233 - rule GTZC_S instance value for IP GTZC is applicable
2026-05-05 12:26:14,582 [INFO] Rule:233 - rule GTZC_S instance for mcu.IP is applicable
2026-05-05 12:26:14,582 [INFO] Rule:233 - rule GTZC_S instance for VP is applicable
2026-05-05 12:26:14,582 [INFO] Rule:233 - rule GTZC_S instance for signal is applicable
2026-05-05 12:26:14,582 [INFO] Rule:233 - rule GTZC_S instance for mcu.Pin is applicable
2026-05-05 12:26:14,582 [INFO] Rule:233 - rule GTZC_S instance for VP is applicable
2026-05-05 12:26:14,582 [INFO] Rule:233 - rule GTZC_S instance for signal is applicable
2026-05-05 12:26:14,582 [INFO] Rule:233 - rule GTZC_S instance for mcu is applicable
2026-05-05 12:26:14,582 [INFO] Rule:233 - rule GTZC_S instance for mcu.Pin is applicable
2026-05-05 12:26:14,582 [INFO] Rule:233 - rule GTZC_S instance value for IP GTZC is applicable
2026-05-05 12:26:14,582 [INFO] Rule:233 - rule GTZC_S instance for project manager is applicable
2026-05-05 12:26:14,582 [INFO] Rule:233 - rule GTZC_S instance for context M33S is applicable
2026-05-05 12:26:14,582 [INFO] Rule:233 - rule GTZC_S instance for VP is applicable
2026-05-05 12:26:14,582 [INFO] Rule:233 - rule GTZC_S instance for signal is applicable
2026-05-05 12:26:14,582 [INFO] Rule:233 - rule SPDIFRX instance for mcu is applicable
2026-05-05 12:26:14,582 [INFO] Rule:233 - rule Rename Tracer Mode is applicable
2026-05-05 12:26:14,582 [INFO] Rule:233 - rule SPDIFRX instance value for IP SPDIFRX is applicable
2026-05-05 12:26:14,582 [INFO] Rule:233 - rule SPDIFRX instance for signal is applicable
2026-05-05 12:26:14,582 [INFO] Rule:233 - rule SPDIFRX instance for project manager is applicable
2026-05-05 12:26:14,582 [INFO] Rule:233 - rule SPDIFRX instance for project manager is applicable
2026-05-05 12:26:14,582 [INFO] Rule:233 - rule ADC Scan  fix with FW F7 is applicable
2026-05-05 12:26:14,582 [INFO] Rule:233 - rule ADC Scan  fix with FW F7 is applicable
2026-05-05 12:26:14,582 [INFO] Rule:233 - rule WakeUp0 Mode is applicable
2026-05-05 12:26:14,582 [INFO] Rule:233 - rule WakeUp0 SIGNAL is applicable
2026-05-05 12:26:14,582 [INFO] Rule:233 - rule WakeUp1 Mode is applicable
2026-05-05 12:26:14,587 [INFO] Rule:233 - rule WakeUp1 SIGNAL is applicable
2026-05-05 12:26:14,588 [INFO] Rule:233 - rule WakeUp2 Mode is applicable
2026-05-05 12:26:14,588 [INFO] Rule:233 - rule WakeUp2 SIGNAL is applicable
2026-05-05 12:26:14,592 [INFO] Rule:233 - rule WakeUp4 Mode is applicable
2026-05-05 12:26:14,592 [INFO] Rule:233 - rule WakeUp4 SIGNAL is applicable
2026-05-05 12:26:14,593 [INFO] Rule:233 - rule WakeUp5 Mode is applicable
2026-05-05 12:26:14,596 [INFO] Rule:233 - rule WakeUp5 SIGNAL is applicable
2026-05-05 12:26:14,596 [INFO] Rule:233 - rule UART/USART WORD LENGTH 7 is applicable
2026-05-05 12:26:14,596 [INFO] Rule:233 - rule UART/USART WORD LENGTH 8 is applicable
2026-05-05 12:26:14,596 [INFO] Rule:233 - rule UART/USART WORD LENGTH 9 is applicable
2026-05-05 12:26:14,598 [INFO] Rule:233 - rule Change Default Value for LSE Drive Capability for WB family is applicable
2026-05-05 12:26:14,598 [INFO] Rule:233 - rule Change Default Value for ADC Clock Prescaler G0 family is applicable
2026-05-05 12:26:14,598 [INFO] Rule:233 - rule ADC SamplingTime fix with FW L0  is applicable
2026-05-05 12:26:14,598 [INFO] Rule:233 - rule ADC SamplingTime fix with FW L0  is applicable
2026-05-05 12:26:14,598 [INFO] Rule:233 - rule ADC SamplingTime fix with FW L0 is applicable
2026-05-05 12:26:14,600 [INFO] Rule:233 - rule ADC SamplingTime fix with FW L0 is applicable
2026-05-05 12:26:14,600 [INFO] Rule:233 - rule ADC SamplingTime fix with FW L0  is applicable
2026-05-05 12:26:14,600 [INFO] Rule:233 - rule ADC SamplingTime fix with FW L0 is applicable
2026-05-05 12:26:14,600 [INFO] Rule:233 - rule Rename USB_OE Signal is applicable
2026-05-05 12:26:14,601 [INFO] Rule:233 - rule Rename Activate_OE Mode is applicable
2026-05-05 12:26:14,601 [INFO] Rule:233 - rule Rename DIE462/DIE415 pin PC14/OSC32_IN -> PC14-OSC32_IN (PC14) is applicable
2026-05-05 12:26:14,601 [INFO] Rule:233 - rule Rename DIE462/DIE415 pin PC15/OSC32_OUT -> PC15-OSC32_OUT (PC15) is applicable
2026-05-05 12:26:14,601 [INFO] Rule:233 - rule Rename DIE462/DIE415 pin PH0/OSC_IN -> PH0-OSC_IN (PH0) is applicable
2026-05-05 12:26:14,601 [INFO] Rule:233 - rule Rename DIE462/DIE415 pin PH1/OSC_OUT -> PH1-OSC_OUT (PH1) is applicable
2026-05-05 12:26:14,601 [INFO] Rule:233 - rule Rename DIE462 pin PA13 -> PA13 (JTMS/SWDIO) is applicable
2026-05-05 12:26:14,601 [INFO] Rule:233 - rule Rename DIE415 pin PA13 -> PA13 (JTMS/SWDIO) is applicable
2026-05-05 12:26:14,601 [INFO] Rule:233 - rule Rename DIE462 pin PA14 -> PA14 (JTCK/SWCLK) is applicable
2026-05-05 12:26:14,601 [INFO] Rule:233 - rule Rename DIE415 pin PA14 -> PA14 (JTCK/SWCLK) is applicable
2026-05-05 12:26:14,601 [INFO] Rule:233 - rule Rename DIE462/DIE415 pin PA15 -> PA15 (JTDI) is applicable
2026-05-05 12:26:14,602 [INFO] Rule:233 - rule Rename DIE462 pin PB3 -> PB3 (JTD0/TRACESWO) is applicable
2026-05-05 12:26:14,602 [INFO] Rule:233 - rule Rename DIE415 pin PB3 -> PB3 (JTD0-TRACESWO) is applicable
2026-05-05 12:26:14,602 [INFO] Rule:233 - rule Rename DIE462/DIE415 pin PB4 -> PB4 (NJTRST) is applicable
2026-05-05 12:26:14,602 [INFO] Rule:233 - rule Rename DIE462 pin PH3/BOOT0 -> PH3-BOOT0 (BOOT0) is applicable
2026-05-05 12:26:14,602 [INFO] Rule:233 - rule Rename CRYP DataEncryptionTypesList to Algorithm is applicable
2026-05-05 12:26:14,602 [INFO] Rule:233 - rule Rename AES DataEncryptionTypesList to Algorithm is applicable
2026-05-05 12:26:14,603 [INFO] Rule:233 - rule Rename TDESECB to CRYP_TDES_ECB is applicable
2026-05-05 12:26:14,603 [INFO] Rule:233 - rule Rename TDESCBC to CRYP_TDES_CBC is applicable
2026-05-05 12:26:14,603 [INFO] Rule:233 - rule Rename DESECB to CRYP_DES_ECB is applicable
2026-05-05 12:26:14,603 [INFO] Rule:233 - rule Rename DESCBC to CRYP_DES_CBC is applicable
2026-05-05 12:26:14,603 [INFO] Rule:233 - rule Rename AESECB to CRYP_AES_ECB is applicable
2026-05-05 12:26:14,604 [INFO] Rule:233 - rule Rename AESCBC to CRYP_AES_CBC is applicable
2026-05-05 12:26:14,604 [INFO] Rule:233 - rule Rename AESCTR to CRYP_AES_CTR is applicable
2026-05-05 12:26:14,604 [INFO] Rule:233 - rule Rename AESGCM to CRYP_AES_GCM is applicable
2026-05-05 12:26:14,604 [INFO] Rule:233 - rule Rename AESCCM to CRYP_AES_CCM is applicable
2026-05-05 12:26:14,605 [INFO] Rule:233 - rule Rename CAN TimeSeg1 to BS1 is applicable
2026-05-05 12:26:14,605 [INFO] Rule:233 - rule Rename CAN TimeSeg2 to BS2 is applicable
2026-05-05 12:26:14,611 [INFO] Rule:233 - rule Rename CAN SyncJumpWidth to SJW is applicable
2026-05-05 12:26:14,611 [INFO] Rule:233 - rule TimeTriggeredMode to TTCM is applicable
2026-05-05 12:26:14,611 [INFO] Rule:233 - rule Rename CAN AutoBusOff to ABOM is applicable
2026-05-05 12:26:14,611 [INFO] Rule:233 - rule Rename CAN AutoWakeUp to AWUM is applicable
2026-05-05 12:26:14,612 [INFO] Rule:233 - rule Rename CAN AutoRetransmission to NART is applicable
2026-05-05 12:26:14,612 [INFO] Rule:233 - rule Rename CAN ReceiveFifoLocked to RFLM is applicable
2026-05-05 12:26:14,612 [INFO] Rule:233 - rule Rename CAN TransmitFifoPriority to TXFP is applicable
2026-05-05 12:26:14,612 [INFO] Rule:233 - rule Rename HRTIMER HRTIM_OUTPUTFAULTLEVEL_HIGH in HRTIMER HRTIM_OUTPUTFAULTLEVEL_HIGHZ is applicable
2026-05-05 12:26:14,612 [INFO] Rule:233 - rule Rename TIMER TIM_CLEARINPUTSOURCE_OCREFCLR in  TIMER TIM_CLEARINPUTSOURCE_NONE for F7 family is applicable
2026-05-05 12:26:14,612 [INFO] Rule:233 - rule FDCAN_R1 - Rename FDCAN mode Master into Classic is applicable
2026-05-05 12:26:14,612 [INFO] Rule:233 - rule FDCAN_R2 - Rename FDCAN mode Slave into Classic is applicable
2026-05-05 12:26:14,612 [INFO] Rule:233 - rule FDCAN1_R3 - if PA10.Mode=FullDuplex, add Pin PA12 is applicable
2026-05-05 12:26:14,612 [INFO] Rule:233 - rule FDCAN1_R3 - if PA9.Mode=FullDuplex, add Pin PA11 is applicable
2026-05-05 12:26:14,612 [INFO] Rule:233 - rule FDCAN1_R3 - Alternatepin_1 - if PE1.Mode=FullDuplex, add Pin PB9 is applicable
2026-05-05 12:26:14,612 [INFO] Rule:233 - rule FDCAN1_R3 - Alternatepin_1 - if PE0.Mode=FullDuplex, add Pin PB8 is applicable
2026-05-05 12:26:14,612 [INFO] Rule:233 - rule FDCAN1_R3 - Alternatepin_2 - if PD5.Mode=FullDuplex, add Pin PD1 is applicable
2026-05-05 12:26:14,612 [INFO] Rule:233 - rule FDCAN1_R3 - Alternatepin_2 - if PD4.Mode=FullDuplex, add Pin PD0 is applicable
2026-05-05 12:26:14,612 [INFO] Rule:233 - rule FDCAN1_R4 - Rename Mode FullDuplex into Enable FDCAN_TXFD for pin PA10 is applicable
2026-05-05 12:26:14,612 [INFO] Rule:233 - rule FDCAN1_R4 - Rename Mode FullDuplex into Enable FDCAN_TXFD for pin PA9 is applicable
2026-05-05 12:26:14,612 [INFO] Rule:233 - rule FDCAN1_R4 - Alternatepin_1 - Rename Mode FullDuplex into Enable FDCAN_TXFD for pin PE1 is applicable
2026-05-05 12:26:14,613 [INFO] Rule:233 - rule FDCAN1_R4 - Alternatepin_1 - Rename Mode FullDuplex into Enable FDCAN_TXFD for pin PE0 is applicable
2026-05-05 12:26:14,613 [INFO] Rule:233 - rule FDCAN1_R4 - Alternatepin_2 - Rename Mode FullDuplex into Enable FDCAN_TXFD for pin PD5 is applicable
2026-05-05 12:26:14,613 [INFO] Rule:233 - rule FDCAN1_R4 - Alternatepin_2 - Rename Mode FullDuplex into Enable FDCAN_TXFD for pin PD4 is applicable
2026-05-05 12:26:14,613 [INFO] Rule:233 - rule FDCAN2_R3 - if PD10.Mode=FullDuplex, add Pin PB13 is applicable
2026-05-05 12:26:14,613 [INFO] Rule:233 - rule FDCAN2_R3 - if PD9.Mode=FullDuplex, add Pin PB12 is applicable
2026-05-05 12:26:14,613 [INFO] Rule:233 - rule FDCAN2_R3 - Alternatepin_1 - if PB7.Mode=FullDuplex, add Pin PB6 is applicable
2026-05-05 12:26:14,613 [INFO] Rule:233 - rule FDCAN2_R3 - Alternatepin_1 - if PD9.Mode=FullDuplex, add Pin PB12 is applicable
2026-05-05 12:26:14,613 [INFO] Rule:233 - rule FDCAN2_R4 - Rename Mode FullDuplex into Enable FDCAN_TXFD for pin PD10 is applicable
2026-05-05 12:26:14,613 [INFO] Rule:233 - rule FDCAN2_R4 - Rename Mode FullDuplex into Enable FDCAN_TXFD for pin PD9 is applicable
2026-05-05 12:26:14,613 [INFO] Rule:233 - rule FDCAN2_R4 - Alternatepin_1 - Rename Mode FullDuplex into Enable FDCAN_TXFD for pin PB7 is applicable
2026-05-05 12:26:14,613 [INFO] Rule:233 - rule FDCAN2_R4 - Alternatepin_1 - Rename Mode FullDuplex into Enable FDCAN_TXFD for pin PD6 is applicable
2026-05-05 12:26:14,613 [INFO] Rule:233 - rule USART TxPinLevelInvertParam Mode is applicable
2026-05-05 12:26:14,614 [INFO] Rule:233 - rule USART RxPinLevelInvertParam Mode is applicable
2026-05-05 12:26:14,614 [INFO] Rule:233 - rule USART DataInvertParam Mode is applicable
2026-05-05 12:26:14,614 [INFO] Rule:233 - rule USART SwapParam Mode is applicable
2026-05-05 12:26:14,614 [INFO] Rule:233 - rule USART OverrunDisableParam Mode is applicable
2026-05-05 12:26:14,614 [INFO] Rule:233 - rule USART DMADisableonRxErrorParam Mode is applicable
2026-05-05 12:26:14,614 [INFO] Rule:233 - rule USART MSBFirstParam Mode is applicable
2026-05-05 12:26:14,614 [INFO] Rule:233 - rule Update MwName for USB_DEVICE is applicable
2026-05-05 12:26:14,614 [INFO] Rule:233 - rule Change PWR_Regulator_Voltage_Scale Default Value for RCC  H7 family is applicable
2026-05-05 12:26:14,614 [INFO] Rule:233 - rule UART/USART IPParameter rename Prescaler parameter to ClockPrescaler is applicable
2026-05-05 12:26:14,614 [INFO] Rule:233 - rule UART/USART Prescaler rename Prescaler parameter to ClockPrescaler is applicable
2026-05-05 12:26:14,614 [INFO] Rule:233 - rule TIM1CLockSelection is applicable
2026-05-05 12:26:14,614 [INFO] Rule:233 - rule TIM15CLockSelection is applicable
2026-05-05 12:26:14,614 [INFO] Rule:233 - rule align RCC SDMMC3CLockSelection default value on MP1 is applicable
2026-05-05 12:26:14,614 [INFO] Rule:233 - rule align RCC SDMMC12CLockSelection default value on MP1 is applicable
2026-05-05 12:26:14,615 [INFO] Rule:233 - rule align RCC QSPICLockSelection default value on MP1 is applicable
2026-05-05 12:26:14,615 [INFO] Rule:233 - rule align RCC QSPICLockSelection default value on MP1 is applicable
2026-05-05 12:26:14,615 [INFO] Rule:233 - rule align RCC SPI6CLockSelection default value on MP1 is applicable
2026-05-05 12:26:14,615 [INFO] Rule:233 - rule align RCC LPTIM23CLockSelection default value on MP1 is applicable
2026-05-05 12:26:14,615 [INFO] Rule:233 - rule align RCC LPTIM1CLockSelection default value on MP1 is applicable
2026-05-05 12:26:14,615 [INFO] Rule:233 - rule align RCC USART1CLockSelection default value on MP1 is applicable
2026-05-05 12:26:14,615 [INFO] Rule:233 - rule align RCC USART24CLockSelection default value on MP1 is applicable
2026-05-05 12:26:14,615 [INFO] Rule:233 - rule align RCC USART6CLockSelection default value on MP1 is applicable
2026-05-05 12:26:14,615 [INFO] Rule:233 - rule align RCC UART78CLockSelection default value on MP1 is applicable
2026-05-05 12:26:14,615 [INFO] Rule:233 - rule align RCC USART35CLockSelection default value on MP1 is applicable
2026-05-05 12:26:14,615 [INFO] Rule:233 - rule align RCC SPI45CLockSelection default value on MP1 is applicable
2026-05-05 12:26:14,615 [INFO] Rule:233 - rule align RCC I2C46CLockSelection BCLK value on MP1 is applicable
2026-05-05 12:26:14,615 [INFO] Rule:233 - rule align RCC SPI45CLockSelection default value on MP1 is applicable
2026-05-05 12:26:14,615 [INFO] Rule:233 - rule align RCC I2C12CLockSelection default value on MP1 is applicable
2026-05-05 12:26:14,615 [INFO] Rule:233 - rule align RCC I2C35CLockSelection default value on MP1 is applicable
2026-05-05 12:26:14,616 [INFO] Rule:233 - rule align RCC LPTIM45CLockSelection default value on MP1 is applicable
2026-05-05 12:26:14,616 [INFO] Rule:233 - rule Rename DCMI PIXCK signal is applicable
2026-05-05 12:26:14,616 [INFO] Rule:233 - rule Change Default Value for I2C46CLockSelection MP1 family is applicable
2026-05-05 12:26:14,616 [INFO] Rule:233 - rule Change Default Value for UART for G4, G0 and WB families is applicable
2026-05-05 12:26:14,616 [INFO] Rule:233 - rule Change Default Value for USART for G4, G0 and WB families is applicable
2026-05-05 12:26:14,616 [INFO] Rule:233 - rule Change Default Value for USART for G4 family is applicable
2026-05-05 12:26:14,616 [INFO] Rule:233 - rule Change USART1CLockSelection refparam name for MP1 is applicable
2026-05-05 12:26:14,616 [INFO] Rule:233 - rule Change USART2CLockSelection refparam name for MP1 is applicable
2026-05-05 12:26:14,616 [INFO] Rule:233 - rule Change USART3CLockSelection refparam name for MP1 is applicable
2026-05-05 12:26:14,616 [INFO] Rule:233 - rule Change UART4CLockSelection refparam name for MP1 is applicable
2026-05-05 12:26:14,616 [INFO] Rule:233 - rule Change UART5CLockSelection refparam name for MP1 is applicable
2026-05-05 12:26:14,616 [INFO] Rule:233 - rule Change LPUART1CLockSelection refparam name for MP1 is applicable
2026-05-05 12:26:14,616 [INFO] Rule:233 - rule Change LPTIM1CLockSelection refparam name for MP1 is applicable
2026-05-05 12:26:14,616 [INFO] Rule:233 - rule Change LPTIM2CLockSelection refparam name for MP1 is applicable
2026-05-05 12:26:14,616 [INFO] Rule:233 - rule Change RCC_MCO1Source refparam name for MP1 is applicable
2026-05-05 12:26:14,616 [INFO] Rule:233 - rule Change LSCOSource1 refparam name for MP1 is applicable
2026-05-05 12:26:14,616 [INFO] Rule:233 - rule Change SMPSCLockSelection refparam name for MP1 is applicable
2026-05-05 12:26:14,617 [INFO] Rule:233 - rule Change LPTIM3CLockSelection refparam name for MP1 is applicable
2026-05-05 12:26:14,617 [INFO] Rule:233 - rule Change MPCBB* Default Template Mode to Parameters is applicable
2026-05-05 12:26:14,617 [INFO] Rule:233 - rule Change MPCWM* or MPCBB* Secure Mode to Parameters is applicable
2026-05-05 12:26:14,618 [INFO] Rule:233 - rule Change MPCWM* or MPCBB* No Secure Mode to Parameters is applicable
2026-05-05 12:26:14,618 [INFO] Rule:233 - rule Change TZSC IP Secure Mode to Parameters is applicable
2026-05-05 12:26:14,618 [INFO] Rule:233 - rule Change TZSC IP No Secure Mode to Parameters is applicable
2026-05-05 12:26:14,618 [INFO] Rule:233 - rule Change TZSC IP Privilege Mode to Parameters is applicable
2026-05-05 12:26:14,618 [INFO] Rule:233 - rule Change TZSC IP No Privilege Mode to Parameters is applicable
2026-05-05 12:26:14,618 [INFO] Rule:233 - rule Change TZIC IT Secure Mode to Parameters is applicable
2026-05-05 12:26:14,618 [INFO] Rule:233 - rule Change TZIC IT No Secure Mode to Parameters is applicable
2026-05-05 12:26:14,618 [INFO] Rule:233 - rule Add MPCBB1_NonSecureArea_Start_Address value with referenced to MPCBB1_NonSecureArea_Start value is applicable
2026-05-05 12:26:14,619 [INFO] Rule:233 - rule Add MPCBB2_NonSecureArea_Start_Address value with referenced to MPCBB2_NonSecureArea_Start value is applicable
2026-05-05 12:26:14,619 [INFO] Rule:233 - rule Add MPCWM1_NonSecureArea*_Start_Address value with referenced to MPCWM1_NonSecureArea*_Start value is applicable
2026-05-05 12:26:14,619 [INFO] Rule:233 - rule Add MPCWM2_NonSecureArea*_Start_Address value with referenced to MPCWM2_NonSecureArea*_Start value is applicable
2026-05-05 12:26:14,620 [INFO] Rule:233 - rule Add MPCWM3_NonSecureArea_Start_Address value with referenced to MPCWM3_NonSecureArea_Start value is applicable
2026-05-05 12:26:14,620 [INFO] Rule:233 - rule Change Default Value for PLL1UserDefinedConfig is applicable
2026-05-05 12:26:14,620 [INFO] Rule:233 - rule Change GPIO_PuPd Default Value for USART in async mode is applicable
2026-05-05 12:26:14,620 [INFO] Rule:233 - rule Change SMPSDivider Default Value is applicable
2026-05-05 12:26:14,621 [INFO] Rule:233 - rule OPAMP is applicable
2026-05-05 12:26:14,621 [INFO] Rule:233 - rule LPUART IPParameter rename Prescaler parameter to ClockPrescaler for STM32H7 is applicable
2026-05-05 12:26:14,621 [INFO] Rule:233 - rule LPUART IPParameter rename Prescaler parameter to ClockPrescaler for STM32H7 is applicable
2026-05-05 12:26:14,621 [INFO] Rule:233 - rule LPUART IPParameter rename Prescaler parameter to ClockPrescaler for STM32WB is applicable
2026-05-05 12:26:14,621 [INFO] Rule:233 - rule LPUART IPParameter rename Prescaler parameter to ClockPrescaler for STM32WB is applicable
2026-05-05 12:26:14,621 [INFO] Rule:233 - rule LPUART IPParameter rename Prescaler parameter to ClockPrescaler for STM32G4 is applicable
2026-05-05 12:26:14,621 [INFO] Rule:233 - rule LPUART IPParameter rename Prescaler parameter to ClockPrescaler for STM32G4 is applicable
2026-05-05 12:26:14,621 [INFO] Rule:233 - rule LPUART IPParameter rename Prescaler parameter to ClockPrescaler for STM32L5 is applicable
2026-05-05 12:26:14,621 [INFO] Rule:233 - rule LPUART IPParameter rename Prescaler parameter to ClockPrescaler for STM32L5 is applicable
2026-05-05 12:26:14,621 [INFO] Rule:233 - rule LPUART IPParameter rename Prescaler parameter to ClockPrescaler for STM32G4 is applicable
2026-05-05 12:26:14,621 [INFO] Rule:233 - rule LPUART IPParameter rename Prescaler parameter to ClockPrescaler for STM32G4 is applicable
2026-05-05 12:26:14,621 [INFO] Rule:233 - rule USB device lib V2.5.3 for L0 rename USBD_SUPPORT_USER_STRING parameter to USBD_SUPPORT_USER_STRING_DESC4 is applicable
2026-05-05 12:26:14,621 [INFO] Rule:233 - rule I2SCLockSelection clock entry align is applicable
2026-05-05 12:26:14,621 [INFO] Rule:233 - rule Assign TIMx context if used as SYS timebase is applicable
2026-05-05 12:26:14,621 [INFO] Rule:233 - rule Change GPIO_Pu Default Value for I2C is applicable
2026-05-05 12:26:14,621 [INFO] Rule:233 - rule Change GPIO_Pu Default Value for SMBus is applicable
2026-05-05 12:26:14,621 [INFO] Rule:233 - rule change FDCAN default value is applicable
2026-05-05 12:26:14,621 [INFO] Rule:233 - rule Change mode sai is applicable
2026-05-05 12:26:14,623 [INFO] Rule:233 - rule **Change sai mode is applicable
2026-05-05 12:26:14,625 [INFO] Rule:233 - rule Rename STM32WPAN CFG_BLE_IRK to CFG_BLE_IR is applicable
2026-05-05 12:26:14,627 [INFO] Rule:233 - rule Rename STM32WPAN CFG_BLE_ERK to CFG_BLE_ER is applicable
2026-05-05 12:26:14,627 [INFO] Rule:233 - rule Rename STM32WPAN CFG_BLE_IRK_HEX to CFG_BLE_IR_HEX is applicable
2026-05-05 12:26:14,627 [INFO] Rule:233 - rule Rename STM32WPAN CFG_BLE_ERK_HEX to CFG_BLE_ER_HEX is applicable
2026-05-05 12:26:14,628 [INFO] Rule:233 - rule Adapt Old IOC before rework replace old CORTEX_M33/CORTEX_M55 attributes by the new one. is applicable
2026-05-05 12:26:14,628 [INFO] Rule:233 - rule Rename parametre of RCC RCC_APBDBG_DIV2 to RCC_TIMPRES_DIV2 is applicable
2026-05-05 12:26:14,628 [INFO] Rule:233 - rule Rename DIE493 pin PA10 [PA12] -> PA10 is applicable
2026-05-05 12:26:14,628 [INFO] Rule:233 - rule Rename DIE493 pin PA9 [PA11] -> PA9 is applicable
2026-05-05 12:26:14,628 [INFO] Rule:233 - rule Rename DIE492 PartNumber CPN STM32WBA5MJGHx -> STM32WBA5MMGHx is applicable
2026-05-05 12:26:14,628 [INFO] Rule:233 - rule Rename DIE492 PartNumber  Name STM32WBA5MJGHx -> STM32WBA5MMGHx is applicable
2026-05-05 12:26:14,628 [INFO] Rule:233 - rule Rename DIE492 PartNumber UserName STM32WBA5MJGHx -> STM32WBA5MMGHx is applicable
2026-05-05 12:26:14,628 [INFO] Rule:233 - rule Rename DIE492 PartNumber DeviceId STM32WBA5MJGHx -> STM32WBA5MMGHx is applicable
2026-05-05 12:26:14,628 [INFO] Rule:233 - rule Adapt Old IOC CSI. is applicable
2026-05-05 12:26:14,628 [INFO] Rule:233 - rule Adapt Old IOC DCMIPP. is applicable
2026-05-05 12:26:14,628 [INFO] Rule:233 - rule Adapt Old IOC DCMIPP Mode Parallel. is applicable
2026-05-05 12:26:14,628 [INFO] Rule:233 - rule Adapt Old IOC LTDC. is applicable
2026-05-05 12:26:14,630 [INFO] Rule:233 - rule Rename STM32MP2 RIF Peripheral LTDC RIF.RISUP.LTDC_L0L1.Privilege -> RIF.RISUP.LTDC_L1L2.Privilege is applicable
2026-05-05 12:26:14,630 [INFO] Rule:233 - rule Rename STM32MP2 RIF Peripheral LTDC RIF.RISUP.LTDC_L0L1.Privilege -> RIF.RISUP.LTDC_L1L2.Privilege is applicable
2026-05-05 12:26:14,630 [INFO] Rule:233 - rule Rename STM32MP2 RIF Peripheral LTDC RIF.RISUP.LTDC_L0L1.Lock -> RIF.RISUP.LTDC_L1L2.Lock is applicable
2026-05-05 12:26:14,630 [INFO] Rule:233 - rule Rename STM32MP2 RIF Peripheral LTDC RIF.RISUP.LTDC_L2.Lock -> RIF.RISUP.LTDC_L3.Lock is applicable
2026-05-05 12:26:14,630 [INFO] Rule:233 - rule Adapt the old IOC example for updating the SYS when it is misconfigured. is applicable
2026-05-05 12:26:14,630 [INFO] Rule:233 - rule Rename STM32C09 Mcu.Package LQFP64 -> LQFP48 is applicable
2026-05-05 12:26:14,630 [INFO] Rule:233 - rule Adapt the old IOC example for updating the SYS when it is misconfigured. is applicable
2026-05-05 12:26:14,630 [INFO] Rule:233 - rule Adapt the old IOC example for updating the SYS when it is misconfigured. is applicable
2026-05-05 12:26:14,681 [INFO] DbConfProperties:307 - Apply Compatibility (38/250 Rules)
2026-05-05 12:26:14,740 [INFO] ImportTextPane:234 - (OptionalMessage_ERROR) Unable to find key (Mcu.ThirdPartyNb) in loaded IOC file
2026-05-05 12:26:14,760 [INFO] ImportTextPane:234 - (OptionalMessage_ERROR) Pin34 (VP_RIF_VS_RIF1) cannot be retrieved for this MCU
2026-05-05 12:26:15,209 [INFO] RtosManager:558 - Registered RTOS mode: class=CMSIS, group=RTOS, mode=CMSIS_V1, owner=FREERTOS
2026-05-05 12:26:15,211 [INFO] RtosManager:558 - Registered RTOS mode: class=CMSIS, group=RTOS2, mode=CMSIS_V2, owner=FREERTOS
2026-05-05 12:26:15,211 [INFO] RtosManager:558 - Registered RTOS mode: class=RTOS, group=Core, mode=CMSIS_V1, owner=FREERTOS
2026-05-05 12:26:15,211 [INFO] RtosManager:558 - Registered RTOS mode: class=RTOS, group=Core, mode=CMSIS_V2, owner=FREERTOS
2026-05-05 12:26:15,211 [WARN] ModelIntegratedComponent:184 - Missing modes for component STMicroelectronics:FreeRTOS:0.0.1:STMicroelectronics:RTOS:FreeRTOS:Core:::10.2.0:
2026-05-05 12:26:15,227 [WARN] ModelIntegratedComponent:63 - No mode defined for component null
2026-05-05 12:26:15,227 [WARN] ModelIntegratedComponent:63 - No mode defined for component null
2026-05-05 12:26:15,229 [WARN] ModelIntegratedComponent:63 - No mode defined for component null
2026-05-05 12:26:15,229 [WARN] ModelIntegratedComponent:63 - No mode defined for component null
2026-05-05 12:26:15,229 [WARN] ModelIntegratedComponent:63 - No mode defined for component null
2026-05-05 12:26:15,229 [WARN] ModelIntegratedComponent:63 - No mode defined for component null
2026-05-05 12:26:15,229 [WARN] ModelIntegratedComponent:63 - No mode defined for component null
2026-05-05 12:26:15,229 [WARN] ModelIntegratedComponent:63 - No mode defined for component null
2026-05-05 12:26:15,229 [WARN] ModelIntegratedComponent:63 - No mode defined for component null
2026-05-05 12:26:15,229 [WARN] ModelIntegratedComponent:63 - No mode defined for component null
2026-05-05 12:26:15,229 [WARN] ModelIntegratedComponent:63 - No mode defined for component null
2026-05-05 12:26:15,229 [WARN] ModelIntegratedComponent:63 - No mode defined for component null
2026-05-05 12:26:15,230 [WARN] ModelIntegratedComponent:63 - No mode defined for component null
2026-05-05 12:26:15,230 [WARN] ModelIntegratedComponent:63 - No mode defined for component null
2026-05-05 12:26:15,230 [WARN] ModelIntegratedComponent:63 - No mode defined for component null
2026-05-05 12:26:15,230 [WARN] ModelIntegratedComponent:63 - No mode defined for component null
2026-05-05 12:26:15,230 [WARN] ModelIntegratedComponent:63 - No mode defined for component null
2026-05-05 12:26:15,230 [WARN] ModelIntegratedComponent:63 - No mode defined for component null
2026-05-05 12:26:15,230 [WARN] ModelIntegratedComponent:63 - No mode defined for component null
2026-05-05 12:26:15,230 [WARN] ModelIntegratedComponent:63 - No mode defined for component null
2026-05-05 12:26:15,230 [WARN] ModelIntegratedComponent:63 - No mode defined for component null
2026-05-05 12:26:15,230 [WARN] ModelIntegratedComponent:63 - No mode defined for component null
2026-05-05 12:26:15,230 [WARN] ModelIntegratedComponent:63 - No mode defined for component null
2026-05-05 12:26:15,230 [WARN] ModelIntegratedComponent:63 - No mode defined for component null
2026-05-05 12:26:15,230 [WARN] ModelIntegratedComponent:63 - No mode defined for component null
2026-05-05 12:26:15,231 [WARN] ModelIntegratedComponent:63 - No mode defined for component null
2026-05-05 12:26:15,231 [WARN] ModelIntegratedComponent:63 - No mode defined for component null
2026-05-05 12:26:15,231 [WARN] ModelIntegratedComponent:63 - No mode defined for component null
2026-05-05 12:26:15,231 [WARN] ModelIntegratedComponent:63 - No mode defined for component null
2026-05-05 12:26:15,231 [WARN] ModelIntegratedComponent:63 - No mode defined for component null
2026-05-05 12:26:15,231 [WARN] ModelIntegratedComponent:63 - No mode defined for component null
2026-05-05 12:26:15,231 [WARN] ModelIntegratedComponent:63 - No mode defined for component null
2026-05-05 12:26:15,231 [WARN] ModelIntegratedComponent:63 - No mode defined for component null
2026-05-05 12:26:15,231 [WARN] ModelIntegratedComponent:63 - No mode defined for component null
2026-05-05 12:26:15,231 [WARN] ModelIntegratedComponent:63 - No mode defined for component null
2026-05-05 12:26:15,232 [WARN] ModelPack:524 - Component already loaded: STMicroelectronics:HAL Drivers:0.0.0:STMicroelectronics:Device:STMicro_Driver:XSPI:HAL::0.0.1:HAL_XSPI
2026-05-05 12:26:15,416 [INFO] ThirdPartyModel:298 - Start build external matchings
2026-05-05 12:26:16,652 [INFO] ThirdPartyModel:316 - End build external matchings
2026-05-05 12:26:17,387 [INFO] UtilMem:75 - End LoadConfig() Used Memory: 930545256 Bytes (1073741824)
2026-05-05 12:26:17,451 [WARN] ThirdParty:833 - waiting for thirdparty lock release [change project]
2026-05-05 12:26:17,452 [INFO] ThirdParty:835 - entering critical section [change project]
2026-05-05 12:26:17,452 [INFO] ThirdParty:1030 - CMSIS Pack Vendor :STMicroelectronics X-CUBE-AZRTOS-H7 3.5.0
2026-05-05 12:26:17,452 [INFO] ThirdParty:1030 - CMSIS Pack Vendor :STMicroelectronics X-CUBE-PM33A1 1.0.0
2026-05-05 12:26:17,453 [INFO] ThirdParty:1030 - CMSIS Pack Vendor :STMicroelectronics USBPD 4.1
2026-05-05 12:26:17,453 [INFO] ThirdParty:1030 - CMSIS Pack Vendor :STMicroelectronics X-CUBE-NFC9 1.0.0
2026-05-05 12:26:17,453 [INFO] ThirdParty:1030 - CMSIS Pack Vendor :STMicroelectronics USB_HOST 2.0.0
2026-05-05 12:26:17,453 [INFO] ThirdParty:1030 - CMSIS Pack Vendor :STMicroelectronics X-CUBE-AZRTOS-F4 1.1.0
2026-05-05 12:26:17,453 [INFO] ThirdParty:1030 - CMSIS Pack Vendor :STMicroelectronics LIBJPEG 8.0.0
2026-05-05 12:26:17,453 [INFO] ThirdParty:1030 - CMSIS Pack Vendor :STMicroelectronics FP-ATR-ASTRA1 2.0.2
2026-05-05 12:26:17,453 [INFO] ThirdParty:1030 - CMSIS Pack Vendor :STMicroelectronics X-CUBE-BLE1 7.1.0
2026-05-05 12:26:17,453 [INFO] ThirdParty:1030 - CMSIS Pack Vendor :STMicroelectronics X-CUBE-SMBUS 2.1.0
2026-05-05 12:26:17,453 [INFO] ThirdParty:1030 - CMSIS Pack Vendor :wolfSSL I-CUBE-wolfMQTT 1.19.2
2026-05-05 12:26:17,453 [INFO] ThirdParty:1030 - CMSIS Pack Vendor :STMicroelectronics USB_DEVICE 3.0.0
2026-05-05 12:26:17,454 [INFO] ThirdParty:1030 - CMSIS Pack Vendor :STMicroelectronics X-CUBE-ISPU 2.1.0
2026-05-05 12:26:17,454 [INFO] ThirdParty:1030 - CMSIS Pack Vendor :STMicroelectronics X-CUBE-EEPRMA1 5.2.0
2026-05-05 12:26:17,454 [INFO] ThirdParty:1030 - CMSIS Pack Vendor :STMicroelectronics X-CUBE-IPS 3.2.0
2026-05-05 12:26:17,454 [INFO] ThirdParty:1030 - CMSIS Pack Vendor :STMicroelectronics X-CUBE-BLEMGR 4.1.0
2026-05-05 12:26:17,454 [INFO] ThirdParty:1030 - CMSIS Pack Vendor :STMicroelectronics eDS-WB_DPC_TT-BIDIR 2.1.1
2026-05-05 12:26:17,454 [INFO] ThirdParty:1030 - CMSIS Pack Vendor :STMicroelectronics X-CUBE-AZRTOS-WB 2.0.0
2026-05-05 12:26:17,454 [INFO] ThirdParty:1030 - CMSIS Pack Vendor :wolfSSL I-CUBE-wolfSSL 5.8.4
2026-05-05 12:26:17,454 [INFO] ThirdParty:1030 - CMSIS Pack Vendor :Cesanta I-CUBE-Mongoose 7.20.0
2026-05-05 12:26:17,454 [INFO] ThirdParty:1030 - CMSIS Pack Vendor :STMicroelectronics X-CUBE-NFC12 1.0.0
2026-05-05 12:26:17,454 [INFO] ThirdParty:1030 - CMSIS Pack Vendor :STMicroelectronics X-CUBE-AZRTOS-F7 1.1.0
2026-05-05 12:26:17,454 [INFO] ThirdParty:1030 - CMSIS Pack Vendor :STMicroelectronics X-CUBE-AZRTOS-L5 2.0.0
2026-05-05 12:26:17,454 [INFO] ThirdParty:1030 - CMSIS Pack Vendor :STMicroelectronics USB_DEVICE 2.0.0
2026-05-05 12:26:17,454 [INFO] ThirdParty:1030 - CMSIS Pack Vendor :STMicroelectronics FP-SNS-STAIOTCFT 1.1.0
2026-05-05 12:26:17,454 [INFO] ThirdParty:1030 - CMSIS Pack Vendor :quantropi X-CUBE-qispace-sdk-base 2.1.0
2026-05-05 12:26:17,454 [INFO] ThirdParty:1030 - CMSIS Pack Vendor :STMicroelectronics X-CUBE-MEMS1 12.0.0
2026-05-05 12:26:17,455 [INFO] ThirdParty:1030 - CMSIS Pack Vendor :STMicroelectronics X-CUBE-STSE01 2.0.0
2026-05-05 12:26:17,455 [INFO] ThirdParty:1030 - CMSIS Pack Vendor :STMicroelectronics FP-SNS-MOTENV1 5.1.0
2026-05-05 12:26:17,455 [INFO] ThirdParty:1030 - CMSIS Pack Vendor :STMicroelectronics FreeRTOS 0.0.1
2026-05-05 12:26:17,455 [INFO] ThirdParty:1030 - CMSIS Pack Vendor :STMicroelectronics X-CUBE-AZRTOS-G0 1.1.0
2026-05-05 12:26:17,455 [INFO] ThirdParty:1030 - CMSIS Pack Vendor :STMicroelectronics X-CUBE-NFC4 3.0.0
2026-05-05 12:26:17,455 [INFO] ThirdParty:1030 - CMSIS Pack Vendor :STMicroelectronics X-CUBE-SUBG2 5.0.0
2026-05-05 12:26:17,455 [INFO] ThirdParty:1030 - CMSIS Pack Vendor :STMicroelectronics STM32_WPAN 1.0.0
2026-05-05 12:26:17,455 [INFO] ThirdParty:1030 - CMSIS Pack Vendor :STMicroelectronics eDS-WB_DPC_VIENNA 1.2.0
2026-05-05 12:26:17,456 [INFO] ThirdParty:1030 - CMSIS Pack Vendor :EmbeddedOffice I-CUBE-FS-RTOS 1.0.1
2026-05-05 12:26:17,456 [INFO] ThirdParty:1030 - CMSIS Pack Vendor :STMicroelectronics lwIP 2.0.3
2026-05-05 12:26:17,456 [INFO] ThirdParty:1030 - CMSIS Pack Vendor :WES I-CUBE-Cesium 1.4.0
2026-05-05 12:26:17,456 [INFO] ThirdParty:1030 - CMSIS Pack Vendor :STMicroelectronics eDS-WB_DPC_3PH2L-BIDIR 1.1.1
2026-05-05 12:26:17,456 [INFO] ThirdParty:1030 - CMSIS Pack Vendor :STMicroelectronics USB_HOST 1.0.0
2026-05-05 12:26:17,456 [INFO] ThirdParty:1030 - CMSIS Pack Vendor :STMicroelectronics X-CUBE-AZRTOS-G4 2.0.0
2026-05-05 12:26:17,456 [INFO] ThirdParty:1030 - CMSIS Pack Vendor :STMicroelectronics X-CUBE-WB05N 2.0.0
2026-05-05 12:26:17,456 [INFO] ThirdParty:1030 - CMSIS Pack Vendor :STMicroelectronics PDM2PCM 3.1.0
2026-05-05 12:26:17,456 [INFO] ThirdParty:1030 - CMSIS Pack Vendor :STMicroelectronics PDM2PCM 3.3.0
2026-05-05 12:26:17,456 [INFO] ThirdParty:1030 - CMSIS Pack Vendor :wolfSSL I-CUBE-wolfTPM 3.8.0
2026-05-05 12:26:17,456 [INFO] ThirdParty:1030 - CMSIS Pack Vendor :STMicroelectronics X-CUBE-DISPLAY 3.0.0
2026-05-05 12:26:17,457 [INFO] ThirdParty:1030 - CMSIS Pack Vendor :wolfSSL I-CUBE-wolfSSH 1.4.20
2026-05-05 12:26:17,457 [INFO] ThirdParty:1030 - CMSIS Pack Vendor :STMicroelectronics X-CUBE-NFC7 2.0.0
2026-05-05 12:26:17,457 [INFO] ThirdParty:1030 - CMSIS Pack Vendor :STMicroelectronics X-CUBE-GNSS1 7.1.1
2026-05-05 12:26:17,457 [INFO] ThirdParty:1030 - CMSIS Pack Vendor :STMicroelectronics FP-SNS-MOTENVWB1 1.5.0
2026-05-05 12:26:17,457 [INFO] ThirdParty:1030 - CMSIS Pack Vendor :STMicroelectronics X-CUBE-TCPP 4.2.0
2026-05-05 12:26:17,458 [INFO] ThirdParty:1030 - CMSIS Pack Vendor :RealThread X-CUBE-RT-Thread_Nano 4.1.1
2026-05-05 12:26:17,458 [INFO] ThirdParty:1030 - CMSIS Pack Vendor :STMicroelectronics FP-ATR-SIGFOX1 3.2.0
2026-05-05 12:26:17,458 [INFO] ThirdParty:1030 - CMSIS Pack Vendor :STMicroelectronics X-CUBE-NFC10 1.0.0
2026-05-05 12:26:17,458 [INFO] ThirdParty:1030 - CMSIS Pack Vendor :STMicroelectronics HAL Drivers 0.0.0
2026-05-05 12:26:17,458 [INFO] ThirdParty:1030 - CMSIS Pack Vendor :STMicroelectronics X-CUBE-FREERTOS 1.5.0
2026-05-05 12:26:17,458 [INFO] ThirdParty:1030 - CMSIS Pack Vendor :STMicroelectronics MBEDTLS 2.16.2
2026-05-05 12:26:17,458 [INFO] ThirdParty:1030 - CMSIS Pack Vendor :STMicroelectronics X-CUBE-ST60 1.1.0
2026-05-05 12:26:17,458 [INFO] ThirdParty:1030 - CMSIS Pack Vendor :STMicroelectronics X-CUBE-ALS 1.0.2
2026-05-05 12:26:17,458 [INFO] ThirdParty:1030 - CMSIS Pack Vendor :emotas I-CUBE-CANOPEN 1.3.0
2026-05-05 12:26:17,458 [INFO] ThirdParty:1030 - CMSIS Pack Vendor :STMicroelectronics MBEDTLS 2.14.1
2026-05-05 12:26:17,458 [INFO] ThirdParty:1030 - CMSIS Pack Vendor :STMicroelectronics X-CUBE-GNSS1 7.1.0
2026-05-05 12:26:17,458 [INFO] ThirdParty:1030 - CMSIS Pack Vendor :ITTIA_DB I-CUBE-ITTIADB 8.9.0
2026-05-05 12:26:17,458 [INFO] ThirdParty:1030 - CMSIS Pack Vendor :STMicroelectronics X-CUBE-TOUCHGFX 4.26.1
2026-05-05 12:26:17,458 [INFO] ThirdParty:1030 - CMSIS Pack Vendor :STMicroelectronics X-CUBE-NFC6 3.2.0
2026-05-05 12:26:17,459 [INFO] ThirdParty:1030 - CMSIS Pack Vendor :STMicroelectronics FP-SNS-STBOX1 2.1.0
2026-05-05 12:26:17,459 [INFO] ThirdParty:1030 - CMSIS Pack Vendor :STMicroelectronics X-CUBE-AI 10.2.0
2026-05-05 12:26:17,459 [INFO] ThirdParty:1030 - CMSIS Pack Vendor :STMicroelectronics FP-SNS-STAIOTCFT 1.0.0
2026-05-05 12:26:17,459 [INFO] ThirdParty:1030 - CMSIS Pack Vendor :STMicroelectronics ThreadX 1.0.0
2026-05-05 12:26:17,459 [INFO] ThirdParty:1030 - CMSIS Pack Vendor :STMicroelectronics FP-SNS-SMARTAG2 1.2.0
2026-05-05 12:26:17,459 [INFO] ThirdParty:1030 - CMSIS Pack Vendor :STMicroelectronics X-CUBE-MEMS1 12.1.0
2026-05-05 12:26:17,459 [INFO] ThirdParty:1030 - CMSIS Pack Vendor :STMicroelectronics FP-SNS-FLIGHT1 5.1.0
2026-05-05 12:26:17,459 [INFO] ThirdParty:1030 - CMSIS Pack Vendor :STMicroelectronics X-CUBE-AZRTOS-WL 2.0.0
2026-05-05 12:26:17,459 [INFO] ThirdParty:1030 - CMSIS Pack Vendor :SEGGER I-CUBE-embOS 1.3.1
2026-05-05 12:26:17,459 [INFO] ThirdParty:1030 - CMSIS Pack Vendor :STMicroelectronics X-CUBE-ALGOBUILD 1.4.0
2026-05-05 12:26:17,459 [INFO] ThirdParty:1030 - CMSIS Pack Vendor :STMicroelectronics X-CUBE-DPower 1.3.0
2026-05-05 12:26:17,460 [INFO] ThirdParty:1030 - CMSIS Pack Vendor :STMicroelectronics USB_DEVICE 1.0.0
2026-05-05 12:26:17,460 [INFO] ThirdParty:1030 - CMSIS Pack Vendor :STMicroelectronics X-CUBE-AZRTOS-H7RS 1.2.0
2026-05-05 12:26:17,460 [INFO] ThirdParty:1030 - CMSIS Pack Vendor :STMicroelectronics X-CUBE-AZRTOS-L4 2.0.0
2026-05-05 12:26:17,460 [INFO] ThirdParty:1030 - CMSIS Pack Vendor :STMicroelectronics ThreadX 0.0.2
2026-05-05 12:26:17,460 [INFO] ThirdParty:1030 - CMSIS Pack Vendor :STMicroelectronics lwIP 2.1.2
2026-05-05 12:26:17,460 [INFO] ThirdParty:1030 - CMSIS Pack Vendor :STMicroelectronics X-CUBE-SFXS2LP1 4.0.0
2026-05-05 12:26:17,460 [INFO] ThirdParty:1030 - CMSIS Pack Vendor :STMicroelectronics X-CUBE-BLE2 3.3.0
2026-05-05 12:26:17,460 [INFO] ThirdParty:1030 - CMSIS Pack Vendor :Avnet-IOTCONNECT X-CUBE-iotc-st67-sdk 1.0.0
2026-05-05 12:26:17,460 [INFO] ThirdParty:1030 - CMSIS Pack Vendor :STMicroelectronics X-CUBE-TOF1 3.4.3
2026-05-05 12:26:17,460 [INFO] ThirdParty:1030 - CMSIS Pack Vendor :Infineon AIROC-Wi-Fi-Bluetooth-STM32 1.8.0
2026-05-05 12:26:17,460 [INFO] ThirdParty:1030 - CMSIS Pack Vendor :STMicroelectronics PDM2PCM 3.2.0
2026-05-05 12:26:17,460 [INFO] ThirdParty:1030 - CMSIS Pack Vendor :STMicroelectronics X-CUBE-WB05N 2.1.0
2026-05-05 12:26:17,460 [INFO] ThirdParty:1030 - CMSIS Pack Vendor :STMicroelectronics X-CUBE-ST67W61 1.2.0
2026-05-05 12:26:17,461 [INFO] ThirdParty:841 - exiting critical section [change project]
2026-05-05 12:26:18,373 [INFO] PinOutPanel:1589 - setPackage(No Configuration,No Configuration)
2026-05-05 12:26:18,380 [INFO] PinOutPanel:1589 - setPackage(STM32F407VGTx,LQFP100)
2026-05-05 12:26:19,000 [INFO] UtilMem:75 - Before build in PCC Used Memory: 896606664 Bytes (1073741824)
2026-05-05 12:26:19,472 [INFO] UtilMem:75 - After build in PCC Used Memory: 942744008 Bytes (1073741824)
2026-05-05 12:26:19,513 [INFO] IPUIPlugin:80 - create IPUIPlugin
2026-05-05 12:26:19,515 [INFO] IPUIPlugin:80 - create IPUIPlugin
2026-05-05 12:26:19,515 [INFO] IPUIPlugin:80 - create IPUIPlugin
2026-05-05 12:26:19,515 [INFO] IPUIPlugin:80 - create IPUIPlugin
2026-05-05 12:26:19,515 [INFO] IPUIPlugin:80 - create IPUIPlugin
2026-05-05 12:26:19,515 [INFO] IPUIPlugin:80 - create IPUIPlugin
2026-05-05 12:26:19,515 [INFO] IPUIPlugin:80 - create IPUIPlugin
2026-05-05 12:26:19,515 [INFO] IPUIPlugin:80 - create IPUIPlugin
2026-05-05 12:26:19,515 [INFO] IPUIPlugin:80 - create IPUIPlugin
2026-05-05 12:26:19,515 [INFO] IPUIPlugin:80 - create IPUIPlugin
2026-05-05 12:26:19,515 [INFO] IPUIPlugin:80 - create IPUIPlugin
2026-05-05 12:26:19,515 [INFO] IPUIPlugin:80 - create IPUIPlugin
2026-05-05 12:26:19,515 [INFO] IPUIPlugin:80 - create IPUIPlugin
2026-05-05 12:26:19,515 [INFO] IPUIPlugin:80 - create IPUIPlugin
2026-05-05 12:26:19,515 [INFO] IPUIPlugin:80 - create IPUIPlugin
2026-05-05 12:26:19,515 [INFO] IPUIPlugin:80 - create IPUIPlugin
2026-05-05 12:26:19,518 [INFO] IPUIPlugin:80 - create IPUIPlugin
2026-05-05 12:26:19,518 [INFO] IPUIPlugin:80 - create IPUIPlugin
2026-05-05 12:26:19,518 [INFO] IPUIPlugin:80 - create IPUIPlugin
2026-05-05 12:26:19,518 [INFO] IPUIPlugin:80 - create IPUIPlugin
2026-05-05 12:26:19,519 [INFO] IPUIPlugin:80 - create IPUIPlugin
2026-05-05 12:26:19,520 [INFO] IPUIPlugin:80 - create IPUIPlugin
2026-05-05 12:26:19,520 [INFO] IPUIPlugin:80 - create IPUIPlugin
2026-05-05 12:26:19,520 [INFO] IPUIPlugin:80 - create IPUIPlugin
2026-05-05 12:26:19,521 [INFO] IPUIPlugin:80 - create IPUIPlugin
2026-05-05 12:26:19,521 [INFO] IPUIPlugin:80 - create IPUIPlugin
2026-05-05 12:26:19,522 [INFO] IPUIPlugin:80 - create IPUIPlugin
2026-05-05 12:26:19,523 [INFO] IPUIPlugin:80 - create IPUIPlugin
2026-05-05 12:26:19,523 [INFO] IPUIPlugin:80 - create IPUIPlugin
2026-05-05 12:26:19,524 [INFO] IPUIPlugin:80 - create IPUIPlugin
2026-05-05 12:26:19,524 [INFO] IPUIPlugin:80 - create IPUIPlugin
2026-05-05 12:26:19,524 [INFO] IPUIPlugin:80 - create IPUIPlugin
2026-05-05 12:26:19,524 [INFO] IPUIPlugin:80 - create IPUIPlugin
2026-05-05 12:26:19,526 [INFO] IPUIPlugin:80 - create IPUIPlugin
2026-05-05 12:26:19,526 [INFO] IPUIPlugin:80 - create IPUIPlugin
2026-05-05 12:26:19,527 [INFO] IPUIPlugin:80 - create IPUIPlugin
2026-05-05 12:26:19,527 [INFO] IPUIPlugin:80 - create IPUIPlugin
2026-05-05 12:26:19,527 [INFO] IPUIPlugin:80 - create IPUIPlugin
2026-05-05 12:26:19,527 [INFO] IPUIPlugin:80 - create IPUIPlugin
2026-05-05 12:26:19,529 [INFO] IPUIPlugin:80 - create IPUIPlugin
2026-05-05 12:26:19,529 [INFO] IPUIPlugin:80 - create IPUIPlugin
2026-05-05 12:26:19,529 [INFO] IPUIPlugin:80 - create IPUIPlugin
2026-05-05 12:26:19,529 [INFO] IPUIPlugin:80 - create IPUIPlugin
2026-05-05 12:26:19,531 [INFO] IPUIPlugin:80 - create IPUIPlugin
2026-05-05 12:26:19,531 [INFO] IPUIPlugin:80 - create IPUIPlugin
2026-05-05 12:26:19,531 [INFO] IPUIPlugin:80 - create IPUIPlugin
2026-05-05 12:26:19,531 [INFO] IPUIPlugin:80 - create IPUIPlugin
2026-05-05 12:26:19,533 [INFO] IPUIPlugin:80 - create IPUIPlugin
2026-05-05 12:26:19,533 [INFO] IPUIPlugin:80 - create IPUIPlugin
2026-05-05 12:26:19,535 [INFO] IPUIPlugin:80 - create IPUIPlugin
2026-05-05 12:26:19,535 [INFO] IPUIPlugin:80 - create IPUIPlugin
2026-05-05 12:26:19,537 [INFO] IPUIPlugin:80 - create IPUIPlugin
2026-05-05 12:26:19,537 [INFO] IPUIPlugin:80 - create IPUIPlugin
2026-05-05 12:26:19,539 [INFO] IPUIPlugin:80 - create IPUIPlugin
2026-05-05 12:26:19,540 [INFO] IPUIPlugin:80 - create IPUIPlugin
2026-05-05 12:26:19,540 [INFO] IPUIPlugin:80 - create IPUIPlugin
2026-05-05 12:26:19,541 [INFO] IPUIPlugin:80 - create IPUIPlugin
2026-05-05 12:26:19,541 [INFO] IPUIPlugin:80 - create IPUIPlugin
2026-05-05 12:26:19,551 [INFO] ApiDbMcu:532 - Load IP Config File for PDM2PCM
2026-05-05 12:26:19,638 [INFO] CADModel:165 - CPN selected for project levelSTM32F407VGT6
2026-05-05 12:26:19,639 [INFO] CADModel:114 - Register for checkConnection events
2026-05-05 12:26:19,728 [INFO] OpenFileManager:386 - Restore cursor
2026-05-05 12:26:21,099 [INFO] UtilMem:75 - End SaveConfig() Used Memory: 849159152 Bytes (1073741824)
2026-05-05 12:26:21,306 [INFO] UtilMem:75 - End SaveConfig() Used Memory: 870611224 Bytes (1073741824)
2026-05-05 12:26:21,991 [INFO] BlockDiagram:2775 - set Specific Code input for plugin: SYS
2026-05-05 12:26:21,991 [INFO] BlockDiagram:2775 - set Specific Code input for plugin: RCC
2026-05-05 12:26:21,991 [INFO] BlockDiagram:2775 - set Specific Code input for plugin: NVIC
2026-05-05 12:26:21,991 [INFO] BlockDiagram:2775 - set Specific Code input for plugin: GPIO
2026-05-05 12:26:21,994 [INFO] CodeGenerator:892 - code generatio: config db path: C:\ST\STM32CubeIDE_1.19.0\STM32CubeIDE\plugins\com.st.stm32cube.common.mx_6.15.0.202507011659\\db\
2026-05-05 12:26:22,227 [INFO] CodeEngine:265 - oldGeneratedFile, D:\RTOS_stm32\led_and_button_IT\MXTmpFiles\license.tmp_save
2026-05-05 12:26:22,846 [INFO] CodeEngine:289 - Generated code: D:\RTOS_stm32\led_and_button_IT\MXTmpFiles\license.tmp
2026-05-05 12:26:23,032 [INFO] CodeEngine:265 - oldGeneratedFile, D:\RTOS_stm32\led_and_button_IT\MXTmpFiles\gpio.tmp_save
2026-05-05 12:26:23,353 [INFO] CodeEngine:289 - Generated code: D:\RTOS_stm32\led_and_button_IT\MXTmpFiles\gpio.tmp
2026-05-05 12:26:23,443 [INFO] CodeEngine:265 - oldGeneratedFile, D:\RTOS_stm32\led_and_button_IT\Core\Src\stm32f4xx_it.c_save
2026-05-05 12:26:24,264 [INFO] CodeEngine:289 - Generated code: D:\RTOS_stm32\led_and_button_IT\Core\Src\stm32f4xx_it.c
2026-05-05 12:26:24,280 [INFO] CodeEngine:265 - oldGeneratedFile, D:\RTOS_stm32\led_and_button_IT\Core\Inc\stm32f4xx_it.h_save
2026-05-05 12:26:24,466 [INFO] CodeEngine:289 - Generated code: D:\RTOS_stm32\led_and_button_IT\Core\Inc\stm32f4xx_it.h
2026-05-05 12:26:24,505 [INFO] CodeEngine:265 - oldGeneratedFile, D:\RTOS_stm32\led_and_button_IT\Core\Src\stm32f4xx_hal_msp.c_save
2026-05-05 12:26:24,790 [INFO] CodeEngine:289 - Generated code: D:\RTOS_stm32\led_and_button_IT\Core\Src\stm32f4xx_hal_msp.c
2026-05-05 12:26:24,800 [INFO] CodeEngine:265 - oldGeneratedFile, D:\RTOS_stm32\led_and_button_IT\MXTmpFiles\system.tmp_save
2026-05-05 12:26:25,044 [INFO] CodeEngine:289 - Generated code: D:\RTOS_stm32\led_and_button_IT\MXTmpFiles\system.tmp
2026-05-05 12:26:25,083 [INFO] CodeEngine:321 - oldGeneratedFile, D:\RTOS_stm32\led_and_button_IT\Core\Inc\stm32f4xx_hal_conf.h_save
2026-05-05 12:26:25,368 [INFO] CodeEngine:345 - Generated code: D:\RTOS_stm32\led_and_button_IT\Core\Inc\stm32f4xx_hal_conf.h
2026-05-05 12:26:25,456 [INFO] ApiDbMcu:532 - Load IP Config File for RCC
2026-05-05 12:26:25,487 [INFO] CodeEngine:265 - oldGeneratedFile, D:\RTOS_stm32\led_and_button_IT\Core\Inc\main.h_save
2026-05-05 12:26:25,757 [INFO] CodeEngine:289 - Generated code: D:\RTOS_stm32\led_and_button_IT\Core\Inc\main.h
2026-05-05 12:26:25,774 [INFO] CodeEngine:265 - oldGeneratedFile, D:\RTOS_stm32\led_and_button_IT\Core\Src\main.c_save
2026-05-05 12:26:26,063 [INFO] CodeEngine:289 - Generated code: D:\RTOS_stm32\led_and_button_IT\Core\Src\main.c
2026-05-05 12:26:27,221 [INFO] ProjectBuilder:3606 - Time for Copy HAL[1] : 581mS.
2026-05-05 12:26:27,227 [INFO] ProjectBuilder:5216 - Project Generator version: 4.7.0-B52
2026-05-05 12:26:27,383 [INFO] ConfigFileManager:1595 - The Die is : DIE413
2026-05-05 12:26:27,388 [INFO] ApiDbMcu:532 - Load IP Config File for FATFS
2026-05-05 12:26:27,388 [INFO] ApiDbMcu:532 - Load IP Config File for FREERTOS
2026-05-05 12:26:27,397 [INFO] ApiDbMcu:532 - Load IP Config File for LIBJPEG
2026-05-05 12:26:27,407 [INFO] ApiDbMcu:532 - Load IP Config File for LWIP
2026-05-05 12:26:27,422 [INFO] ApiDbMcu:532 - Load IP Config File for MBEDTLS
2026-05-05 12:26:27,436 [INFO] ApiDbMcu:532 - Load IP Config File for USB_DEVICE
2026-05-05 12:26:27,443 [INFO] ApiDbMcu:532 - Load IP Config File for USB_HOST
2026-05-05 12:26:31,806 [INFO] ProjectBuilder:5496 - Time for Generating toolchain IDE Files: 4578mS.
2026-05-05 12:26:31,810 [INFO] ProjectBuilder:3463 - Time for Copy CMSIS : 3mS.
2026-05-05 12:26:31,815 [INFO] ProjectBuilder:3463 - Time for Copy CMSIS : 0mS.
2026-05-05 12:26:33,357 [INFO] McuFinderGlobals:76 - Set McuFinderConnectedMode to true
2026-05-05 12:26:33,366 [INFO] ApiDb:448 - Save user favorites file C:\Users\jahna/.stm32cubeide/favorites.mcus.txt: 0 item(s)
2026-05-05 12:26:33,366 [INFO] ApiDb:452 - User favorites MCUs=[]
2026-05-05 12:26:33,372 [INFO] ApiDb:448 - Save user favorites file C:\Users\jahna/.stm32cubeide/favorites.boards.txt: 1 item(s)
2026-05-05 12:26:33,373 [INFO] ApiDb:452 - User favorites Boards=[STM32F407G-DISC1]
2026-05-05 12:27:20,430 [INFO] UtilMem:75 - End SaveConfig() Used Memory: 911926184 Bytes (1073741824)
2026-05-05 12:27:32,816 [INFO] RtosManager:1018 - Current active RTOS is FREERTOS [Cortex-M4NS]
2026-05-05 12:27:33,400 [ERROR] RtosPanel:558 - Can not restore the selected Tab for FREERTOS(A reason can be that the tab is no more available.)
2026-05-05 12:27:33,517 [ERROR] RtosPanel:558 - Can not restore the selected Tab for FREERTOS(A reason can be that the tab is no more available.)
2026-05-05 12:27:35,459 [INFO] UtilMem:75 - End SaveConfig() Used Memory: 977788792 Bytes (1073741824)
2026-05-05 12:27:36,617 [INFO] UtilMem:75 - End SaveConfig() Used Memory: 1005051768 Bytes (1073741824)
2026-05-05 12:27:39,436 [INFO] UtilMem:75 - End SaveConfig() Used Memory: 831294840 Bytes (1073741824)
2026-05-05 12:27:41,431 [INFO] BlockDiagram:2775 - set Specific Code input for plugin: FREERTOS
2026-05-05 12:27:41,432 [INFO] BlockDiagram:2775 - set Specific Code input for plugin: SYS
2026-05-05 12:27:41,432 [INFO] BlockDiagram:2775 - set Specific Code input for plugin: RCC
2026-05-05 12:27:41,432 [INFO] BlockDiagram:2775 - set Specific Code input for plugin: NVIC
2026-05-05 12:27:41,432 [INFO] BlockDiagram:2775 - set Specific Code input for plugin: USART
2026-05-05 12:27:41,432 [INFO] BlockDiagram:2775 - set Specific Code input for plugin: GPIO
2026-05-05 12:27:41,436 [INFO] CodeGenerator:892 - code generatio: config db path: C:\ST\STM32CubeIDE_1.19.0\STM32CubeIDE\plugins\com.st.stm32cube.common.mx_6.15.0.202507011659\\db\
2026-05-05 12:27:41,629 [INFO] CodeEngine:265 - oldGeneratedFile, D:\RTOS_stm32\led_and_button_IT\MXTmpFiles\license.tmp_save
2026-05-05 12:27:41,974 [INFO] CodeEngine:289 - Generated code: D:\RTOS_stm32\led_and_button_IT\MXTmpFiles\license.tmp
2026-05-05 12:27:42,035 [INFO] CodeEngine:265 - oldGeneratedFile, D:\RTOS_stm32\led_and_button_IT\MXTmpFiles\gpio.tmp_save
2026-05-05 12:27:42,272 [INFO] CodeEngine:289 - Generated code: D:\RTOS_stm32\led_and_button_IT\MXTmpFiles\gpio.tmp
2026-05-05 12:27:42,489 [INFO] Middleware:1452 - No code input for Bsp Dependency
2026-05-05 12:27:42,509 [INFO] CodeEngine:265 - oldGeneratedFile, D:\RTOS_stm32\led_and_button_IT\MXTmpFiles\rtos_inc.tmp_save
2026-05-05 12:27:42,688 [INFO] CodeEngine:289 - Generated code: D:\RTOS_stm32\led_and_button_IT\MXTmpFiles\rtos_inc.tmp
2026-05-05 12:27:42,709 [INFO] CodeEngine:265 - oldGeneratedFile, D:\RTOS_stm32\led_and_button_IT\MXTmpFiles\rtos_vars.tmp_save
2026-05-05 12:27:42,899 [INFO] CodeEngine:289 - Generated code: D:\RTOS_stm32\led_and_button_IT\MXTmpFiles\rtos_vars.tmp
2026-05-05 12:27:42,925 [INFO] CodeEngine:265 - oldGeneratedFile, D:\RTOS_stm32\led_and_button_IT\MXTmpFiles\rtos_pfp.tmp_save
2026-05-05 12:27:43,097 [INFO] CodeEngine:289 - Generated code: D:\RTOS_stm32\led_and_button_IT\MXTmpFiles\rtos_pfp.tmp
2026-05-05 12:27:43,110 [INFO] CodeEngine:265 - oldGeneratedFile, D:\RTOS_stm32\led_and_button_IT\MXTmpFiles\rtos_obj_creat.tmp_save
2026-05-05 12:27:43,277 [INFO] CodeEngine:289 - Generated code: D:\RTOS_stm32\led_and_button_IT\MXTmpFiles\rtos_obj_creat.tmp
2026-05-05 12:27:43,288 [INFO] CodeEngine:265 - oldGeneratedFile, D:\RTOS_stm32\led_and_button_IT\MXTmpFiles\rtos_kernelStart.tmp_save
2026-05-05 12:27:43,418 [INFO] CodeEngine:289 - Generated code: D:\RTOS_stm32\led_and_button_IT\MXTmpFiles\rtos_kernelStart.tmp
2026-05-05 12:27:43,430 [INFO] CodeEngine:265 - oldGeneratedFile, D:\RTOS_stm32\led_and_button_IT\MXTmpFiles\rtos_default_thread.tmp_save
2026-05-05 12:27:43,565 [INFO] CodeEngine:289 - Generated code: D:\RTOS_stm32\led_and_button_IT\MXTmpFiles\rtos_default_thread.tmp
2026-05-05 12:27:43,597 [INFO] CodeEngine:265 - oldGeneratedFile, D:\RTOS_stm32\led_and_button_IT\MXTmpFiles\rtos_threads.tmp_save
2026-05-05 12:27:43,741 [INFO] CodeEngine:289 - Generated code: D:\RTOS_stm32\led_and_button_IT\MXTmpFiles\rtos_threads.tmp
2026-05-05 12:27:43,770 [INFO] Middleware:1452 - No code input for Bsp Dependency
2026-05-05 12:27:43,786 [INFO] CodeEngine:265 - oldGeneratedFile, D:\RTOS_stm32\led_and_button_IT\MXTmpFiles\rtos_inc.tmp_save
2026-05-05 12:27:43,912 [INFO] CodeEngine:289 - Generated code: D:\RTOS_stm32\led_and_button_IT\MXTmpFiles\rtos_inc.tmp
2026-05-05 12:27:43,927 [INFO] CodeEngine:265 - oldGeneratedFile, D:\RTOS_stm32\led_and_button_IT\MXTmpFiles\rtos_vars.tmp_save
2026-05-05 12:27:44,373 [INFO] CodeEngine:289 - Generated code: D:\RTOS_stm32\led_and_button_IT\MXTmpFiles\rtos_vars.tmp
2026-05-05 12:27:44,383 [INFO] CodeEngine:265 - oldGeneratedFile, D:\RTOS_stm32\led_and_button_IT\MXTmpFiles\rtos_pfp.tmp_save
2026-05-05 12:27:44,479 [INFO] CodeEngine:289 - Generated code: D:\RTOS_stm32\led_and_button_IT\MXTmpFiles\rtos_pfp.tmp
2026-05-05 12:27:44,486 [INFO] CodeEngine:265 - oldGeneratedFile, D:\RTOS_stm32\led_and_button_IT\MXTmpFiles\rtos_obj_creat.tmp_save
2026-05-05 12:27:44,583 [INFO] CodeEngine:289 - Generated code: D:\RTOS_stm32\led_and_button_IT\MXTmpFiles\rtos_obj_creat.tmp
2026-05-05 12:27:44,589 [INFO] CodeEngine:265 - oldGeneratedFile, D:\RTOS_stm32\led_and_button_IT\MXTmpFiles\rtos_kernelStart.tmp_save
2026-05-05 12:27:44,685 [INFO] CodeEngine:289 - Generated code: D:\RTOS_stm32\led_and_button_IT\MXTmpFiles\rtos_kernelStart.tmp
2026-05-05 12:27:44,702 [INFO] CodeEngine:265 - oldGeneratedFile, D:\RTOS_stm32\led_and_button_IT\MXTmpFiles\rtos_default_thread.tmp_save
2026-05-05 12:27:44,785 [INFO] CodeEngine:289 - Generated code: D:\RTOS_stm32\led_and_button_IT\MXTmpFiles\rtos_default_thread.tmp
2026-05-05 12:27:44,785 [INFO] CodeEngine:265 - oldGeneratedFile, D:\RTOS_stm32\led_and_button_IT\MXTmpFiles\rtos_threads.tmp_save
2026-05-05 12:27:44,891 [INFO] CodeEngine:289 - Generated code: D:\RTOS_stm32\led_and_button_IT\MXTmpFiles\rtos_threads.tmp
2026-05-05 12:27:44,902 [INFO] CodeEngine:265 - oldGeneratedFile, D:\RTOS_stm32\led_and_button_IT\Core\Inc\FreeRTOSConfig.h_save
2026-05-05 12:27:45,040 [INFO] CodeEngine:289 - Generated code: D:\RTOS_stm32\led_and_button_IT\Core\Inc\FreeRTOSConfig.h
2026-05-05 12:27:45,050 [INFO] CodeEngine:265 - oldGeneratedFile, D:\RTOS_stm32\led_and_button_IT\Core\Src\freertos.c_save
2026-05-05 12:27:45,188 [INFO] CodeEngine:289 - Generated code: D:\RTOS_stm32\led_and_button_IT\Core\Src\freertos.c
2026-05-05 12:27:45,209 [INFO] CodeEngine:265 - oldGeneratedFile, D:\RTOS_stm32\led_and_button_IT\Core\Src\stm32f4xx_it.c_save
2026-05-05 12:27:45,386 [INFO] CodeEngine:289 - Generated code: D:\RTOS_stm32\led_and_button_IT\Core\Src\stm32f4xx_it.c
2026-05-05 12:27:45,413 [INFO] CodeEngine:265 - oldGeneratedFile, D:\RTOS_stm32\led_and_button_IT\Core\Inc\stm32f4xx_it.h_save
2026-05-05 12:27:45,528 [INFO] CodeEngine:289 - Generated code: D:\RTOS_stm32\led_and_button_IT\Core\Inc\stm32f4xx_it.h
2026-05-05 12:27:45,558 [INFO] CodeEngine:265 - oldGeneratedFile, D:\RTOS_stm32\led_and_button_IT\Core\Src\stm32f4xx_hal_msp.c_save
2026-05-05 12:27:45,744 [INFO] CodeEngine:289 - Generated code: D:\RTOS_stm32\led_and_button_IT\Core\Src\stm32f4xx_hal_msp.c
2026-05-05 12:27:45,756 [INFO] CodeEngine:265 - oldGeneratedFile, D:\RTOS_stm32\led_and_button_IT\MXTmpFiles\system.tmp_save
2026-05-05 12:27:45,866 [INFO] CodeEngine:289 - Generated code: D:\RTOS_stm32\led_and_button_IT\MXTmpFiles\system.tmp
2026-05-05 12:27:45,892 [INFO] CodeEngine:321 - oldGeneratedFile, D:\RTOS_stm32\led_and_button_IT\Core\Inc\stm32f4xx_hal_conf.h_save
2026-05-05 12:27:46,003 [INFO] CodeEngine:345 - Generated code: D:\RTOS_stm32\led_and_button_IT\Core\Inc\stm32f4xx_hal_conf.h
2026-05-05 12:27:46,047 [INFO] ApiDbMcu:532 - Load IP Config File for USART2
2026-05-05 12:27:46,082 [INFO] CodeEngine:265 - oldGeneratedFile, D:\RTOS_stm32\led_and_button_IT\Core\Inc\main.h_save
2026-05-05 12:27:46,204 [INFO] CodeEngine:289 - Generated code: D:\RTOS_stm32\led_and_button_IT\Core\Inc\main.h
2026-05-05 12:27:46,217 [INFO] CodeEngine:265 - oldGeneratedFile, D:\RTOS_stm32\led_and_button_IT\Core\Src\main.c_save
2026-05-05 12:27:46,392 [INFO] CodeEngine:289 - Generated code: D:\RTOS_stm32\led_and_button_IT\Core\Src\main.c
2026-05-05 12:27:47,391 [INFO] ProjectBuilder:3606 - Time for Copy HAL[1] : 559mS.
2026-05-05 12:27:47,399 [INFO] ProjectBuilder:5216 - Project Generator version: 4.7.0-B52
2026-05-05 12:27:47,550 [INFO] ConfigFileManager:1595 - The Die is : DIE413
2026-05-05 12:27:49,354 [INFO] ProjectBuilder:5496 - Time for Generating toolchain IDE Files: 1955mS.
2026-05-05 12:27:49,356 [INFO] ProjectBuilder:3463 - Time for Copy CMSIS : 1mS.
2026-05-05 12:27:49,362 [INFO] ProjectBuilder:3463 - Time for Copy CMSIS : 0mS.
2026-05-05 13:04:22,130 [INFO] WebApp:194 - Connection lost
2026-05-05 13:04:22,906 [INFO] WebApp:191 - Connection restablished
2026-05-05 13:16:14,600 [INFO] WebApp:194 - Connection lost
2026-05-05 13:16:15,353 [INFO] WebApp:191 - Connection restablished
2026-05-05 14:01:35,876 [INFO] WebApp:194 - Connection lost
2026-05-05 14:01:36,650 [INFO] WebApp:191 - Connection restablished
2026-05-05 14:16:15,878 [INFO] WebApp:194 - Connection lost
2026-05-05 14:16:16,733 [INFO] WebApp:191 - Connection restablished
2026-05-05 14:25:06,536 [INFO] MainUpdater:2872 - connection check result : 10
2026-05-05 14:25:06,884 [INFO] McuFinderGlobals:76 - Set McuFinderConnectedMode to true
2026-05-05 14:25:06,893 [INFO] MultiScanPanel:200 - Auto-refresh data requested => check proxy status ongoing
2026-05-05 14:25:06,897 [INFO] FinderPluginLoader:96 - Searching for filters in installed packs
2026-05-05 14:25:10,365 [INFO] LoadUrlFilesThread:185 - End of LoadServerUrlFiles without Thread
2026-05-05 14:25:10,365 [INFO] DetailPanel:341 - Set advertising image to C:/Users/jahna/STM32Cube/Repository/\en.prom-stm32wba2-stm32-nucleo-board-0426.png
2026-05-05 14:25:16,767 [INFO] MultiScanPanel:200 - Auto-refresh data requested => check proxy status ongoing
2026-05-05 14:25:16,878 [INFO] LoadUrlFilesThread:185 - End of LoadServerUrlFiles without Thread
2026-05-05 14:25:16,879 [INFO] DetailPanel:341 - Set advertising image to C:/Users/jahna/STM32Cube/Repository/\en.prom-stm32wba2-stm32-nucleo-board-0426.png
2026-05-05 14:25:48,821 [INFO] MainUpdater:2872 - connection check result : 10
2026-05-05 14:25:48,822 [INFO] MainUpdater:2872 - connection check result : 10
2026-05-05 14:25:49,248 [INFO] MicroXplorer:468 - Change Database Path : 
2026-05-05 14:25:49,248 [INFO] MicroXplorer:498 - Change Database Version : DB.6.0.150
2026-05-05 14:25:49,352 [ERROR] ProjectManagerView:395 - 
java.lang.NullPointerException: Cannot invoke "javax.swing.JTextField.getText()" because the return value of "java.util.List.get(int)" is null
	at com.st.microxplorer.plugins.projectmanager.gui.ProjectChoiceTab$9.caretUpdate(ProjectChoiceTab.java:2706) ~[filemanager.jar:?]
	at javax.swing.text.JTextComponent.fireCaretUpdate(JTextComponent.java:408) ~[?:?]
	at javax.swing.text.JTextComponent$MutableCaretEvent.fire(JTextComponent.java:4484) ~[?:?]
	at javax.swing.text.JTextComponent$MutableCaretEvent.stateChanged(JTextComponent.java:4506) ~[?:?]
	at javax.swing.text.DefaultCaret.fireStateChanged(DefaultCaret.java:857) ~[?:?]
	at javax.swing.text.DefaultCaret.changeCaretPosition(DefaultCaret.java:1343) ~[?:?]
	at javax.swing.text.DefaultCaret.handleSetDot(DefaultCaret.java:1242) ~[?:?]
	at javax.swing.text.DefaultCaret.setDot(DefaultCaret.java:1223) ~[?:?]
	at javax.swing.text.DefaultCaret$Handler.insertUpdate(DefaultCaret.java:1819) ~[?:?]
	at javax.swing.text.AbstractDocument.fireInsertUpdate(AbstractDocument.java:227) ~[?:?]
	at javax.swing.text.AbstractDocument.handleInsertString(AbstractDocument.java:781) ~[?:?]
	at javax.swing.text.AbstractDocument.insertString(AbstractDocument.java:740) ~[?:?]
	at javax.swing.text.PlainDocument.insertString(PlainDocument.java:131) ~[?:?]
	at javax.swing.text.AbstractDocument.replace(AbstractDocument.java:699) ~[?:?]
	at javax.swing.text.JTextComponent.setText(JTextComponent.java:1725) ~[?:?]
	at com.st.microxplorer.plugins.projectmanager.gui.ProjectChoiceTab.createHeapStackFields(ProjectChoiceTab.java:993) ~[filemanager.jar:?]
	at com.st.microxplorer.plugins.projectmanager.gui.ProjectChoiceTab.buildLinkSettingsPanel(ProjectChoiceTab.java:3813) ~[filemanager.jar:?]
	at com.st.microxplorer.plugins.projectmanager.gui.ProjectChoiceTab.defineWindowsFields(ProjectChoiceTab.java:1987) ~[filemanager.jar:?]
	at com.st.microxplorer.plugins.projectmanager.gui.ProjectChoiceTab.updateSettings(ProjectChoiceTab.java:558) ~[filemanager.jar:?]
	at com.st.microxplorer.plugins.projectmanager.gui.ProjectSettingsPanel.UpdateDialog(ProjectSettingsPanel.java:247) ~[filemanager.jar:?]
	at com.st.microxplorer.plugins.projectmanager.ProjectManagerView.propertyChange(ProjectManagerView.java:392) ~[filemanager.jar:?]
	at java.beans.PropertyChangeSupport.fire(PropertyChangeSupport.java:343) ~[?:?]
	at java.beans.PropertyChangeSupport.firePropertyChange(PropertyChangeSupport.java:335) ~[?:?]
	at java.beans.PropertyChangeSupport.firePropertyChange(PropertyChangeSupport.java:268) ~[?:?]
	at com.st.microxplorer.util.MXPropertyChangeSupport.firePropertyChange(MXPropertyChangeSupport.java:54) ~[STM32CubeMX.jar:?]
	at com.st.microxplorer.mxsystem.MxSystem.closeConfig(MxSystem.java:899) ~[STM32CubeMX.jar:?]
	at com.st.microxplorer.maingui.MainPanel.closeConfig(MainPanel.java:792) ~[STM32CubeMX.jar:?]
	at com.st.microxplorer.plugins.filemanager.engine.OpenFileManager.loadConfigurationFile(OpenFileManager.java:288) ~[filemanager.jar:?]
	at com.st.microxplorer.plugins.filemanager.engine.MainFileManager.userLoadConfig(MainFileManager.java:364) ~[filemanager.jar:?]
	at com.st.microxplorer.plugins.filemanager.FileManagerView.getSpecificTask(FileManagerView.java:268) ~[filemanager.jar:?]
	at com.st.stm32cube.common.mx.editor.CubeMxEditor.getMxTabbedPaneInstance(CubeMxEditor.java:1191) ~[com.st.stm32cube.common.mx_6.15.0.202507011659/:?]
	at com.st.stm32cube.common.mx.editor.CubeMxEditor$12$1.createSwingComponent(CubeMxEditor.java:1068) ~[com.st.stm32cube.common.mx_6.15.0.202507011659/:?]
	at com.st.stm32cube.common.mx.oss.core.awtswtbridge.EmbeddedSwingComposite.doComponentCreation(EmbeddedSwingComposite.java:492) ~[com.st.stm32cube.common.mx.oss_6.15.0.202507011659/:?]
	at com.st.stm32cube.common.mx.oss.core.awtswtbridge.EmbeddedSwingComposite$4.run(EmbeddedSwingComposite.java:291) ~[com.st.stm32cube.common.mx.oss_6.15.0.202507011659/:?]
	at com.st.stm32cube.common.mx.oss.core.awtswtbridge.AwtEnvironment$2.run(AwtEnvironment.java:166) ~[com.st.stm32cube.common.mx.oss_6.15.0.202507011659/:?]
	at java.awt.event.InvocationEvent.dispatch(InvocationEvent.java:318) ~[?:?]
	at java.awt.EventQueue.dispatchEventImpl(EventQueue.java:773) ~[?:?]
	at java.awt.EventQueue$4.run(EventQueue.java:720) ~[?:?]
	at java.awt.EventQueue$4.run(EventQueue.java:714) ~[?:?]
	at java.security.AccessController.doPrivileged(AccessController.java:400) ~[?:?]
	at java.security.ProtectionDomain$JavaSecurityAccessImpl.doIntersectionPrivilege(ProtectionDomain.java:87) ~[?:?]
	at java.awt.EventQueue.dispatchEvent(EventQueue.java:742) ~[?:?]
	at java.awt.EventDispatchThread.pumpOneEventForFilters(EventDispatchThread.java:203) ~[?:?]
	at java.awt.EventDispatchThread.pumpEventsForFilter(EventDispatchThread.java:124) ~[?:?]
	at java.awt.EventDispatchThread.pumpEventsForHierarchy(EventDispatchThread.java:113) ~[?:?]
	at java.awt.EventDispatchThread.pumpEvents(EventDispatchThread.java:109) ~[?:?]
	at java.awt.EventDispatchThread.pumpEvents(EventDispatchThread.java:101) ~[?:?]
	at java.awt.EventDispatchThread.run(EventDispatchThread.java:90) ~[?:?]
2026-05-05 14:25:49,366 [WARN] ThirdParty:871 - waiting for thirdparty lock release [close project]
2026-05-05 14:25:49,366 [INFO] ThirdParty:873 - entering critical section [close project]
2026-05-05 14:25:49,366 [INFO] ThirdParty:883 - exiting critical section [close project]
2026-05-05 14:25:49,378 [INFO] PinOutPanel:1589 - setPackage(No Configuration,No Configuration)
2026-05-05 14:25:49,407 [WARN] IpParametersView:155 - Warning: This peripheral hasn't parameters
2026-05-05 14:25:49,430 [WARN] MainPanel:289 - <html><b><center>Warning: This peripheral has no parameters to be configured<br></b></html>
2026-05-05 14:25:49,445 [INFO] UtilMem:75 - Begin LoadConfig() Used Memory: 850141088 Bytes (1073741824)
2026-05-05 14:25:49,449 [INFO] OpenFileManager:355 - Change cursor
2026-05-05 14:25:49,533 [INFO] RulesReader:64 - Compatibility file has been processed (317 Rules)
2026-05-05 14:25:49,552 [INFO] ProjectFactory:514 - No CPN specified for board STM32F407G-DISC1 => set CPN to STM32F407VGT6
2026-05-05 14:25:49,553 [INFO] Mcu:2029 - Initializing MCU STM32F407V(E-G)Tx STM32F407VGTx STM32F407VGT6
2026-05-05 14:25:52,783 [INFO] Context:786 - Trying to add GPIOservice into a context  which must be forbidden
2026-05-05 14:25:53,902 [INFO] Rule:233 - rule 117617 - U5Cobra4M][GTZC] default value MPCBB3 and MPCBB5 - Not Secured memory - MPCBB1 is applicable
2026-05-05 14:25:53,903 [INFO] Rule:233 - rule 117617 - U5Cobra4M][GTZC] default value MPCBB3 and MPCBB5 - Not Secured memory - MPCBB1 is applicable
2026-05-05 14:25:53,903 [INFO] Rule:233 - rule 117617 - U5Cobra4M][GTZC] default value MPCBB3 and MPCBB5 - Not Secured memory - MPCBB2 is applicable
2026-05-05 14:25:53,903 [INFO] Rule:233 - rule 117617 - U5Cobra4M][GTZC] default value MPCBB3 and MPCBB5 - Not Secured memory - MPCBB2 is applicable
2026-05-05 14:25:53,903 [INFO] Rule:233 - rule 117617 - U5Cobra4M][GTZC] default value MPCBB3 and MPCBB5 - Not Secured memory - MPCBB3 is applicable
2026-05-05 14:25:53,903 [INFO] Rule:233 - rule 117617 - U5Cobra4M][GTZC] default value MPCBB3 and MPCBB5 - Not Secured memory - MPCBB3 is applicable
2026-05-05 14:25:53,903 [INFO] Rule:233 - rule 117617 - U5Cobra4M][GTZC] default value MPCBB3 and MPCBB5 - Not Secured memory - MPCBB4 is applicable
2026-05-05 14:25:53,903 [INFO] Rule:233 - rule 117617 - U5Cobra4M][GTZC] default value MPCBB3 and MPCBB5 - Not Secured memory - MPCBB4 is applicable
2026-05-05 14:25:53,903 [INFO] Rule:233 - rule 117617 - U5Cobra4M][GTZC] default value MPCBB3 and MPCBB5 - Secured memory - MPCBB1 is applicable
2026-05-05 14:25:53,903 [INFO] Rule:233 - rule 117617 - U5Cobra4M][GTZC] default value MPCBB3 and MPCBB5 - Secured memory - MPCBB2 is applicable
2026-05-05 14:25:53,903 [INFO] Rule:233 - rule 117617 - U5Cobra4M][GTZC] default value MPCBB3 and MPCBB5 - Secured memory - MPCBB3 is applicable
2026-05-05 14:25:53,904 [INFO] Rule:233 - rule 117617 - U5Cobra4M][GTZC] default value MPCBB3 and MPCBB5 - Secured memory - MPCBB4 is applicable
2026-05-05 14:25:53,904 [INFO] Rule:233 - rule 117617 - U5Cobra4M][GTZC] default value MPCBB3 and MPCBB5 - Privileged memory - MPCBB1 is applicable
2026-05-05 14:25:53,904 [INFO] Rule:233 - rule 117617 - U5Cobra4M][GTZC] default value MPCBB3 and MPCBB5 - Privileged memory - MPCBB2 is applicable
2026-05-05 14:25:53,904 [INFO] Rule:233 - rule 117617 - U5Cobra4M][GTZC] default value MPCBB3 and MPCBB5 - Privileged memory - MPCBB3 is applicable
2026-05-05 14:25:53,904 [INFO] Rule:233 - rule 117617 - U5Cobra4M][GTZC] default value MPCBB3 and MPCBB5 - Privileged memory - MPCBB4 is applicable
2026-05-05 14:25:53,904 [INFO] Rule:233 - rule 117617 - U5Cobra4M][GTZC] default value MPCBB3 and MPCBB5 - Not Privileged memory - MPCBB1 is applicable
2026-05-05 14:25:53,904 [INFO] Rule:233 - rule 117617 - U5Cobra4M][GTZC] default value MPCBB3 and MPCBB5 - Not Privileged memory - MPCBB2 is applicable
2026-05-05 14:25:53,904 [INFO] Rule:233 - rule 117617 - U5Cobra4M][GTZC] default value MPCBB3 and MPCBB5 - Not Privileged memory - MPCBB3 is applicable
2026-05-05 14:25:53,904 [INFO] Rule:233 - rule 117617 - U5Cobra4M][GTZC] default value MPCBB3 and MPCBB5 - Not Privileged memory - MPCBB4 is applicable
2026-05-05 14:25:53,904 [INFO] Rule:233 - rule 117617 - U5Cobra4M][GTZC] default value MPCBB3 and MPCBB5 - Privileged memory - MPCBB1 is applicable
2026-05-05 14:25:53,904 [INFO] Rule:233 - rule 117617 - U5Cobra4M][GTZC] default value MPCBB3 and MPCBB5 - Privileged memory - MPCBB2 is applicable
2026-05-05 14:25:53,904 [INFO] Rule:233 - rule 117617 - U5Cobra4M][GTZC] default value MPCBB3 and MPCBB5 - Privileged memory - MPCBB3 is applicable
2026-05-05 14:25:53,904 [INFO] Rule:233 - rule 117617 - U5Cobra4M][GTZC] default value MPCBB3 and MPCBB5 - Privileged memory - MPCBB4 is applicable
2026-05-05 14:25:53,904 [INFO] Rule:233 - rule 117617 - U5Cobra4M][GTZC] default value MPCBB3 and MPCBB5 - Privileged memory - MPCBB1 is applicable
2026-05-05 14:25:53,904 [INFO] Rule:233 - rule 117617 - U5Cobra4M][GTZC] default value MPCBB3 and MPCBB5 - Privileged memory - MPCBB2 is applicable
2026-05-05 14:25:53,904 [INFO] Rule:233 - rule 117617 - U5Cobra4M][GTZC] default value MPCBB3 and MPCBB5 - Privileged memory - MPCBB3 is applicable
2026-05-05 14:25:53,904 [INFO] Rule:233 - rule 117617 - U5Cobra4M][GTZC] default value MPCBB3 and MPCBB5 - Privileged memory - MPCBB4 is applicable
2026-05-05 14:25:53,905 [INFO] Rule:233 - rule 117617 - U5Cobra4M][GTZC] default value MPCBB3 and MPCBB5 - Not Privileged memory - MPCBB1 is applicable
2026-05-05 14:25:53,905 [INFO] Rule:233 - rule 117617 - U5Cobra4M][GTZC] default value MPCBB3 and MPCBB5 - Not Privileged memory - MPCBB2 is applicable
2026-05-05 14:25:53,905 [INFO] Rule:233 - rule 117617 - U5Cobra4M][GTZC] default value MPCBB3 and MPCBB5 - Not Privileged memory - MPCBB3 is applicable
2026-05-05 14:25:53,905 [INFO] Rule:233 - rule 117617 - U5Cobra4M][GTZC] default value MPCBB3 and MPCBB5 - Not Privileged memory - MPCBB4 is applicable
2026-05-05 14:25:53,905 [INFO] Rule:233 - rule 117617 - U5Cobra4M][GTZC] default value MPCBB3 and MPCBB5 - Privileged memory - MPCBB1 is applicable
2026-05-05 14:25:53,905 [INFO] Rule:233 - rule 117617 - U5Cobra4M][GTZC] default value MPCBB3 and MPCBB5 - Privileged memory - MPCBB2 is applicable
2026-05-05 14:25:53,906 [INFO] Rule:233 - rule 117617 - U5Cobra4M][GTZC] default value MPCBB3 and MPCBB5 - Privileged memory - MPCBB3 is applicable
2026-05-05 14:25:53,906 [INFO] Rule:233 - rule 117617 - U5Cobra4M][GTZC] default value MPCBB3 and MPCBB5 - Privileged memory - MPCBB4 is applicable
2026-05-05 14:25:53,906 [INFO] Rule:233 - rule Rename SubGHz_Phy SUBGHZ_APPLICATION SUBGHZ_PINGPONG to SUBGHZ_ADV_APPLICATION is applicable
2026-05-05 14:25:53,906 [INFO] Rule:233 - rule Rename Enabled to IBEACON is applicable
2026-05-05 14:25:53,906 [INFO] Rule:233 - rule GTZC_S instance for project manager is applicable
2026-05-05 14:25:53,906 [INFO] Rule:233 - rule GTZC_S instance for context M33S is applicable
2026-05-05 14:25:53,906 [INFO] Rule:233 - rule GTZC_S instance value for IP GTZC is applicable
2026-05-05 14:25:53,907 [INFO] Rule:233 - rule GTZC_S instance for mcu.IP is applicable
2026-05-05 14:25:53,907 [INFO] Rule:233 - rule GTZC_S instance for VP is applicable
2026-05-05 14:25:53,907 [INFO] Rule:233 - rule GTZC_S instance for signal is applicable
2026-05-05 14:25:53,907 [INFO] Rule:233 - rule GTZC_S instance for mcu.Pin is applicable
2026-05-05 14:25:53,907 [INFO] Rule:233 - rule GTZC_S instance for VP is applicable
2026-05-05 14:25:53,907 [INFO] Rule:233 - rule GTZC_S instance for signal is applicable
2026-05-05 14:25:53,907 [INFO] Rule:233 - rule GTZC_S instance for mcu is applicable
2026-05-05 14:25:53,907 [INFO] Rule:233 - rule GTZC_S instance for mcu.Pin is applicable
2026-05-05 14:25:53,908 [INFO] Rule:233 - rule GTZC_S instance value for IP GTZC is applicable
2026-05-05 14:25:53,908 [INFO] Rule:233 - rule GTZC_S instance for project manager is applicable
2026-05-05 14:25:53,908 [INFO] Rule:233 - rule GTZC_S instance for context M33S is applicable
2026-05-05 14:25:53,908 [INFO] Rule:233 - rule GTZC_S instance for VP is applicable
2026-05-05 14:25:53,908 [INFO] Rule:233 - rule GTZC_S instance for signal is applicable
2026-05-05 14:25:53,908 [INFO] Rule:233 - rule SPDIFRX instance for mcu is applicable
2026-05-05 14:25:53,908 [INFO] Rule:233 - rule Rename Tracer Mode is applicable
2026-05-05 14:25:53,908 [INFO] Rule:233 - rule SPDIFRX instance value for IP SPDIFRX is applicable
2026-05-05 14:25:53,908 [INFO] Rule:233 - rule SPDIFRX instance for signal is applicable
2026-05-05 14:25:53,909 [INFO] Rule:233 - rule SPDIFRX instance for project manager is applicable
2026-05-05 14:25:53,909 [INFO] Rule:233 - rule SPDIFRX instance for project manager is applicable
2026-05-05 14:25:53,909 [INFO] Rule:233 - rule ADC Scan  fix with FW F7 is applicable
2026-05-05 14:25:53,909 [INFO] Rule:233 - rule ADC Scan  fix with FW F7 is applicable
2026-05-05 14:25:53,909 [INFO] Rule:233 - rule WakeUp0 Mode is applicable
2026-05-05 14:25:53,909 [INFO] Rule:233 - rule WakeUp0 SIGNAL is applicable
2026-05-05 14:25:53,909 [INFO] Rule:233 - rule WakeUp1 Mode is applicable
2026-05-05 14:25:53,909 [INFO] Rule:233 - rule WakeUp1 SIGNAL is applicable
2026-05-05 14:25:53,910 [INFO] Rule:233 - rule WakeUp2 Mode is applicable
2026-05-05 14:25:53,910 [INFO] Rule:233 - rule WakeUp2 SIGNAL is applicable
2026-05-05 14:25:53,910 [INFO] Rule:233 - rule WakeUp4 Mode is applicable
2026-05-05 14:25:53,910 [INFO] Rule:233 - rule WakeUp4 SIGNAL is applicable
2026-05-05 14:25:53,910 [INFO] Rule:233 - rule WakeUp5 Mode is applicable
2026-05-05 14:25:53,910 [INFO] Rule:233 - rule WakeUp5 SIGNAL is applicable
2026-05-05 14:25:53,910 [INFO] Rule:233 - rule UART/USART WORD LENGTH 7 is applicable
2026-05-05 14:25:53,910 [INFO] Rule:233 - rule UART/USART WORD LENGTH 8 is applicable
2026-05-05 14:25:53,910 [INFO] Rule:233 - rule UART/USART WORD LENGTH 9 is applicable
2026-05-05 14:25:53,910 [INFO] Rule:233 - rule Change Default Value for LSE Drive Capability for WB family is applicable
2026-05-05 14:25:53,910 [INFO] Rule:233 - rule Change Default Value for ADC Clock Prescaler G0 family is applicable
2026-05-05 14:25:53,910 [INFO] Rule:233 - rule ADC SamplingTime fix with FW L0  is applicable
2026-05-05 14:25:53,910 [INFO] Rule:233 - rule ADC SamplingTime fix with FW L0  is applicable
2026-05-05 14:25:53,910 [INFO] Rule:233 - rule ADC SamplingTime fix with FW L0 is applicable
2026-05-05 14:25:53,910 [INFO] Rule:233 - rule ADC SamplingTime fix with FW L0 is applicable
2026-05-05 14:25:53,910 [INFO] Rule:233 - rule ADC SamplingTime fix with FW L0  is applicable
2026-05-05 14:25:53,911 [INFO] Rule:233 - rule ADC SamplingTime fix with FW L0 is applicable
2026-05-05 14:25:53,911 [INFO] Rule:233 - rule Rename USB_OE Signal is applicable
2026-05-05 14:25:53,911 [INFO] Rule:233 - rule Rename Activate_OE Mode is applicable
2026-05-05 14:25:53,911 [INFO] Rule:233 - rule Rename DIE462/DIE415 pin PC14/OSC32_IN -> PC14-OSC32_IN (PC14) is applicable
2026-05-05 14:25:53,911 [INFO] Rule:233 - rule Rename DIE462/DIE415 pin PC15/OSC32_OUT -> PC15-OSC32_OUT (PC15) is applicable
2026-05-05 14:25:53,911 [INFO] Rule:233 - rule Rename DIE462/DIE415 pin PH0/OSC_IN -> PH0-OSC_IN (PH0) is applicable
2026-05-05 14:25:53,911 [INFO] Rule:233 - rule Rename DIE462/DIE415 pin PH1/OSC_OUT -> PH1-OSC_OUT (PH1) is applicable
2026-05-05 14:25:53,911 [INFO] Rule:233 - rule Rename DIE462 pin PA13 -> PA13 (JTMS/SWDIO) is applicable
2026-05-05 14:25:53,911 [INFO] Rule:233 - rule Rename DIE415 pin PA13 -> PA13 (JTMS/SWDIO) is applicable
2026-05-05 14:25:53,911 [INFO] Rule:233 - rule Rename DIE462 pin PA14 -> PA14 (JTCK/SWCLK) is applicable
2026-05-05 14:25:53,911 [INFO] Rule:233 - rule Rename DIE415 pin PA14 -> PA14 (JTCK/SWCLK) is applicable
2026-05-05 14:25:53,911 [INFO] Rule:233 - rule Rename DIE462/DIE415 pin PA15 -> PA15 (JTDI) is applicable
2026-05-05 14:25:53,911 [INFO] Rule:233 - rule Rename DIE462 pin PB3 -> PB3 (JTD0/TRACESWO) is applicable
2026-05-05 14:25:53,911 [INFO] Rule:233 - rule Rename DIE415 pin PB3 -> PB3 (JTD0-TRACESWO) is applicable
2026-05-05 14:25:53,911 [INFO] Rule:233 - rule Rename DIE462/DIE415 pin PB4 -> PB4 (NJTRST) is applicable
2026-05-05 14:25:53,911 [INFO] Rule:233 - rule Rename DIE462 pin PH3/BOOT0 -> PH3-BOOT0 (BOOT0) is applicable
2026-05-05 14:25:53,911 [INFO] Rule:233 - rule Rename CRYP DataEncryptionTypesList to Algorithm is applicable
2026-05-05 14:25:53,911 [INFO] Rule:233 - rule Rename AES DataEncryptionTypesList to Algorithm is applicable
2026-05-05 14:25:53,911 [INFO] Rule:233 - rule Rename TDESECB to CRYP_TDES_ECB is applicable
2026-05-05 14:25:53,912 [INFO] Rule:233 - rule Rename TDESCBC to CRYP_TDES_CBC is applicable
2026-05-05 14:25:53,912 [INFO] Rule:233 - rule Rename DESECB to CRYP_DES_ECB is applicable
2026-05-05 14:25:53,912 [INFO] Rule:233 - rule Rename DESCBC to CRYP_DES_CBC is applicable
2026-05-05 14:25:53,912 [INFO] Rule:233 - rule Rename AESECB to CRYP_AES_ECB is applicable
2026-05-05 14:25:53,912 [INFO] Rule:233 - rule Rename AESCBC to CRYP_AES_CBC is applicable
2026-05-05 14:25:53,912 [INFO] Rule:233 - rule Rename AESCTR to CRYP_AES_CTR is applicable
2026-05-05 14:25:53,912 [INFO] Rule:233 - rule Rename AESGCM to CRYP_AES_GCM is applicable
2026-05-05 14:25:53,912 [INFO] Rule:233 - rule Rename AESCCM to CRYP_AES_CCM is applicable
2026-05-05 14:25:53,912 [INFO] Rule:233 - rule Rename CAN TimeSeg1 to BS1 is applicable
2026-05-05 14:25:53,912 [INFO] Rule:233 - rule Rename CAN TimeSeg2 to BS2 is applicable
2026-05-05 14:25:53,912 [INFO] Rule:233 - rule Rename CAN SyncJumpWidth to SJW is applicable
2026-05-05 14:25:53,912 [INFO] Rule:233 - rule TimeTriggeredMode to TTCM is applicable
2026-05-05 14:25:53,912 [INFO] Rule:233 - rule Rename CAN AutoBusOff to ABOM is applicable
2026-05-05 14:25:53,912 [INFO] Rule:233 - rule Rename CAN AutoWakeUp to AWUM is applicable
2026-05-05 14:25:53,912 [INFO] Rule:233 - rule Rename CAN AutoRetransmission to NART is applicable
2026-05-05 14:25:53,912 [INFO] Rule:233 - rule Rename CAN ReceiveFifoLocked to RFLM is applicable
2026-05-05 14:25:53,912 [INFO] Rule:233 - rule Rename CAN TransmitFifoPriority to TXFP is applicable
2026-05-05 14:25:53,912 [INFO] Rule:233 - rule Rename HRTIMER HRTIM_OUTPUTFAULTLEVEL_HIGH in HRTIMER HRTIM_OUTPUTFAULTLEVEL_HIGHZ is applicable
2026-05-05 14:25:53,912 [INFO] Rule:233 - rule Rename TIMER TIM_CLEARINPUTSOURCE_OCREFCLR in  TIMER TIM_CLEARINPUTSOURCE_NONE for F7 family is applicable
2026-05-05 14:25:53,912 [INFO] Rule:233 - rule FDCAN_R1 - Rename FDCAN mode Master into Classic is applicable
2026-05-05 14:25:53,912 [INFO] Rule:233 - rule FDCAN_R2 - Rename FDCAN mode Slave into Classic is applicable
2026-05-05 14:25:53,912 [INFO] Rule:233 - rule FDCAN1_R3 - if PA10.Mode=FullDuplex, add Pin PA12 is applicable
2026-05-05 14:25:53,912 [INFO] Rule:233 - rule FDCAN1_R3 - if PA9.Mode=FullDuplex, add Pin PA11 is applicable
2026-05-05 14:25:53,912 [INFO] Rule:233 - rule FDCAN1_R3 - Alternatepin_1 - if PE1.Mode=FullDuplex, add Pin PB9 is applicable
2026-05-05 14:25:53,913 [INFO] Rule:233 - rule FDCAN1_R3 - Alternatepin_1 - if PE0.Mode=FullDuplex, add Pin PB8 is applicable
2026-05-05 14:25:53,913 [INFO] Rule:233 - rule FDCAN1_R3 - Alternatepin_2 - if PD5.Mode=FullDuplex, add Pin PD1 is applicable
2026-05-05 14:25:53,913 [INFO] Rule:233 - rule FDCAN1_R3 - Alternatepin_2 - if PD4.Mode=FullDuplex, add Pin PD0 is applicable
2026-05-05 14:25:53,913 [INFO] Rule:233 - rule FDCAN1_R4 - Rename Mode FullDuplex into Enable FDCAN_TXFD for pin PA10 is applicable
2026-05-05 14:25:53,913 [INFO] Rule:233 - rule FDCAN1_R4 - Rename Mode FullDuplex into Enable FDCAN_TXFD for pin PA9 is applicable
2026-05-05 14:25:53,913 [INFO] Rule:233 - rule FDCAN1_R4 - Alternatepin_1 - Rename Mode FullDuplex into Enable FDCAN_TXFD for pin PE1 is applicable
2026-05-05 14:25:53,913 [INFO] Rule:233 - rule FDCAN1_R4 - Alternatepin_1 - Rename Mode FullDuplex into Enable FDCAN_TXFD for pin PE0 is applicable
2026-05-05 14:25:53,913 [INFO] Rule:233 - rule FDCAN1_R4 - Alternatepin_2 - Rename Mode FullDuplex into Enable FDCAN_TXFD for pin PD5 is applicable
2026-05-05 14:25:53,913 [INFO] Rule:233 - rule FDCAN1_R4 - Alternatepin_2 - Rename Mode FullDuplex into Enable FDCAN_TXFD for pin PD4 is applicable
2026-05-05 14:25:53,913 [INFO] Rule:233 - rule FDCAN2_R3 - if PD10.Mode=FullDuplex, add Pin PB13 is applicable
2026-05-05 14:25:53,913 [INFO] Rule:233 - rule FDCAN2_R3 - if PD9.Mode=FullDuplex, add Pin PB12 is applicable
2026-05-05 14:25:53,913 [INFO] Rule:233 - rule FDCAN2_R3 - Alternatepin_1 - if PB7.Mode=FullDuplex, add Pin PB6 is applicable
2026-05-05 14:25:53,913 [INFO] Rule:233 - rule FDCAN2_R3 - Alternatepin_1 - if PD9.Mode=FullDuplex, add Pin PB12 is applicable
2026-05-05 14:25:53,913 [INFO] Rule:233 - rule FDCAN2_R4 - Rename Mode FullDuplex into Enable FDCAN_TXFD for pin PD10 is applicable
2026-05-05 14:25:53,913 [INFO] Rule:233 - rule FDCAN2_R4 - Rename Mode FullDuplex into Enable FDCAN_TXFD for pin PD9 is applicable
2026-05-05 14:25:53,913 [INFO] Rule:233 - rule FDCAN2_R4 - Alternatepin_1 - Rename Mode FullDuplex into Enable FDCAN_TXFD for pin PB7 is applicable
2026-05-05 14:25:53,913 [INFO] Rule:233 - rule FDCAN2_R4 - Alternatepin_1 - Rename Mode FullDuplex into Enable FDCAN_TXFD for pin PD6 is applicable
2026-05-05 14:25:53,913 [INFO] Rule:233 - rule USART TxPinLevelInvertParam Mode is applicable
2026-05-05 14:25:53,913 [INFO] Rule:233 - rule USART RxPinLevelInvertParam Mode is applicable
2026-05-05 14:25:53,913 [INFO] Rule:233 - rule USART DataInvertParam Mode is applicable
2026-05-05 14:25:53,913 [INFO] Rule:233 - rule USART SwapParam Mode is applicable
2026-05-05 14:25:53,914 [INFO] Rule:233 - rule USART OverrunDisableParam Mode is applicable
2026-05-05 14:25:53,914 [INFO] Rule:233 - rule USART DMADisableonRxErrorParam Mode is applicable
2026-05-05 14:25:53,914 [INFO] Rule:233 - rule USART MSBFirstParam Mode is applicable
2026-05-05 14:25:53,914 [INFO] Rule:233 - rule Update MwName for USB_DEVICE is applicable
2026-05-05 14:25:53,914 [INFO] Rule:233 - rule Change PWR_Regulator_Voltage_Scale Default Value for RCC  H7 family is applicable
2026-05-05 14:25:53,914 [INFO] Rule:233 - rule UART/USART IPParameter rename Prescaler parameter to ClockPrescaler is applicable
2026-05-05 14:25:53,914 [INFO] Rule:233 - rule UART/USART Prescaler rename Prescaler parameter to ClockPrescaler is applicable
2026-05-05 14:25:53,914 [INFO] Rule:233 - rule TIM1CLockSelection is applicable
2026-05-05 14:25:53,914 [INFO] Rule:233 - rule TIM15CLockSelection is applicable
2026-05-05 14:25:53,914 [INFO] Rule:233 - rule align RCC SDMMC3CLockSelection default value on MP1 is applicable
2026-05-05 14:25:53,914 [INFO] Rule:233 - rule align RCC SDMMC12CLockSelection default value on MP1 is applicable
2026-05-05 14:25:53,914 [INFO] Rule:233 - rule align RCC QSPICLockSelection default value on MP1 is applicable
2026-05-05 14:25:53,914 [INFO] Rule:233 - rule align RCC QSPICLockSelection default value on MP1 is applicable
2026-05-05 14:25:53,914 [INFO] Rule:233 - rule align RCC SPI6CLockSelection default value on MP1 is applicable
2026-05-05 14:25:53,914 [INFO] Rule:233 - rule align RCC LPTIM23CLockSelection default value on MP1 is applicable
2026-05-05 14:25:53,914 [INFO] Rule:233 - rule align RCC LPTIM1CLockSelection default value on MP1 is applicable
2026-05-05 14:25:53,914 [INFO] Rule:233 - rule align RCC USART1CLockSelection default value on MP1 is applicable
2026-05-05 14:25:53,914 [INFO] Rule:233 - rule align RCC USART24CLockSelection default value on MP1 is applicable
2026-05-05 14:25:53,914 [INFO] Rule:233 - rule align RCC USART6CLockSelection default value on MP1 is applicable
2026-05-05 14:25:53,914 [INFO] Rule:233 - rule align RCC UART78CLockSelection default value on MP1 is applicable
2026-05-05 14:25:53,914 [INFO] Rule:233 - rule align RCC USART35CLockSelection default value on MP1 is applicable
2026-05-05 14:25:53,914 [INFO] Rule:233 - rule align RCC SPI45CLockSelection default value on MP1 is applicable
2026-05-05 14:25:53,914 [INFO] Rule:233 - rule align RCC I2C46CLockSelection BCLK value on MP1 is applicable
2026-05-05 14:25:53,914 [INFO] Rule:233 - rule align RCC SPI45CLockSelection default value on MP1 is applicable
2026-05-05 14:25:53,914 [INFO] Rule:233 - rule align RCC I2C12CLockSelection default value on MP1 is applicable
2026-05-05 14:25:53,914 [INFO] Rule:233 - rule align RCC I2C35CLockSelection default value on MP1 is applicable
2026-05-05 14:25:53,915 [INFO] Rule:233 - rule align RCC LPTIM45CLockSelection default value on MP1 is applicable
2026-05-05 14:25:53,915 [INFO] Rule:233 - rule Rename DCMI PIXCK signal is applicable
2026-05-05 14:25:53,915 [INFO] Rule:233 - rule Change Default Value for I2C46CLockSelection MP1 family is applicable
2026-05-05 14:25:53,915 [INFO] Rule:233 - rule Change Default Value for UART for G4, G0 and WB families is applicable
2026-05-05 14:25:53,915 [INFO] Rule:233 - rule Change Default Value for USART for G4, G0 and WB families is applicable
2026-05-05 14:25:53,915 [INFO] Rule:233 - rule Change Default Value for USART for G4 family is applicable
2026-05-05 14:25:53,915 [INFO] Rule:233 - rule Change USART1CLockSelection refparam name for MP1 is applicable
2026-05-05 14:25:53,915 [INFO] Rule:233 - rule Change USART2CLockSelection refparam name for MP1 is applicable
2026-05-05 14:25:53,915 [INFO] Rule:233 - rule Change USART3CLockSelection refparam name for MP1 is applicable
2026-05-05 14:25:53,915 [INFO] Rule:233 - rule Change UART4CLockSelection refparam name for MP1 is applicable
2026-05-05 14:25:53,915 [INFO] Rule:233 - rule Change UART5CLockSelection refparam name for MP1 is applicable
2026-05-05 14:25:53,915 [INFO] Rule:233 - rule Change LPUART1CLockSelection refparam name for MP1 is applicable
2026-05-05 14:25:53,915 [INFO] Rule:233 - rule Change LPTIM1CLockSelection refparam name for MP1 is applicable
2026-05-05 14:25:53,915 [INFO] Rule:233 - rule Change LPTIM2CLockSelection refparam name for MP1 is applicable
2026-05-05 14:25:53,915 [INFO] Rule:233 - rule Change RCC_MCO1Source refparam name for MP1 is applicable
2026-05-05 14:25:53,915 [INFO] Rule:233 - rule Change LSCOSource1 refparam name for MP1 is applicable
2026-05-05 14:25:53,915 [INFO] Rule:233 - rule Change SMPSCLockSelection refparam name for MP1 is applicable
2026-05-05 14:25:53,916 [INFO] Rule:233 - rule Change LPTIM3CLockSelection refparam name for MP1 is applicable
2026-05-05 14:25:53,916 [INFO] Rule:233 - rule Change MPCBB* Default Template Mode to Parameters is applicable
2026-05-05 14:25:53,916 [INFO] Rule:233 - rule Change MPCWM* or MPCBB* Secure Mode to Parameters is applicable
2026-05-05 14:25:53,916 [INFO] Rule:233 - rule Change MPCWM* or MPCBB* No Secure Mode to Parameters is applicable
2026-05-05 14:25:53,916 [INFO] Rule:233 - rule Change TZSC IP Secure Mode to Parameters is applicable
2026-05-05 14:25:53,916 [INFO] Rule:233 - rule Change TZSC IP No Secure Mode to Parameters is applicable
2026-05-05 14:25:53,916 [INFO] Rule:233 - rule Change TZSC IP Privilege Mode to Parameters is applicable
2026-05-05 14:25:53,916 [INFO] Rule:233 - rule Change TZSC IP No Privilege Mode to Parameters is applicable
2026-05-05 14:25:53,916 [INFO] Rule:233 - rule Change TZIC IT Secure Mode to Parameters is applicable
2026-05-05 14:25:53,916 [INFO] Rule:233 - rule Change TZIC IT No Secure Mode to Parameters is applicable
2026-05-05 14:25:53,916 [INFO] Rule:233 - rule Add MPCBB1_NonSecureArea_Start_Address value with referenced to MPCBB1_NonSecureArea_Start value is applicable
2026-05-05 14:25:53,916 [INFO] Rule:233 - rule Add MPCBB2_NonSecureArea_Start_Address value with referenced to MPCBB2_NonSecureArea_Start value is applicable
2026-05-05 14:25:53,916 [INFO] Rule:233 - rule Add MPCWM1_NonSecureArea*_Start_Address value with referenced to MPCWM1_NonSecureArea*_Start value is applicable
2026-05-05 14:25:53,916 [INFO] Rule:233 - rule Add MPCWM2_NonSecureArea*_Start_Address value with referenced to MPCWM2_NonSecureArea*_Start value is applicable
2026-05-05 14:25:53,916 [INFO] Rule:233 - rule Add MPCWM3_NonSecureArea_Start_Address value with referenced to MPCWM3_NonSecureArea_Start value is applicable
2026-05-05 14:25:53,916 [INFO] Rule:233 - rule Change Default Value for PLL1UserDefinedConfig is applicable
2026-05-05 14:25:53,916 [INFO] Rule:233 - rule Change GPIO_PuPd Default Value for USART in async mode is applicable
2026-05-05 14:25:53,916 [INFO] Rule:233 - rule Change SMPSDivider Default Value is applicable
2026-05-05 14:25:53,916 [INFO] Rule:233 - rule OPAMP is applicable
2026-05-05 14:25:53,916 [INFO] Rule:233 - rule LPUART IPParameter rename Prescaler parameter to ClockPrescaler for STM32H7 is applicable
2026-05-05 14:25:53,916 [INFO] Rule:233 - rule LPUART IPParameter rename Prescaler parameter to ClockPrescaler for STM32H7 is applicable
2026-05-05 14:25:53,916 [INFO] Rule:233 - rule LPUART IPParameter rename Prescaler parameter to ClockPrescaler for STM32WB is applicable
2026-05-05 14:25:53,916 [INFO] Rule:233 - rule LPUART IPParameter rename Prescaler parameter to ClockPrescaler for STM32WB is applicable
2026-05-05 14:25:53,916 [INFO] Rule:233 - rule LPUART IPParameter rename Prescaler parameter to ClockPrescaler for STM32G4 is applicable
2026-05-05 14:25:53,917 [INFO] Rule:233 - rule LPUART IPParameter rename Prescaler parameter to ClockPrescaler for STM32G4 is applicable
2026-05-05 14:25:53,917 [INFO] Rule:233 - rule LPUART IPParameter rename Prescaler parameter to ClockPrescaler for STM32L5 is applicable
2026-05-05 14:25:53,917 [INFO] Rule:233 - rule LPUART IPParameter rename Prescaler parameter to ClockPrescaler for STM32L5 is applicable
2026-05-05 14:25:53,917 [INFO] Rule:233 - rule LPUART IPParameter rename Prescaler parameter to ClockPrescaler for STM32G4 is applicable
2026-05-05 14:25:53,917 [INFO] Rule:233 - rule LPUART IPParameter rename Prescaler parameter to ClockPrescaler for STM32G4 is applicable
2026-05-05 14:25:53,917 [INFO] Rule:233 - rule USB device lib V2.5.3 for L0 rename USBD_SUPPORT_USER_STRING parameter to USBD_SUPPORT_USER_STRING_DESC4 is applicable
2026-05-05 14:25:53,917 [INFO] Rule:233 - rule I2SCLockSelection clock entry align is applicable
2026-05-05 14:25:53,917 [INFO] Rule:233 - rule Assign TIMx context if used as SYS timebase is applicable
2026-05-05 14:25:53,917 [INFO] Rule:233 - rule Change GPIO_Pu Default Value for I2C is applicable
2026-05-05 14:25:53,917 [INFO] Rule:233 - rule Change GPIO_Pu Default Value for SMBus is applicable
2026-05-05 14:25:53,917 [INFO] Rule:233 - rule change FDCAN default value is applicable
2026-05-05 14:25:53,917 [INFO] Rule:233 - rule Change mode sai is applicable
2026-05-05 14:25:53,917 [INFO] Rule:233 - rule **Change sai mode is applicable
2026-05-05 14:25:53,917 [INFO] Rule:233 - rule Rename STM32WPAN CFG_BLE_IRK to CFG_BLE_IR is applicable
2026-05-05 14:25:53,917 [INFO] Rule:233 - rule Rename STM32WPAN CFG_BLE_ERK to CFG_BLE_ER is applicable
2026-05-05 14:25:53,917 [INFO] Rule:233 - rule Rename STM32WPAN CFG_BLE_IRK_HEX to CFG_BLE_IR_HEX is applicable
2026-05-05 14:25:53,917 [INFO] Rule:233 - rule Rename STM32WPAN CFG_BLE_ERK_HEX to CFG_BLE_ER_HEX is applicable
2026-05-05 14:25:53,917 [INFO] Rule:233 - rule Adapt Old IOC before rework replace old CORTEX_M33/CORTEX_M55 attributes by the new one. is applicable
2026-05-05 14:25:53,917 [INFO] Rule:233 - rule Rename parametre of RCC RCC_APBDBG_DIV2 to RCC_TIMPRES_DIV2 is applicable
2026-05-05 14:25:53,917 [INFO] Rule:233 - rule Rename DIE493 pin PA10 [PA12] -> PA10 is applicable
2026-05-05 14:25:53,917 [INFO] Rule:233 - rule Rename DIE493 pin PA9 [PA11] -> PA9 is applicable
2026-05-05 14:25:53,917 [INFO] Rule:233 - rule Rename DIE492 PartNumber CPN STM32WBA5MJGHx -> STM32WBA5MMGHx is applicable
2026-05-05 14:25:53,918 [INFO] Rule:233 - rule Rename DIE492 PartNumber  Name STM32WBA5MJGHx -> STM32WBA5MMGHx is applicable
2026-05-05 14:25:53,918 [INFO] Rule:233 - rule Rename DIE492 PartNumber UserName STM32WBA5MJGHx -> STM32WBA5MMGHx is applicable
2026-05-05 14:25:53,918 [INFO] Rule:233 - rule Rename DIE492 PartNumber DeviceId STM32WBA5MJGHx -> STM32WBA5MMGHx is applicable
2026-05-05 14:25:53,918 [INFO] Rule:233 - rule Adapt Old IOC CSI. is applicable
2026-05-05 14:25:53,918 [INFO] Rule:233 - rule Adapt Old IOC DCMIPP. is applicable
2026-05-05 14:25:53,918 [INFO] Rule:233 - rule Adapt Old IOC DCMIPP Mode Parallel. is applicable
2026-05-05 14:25:53,918 [INFO] Rule:233 - rule Adapt Old IOC LTDC. is applicable
2026-05-05 14:25:53,918 [INFO] Rule:233 - rule Rename STM32MP2 RIF Peripheral LTDC RIF.RISUP.LTDC_L0L1.Privilege -> RIF.RISUP.LTDC_L1L2.Privilege is applicable
2026-05-05 14:25:53,918 [INFO] Rule:233 - rule Rename STM32MP2 RIF Peripheral LTDC RIF.RISUP.LTDC_L0L1.Privilege -> RIF.RISUP.LTDC_L1L2.Privilege is applicable
2026-05-05 14:25:53,918 [INFO] Rule:233 - rule Rename STM32MP2 RIF Peripheral LTDC RIF.RISUP.LTDC_L0L1.Lock -> RIF.RISUP.LTDC_L1L2.Lock is applicable
2026-05-05 14:25:53,918 [INFO] Rule:233 - rule Rename STM32MP2 RIF Peripheral LTDC RIF.RISUP.LTDC_L2.Lock -> RIF.RISUP.LTDC_L3.Lock is applicable
2026-05-05 14:25:53,918 [INFO] Rule:233 - rule Adapt the old IOC example for updating the SYS when it is misconfigured. is applicable
2026-05-05 14:25:53,918 [INFO] Rule:233 - rule Rename STM32C09 Mcu.Package LQFP64 -> LQFP48 is applicable
2026-05-05 14:25:53,918 [INFO] Rule:233 - rule Adapt the old IOC example for updating the SYS when it is misconfigured. is applicable
2026-05-05 14:25:53,918 [INFO] Rule:233 - rule Adapt the old IOC example for updating the SYS when it is misconfigured. is applicable
2026-05-05 14:25:53,962 [INFO] DbConfProperties:307 - Apply Compatibility (38/250 Rules)
2026-05-05 14:25:53,992 [INFO] ImportTextPane:234 - (OptionalMessage_ERROR) Unable to find key (Mcu.ThirdPartyNb) in loaded IOC file
2026-05-05 14:25:53,995 [INFO] ImportTextPane:234 - (OptionalMessage_ERROR) Pin34 (VP_RIF_VS_RIF1) cannot be retrieved for this MCU
2026-05-05 14:25:54,267 [INFO] RtosManager:558 - Registered RTOS mode: class=CMSIS, group=RTOS, mode=CMSIS_V1, owner=FREERTOS
2026-05-05 14:25:54,267 [INFO] RtosManager:558 - Registered RTOS mode: class=CMSIS, group=RTOS2, mode=CMSIS_V2, owner=FREERTOS
2026-05-05 14:25:54,267 [INFO] RtosManager:558 - Registered RTOS mode: class=RTOS, group=Core, mode=CMSIS_V1, owner=FREERTOS
2026-05-05 14:25:54,267 [INFO] RtosManager:558 - Registered RTOS mode: class=RTOS, group=Core, mode=CMSIS_V2, owner=FREERTOS
2026-05-05 14:25:54,267 [WARN] ModelIntegratedComponent:184 - Missing modes for component STMicroelectronics:FreeRTOS:0.0.1:STMicroelectronics:RTOS:FreeRTOS:Core:::10.2.0:
2026-05-05 14:25:54,282 [WARN] ModelIntegratedComponent:63 - No mode defined for component null
2026-05-05 14:25:54,282 [WARN] ModelIntegratedComponent:63 - No mode defined for component null
2026-05-05 14:25:54,282 [WARN] ModelIntegratedComponent:63 - No mode defined for component null
2026-05-05 14:25:54,282 [WARN] ModelIntegratedComponent:63 - No mode defined for component null
2026-05-05 14:25:54,282 [WARN] ModelIntegratedComponent:63 - No mode defined for component null
2026-05-05 14:25:54,282 [WARN] ModelIntegratedComponent:63 - No mode defined for component null
2026-05-05 14:25:54,282 [WARN] ModelIntegratedComponent:63 - No mode defined for component null
2026-05-05 14:25:54,282 [WARN] ModelIntegratedComponent:63 - No mode defined for component null
2026-05-05 14:25:54,282 [WARN] ModelIntegratedComponent:63 - No mode defined for component null
2026-05-05 14:25:54,282 [WARN] ModelIntegratedComponent:63 - No mode defined for component null
2026-05-05 14:25:54,282 [WARN] ModelIntegratedComponent:63 - No mode defined for component null
2026-05-05 14:25:54,282 [WARN] ModelIntegratedComponent:63 - No mode defined for component null
2026-05-05 14:25:54,282 [WARN] ModelIntegratedComponent:63 - No mode defined for component null
2026-05-05 14:25:54,282 [WARN] ModelIntegratedComponent:63 - No mode defined for component null
2026-05-05 14:25:54,282 [WARN] ModelIntegratedComponent:63 - No mode defined for component null
2026-05-05 14:25:54,282 [WARN] ModelIntegratedComponent:63 - No mode defined for component null
2026-05-05 14:25:54,282 [WARN] ModelIntegratedComponent:63 - No mode defined for component null
2026-05-05 14:25:54,282 [WARN] ModelIntegratedComponent:63 - No mode defined for component null
2026-05-05 14:25:54,282 [WARN] ModelIntegratedComponent:63 - No mode defined for component null
2026-05-05 14:25:54,282 [WARN] ModelIntegratedComponent:63 - No mode defined for component null
2026-05-05 14:25:54,282 [WARN] ModelIntegratedComponent:63 - No mode defined for component null
2026-05-05 14:25:54,282 [WARN] ModelIntegratedComponent:63 - No mode defined for component null
2026-05-05 14:25:54,282 [WARN] ModelIntegratedComponent:63 - No mode defined for component null
2026-05-05 14:25:54,282 [WARN] ModelIntegratedComponent:63 - No mode defined for component null
2026-05-05 14:25:54,282 [WARN] ModelIntegratedComponent:63 - No mode defined for component null
2026-05-05 14:25:54,282 [WARN] ModelIntegratedComponent:63 - No mode defined for component null
2026-05-05 14:25:54,282 [WARN] ModelIntegratedComponent:63 - No mode defined for component null
2026-05-05 14:25:54,282 [WARN] ModelIntegratedComponent:63 - No mode defined for component null
2026-05-05 14:25:54,282 [WARN] ModelIntegratedComponent:63 - No mode defined for component null
2026-05-05 14:25:54,283 [WARN] ModelIntegratedComponent:63 - No mode defined for component null
2026-05-05 14:25:54,283 [WARN] ModelIntegratedComponent:63 - No mode defined for component null
2026-05-05 14:25:54,283 [WARN] ModelIntegratedComponent:63 - No mode defined for component null
2026-05-05 14:25:54,283 [WARN] ModelIntegratedComponent:63 - No mode defined for component null
2026-05-05 14:25:54,283 [WARN] ModelIntegratedComponent:63 - No mode defined for component null
2026-05-05 14:25:54,283 [WARN] ModelIntegratedComponent:63 - No mode defined for component null
2026-05-05 14:25:54,283 [WARN] ModelPack:524 - Component already loaded: STMicroelectronics:HAL Drivers:0.0.0:STMicroelectronics:Device:STMicro_Driver:XSPI:HAL::0.0.1:HAL_XSPI
2026-05-05 14:25:54,403 [INFO] ThirdPartyModel:298 - Start build external matchings
2026-05-05 14:25:55,835 [INFO] ThirdPartyModel:316 - End build external matchings
2026-05-05 14:25:56,408 [INFO] UtilMem:75 - End LoadConfig() Used Memory: 845575688 Bytes (1073741824)
2026-05-05 14:25:56,477 [WARN] ThirdParty:833 - waiting for thirdparty lock release [change project]
2026-05-05 14:25:56,478 [INFO] ThirdParty:835 - entering critical section [change project]
2026-05-05 14:25:56,479 [INFO] ThirdParty:1030 - CMSIS Pack Vendor :STMicroelectronics X-CUBE-AZRTOS-H7 3.5.0
2026-05-05 14:25:56,479 [INFO] ThirdParty:1030 - CMSIS Pack Vendor :STMicroelectronics X-CUBE-PM33A1 1.0.0
2026-05-05 14:25:56,479 [INFO] ThirdParty:1030 - CMSIS Pack Vendor :STMicroelectronics USBPD 4.1
2026-05-05 14:25:56,479 [INFO] ThirdParty:1030 - CMSIS Pack Vendor :STMicroelectronics X-CUBE-NFC9 1.0.0
2026-05-05 14:25:56,479 [INFO] ThirdParty:1030 - CMSIS Pack Vendor :STMicroelectronics USB_HOST 2.0.0
2026-05-05 14:25:56,479 [INFO] ThirdParty:1030 - CMSIS Pack Vendor :STMicroelectronics X-CUBE-AZRTOS-F4 1.1.0
2026-05-05 14:25:56,479 [INFO] ThirdParty:1030 - CMSIS Pack Vendor :STMicroelectronics LIBJPEG 8.0.0
2026-05-05 14:25:56,479 [INFO] ThirdParty:1030 - CMSIS Pack Vendor :STMicroelectronics FP-ATR-ASTRA1 2.0.2
2026-05-05 14:25:56,479 [INFO] ThirdParty:1030 - CMSIS Pack Vendor :STMicroelectronics X-CUBE-BLE1 7.1.0
2026-05-05 14:25:56,479 [INFO] ThirdParty:1030 - CMSIS Pack Vendor :STMicroelectronics X-CUBE-SMBUS 2.1.0
2026-05-05 14:25:56,479 [INFO] ThirdParty:1030 - CMSIS Pack Vendor :wolfSSL I-CUBE-wolfMQTT 1.19.2
2026-05-05 14:25:56,479 [INFO] ThirdParty:1030 - CMSIS Pack Vendor :STMicroelectronics USB_DEVICE 3.0.0
2026-05-05 14:25:56,479 [INFO] ThirdParty:1030 - CMSIS Pack Vendor :STMicroelectronics X-CUBE-ISPU 2.1.0
2026-05-05 14:25:56,479 [INFO] ThirdParty:1030 - CMSIS Pack Vendor :STMicroelectronics X-CUBE-EEPRMA1 5.2.0
2026-05-05 14:25:56,479 [INFO] ThirdParty:1030 - CMSIS Pack Vendor :STMicroelectronics X-CUBE-IPS 3.2.0
2026-05-05 14:25:56,479 [INFO] ThirdParty:1030 - CMSIS Pack Vendor :STMicroelectronics X-CUBE-BLEMGR 4.1.0
2026-05-05 14:25:56,480 [INFO] ThirdParty:1030 - CMSIS Pack Vendor :STMicroelectronics eDS-WB_DPC_TT-BIDIR 2.1.1
2026-05-05 14:25:56,480 [INFO] ThirdParty:1030 - CMSIS Pack Vendor :STMicroelectronics X-CUBE-AZRTOS-WB 2.0.0
2026-05-05 14:25:56,480 [INFO] ThirdParty:1030 - CMSIS Pack Vendor :wolfSSL I-CUBE-wolfSSL 5.8.4
2026-05-05 14:25:56,480 [INFO] ThirdParty:1030 - CMSIS Pack Vendor :Cesanta I-CUBE-Mongoose 7.20.0
2026-05-05 14:25:56,480 [INFO] ThirdParty:1030 - CMSIS Pack Vendor :STMicroelectronics X-CUBE-NFC12 1.0.0
2026-05-05 14:25:56,480 [INFO] ThirdParty:1030 - CMSIS Pack Vendor :STMicroelectronics X-CUBE-AZRTOS-F7 1.1.0
2026-05-05 14:25:56,480 [INFO] ThirdParty:1030 - CMSIS Pack Vendor :STMicroelectronics X-CUBE-AZRTOS-L5 2.0.0
2026-05-05 14:25:56,480 [INFO] ThirdParty:1030 - CMSIS Pack Vendor :STMicroelectronics USB_DEVICE 2.0.0
2026-05-05 14:25:56,480 [INFO] ThirdParty:1030 - CMSIS Pack Vendor :STMicroelectronics FP-SNS-STAIOTCFT 1.1.0
2026-05-05 14:25:56,480 [INFO] ThirdParty:1030 - CMSIS Pack Vendor :quantropi X-CUBE-qispace-sdk-base 2.1.0
2026-05-05 14:25:56,480 [INFO] ThirdParty:1030 - CMSIS Pack Vendor :STMicroelectronics X-CUBE-MEMS1 12.0.0
2026-05-05 14:25:56,480 [INFO] ThirdParty:1030 - CMSIS Pack Vendor :STMicroelectronics X-CUBE-STSE01 2.0.0
2026-05-05 14:25:56,480 [INFO] ThirdParty:1030 - CMSIS Pack Vendor :STMicroelectronics FP-SNS-MOTENV1 5.1.0
2026-05-05 14:25:56,480 [INFO] ThirdParty:1030 - CMSIS Pack Vendor :STMicroelectronics FreeRTOS 0.0.1
2026-05-05 14:25:56,480 [INFO] ThirdParty:1030 - CMSIS Pack Vendor :STMicroelectronics X-CUBE-AZRTOS-G0 1.1.0
2026-05-05 14:25:56,480 [INFO] ThirdParty:1030 - CMSIS Pack Vendor :STMicroelectronics X-CUBE-NFC4 3.0.0
2026-05-05 14:25:56,480 [INFO] ThirdParty:1030 - CMSIS Pack Vendor :STMicroelectronics X-CUBE-SUBG2 5.0.0
2026-05-05 14:25:56,481 [INFO] ThirdParty:1030 - CMSIS Pack Vendor :STMicroelectronics STM32_WPAN 1.0.0
2026-05-05 14:25:56,481 [INFO] ThirdParty:1030 - CMSIS Pack Vendor :STMicroelectronics eDS-WB_DPC_VIENNA 1.2.0
2026-05-05 14:25:56,481 [INFO] ThirdParty:1030 - CMSIS Pack Vendor :EmbeddedOffice I-CUBE-FS-RTOS 1.0.1
2026-05-05 14:25:56,481 [INFO] ThirdParty:1030 - CMSIS Pack Vendor :STMicroelectronics lwIP 2.0.3
2026-05-05 14:25:56,481 [INFO] ThirdParty:1030 - CMSIS Pack Vendor :WES I-CUBE-Cesium 1.4.0
2026-05-05 14:25:56,481 [INFO] ThirdParty:1030 - CMSIS Pack Vendor :STMicroelectronics eDS-WB_DPC_3PH2L-BIDIR 1.1.1
2026-05-05 14:25:56,481 [INFO] ThirdParty:1030 - CMSIS Pack Vendor :STMicroelectronics USB_HOST 1.0.0
2026-05-05 14:25:56,481 [INFO] ThirdParty:1030 - CMSIS Pack Vendor :STMicroelectronics X-CUBE-AZRTOS-G4 2.0.0
2026-05-05 14:25:56,481 [INFO] ThirdParty:1030 - CMSIS Pack Vendor :STMicroelectronics X-CUBE-WB05N 2.0.0
2026-05-05 14:25:56,481 [INFO] ThirdParty:1030 - CMSIS Pack Vendor :STMicroelectronics PDM2PCM 3.1.0
2026-05-05 14:25:56,481 [INFO] ThirdParty:1030 - CMSIS Pack Vendor :STMicroelectronics PDM2PCM 3.3.0
2026-05-05 14:25:56,481 [INFO] ThirdParty:1030 - CMSIS Pack Vendor :wolfSSL I-CUBE-wolfTPM 3.8.0
2026-05-05 14:25:56,481 [INFO] ThirdParty:1030 - CMSIS Pack Vendor :STMicroelectronics X-CUBE-DISPLAY 3.0.0
2026-05-05 14:25:56,481 [INFO] ThirdParty:1030 - CMSIS Pack Vendor :wolfSSL I-CUBE-wolfSSH 1.4.20
2026-05-05 14:25:56,481 [INFO] ThirdParty:1030 - CMSIS Pack Vendor :STMicroelectronics X-CUBE-NFC7 2.0.0
2026-05-05 14:25:56,481 [INFO] ThirdParty:1030 - CMSIS Pack Vendor :STMicroelectronics X-CUBE-GNSS1 7.1.1
2026-05-05 14:25:56,481 [INFO] ThirdParty:1030 - CMSIS Pack Vendor :STMicroelectronics FP-SNS-MOTENVWB1 1.5.0
2026-05-05 14:25:56,481 [INFO] ThirdParty:1030 - CMSIS Pack Vendor :STMicroelectronics X-CUBE-TCPP 4.2.0
2026-05-05 14:25:56,481 [INFO] ThirdParty:1030 - CMSIS Pack Vendor :RealThread X-CUBE-RT-Thread_Nano 4.1.1
2026-05-05 14:25:56,481 [INFO] ThirdParty:1030 - CMSIS Pack Vendor :STMicroelectronics FP-ATR-SIGFOX1 3.2.0
2026-05-05 14:25:56,481 [INFO] ThirdParty:1030 - CMSIS Pack Vendor :STMicroelectronics X-CUBE-NFC10 1.0.0
2026-05-05 14:25:56,481 [INFO] ThirdParty:1030 - CMSIS Pack Vendor :STMicroelectronics HAL Drivers 0.0.0
2026-05-05 14:25:56,481 [INFO] ThirdParty:1030 - CMSIS Pack Vendor :STMicroelectronics X-CUBE-FREERTOS 1.5.0
2026-05-05 14:25:56,482 [INFO] ThirdParty:1030 - CMSIS Pack Vendor :STMicroelectronics MBEDTLS 2.16.2
2026-05-05 14:25:56,482 [INFO] ThirdParty:1030 - CMSIS Pack Vendor :STMicroelectronics X-CUBE-ST60 1.1.0
2026-05-05 14:25:56,482 [INFO] ThirdParty:1030 - CMSIS Pack Vendor :STMicroelectronics X-CUBE-ALS 1.0.2
2026-05-05 14:25:56,482 [INFO] ThirdParty:1030 - CMSIS Pack Vendor :emotas I-CUBE-CANOPEN 1.3.0
2026-05-05 14:25:56,482 [INFO] ThirdParty:1030 - CMSIS Pack Vendor :STMicroelectronics MBEDTLS 2.14.1
2026-05-05 14:25:56,482 [INFO] ThirdParty:1030 - CMSIS Pack Vendor :STMicroelectronics X-CUBE-GNSS1 7.1.0
2026-05-05 14:25:56,482 [INFO] ThirdParty:1030 - CMSIS Pack Vendor :ITTIA_DB I-CUBE-ITTIADB 8.9.0
2026-05-05 14:25:56,482 [INFO] ThirdParty:1030 - CMSIS Pack Vendor :STMicroelectronics X-CUBE-TOUCHGFX 4.26.1
2026-05-05 14:25:56,482 [INFO] ThirdParty:1030 - CMSIS Pack Vendor :STMicroelectronics X-CUBE-NFC6 3.2.0
2026-05-05 14:25:56,482 [INFO] ThirdParty:1030 - CMSIS Pack Vendor :STMicroelectronics FP-SNS-STBOX1 2.1.0
2026-05-05 14:25:56,482 [INFO] ThirdParty:1030 - CMSIS Pack Vendor :STMicroelectronics X-CUBE-AI 10.2.0
2026-05-05 14:25:56,482 [INFO] ThirdParty:1030 - CMSIS Pack Vendor :STMicroelectronics FP-SNS-STAIOTCFT 1.0.0
2026-05-05 14:25:56,482 [INFO] ThirdParty:1030 - CMSIS Pack Vendor :STMicroelectronics ThreadX 1.0.0
2026-05-05 14:25:56,482 [INFO] ThirdParty:1030 - CMSIS Pack Vendor :STMicroelectronics FP-SNS-SMARTAG2 1.2.0
2026-05-05 14:25:56,482 [INFO] ThirdParty:1030 - CMSIS Pack Vendor :STMicroelectronics X-CUBE-MEMS1 12.1.0
2026-05-05 14:25:56,482 [INFO] ThirdParty:1030 - CMSIS Pack Vendor :STMicroelectronics FP-SNS-FLIGHT1 5.1.0
2026-05-05 14:25:56,482 [INFO] ThirdParty:1030 - CMSIS Pack Vendor :STMicroelectronics X-CUBE-AZRTOS-WL 2.0.0
2026-05-05 14:25:56,482 [INFO] ThirdParty:1030 - CMSIS Pack Vendor :SEGGER I-CUBE-embOS 1.3.1
2026-05-05 14:25:56,482 [INFO] ThirdParty:1030 - CMSIS Pack Vendor :STMicroelectronics X-CUBE-ALGOBUILD 1.4.0
2026-05-05 14:25:56,483 [INFO] ThirdParty:1030 - CMSIS Pack Vendor :STMicroelectronics X-CUBE-DPower 1.3.0
2026-05-05 14:25:56,483 [INFO] ThirdParty:1030 - CMSIS Pack Vendor :STMicroelectronics USB_DEVICE 1.0.0
2026-05-05 14:25:56,483 [INFO] ThirdParty:1030 - CMSIS Pack Vendor :STMicroelectronics X-CUBE-AZRTOS-H7RS 1.2.0
2026-05-05 14:25:56,483 [INFO] ThirdParty:1030 - CMSIS Pack Vendor :STMicroelectronics X-CUBE-AZRTOS-L4 2.0.0
2026-05-05 14:25:56,483 [INFO] ThirdParty:1030 - CMSIS Pack Vendor :STMicroelectronics ThreadX 0.0.2
2026-05-05 14:25:56,483 [INFO] ThirdParty:1030 - CMSIS Pack Vendor :STMicroelectronics lwIP 2.1.2
2026-05-05 14:25:56,483 [INFO] ThirdParty:1030 - CMSIS Pack Vendor :STMicroelectronics X-CUBE-SFXS2LP1 4.0.0
2026-05-05 14:25:56,483 [INFO] ThirdParty:1030 - CMSIS Pack Vendor :STMicroelectronics X-CUBE-BLE2 3.3.0
2026-05-05 14:25:56,483 [INFO] ThirdParty:1030 - CMSIS Pack Vendor :Avnet-IOTCONNECT X-CUBE-iotc-st67-sdk 1.0.0
2026-05-05 14:25:56,483 [INFO] ThirdParty:1030 - CMSIS Pack Vendor :STMicroelectronics X-CUBE-TOF1 3.4.3
2026-05-05 14:25:56,483 [INFO] ThirdParty:1030 - CMSIS Pack Vendor :Infineon AIROC-Wi-Fi-Bluetooth-STM32 1.8.0
2026-05-05 14:25:56,483 [INFO] ThirdParty:1030 - CMSIS Pack Vendor :STMicroelectronics PDM2PCM 3.2.0
2026-05-05 14:25:56,483 [INFO] ThirdParty:1030 - CMSIS Pack Vendor :STMicroelectronics X-CUBE-WB05N 2.1.0
2026-05-05 14:25:56,483 [INFO] ThirdParty:1030 - CMSIS Pack Vendor :STMicroelectronics X-CUBE-ST67W61 1.2.0
2026-05-05 14:25:56,484 [INFO] ThirdParty:841 - exiting critical section [change project]
2026-05-05 14:25:56,888 [INFO] PinOutPanel:1589 - setPackage(No Configuration,No Configuration)
2026-05-05 14:25:56,894 [INFO] PinOutPanel:1589 - setPackage(STM32F407VGTx,LQFP100)
2026-05-05 14:25:57,346 [INFO] UtilMem:75 - Before build in PCC Used Memory: 1007637664 Bytes (1073741824)
2026-05-05 14:25:57,782 [INFO] UtilMem:75 - After build in PCC Used Memory: 873057944 Bytes (1073741824)
2026-05-05 14:25:57,818 [INFO] IPUIPlugin:80 - create IPUIPlugin
2026-05-05 14:25:57,818 [INFO] IPUIPlugin:80 - create IPUIPlugin
2026-05-05 14:25:57,818 [INFO] IPUIPlugin:80 - create IPUIPlugin
2026-05-05 14:25:57,819 [INFO] IPUIPlugin:80 - create IPUIPlugin
2026-05-05 14:25:57,819 [INFO] IPUIPlugin:80 - create IPUIPlugin
2026-05-05 14:25:57,820 [INFO] IPUIPlugin:80 - create IPUIPlugin
2026-05-05 14:25:57,820 [INFO] IPUIPlugin:80 - create IPUIPlugin
2026-05-05 14:25:57,820 [INFO] IPUIPlugin:80 - create IPUIPlugin
2026-05-05 14:25:57,821 [INFO] IPUIPlugin:80 - create IPUIPlugin
2026-05-05 14:25:57,821 [INFO] IPUIPlugin:80 - create IPUIPlugin
2026-05-05 14:25:57,821 [INFO] IPUIPlugin:80 - create IPUIPlugin
2026-05-05 14:25:57,823 [INFO] IPUIPlugin:80 - create IPUIPlugin
2026-05-05 14:25:57,824 [INFO] IPUIPlugin:80 - create IPUIPlugin
2026-05-05 14:25:57,825 [INFO] IPUIPlugin:80 - create IPUIPlugin
2026-05-05 14:25:57,825 [INFO] IPUIPlugin:80 - create IPUIPlugin
2026-05-05 14:25:57,825 [INFO] IPUIPlugin:80 - create IPUIPlugin
2026-05-05 14:25:57,825 [INFO] IPUIPlugin:80 - create IPUIPlugin
2026-05-05 14:25:57,825 [INFO] IPUIPlugin:80 - create IPUIPlugin
2026-05-05 14:25:57,825 [INFO] IPUIPlugin:80 - create IPUIPlugin
2026-05-05 14:25:57,826 [INFO] IPUIPlugin:80 - create IPUIPlugin
2026-05-05 14:25:57,826 [INFO] IPUIPlugin:80 - create IPUIPlugin
2026-05-05 14:25:57,826 [INFO] IPUIPlugin:80 - create IPUIPlugin
2026-05-05 14:25:57,826 [INFO] IPUIPlugin:80 - create IPUIPlugin
2026-05-05 14:25:57,827 [INFO] IPUIPlugin:80 - create IPUIPlugin
2026-05-05 14:25:57,827 [INFO] IPUIPlugin:80 - create IPUIPlugin
2026-05-05 14:25:57,827 [INFO] IPUIPlugin:80 - create IPUIPlugin
2026-05-05 14:25:57,828 [INFO] IPUIPlugin:80 - create IPUIPlugin
2026-05-05 14:25:57,828 [INFO] IPUIPlugin:80 - create IPUIPlugin
2026-05-05 14:25:57,828 [INFO] IPUIPlugin:80 - create IPUIPlugin
2026-05-05 14:25:57,829 [INFO] IPUIPlugin:80 - create IPUIPlugin
2026-05-05 14:25:57,829 [INFO] IPUIPlugin:80 - create IPUIPlugin
2026-05-05 14:25:57,829 [INFO] IPUIPlugin:80 - create IPUIPlugin
2026-05-05 14:25:57,830 [INFO] IPUIPlugin:80 - create IPUIPlugin
2026-05-05 14:25:57,830 [INFO] IPUIPlugin:80 - create IPUIPlugin
2026-05-05 14:25:57,831 [INFO] IPUIPlugin:80 - create IPUIPlugin
2026-05-05 14:25:57,831 [INFO] IPUIPlugin:80 - create IPUIPlugin
2026-05-05 14:25:57,831 [INFO] IPUIPlugin:80 - create IPUIPlugin
2026-05-05 14:25:57,832 [INFO] IPUIPlugin:80 - create IPUIPlugin
2026-05-05 14:25:57,832 [INFO] IPUIPlugin:80 - create IPUIPlugin
2026-05-05 14:25:57,832 [INFO] IPUIPlugin:80 - create IPUIPlugin
2026-05-05 14:25:57,832 [INFO] IPUIPlugin:80 - create IPUIPlugin
2026-05-05 14:25:57,833 [INFO] IPUIPlugin:80 - create IPUIPlugin
2026-05-05 14:25:57,833 [INFO] IPUIPlugin:80 - create IPUIPlugin
2026-05-05 14:25:57,833 [INFO] IPUIPlugin:80 - create IPUIPlugin
2026-05-05 14:25:57,833 [INFO] IPUIPlugin:80 - create IPUIPlugin
2026-05-05 14:25:57,834 [INFO] IPUIPlugin:80 - create IPUIPlugin
2026-05-05 14:25:57,834 [INFO] IPUIPlugin:80 - create IPUIPlugin
2026-05-05 14:25:57,835 [INFO] IPUIPlugin:80 - create IPUIPlugin
2026-05-05 14:25:57,835 [INFO] IPUIPlugin:80 - create IPUIPlugin
2026-05-05 14:25:57,836 [INFO] IPUIPlugin:80 - create IPUIPlugin
2026-05-05 14:25:57,836 [INFO] IPUIPlugin:80 - create IPUIPlugin
2026-05-05 14:25:57,836 [INFO] IPUIPlugin:80 - create IPUIPlugin
2026-05-05 14:25:57,836 [INFO] IPUIPlugin:80 - create IPUIPlugin
2026-05-05 14:25:57,842 [INFO] IPUIPlugin:80 - create IPUIPlugin
2026-05-05 14:25:57,842 [INFO] IPUIPlugin:80 - create IPUIPlugin
2026-05-05 14:25:57,843 [INFO] IPUIPlugin:80 - create IPUIPlugin
2026-05-05 14:25:57,843 [INFO] IPUIPlugin:80 - create IPUIPlugin
2026-05-05 14:25:57,843 [INFO] IPUIPlugin:80 - create IPUIPlugin
2026-05-05 14:25:57,858 [INFO] ApiDbMcu:532 - Load IP Config File for PDM2PCM
2026-05-05 14:25:57,929 [INFO] CADModel:165 - CPN selected for project levelSTM32F407VGT6
2026-05-05 14:25:57,930 [INFO] CADModel:114 - Register for checkConnection events
2026-05-05 14:25:58,001 [INFO] OpenFileManager:386 - Restore cursor
2026-05-05 14:25:59,025 [INFO] UtilMem:75 - End SaveConfig() Used Memory: 967483192 Bytes (1073741824)
2026-05-05 14:25:59,216 [INFO] UtilMem:75 - End SaveConfig() Used Memory: 987921688 Bytes (1073741824)
2026-05-05 14:25:59,862 [INFO] BlockDiagram:2775 - set Specific Code input for plugin: SYS
2026-05-05 14:25:59,863 [INFO] BlockDiagram:2775 - set Specific Code input for plugin: RCC
2026-05-05 14:25:59,863 [INFO] BlockDiagram:2775 - set Specific Code input for plugin: NVIC
2026-05-05 14:25:59,863 [INFO] BlockDiagram:2775 - set Specific Code input for plugin: GPIO
2026-05-05 14:25:59,867 [INFO] CodeGenerator:892 - code generatio: config db path: C:\ST\STM32CubeIDE_1.19.0\STM32CubeIDE\plugins\com.st.stm32cube.common.mx_6.15.0.202507011659\\db\
2026-05-05 14:26:00,123 [INFO] CodeEngine:265 - oldGeneratedFile, D:\RTOS_stm32\led_and_button_task_notify\MXTmpFiles\license.tmp_save
2026-05-05 14:26:00,942 [INFO] CodeEngine:289 - Generated code: D:\RTOS_stm32\led_and_button_task_notify\MXTmpFiles\license.tmp
2026-05-05 14:26:01,043 [INFO] CodeEngine:265 - oldGeneratedFile, D:\RTOS_stm32\led_and_button_task_notify\MXTmpFiles\gpio.tmp_save
2026-05-05 14:26:01,301 [INFO] CodeEngine:289 - Generated code: D:\RTOS_stm32\led_and_button_task_notify\MXTmpFiles\gpio.tmp
2026-05-05 14:26:01,386 [INFO] CodeEngine:265 - oldGeneratedFile, D:\RTOS_stm32\led_and_button_task_notify\Core\Src\stm32f4xx_it.c_save
2026-05-05 14:26:01,895 [INFO] CodeEngine:289 - Generated code: D:\RTOS_stm32\led_and_button_task_notify\Core\Src\stm32f4xx_it.c
2026-05-05 14:26:01,906 [INFO] CodeEngine:265 - oldGeneratedFile, D:\RTOS_stm32\led_and_button_task_notify\Core\Inc\stm32f4xx_it.h_save
2026-05-05 14:26:02,061 [INFO] CodeEngine:289 - Generated code: D:\RTOS_stm32\led_and_button_task_notify\Core\Inc\stm32f4xx_it.h
2026-05-05 14:26:02,086 [INFO] CodeEngine:265 - oldGeneratedFile, D:\RTOS_stm32\led_and_button_task_notify\Core\Src\stm32f4xx_hal_msp.c_save
2026-05-05 14:26:02,299 [INFO] CodeEngine:289 - Generated code: D:\RTOS_stm32\led_and_button_task_notify\Core\Src\stm32f4xx_hal_msp.c
2026-05-05 14:26:02,310 [INFO] CodeEngine:265 - oldGeneratedFile, D:\RTOS_stm32\led_and_button_task_notify\MXTmpFiles\system.tmp_save
2026-05-05 14:26:02,426 [INFO] CodeEngine:289 - Generated code: D:\RTOS_stm32\led_and_button_task_notify\MXTmpFiles\system.tmp
2026-05-05 14:26:02,452 [INFO] CodeEngine:321 - oldGeneratedFile, D:\RTOS_stm32\led_and_button_task_notify\Core\Inc\stm32f4xx_hal_conf.h_save
2026-05-05 14:26:02,576 [INFO] CodeEngine:345 - Generated code: D:\RTOS_stm32\led_and_button_task_notify\Core\Inc\stm32f4xx_hal_conf.h
2026-05-05 14:26:02,654 [INFO] ApiDbMcu:532 - Load IP Config File for RCC
2026-05-05 14:26:02,675 [INFO] CodeEngine:265 - oldGeneratedFile, D:\RTOS_stm32\led_and_button_task_notify\Core\Inc\main.h_save
2026-05-05 14:26:02,850 [INFO] CodeEngine:289 - Generated code: D:\RTOS_stm32\led_and_button_task_notify\Core\Inc\main.h
2026-05-05 14:26:02,859 [INFO] CodeEngine:265 - oldGeneratedFile, D:\RTOS_stm32\led_and_button_task_notify\Core\Src\main.c_save
2026-05-05 14:26:03,020 [INFO] CodeEngine:289 - Generated code: D:\RTOS_stm32\led_and_button_task_notify\Core\Src\main.c
2026-05-05 14:26:04,076 [INFO] ProjectBuilder:3606 - Time for Copy HAL[1] : 583mS.
2026-05-05 14:26:04,087 [INFO] ProjectBuilder:5216 - Project Generator version: 4.7.0-B52
2026-05-05 14:26:04,399 [INFO] ConfigFileManager:1595 - The Die is : DIE413
2026-05-05 14:26:04,408 [INFO] ApiDbMcu:532 - Load IP Config File for FATFS
2026-05-05 14:26:04,418 [INFO] ApiDbMcu:532 - Load IP Config File for FREERTOS
2026-05-05 14:26:04,425 [INFO] ApiDbMcu:532 - Load IP Config File for LIBJPEG
2026-05-05 14:26:04,438 [INFO] ApiDbMcu:532 - Load IP Config File for LWIP
2026-05-05 14:26:04,449 [INFO] ApiDbMcu:532 - Load IP Config File for MBEDTLS
2026-05-05 14:26:04,467 [INFO] ApiDbMcu:532 - Load IP Config File for USB_DEVICE
2026-05-05 14:26:04,476 [INFO] ApiDbMcu:532 - Load IP Config File for USB_HOST
2026-05-05 14:26:11,271 [INFO] ProjectBuilder:5496 - Time for Generating toolchain IDE Files: 7184mS.
2026-05-05 14:26:11,273 [INFO] ProjectBuilder:3463 - Time for Copy CMSIS : 1mS.
2026-05-05 14:26:11,277 [INFO] ProjectBuilder:3463 - Time for Copy CMSIS : 0mS.
2026-05-05 14:26:14,042 [INFO] McuFinderGlobals:76 - Set McuFinderConnectedMode to true
2026-05-05 14:26:14,045 [INFO] ApiDb:448 - Save user favorites file C:\Users\jahna/.stm32cubeide/favorites.mcus.txt: 0 item(s)
2026-05-05 14:26:14,045 [INFO] ApiDb:452 - User favorites MCUs=[]
2026-05-05 14:26:14,059 [INFO] ApiDb:448 - Save user favorites file C:\Users\jahna/.stm32cubeide/favorites.boards.txt: 1 item(s)
2026-05-05 14:26:14,059 [INFO] ApiDb:452 - User favorites Boards=[STM32F407G-DISC1]
2026-05-05 14:27:04,123 [INFO] RtosManager:1018 - Current active RTOS is FREERTOS [Cortex-M4NS]
2026-05-05 14:27:05,255 [ERROR] RtosPanel:558 - Can not restore the selected Tab for FREERTOS(A reason can be that the tab is no more available.)
2026-05-05 14:27:05,396 [ERROR] RtosPanel:558 - Can not restore the selected Tab for FREERTOS(A reason can be that the tab is no more available.)
2026-05-05 14:27:07,270 [INFO] UtilMem:75 - End SaveConfig() Used Memory: 908091200 Bytes (1073741824)
2026-05-05 14:27:08,446 [INFO] UtilMem:75 - End SaveConfig() Used Memory: 935880512 Bytes (1073741824)
2026-05-05 14:27:12,109 [INFO] UtilMem:75 - End SaveConfig() Used Memory: 802884504 Bytes (1073741824)
2026-05-05 14:27:14,016 [INFO] BlockDiagram:2775 - set Specific Code input for plugin: FREERTOS
2026-05-05 14:27:14,016 [INFO] BlockDiagram:2775 - set Specific Code input for plugin: SYS
2026-05-05 14:27:14,016 [INFO] BlockDiagram:2775 - set Specific Code input for plugin: RCC
2026-05-05 14:27:14,016 [INFO] BlockDiagram:2775 - set Specific Code input for plugin: NVIC
2026-05-05 14:27:14,016 [INFO] BlockDiagram:2775 - set Specific Code input for plugin: USART
2026-05-05 14:27:14,017 [INFO] BlockDiagram:2775 - set Specific Code input for plugin: GPIO
2026-05-05 14:27:14,018 [INFO] CodeGenerator:892 - code generatio: config db path: C:\ST\STM32CubeIDE_1.19.0\STM32CubeIDE\plugins\com.st.stm32cube.common.mx_6.15.0.202507011659\\db\
2026-05-05 14:27:14,153 [INFO] CodeEngine:265 - oldGeneratedFile, D:\RTOS_stm32\led_and_button_task_notify\MXTmpFiles\license.tmp_save
2026-05-05 14:27:14,389 [INFO] CodeEngine:289 - Generated code: D:\RTOS_stm32\led_and_button_task_notify\MXTmpFiles\license.tmp
2026-05-05 14:27:14,439 [INFO] CodeEngine:265 - oldGeneratedFile, D:\RTOS_stm32\led_and_button_task_notify\MXTmpFiles\gpio.tmp_save
2026-05-05 14:27:14,588 [INFO] CodeEngine:289 - Generated code: D:\RTOS_stm32\led_and_button_task_notify\MXTmpFiles\gpio.tmp
2026-05-05 14:27:14,759 [INFO] Middleware:1452 - No code input for Bsp Dependency
2026-05-05 14:27:14,771 [INFO] CodeEngine:265 - oldGeneratedFile, D:\RTOS_stm32\led_and_button_task_notify\MXTmpFiles\rtos_inc.tmp_save
2026-05-05 14:27:14,904 [INFO] CodeEngine:289 - Generated code: D:\RTOS_stm32\led_and_button_task_notify\MXTmpFiles\rtos_inc.tmp
2026-05-05 14:27:14,917 [INFO] CodeEngine:265 - oldGeneratedFile, D:\RTOS_stm32\led_and_button_task_notify\MXTmpFiles\rtos_vars.tmp_save
2026-05-05 14:27:15,054 [INFO] CodeEngine:289 - Generated code: D:\RTOS_stm32\led_and_button_task_notify\MXTmpFiles\rtos_vars.tmp
2026-05-05 14:27:15,065 [INFO] CodeEngine:265 - oldGeneratedFile, D:\RTOS_stm32\led_and_button_task_notify\MXTmpFiles\rtos_pfp.tmp_save
2026-05-05 14:27:15,218 [INFO] CodeEngine:289 - Generated code: D:\RTOS_stm32\led_and_button_task_notify\MXTmpFiles\rtos_pfp.tmp
2026-05-05 14:27:15,229 [INFO] CodeEngine:265 - oldGeneratedFile, D:\RTOS_stm32\led_and_button_task_notify\MXTmpFiles\rtos_obj_creat.tmp_save
2026-05-05 14:27:15,344 [INFO] CodeEngine:289 - Generated code: D:\RTOS_stm32\led_and_button_task_notify\MXTmpFiles\rtos_obj_creat.tmp
2026-05-05 14:27:15,353 [INFO] CodeEngine:265 - oldGeneratedFile, D:\RTOS_stm32\led_and_button_task_notify\MXTmpFiles\rtos_kernelStart.tmp_save
2026-05-05 14:27:15,451 [INFO] CodeEngine:289 - Generated code: D:\RTOS_stm32\led_and_button_task_notify\MXTmpFiles\rtos_kernelStart.tmp
2026-05-05 14:27:15,461 [INFO] CodeEngine:265 - oldGeneratedFile, D:\RTOS_stm32\led_and_button_task_notify\MXTmpFiles\rtos_default_thread.tmp_save
2026-05-05 14:27:15,560 [INFO] CodeEngine:289 - Generated code: D:\RTOS_stm32\led_and_button_task_notify\MXTmpFiles\rtos_default_thread.tmp
2026-05-05 14:27:15,573 [INFO] CodeEngine:265 - oldGeneratedFile, D:\RTOS_stm32\led_and_button_task_notify\MXTmpFiles\rtos_threads.tmp_save
2026-05-05 14:27:15,666 [INFO] CodeEngine:289 - Generated code: D:\RTOS_stm32\led_and_button_task_notify\MXTmpFiles\rtos_threads.tmp
2026-05-05 14:27:15,718 [INFO] Middleware:1452 - No code input for Bsp Dependency
2026-05-05 14:27:15,737 [INFO] CodeEngine:265 - oldGeneratedFile, D:\RTOS_stm32\led_and_button_task_notify\MXTmpFiles\rtos_inc.tmp_save
2026-05-05 14:27:15,834 [INFO] CodeEngine:289 - Generated code: D:\RTOS_stm32\led_and_button_task_notify\MXTmpFiles\rtos_inc.tmp
2026-05-05 14:27:15,845 [INFO] CodeEngine:265 - oldGeneratedFile, D:\RTOS_stm32\led_and_button_task_notify\MXTmpFiles\rtos_vars.tmp_save
2026-05-05 14:27:15,941 [INFO] CodeEngine:289 - Generated code: D:\RTOS_stm32\led_and_button_task_notify\MXTmpFiles\rtos_vars.tmp
2026-05-05 14:27:15,950 [INFO] CodeEngine:265 - oldGeneratedFile, D:\RTOS_stm32\led_and_button_task_notify\MXTmpFiles\rtos_pfp.tmp_save
2026-05-05 14:27:16,036 [INFO] CodeEngine:289 - Generated code: D:\RTOS_stm32\led_and_button_task_notify\MXTmpFiles\rtos_pfp.tmp
2026-05-05 14:27:16,046 [INFO] CodeEngine:265 - oldGeneratedFile, D:\RTOS_stm32\led_and_button_task_notify\MXTmpFiles\rtos_obj_creat.tmp_save
2026-05-05 14:27:16,135 [INFO] CodeEngine:289 - Generated code: D:\RTOS_stm32\led_and_button_task_notify\MXTmpFiles\rtos_obj_creat.tmp
2026-05-05 14:27:16,146 [INFO] CodeEngine:265 - oldGeneratedFile, D:\RTOS_stm32\led_and_button_task_notify\MXTmpFiles\rtos_kernelStart.tmp_save
2026-05-05 14:27:16,234 [INFO] CodeEngine:289 - Generated code: D:\RTOS_stm32\led_and_button_task_notify\MXTmpFiles\rtos_kernelStart.tmp
2026-05-05 14:27:16,246 [INFO] CodeEngine:265 - oldGeneratedFile, D:\RTOS_stm32\led_and_button_task_notify\MXTmpFiles\rtos_default_thread.tmp_save
2026-05-05 14:27:16,331 [INFO] CodeEngine:289 - Generated code: D:\RTOS_stm32\led_and_button_task_notify\MXTmpFiles\rtos_default_thread.tmp
2026-05-05 14:27:16,341 [INFO] CodeEngine:265 - oldGeneratedFile, D:\RTOS_stm32\led_and_button_task_notify\MXTmpFiles\rtos_threads.tmp_save
2026-05-05 14:27:16,426 [INFO] CodeEngine:289 - Generated code: D:\RTOS_stm32\led_and_button_task_notify\MXTmpFiles\rtos_threads.tmp
2026-05-05 14:27:16,441 [INFO] CodeEngine:265 - oldGeneratedFile, D:\RTOS_stm32\led_and_button_task_notify\Core\Inc\FreeRTOSConfig.h_save
2026-05-05 14:27:16,576 [INFO] CodeEngine:289 - Generated code: D:\RTOS_stm32\led_and_button_task_notify\Core\Inc\FreeRTOSConfig.h
2026-05-05 14:27:16,586 [INFO] CodeEngine:265 - oldGeneratedFile, D:\RTOS_stm32\led_and_button_task_notify\Core\Src\freertos.c_save
2026-05-05 14:27:16,700 [INFO] CodeEngine:289 - Generated code: D:\RTOS_stm32\led_and_button_task_notify\Core\Src\freertos.c
2026-05-05 14:27:16,728 [INFO] CodeEngine:265 - oldGeneratedFile, D:\RTOS_stm32\led_and_button_task_notify\Core\Src\stm32f4xx_it.c_save
2026-05-05 14:27:17,026 [INFO] CodeEngine:289 - Generated code: D:\RTOS_stm32\led_and_button_task_notify\Core\Src\stm32f4xx_it.c
2026-05-05 14:27:17,041 [INFO] CodeEngine:265 - oldGeneratedFile, D:\RTOS_stm32\led_and_button_task_notify\Core\Inc\stm32f4xx_it.h_save
2026-05-05 14:27:17,267 [INFO] CodeEngine:289 - Generated code: D:\RTOS_stm32\led_and_button_task_notify\Core\Inc\stm32f4xx_it.h
2026-05-05 14:27:17,299 [INFO] CodeEngine:265 - oldGeneratedFile, D:\RTOS_stm32\led_and_button_task_notify\Core\Src\stm32f4xx_hal_msp.c_save
2026-05-05 14:27:17,525 [INFO] CodeEngine:289 - Generated code: D:\RTOS_stm32\led_and_button_task_notify\Core\Src\stm32f4xx_hal_msp.c
2026-05-05 14:27:17,544 [INFO] CodeEngine:265 - oldGeneratedFile, D:\RTOS_stm32\led_and_button_task_notify\MXTmpFiles\system.tmp_save
2026-05-05 14:27:17,646 [INFO] CodeEngine:289 - Generated code: D:\RTOS_stm32\led_and_button_task_notify\MXTmpFiles\system.tmp
2026-05-05 14:27:17,676 [INFO] CodeEngine:321 - oldGeneratedFile, D:\RTOS_stm32\led_and_button_task_notify\Core\Inc\stm32f4xx_hal_conf.h_save
2026-05-05 14:27:17,827 [INFO] CodeEngine:345 - Generated code: D:\RTOS_stm32\led_and_button_task_notify\Core\Inc\stm32f4xx_hal_conf.h
2026-05-05 14:27:17,881 [INFO] ApiDbMcu:532 - Load IP Config File for USART2
2026-05-05 14:27:17,909 [INFO] CodeEngine:265 - oldGeneratedFile, D:\RTOS_stm32\led_and_button_task_notify\Core\Inc\main.h_save
2026-05-05 14:27:18,056 [INFO] CodeEngine:289 - Generated code: D:\RTOS_stm32\led_and_button_task_notify\Core\Inc\main.h
2026-05-05 14:27:18,074 [INFO] CodeEngine:265 - oldGeneratedFile, D:\RTOS_stm32\led_and_button_task_notify\Core\Src\main.c_save
2026-05-05 14:27:18,298 [INFO] CodeEngine:289 - Generated code: D:\RTOS_stm32\led_and_button_task_notify\Core\Src\main.c
2026-05-05 14:27:19,766 [INFO] ProjectBuilder:3606 - Time for Copy HAL[1] : 908mS.
2026-05-05 14:27:19,773 [INFO] ProjectBuilder:5216 - Project Generator version: 4.7.0-B52
2026-05-05 14:27:19,914 [INFO] ConfigFileManager:1595 - The Die is : DIE413
2026-05-05 14:27:21,756 [INFO] ProjectBuilder:5496 - Time for Generating toolchain IDE Files: 1982mS.
2026-05-05 14:27:21,758 [INFO] ProjectBuilder:3463 - Time for Copy CMSIS : 1mS.
2026-05-05 14:27:21,764 [INFO] ProjectBuilder:3463 - Time for Copy CMSIS : 0mS.
2026-05-05 15:16:17,000 [INFO] WebApp:194 - Connection lost
2026-05-05 15:16:17,654 [INFO] WebApp:191 - Connection restablished
2026-05-05 16:09:00,366 [INFO] MainUpdater:2872 - connection check result : 10
2026-05-05 16:09:01,044 [INFO] McuFinderGlobals:76 - Set McuFinderConnectedMode to true
2026-05-05 16:09:01,057 [INFO] MultiScanPanel:200 - Auto-refresh data requested => check proxy status ongoing
2026-05-05 16:09:01,060 [INFO] FinderPluginLoader:96 - Searching for filters in installed packs
2026-05-05 16:09:04,069 [INFO] LoadUrlFilesThread:185 - End of LoadServerUrlFiles without Thread
2026-05-05 16:09:04,071 [INFO] DetailPanel:341 - Set advertising image to C:/Users/jahna/STM32Cube/Repository/\en.prom-stm32wba2-stm32-nucleo-board-0426.png
2026-05-05 16:09:09,997 [INFO] MultiScanPanel:200 - Auto-refresh data requested => check proxy status ongoing
2026-05-05 16:09:10,090 [INFO] LoadUrlFilesThread:185 - End of LoadServerUrlFiles without Thread
2026-05-05 16:09:10,090 [INFO] DetailPanel:341 - Set advertising image to C:/Users/jahna/STM32Cube/Repository/\en.prom-stm32wba2-stm32-nucleo-board-0426.png
2026-05-05 16:09:31,215 [INFO] MainUpdater:2872 - connection check result : 10
2026-05-05 16:09:31,216 [INFO] MainUpdater:2872 - connection check result : 10
2026-05-05 16:09:31,483 [INFO] MicroXplorer:468 - Change Database Path : 
2026-05-05 16:09:31,483 [INFO] MicroXplorer:498 - Change Database Version : DB.6.0.150
2026-05-05 16:09:31,541 [ERROR] ProjectManagerView:395 - 
java.lang.NullPointerException: Cannot invoke "javax.swing.JTextField.getText()" because the return value of "java.util.List.get(int)" is null
	at com.st.microxplorer.plugins.projectmanager.gui.ProjectChoiceTab$9.caretUpdate(ProjectChoiceTab.java:2706) ~[filemanager.jar:?]
	at javax.swing.text.JTextComponent.fireCaretUpdate(JTextComponent.java:408) ~[?:?]
	at javax.swing.text.JTextComponent$MutableCaretEvent.fire(JTextComponent.java:4484) ~[?:?]
	at javax.swing.text.JTextComponent$MutableCaretEvent.stateChanged(JTextComponent.java:4506) ~[?:?]
	at javax.swing.text.DefaultCaret.fireStateChanged(DefaultCaret.java:857) ~[?:?]
	at javax.swing.text.DefaultCaret.changeCaretPosition(DefaultCaret.java:1343) ~[?:?]
	at javax.swing.text.DefaultCaret.handleSetDot(DefaultCaret.java:1242) ~[?:?]
	at javax.swing.text.DefaultCaret.setDot(DefaultCaret.java:1223) ~[?:?]
	at javax.swing.text.DefaultCaret$Handler.insertUpdate(DefaultCaret.java:1819) ~[?:?]
	at javax.swing.text.AbstractDocument.fireInsertUpdate(AbstractDocument.java:227) ~[?:?]
	at javax.swing.text.AbstractDocument.handleInsertString(AbstractDocument.java:781) ~[?:?]
	at javax.swing.text.AbstractDocument.insertString(AbstractDocument.java:740) ~[?:?]
	at javax.swing.text.PlainDocument.insertString(PlainDocument.java:131) ~[?:?]
	at javax.swing.text.AbstractDocument.replace(AbstractDocument.java:699) ~[?:?]
	at javax.swing.text.JTextComponent.setText(JTextComponent.java:1725) ~[?:?]
	at com.st.microxplorer.plugins.projectmanager.gui.ProjectChoiceTab.createHeapStackFields(ProjectChoiceTab.java:993) ~[filemanager.jar:?]
	at com.st.microxplorer.plugins.projectmanager.gui.ProjectChoiceTab.buildLinkSettingsPanel(ProjectChoiceTab.java:3813) ~[filemanager.jar:?]
	at com.st.microxplorer.plugins.projectmanager.gui.ProjectChoiceTab.defineWindowsFields(ProjectChoiceTab.java:1987) ~[filemanager.jar:?]
	at com.st.microxplorer.plugins.projectmanager.gui.ProjectChoiceTab.updateSettings(ProjectChoiceTab.java:558) ~[filemanager.jar:?]
	at com.st.microxplorer.plugins.projectmanager.gui.ProjectSettingsPanel.UpdateDialog(ProjectSettingsPanel.java:247) ~[filemanager.jar:?]
	at com.st.microxplorer.plugins.projectmanager.ProjectManagerView.propertyChange(ProjectManagerView.java:392) ~[filemanager.jar:?]
	at java.beans.PropertyChangeSupport.fire(PropertyChangeSupport.java:343) ~[?:?]
	at java.beans.PropertyChangeSupport.firePropertyChange(PropertyChangeSupport.java:335) ~[?:?]
	at java.beans.PropertyChangeSupport.firePropertyChange(PropertyChangeSupport.java:268) ~[?:?]
	at com.st.microxplorer.util.MXPropertyChangeSupport.firePropertyChange(MXPropertyChangeSupport.java:54) ~[STM32CubeMX.jar:?]
	at com.st.microxplorer.mxsystem.MxSystem.closeConfig(MxSystem.java:899) ~[STM32CubeMX.jar:?]
	at com.st.microxplorer.maingui.MainPanel.closeConfig(MainPanel.java:792) ~[STM32CubeMX.jar:?]
	at com.st.microxplorer.plugins.filemanager.engine.OpenFileManager.loadConfigurationFile(OpenFileManager.java:288) ~[filemanager.jar:?]
	at com.st.microxplorer.plugins.filemanager.engine.MainFileManager.userLoadConfig(MainFileManager.java:364) ~[filemanager.jar:?]
	at com.st.microxplorer.plugins.filemanager.FileManagerView.getSpecificTask(FileManagerView.java:268) ~[filemanager.jar:?]
	at com.st.stm32cube.common.mx.editor.CubeMxEditor.getMxTabbedPaneInstance(CubeMxEditor.java:1191) ~[com.st.stm32cube.common.mx_6.15.0.202507011659/:?]
	at com.st.stm32cube.common.mx.editor.CubeMxEditor$12$1.createSwingComponent(CubeMxEditor.java:1068) ~[com.st.stm32cube.common.mx_6.15.0.202507011659/:?]
	at com.st.stm32cube.common.mx.oss.core.awtswtbridge.EmbeddedSwingComposite.doComponentCreation(EmbeddedSwingComposite.java:492) ~[com.st.stm32cube.common.mx.oss_6.15.0.202507011659/:?]
	at com.st.stm32cube.common.mx.oss.core.awtswtbridge.EmbeddedSwingComposite$4.run(EmbeddedSwingComposite.java:291) ~[com.st.stm32cube.common.mx.oss_6.15.0.202507011659/:?]
	at com.st.stm32cube.common.mx.oss.core.awtswtbridge.AwtEnvironment$2.run(AwtEnvironment.java:166) ~[com.st.stm32cube.common.mx.oss_6.15.0.202507011659/:?]
	at java.awt.event.InvocationEvent.dispatch(InvocationEvent.java:318) ~[?:?]
	at java.awt.EventQueue.dispatchEventImpl(EventQueue.java:773) ~[?:?]
	at java.awt.EventQueue$4.run(EventQueue.java:720) ~[?:?]
	at java.awt.EventQueue$4.run(EventQueue.java:714) ~[?:?]
	at java.security.AccessController.doPrivileged(AccessController.java:400) ~[?:?]
	at java.security.ProtectionDomain$JavaSecurityAccessImpl.doIntersectionPrivilege(ProtectionDomain.java:87) ~[?:?]
	at java.awt.EventQueue.dispatchEvent(EventQueue.java:742) ~[?:?]
	at java.awt.EventDispatchThread.pumpOneEventForFilters(EventDispatchThread.java:203) ~[?:?]
	at java.awt.EventDispatchThread.pumpEventsForFilter(EventDispatchThread.java:124) ~[?:?]
	at java.awt.EventDispatchThread.pumpEventsForHierarchy(EventDispatchThread.java:113) ~[?:?]
	at java.awt.EventDispatchThread.pumpEvents(EventDispatchThread.java:109) ~[?:?]
	at java.awt.EventDispatchThread.pumpEvents(EventDispatchThread.java:101) ~[?:?]
	at java.awt.EventDispatchThread.run(EventDispatchThread.java:90) ~[?:?]
2026-05-05 16:09:31,551 [WARN] ThirdParty:871 - waiting for thirdparty lock release [close project]
2026-05-05 16:09:31,551 [INFO] ThirdParty:873 - entering critical section [close project]
2026-05-05 16:09:31,551 [INFO] ThirdParty:883 - exiting critical section [close project]
2026-05-05 16:09:31,554 [INFO] PinOutPanel:1589 - setPackage(No Configuration,No Configuration)
2026-05-05 16:09:31,569 [WARN] IpParametersView:155 - Warning: This peripheral hasn't parameters
2026-05-05 16:09:31,586 [WARN] MainPanel:289 - <html><b><center>Warning: This peripheral has no parameters to be configured<br></b></html>
2026-05-05 16:09:31,597 [INFO] UtilMem:75 - Begin LoadConfig() Used Memory: 974006456 Bytes (1073741824)
2026-05-05 16:09:31,601 [INFO] OpenFileManager:355 - Change cursor
2026-05-05 16:09:31,650 [INFO] RulesReader:64 - Compatibility file has been processed (317 Rules)
2026-05-05 16:09:31,654 [INFO] ProjectFactory:514 - No CPN specified for board STM32F407G-DISC1 => set CPN to STM32F407VGT6
2026-05-05 16:09:31,654 [INFO] Mcu:2029 - Initializing MCU STM32F407V(E-G)Tx STM32F407VGTx STM32F407VGT6
2026-05-05 16:09:33,928 [INFO] Context:786 - Trying to add GPIOservice into a context  which must be forbidden
2026-05-05 16:09:34,664 [INFO] Rule:233 - rule 117617 - U5Cobra4M][GTZC] default value MPCBB3 and MPCBB5 - Not Secured memory - MPCBB1 is applicable
2026-05-05 16:09:34,664 [INFO] Rule:233 - rule 117617 - U5Cobra4M][GTZC] default value MPCBB3 and MPCBB5 - Not Secured memory - MPCBB1 is applicable
2026-05-05 16:09:34,665 [INFO] Rule:233 - rule 117617 - U5Cobra4M][GTZC] default value MPCBB3 and MPCBB5 - Not Secured memory - MPCBB2 is applicable
2026-05-05 16:09:34,665 [INFO] Rule:233 - rule 117617 - U5Cobra4M][GTZC] default value MPCBB3 and MPCBB5 - Not Secured memory - MPCBB2 is applicable
2026-05-05 16:09:34,665 [INFO] Rule:233 - rule 117617 - U5Cobra4M][GTZC] default value MPCBB3 and MPCBB5 - Not Secured memory - MPCBB3 is applicable
2026-05-05 16:09:34,666 [INFO] Rule:233 - rule 117617 - U5Cobra4M][GTZC] default value MPCBB3 and MPCBB5 - Not Secured memory - MPCBB3 is applicable
2026-05-05 16:09:34,666 [INFO] Rule:233 - rule 117617 - U5Cobra4M][GTZC] default value MPCBB3 and MPCBB5 - Not Secured memory - MPCBB4 is applicable
2026-05-05 16:09:34,666 [INFO] Rule:233 - rule 117617 - U5Cobra4M][GTZC] default value MPCBB3 and MPCBB5 - Not Secured memory - MPCBB4 is applicable
2026-05-05 16:09:34,666 [INFO] Rule:233 - rule 117617 - U5Cobra4M][GTZC] default value MPCBB3 and MPCBB5 - Secured memory - MPCBB1 is applicable
2026-05-05 16:09:34,666 [INFO] Rule:233 - rule 117617 - U5Cobra4M][GTZC] default value MPCBB3 and MPCBB5 - Secured memory - MPCBB2 is applicable
2026-05-05 16:09:34,666 [INFO] Rule:233 - rule 117617 - U5Cobra4M][GTZC] default value MPCBB3 and MPCBB5 - Secured memory - MPCBB3 is applicable
2026-05-05 16:09:34,666 [INFO] Rule:233 - rule 117617 - U5Cobra4M][GTZC] default value MPCBB3 and MPCBB5 - Secured memory - MPCBB4 is applicable
2026-05-05 16:09:34,666 [INFO] Rule:233 - rule 117617 - U5Cobra4M][GTZC] default value MPCBB3 and MPCBB5 - Privileged memory - MPCBB1 is applicable
2026-05-05 16:09:34,666 [INFO] Rule:233 - rule 117617 - U5Cobra4M][GTZC] default value MPCBB3 and MPCBB5 - Privileged memory - MPCBB2 is applicable
2026-05-05 16:09:34,666 [INFO] Rule:233 - rule 117617 - U5Cobra4M][GTZC] default value MPCBB3 and MPCBB5 - Privileged memory - MPCBB3 is applicable
2026-05-05 16:09:34,666 [INFO] Rule:233 - rule 117617 - U5Cobra4M][GTZC] default value MPCBB3 and MPCBB5 - Privileged memory - MPCBB4 is applicable
2026-05-05 16:09:34,666 [INFO] Rule:233 - rule 117617 - U5Cobra4M][GTZC] default value MPCBB3 and MPCBB5 - Not Privileged memory - MPCBB1 is applicable
2026-05-05 16:09:34,666 [INFO] Rule:233 - rule 117617 - U5Cobra4M][GTZC] default value MPCBB3 and MPCBB5 - Not Privileged memory - MPCBB2 is applicable
2026-05-05 16:09:34,666 [INFO] Rule:233 - rule 117617 - U5Cobra4M][GTZC] default value MPCBB3 and MPCBB5 - Not Privileged memory - MPCBB3 is applicable
2026-05-05 16:09:34,666 [INFO] Rule:233 - rule 117617 - U5Cobra4M][GTZC] default value MPCBB3 and MPCBB5 - Not Privileged memory - MPCBB4 is applicable
2026-05-05 16:09:34,667 [INFO] Rule:233 - rule 117617 - U5Cobra4M][GTZC] default value MPCBB3 and MPCBB5 - Privileged memory - MPCBB1 is applicable
2026-05-05 16:09:34,667 [INFO] Rule:233 - rule 117617 - U5Cobra4M][GTZC] default value MPCBB3 and MPCBB5 - Privileged memory - MPCBB2 is applicable
2026-05-05 16:09:34,667 [INFO] Rule:233 - rule 117617 - U5Cobra4M][GTZC] default value MPCBB3 and MPCBB5 - Privileged memory - MPCBB3 is applicable
2026-05-05 16:09:34,668 [INFO] Rule:233 - rule 117617 - U5Cobra4M][GTZC] default value MPCBB3 and MPCBB5 - Privileged memory - MPCBB4 is applicable
2026-05-05 16:09:34,668 [INFO] Rule:233 - rule 117617 - U5Cobra4M][GTZC] default value MPCBB3 and MPCBB5 - Privileged memory - MPCBB1 is applicable
2026-05-05 16:09:34,668 [INFO] Rule:233 - rule 117617 - U5Cobra4M][GTZC] default value MPCBB3 and MPCBB5 - Privileged memory - MPCBB2 is applicable
2026-05-05 16:09:34,668 [INFO] Rule:233 - rule 117617 - U5Cobra4M][GTZC] default value MPCBB3 and MPCBB5 - Privileged memory - MPCBB3 is applicable
2026-05-05 16:09:34,668 [INFO] Rule:233 - rule 117617 - U5Cobra4M][GTZC] default value MPCBB3 and MPCBB5 - Privileged memory - MPCBB4 is applicable
2026-05-05 16:09:34,668 [INFO] Rule:233 - rule 117617 - U5Cobra4M][GTZC] default value MPCBB3 and MPCBB5 - Not Privileged memory - MPCBB1 is applicable
2026-05-05 16:09:34,668 [INFO] Rule:233 - rule 117617 - U5Cobra4M][GTZC] default value MPCBB3 and MPCBB5 - Not Privileged memory - MPCBB2 is applicable
2026-05-05 16:09:34,668 [INFO] Rule:233 - rule 117617 - U5Cobra4M][GTZC] default value MPCBB3 and MPCBB5 - Not Privileged memory - MPCBB3 is applicable
2026-05-05 16:09:34,668 [INFO] Rule:233 - rule 117617 - U5Cobra4M][GTZC] default value MPCBB3 and MPCBB5 - Not Privileged memory - MPCBB4 is applicable
2026-05-05 16:09:34,668 [INFO] Rule:233 - rule 117617 - U5Cobra4M][GTZC] default value MPCBB3 and MPCBB5 - Privileged memory - MPCBB1 is applicable
2026-05-05 16:09:34,668 [INFO] Rule:233 - rule 117617 - U5Cobra4M][GTZC] default value MPCBB3 and MPCBB5 - Privileged memory - MPCBB2 is applicable
2026-05-05 16:09:34,668 [INFO] Rule:233 - rule 117617 - U5Cobra4M][GTZC] default value MPCBB3 and MPCBB5 - Privileged memory - MPCBB3 is applicable
2026-05-05 16:09:34,668 [INFO] Rule:233 - rule 117617 - U5Cobra4M][GTZC] default value MPCBB3 and MPCBB5 - Privileged memory - MPCBB4 is applicable
2026-05-05 16:09:34,668 [INFO] Rule:233 - rule Rename SubGHz_Phy SUBGHZ_APPLICATION SUBGHZ_PINGPONG to SUBGHZ_ADV_APPLICATION is applicable
2026-05-05 16:09:34,668 [INFO] Rule:233 - rule Rename Enabled to IBEACON is applicable
2026-05-05 16:09:34,668 [INFO] Rule:233 - rule GTZC_S instance for project manager is applicable
2026-05-05 16:09:34,668 [INFO] Rule:233 - rule GTZC_S instance for context M33S is applicable
2026-05-05 16:09:34,670 [INFO] Rule:233 - rule GTZC_S instance value for IP GTZC is applicable
2026-05-05 16:09:34,670 [INFO] Rule:233 - rule GTZC_S instance for mcu.IP is applicable
2026-05-05 16:09:34,670 [INFO] Rule:233 - rule GTZC_S instance for VP is applicable
2026-05-05 16:09:34,670 [INFO] Rule:233 - rule GTZC_S instance for signal is applicable
2026-05-05 16:09:34,670 [INFO] Rule:233 - rule GTZC_S instance for mcu.Pin is applicable
2026-05-05 16:09:34,670 [INFO] Rule:233 - rule GTZC_S instance for VP is applicable
2026-05-05 16:09:34,670 [INFO] Rule:233 - rule GTZC_S instance for signal is applicable
2026-05-05 16:09:34,670 [INFO] Rule:233 - rule GTZC_S instance for mcu is applicable
2026-05-05 16:09:34,670 [INFO] Rule:233 - rule GTZC_S instance for mcu.Pin is applicable
2026-05-05 16:09:34,670 [INFO] Rule:233 - rule GTZC_S instance value for IP GTZC is applicable
2026-05-05 16:09:34,670 [INFO] Rule:233 - rule GTZC_S instance for project manager is applicable
2026-05-05 16:09:34,670 [INFO] Rule:233 - rule GTZC_S instance for context M33S is applicable
2026-05-05 16:09:34,670 [INFO] Rule:233 - rule GTZC_S instance for VP is applicable
2026-05-05 16:09:34,670 [INFO] Rule:233 - rule GTZC_S instance for signal is applicable
2026-05-05 16:09:34,670 [INFO] Rule:233 - rule SPDIFRX instance for mcu is applicable
2026-05-05 16:09:34,670 [INFO] Rule:233 - rule Rename Tracer Mode is applicable
2026-05-05 16:09:34,670 [INFO] Rule:233 - rule SPDIFRX instance value for IP SPDIFRX is applicable
2026-05-05 16:09:34,670 [INFO] Rule:233 - rule SPDIFRX instance for signal is applicable
2026-05-05 16:09:34,670 [INFO] Rule:233 - rule SPDIFRX instance for project manager is applicable
2026-05-05 16:09:34,670 [INFO] Rule:233 - rule SPDIFRX instance for project manager is applicable
2026-05-05 16:09:34,670 [INFO] Rule:233 - rule ADC Scan  fix with FW F7 is applicable
2026-05-05 16:09:34,671 [INFO] Rule:233 - rule ADC Scan  fix with FW F7 is applicable
2026-05-05 16:09:34,671 [INFO] Rule:233 - rule WakeUp0 Mode is applicable
2026-05-05 16:09:34,671 [INFO] Rule:233 - rule WakeUp0 SIGNAL is applicable
2026-05-05 16:09:34,671 [INFO] Rule:233 - rule WakeUp1 Mode is applicable
2026-05-05 16:09:34,671 [INFO] Rule:233 - rule WakeUp1 SIGNAL is applicable
2026-05-05 16:09:34,671 [INFO] Rule:233 - rule WakeUp2 Mode is applicable
2026-05-05 16:09:34,671 [INFO] Rule:233 - rule WakeUp2 SIGNAL is applicable
2026-05-05 16:09:34,671 [INFO] Rule:233 - rule WakeUp4 Mode is applicable
2026-05-05 16:09:34,671 [INFO] Rule:233 - rule WakeUp4 SIGNAL is applicable
2026-05-05 16:09:34,671 [INFO] Rule:233 - rule WakeUp5 Mode is applicable
2026-05-05 16:09:34,671 [INFO] Rule:233 - rule WakeUp5 SIGNAL is applicable
2026-05-05 16:09:34,672 [INFO] Rule:233 - rule UART/USART WORD LENGTH 7 is applicable
2026-05-05 16:09:34,672 [INFO] Rule:233 - rule UART/USART WORD LENGTH 8 is applicable
2026-05-05 16:09:34,672 [INFO] Rule:233 - rule UART/USART WORD LENGTH 9 is applicable
2026-05-05 16:09:34,672 [INFO] Rule:233 - rule Change Default Value for LSE Drive Capability for WB family is applicable
2026-05-05 16:09:34,672 [INFO] Rule:233 - rule Change Default Value for ADC Clock Prescaler G0 family is applicable
2026-05-05 16:09:34,672 [INFO] Rule:233 - rule ADC SamplingTime fix with FW L0  is applicable
2026-05-05 16:09:34,672 [INFO] Rule:233 - rule ADC SamplingTime fix with FW L0  is applicable
2026-05-05 16:09:34,672 [INFO] Rule:233 - rule ADC SamplingTime fix with FW L0 is applicable
2026-05-05 16:09:34,672 [INFO] Rule:233 - rule ADC SamplingTime fix with FW L0 is applicable
2026-05-05 16:09:34,672 [INFO] Rule:233 - rule ADC SamplingTime fix with FW L0  is applicable
2026-05-05 16:09:34,672 [INFO] Rule:233 - rule ADC SamplingTime fix with FW L0 is applicable
2026-05-05 16:09:34,672 [INFO] Rule:233 - rule Rename USB_OE Signal is applicable
2026-05-05 16:09:34,672 [INFO] Rule:233 - rule Rename Activate_OE Mode is applicable
2026-05-05 16:09:34,672 [INFO] Rule:233 - rule Rename DIE462/DIE415 pin PC14/OSC32_IN -> PC14-OSC32_IN (PC14) is applicable
2026-05-05 16:09:34,672 [INFO] Rule:233 - rule Rename DIE462/DIE415 pin PC15/OSC32_OUT -> PC15-OSC32_OUT (PC15) is applicable
2026-05-05 16:09:34,672 [INFO] Rule:233 - rule Rename DIE462/DIE415 pin PH0/OSC_IN -> PH0-OSC_IN (PH0) is applicable
2026-05-05 16:09:34,673 [INFO] Rule:233 - rule Rename DIE462/DIE415 pin PH1/OSC_OUT -> PH1-OSC_OUT (PH1) is applicable
2026-05-05 16:09:34,673 [INFO] Rule:233 - rule Rename DIE462 pin PA13 -> PA13 (JTMS/SWDIO) is applicable
2026-05-05 16:09:34,673 [INFO] Rule:233 - rule Rename DIE415 pin PA13 -> PA13 (JTMS/SWDIO) is applicable
2026-05-05 16:09:34,673 [INFO] Rule:233 - rule Rename DIE462 pin PA14 -> PA14 (JTCK/SWCLK) is applicable
2026-05-05 16:09:34,673 [INFO] Rule:233 - rule Rename DIE415 pin PA14 -> PA14 (JTCK/SWCLK) is applicable
2026-05-05 16:09:34,673 [INFO] Rule:233 - rule Rename DIE462/DIE415 pin PA15 -> PA15 (JTDI) is applicable
2026-05-05 16:09:34,673 [INFO] Rule:233 - rule Rename DIE462 pin PB3 -> PB3 (JTD0/TRACESWO) is applicable
2026-05-05 16:09:34,673 [INFO] Rule:233 - rule Rename DIE415 pin PB3 -> PB3 (JTD0-TRACESWO) is applicable
2026-05-05 16:09:34,673 [INFO] Rule:233 - rule Rename DIE462/DIE415 pin PB4 -> PB4 (NJTRST) is applicable
2026-05-05 16:09:34,673 [INFO] Rule:233 - rule Rename DIE462 pin PH3/BOOT0 -> PH3-BOOT0 (BOOT0) is applicable
2026-05-05 16:09:34,673 [INFO] Rule:233 - rule Rename CRYP DataEncryptionTypesList to Algorithm is applicable
2026-05-05 16:09:34,673 [INFO] Rule:233 - rule Rename AES DataEncryptionTypesList to Algorithm is applicable
2026-05-05 16:09:34,674 [INFO] Rule:233 - rule Rename TDESECB to CRYP_TDES_ECB is applicable
2026-05-05 16:09:34,674 [INFO] Rule:233 - rule Rename TDESCBC to CRYP_TDES_CBC is applicable
2026-05-05 16:09:34,674 [INFO] Rule:233 - rule Rename DESECB to CRYP_DES_ECB is applicable
2026-05-05 16:09:34,674 [INFO] Rule:233 - rule Rename DESCBC to CRYP_DES_CBC is applicable
2026-05-05 16:09:34,674 [INFO] Rule:233 - rule Rename AESECB to CRYP_AES_ECB is applicable
2026-05-05 16:09:34,674 [INFO] Rule:233 - rule Rename AESCBC to CRYP_AES_CBC is applicable
2026-05-05 16:09:34,674 [INFO] Rule:233 - rule Rename AESCTR to CRYP_AES_CTR is applicable
2026-05-05 16:09:34,674 [INFO] Rule:233 - rule Rename AESGCM to CRYP_AES_GCM is applicable
2026-05-05 16:09:34,674 [INFO] Rule:233 - rule Rename AESCCM to CRYP_AES_CCM is applicable
2026-05-05 16:09:34,674 [INFO] Rule:233 - rule Rename CAN TimeSeg1 to BS1 is applicable
2026-05-05 16:09:34,674 [INFO] Rule:233 - rule Rename CAN TimeSeg2 to BS2 is applicable
2026-05-05 16:09:34,674 [INFO] Rule:233 - rule Rename CAN SyncJumpWidth to SJW is applicable
2026-05-05 16:09:34,674 [INFO] Rule:233 - rule TimeTriggeredMode to TTCM is applicable
2026-05-05 16:09:34,674 [INFO] Rule:233 - rule Rename CAN AutoBusOff to ABOM is applicable
2026-05-05 16:09:34,674 [INFO] Rule:233 - rule Rename CAN AutoWakeUp to AWUM is applicable
2026-05-05 16:09:34,674 [INFO] Rule:233 - rule Rename CAN AutoRetransmission to NART is applicable
2026-05-05 16:09:34,674 [INFO] Rule:233 - rule Rename CAN ReceiveFifoLocked to RFLM is applicable
2026-05-05 16:09:34,675 [INFO] Rule:233 - rule Rename CAN TransmitFifoPriority to TXFP is applicable
2026-05-05 16:09:34,675 [INFO] Rule:233 - rule Rename HRTIMER HRTIM_OUTPUTFAULTLEVEL_HIGH in HRTIMER HRTIM_OUTPUTFAULTLEVEL_HIGHZ is applicable
2026-05-05 16:09:34,675 [INFO] Rule:233 - rule Rename TIMER TIM_CLEARINPUTSOURCE_OCREFCLR in  TIMER TIM_CLEARINPUTSOURCE_NONE for F7 family is applicable
2026-05-05 16:09:34,675 [INFO] Rule:233 - rule FDCAN_R1 - Rename FDCAN mode Master into Classic is applicable
2026-05-05 16:09:34,675 [INFO] Rule:233 - rule FDCAN_R2 - Rename FDCAN mode Slave into Classic is applicable
2026-05-05 16:09:34,675 [INFO] Rule:233 - rule FDCAN1_R3 - if PA10.Mode=FullDuplex, add Pin PA12 is applicable
2026-05-05 16:09:34,675 [INFO] Rule:233 - rule FDCAN1_R3 - if PA9.Mode=FullDuplex, add Pin PA11 is applicable
2026-05-05 16:09:34,675 [INFO] Rule:233 - rule FDCAN1_R3 - Alternatepin_1 - if PE1.Mode=FullDuplex, add Pin PB9 is applicable
2026-05-05 16:09:34,675 [INFO] Rule:233 - rule FDCAN1_R3 - Alternatepin_1 - if PE0.Mode=FullDuplex, add Pin PB8 is applicable
2026-05-05 16:09:34,675 [INFO] Rule:233 - rule FDCAN1_R3 - Alternatepin_2 - if PD5.Mode=FullDuplex, add Pin PD1 is applicable
2026-05-05 16:09:34,675 [INFO] Rule:233 - rule FDCAN1_R3 - Alternatepin_2 - if PD4.Mode=FullDuplex, add Pin PD0 is applicable
2026-05-05 16:09:34,675 [INFO] Rule:233 - rule FDCAN1_R4 - Rename Mode FullDuplex into Enable FDCAN_TXFD for pin PA10 is applicable
2026-05-05 16:09:34,675 [INFO] Rule:233 - rule FDCAN1_R4 - Rename Mode FullDuplex into Enable FDCAN_TXFD for pin PA9 is applicable
2026-05-05 16:09:34,675 [INFO] Rule:233 - rule FDCAN1_R4 - Alternatepin_1 - Rename Mode FullDuplex into Enable FDCAN_TXFD for pin PE1 is applicable
2026-05-05 16:09:34,675 [INFO] Rule:233 - rule FDCAN1_R4 - Alternatepin_1 - Rename Mode FullDuplex into Enable FDCAN_TXFD for pin PE0 is applicable
2026-05-05 16:09:34,675 [INFO] Rule:233 - rule FDCAN1_R4 - Alternatepin_2 - Rename Mode FullDuplex into Enable FDCAN_TXFD for pin PD5 is applicable
2026-05-05 16:09:34,675 [INFO] Rule:233 - rule FDCAN1_R4 - Alternatepin_2 - Rename Mode FullDuplex into Enable FDCAN_TXFD for pin PD4 is applicable
2026-05-05 16:09:34,675 [INFO] Rule:233 - rule FDCAN2_R3 - if PD10.Mode=FullDuplex, add Pin PB13 is applicable
2026-05-05 16:09:34,676 [INFO] Rule:233 - rule FDCAN2_R3 - if PD9.Mode=FullDuplex, add Pin PB12 is applicable
2026-05-05 16:09:34,676 [INFO] Rule:233 - rule FDCAN2_R3 - Alternatepin_1 - if PB7.Mode=FullDuplex, add Pin PB6 is applicable
2026-05-05 16:09:34,676 [INFO] Rule:233 - rule FDCAN2_R3 - Alternatepin_1 - if PD9.Mode=FullDuplex, add Pin PB12 is applicable
2026-05-05 16:09:34,676 [INFO] Rule:233 - rule FDCAN2_R4 - Rename Mode FullDuplex into Enable FDCAN_TXFD for pin PD10 is applicable
2026-05-05 16:09:34,676 [INFO] Rule:233 - rule FDCAN2_R4 - Rename Mode FullDuplex into Enable FDCAN_TXFD for pin PD9 is applicable
2026-05-05 16:09:34,676 [INFO] Rule:233 - rule FDCAN2_R4 - Alternatepin_1 - Rename Mode FullDuplex into Enable FDCAN_TXFD for pin PB7 is applicable
2026-05-05 16:09:34,676 [INFO] Rule:233 - rule FDCAN2_R4 - Alternatepin_1 - Rename Mode FullDuplex into Enable FDCAN_TXFD for pin PD6 is applicable
2026-05-05 16:09:34,676 [INFO] Rule:233 - rule USART TxPinLevelInvertParam Mode is applicable
2026-05-05 16:09:34,676 [INFO] Rule:233 - rule USART RxPinLevelInvertParam Mode is applicable
2026-05-05 16:09:34,676 [INFO] Rule:233 - rule USART DataInvertParam Mode is applicable
2026-05-05 16:09:34,676 [INFO] Rule:233 - rule USART SwapParam Mode is applicable
2026-05-05 16:09:34,676 [INFO] Rule:233 - rule USART OverrunDisableParam Mode is applicable
2026-05-05 16:09:34,676 [INFO] Rule:233 - rule USART DMADisableonRxErrorParam Mode is applicable
2026-05-05 16:09:34,676 [INFO] Rule:233 - rule USART MSBFirstParam Mode is applicable
2026-05-05 16:09:34,676 [INFO] Rule:233 - rule Update MwName for USB_DEVICE is applicable
2026-05-05 16:09:34,677 [INFO] Rule:233 - rule Change PWR_Regulator_Voltage_Scale Default Value for RCC  H7 family is applicable
2026-05-05 16:09:34,677 [INFO] Rule:233 - rule UART/USART IPParameter rename Prescaler parameter to ClockPrescaler is applicable
2026-05-05 16:09:34,677 [INFO] Rule:233 - rule UART/USART Prescaler rename Prescaler parameter to ClockPrescaler is applicable
2026-05-05 16:09:34,677 [INFO] Rule:233 - rule TIM1CLockSelection is applicable
2026-05-05 16:09:34,677 [INFO] Rule:233 - rule TIM15CLockSelection is applicable
2026-05-05 16:09:34,677 [INFO] Rule:233 - rule align RCC SDMMC3CLockSelection default value on MP1 is applicable
2026-05-05 16:09:34,677 [INFO] Rule:233 - rule align RCC SDMMC12CLockSelection default value on MP1 is applicable
2026-05-05 16:09:34,677 [INFO] Rule:233 - rule align RCC QSPICLockSelection default value on MP1 is applicable
2026-05-05 16:09:34,677 [INFO] Rule:233 - rule align RCC QSPICLockSelection default value on MP1 is applicable
2026-05-05 16:09:34,677 [INFO] Rule:233 - rule align RCC SPI6CLockSelection default value on MP1 is applicable
2026-05-05 16:09:34,677 [INFO] Rule:233 - rule align RCC LPTIM23CLockSelection default value on MP1 is applicable
2026-05-05 16:09:34,677 [INFO] Rule:233 - rule align RCC LPTIM1CLockSelection default value on MP1 is applicable
2026-05-05 16:09:34,677 [INFO] Rule:233 - rule align RCC USART1CLockSelection default value on MP1 is applicable
2026-05-05 16:09:34,677 [INFO] Rule:233 - rule align RCC USART24CLockSelection default value on MP1 is applicable
2026-05-05 16:09:34,677 [INFO] Rule:233 - rule align RCC USART6CLockSelection default value on MP1 is applicable
2026-05-05 16:09:34,677 [INFO] Rule:233 - rule align RCC UART78CLockSelection default value on MP1 is applicable
2026-05-05 16:09:34,677 [INFO] Rule:233 - rule align RCC USART35CLockSelection default value on MP1 is applicable
2026-05-05 16:09:34,678 [INFO] Rule:233 - rule align RCC SPI45CLockSelection default value on MP1 is applicable
2026-05-05 16:09:34,678 [INFO] Rule:233 - rule align RCC I2C46CLockSelection BCLK value on MP1 is applicable
2026-05-05 16:09:34,678 [INFO] Rule:233 - rule align RCC SPI45CLockSelection default value on MP1 is applicable
2026-05-05 16:09:34,678 [INFO] Rule:233 - rule align RCC I2C12CLockSelection default value on MP1 is applicable
2026-05-05 16:09:34,678 [INFO] Rule:233 - rule align RCC I2C35CLockSelection default value on MP1 is applicable
2026-05-05 16:09:34,678 [INFO] Rule:233 - rule align RCC LPTIM45CLockSelection default value on MP1 is applicable
2026-05-05 16:09:34,678 [INFO] Rule:233 - rule Rename DCMI PIXCK signal is applicable
2026-05-05 16:09:34,678 [INFO] Rule:233 - rule Change Default Value for I2C46CLockSelection MP1 family is applicable
2026-05-05 16:09:34,678 [INFO] Rule:233 - rule Change Default Value for UART for G4, G0 and WB families is applicable
2026-05-05 16:09:34,678 [INFO] Rule:233 - rule Change Default Value for USART for G4, G0 and WB families is applicable
2026-05-05 16:09:34,678 [INFO] Rule:233 - rule Change Default Value for USART for G4 family is applicable
2026-05-05 16:09:34,678 [INFO] Rule:233 - rule Change USART1CLockSelection refparam name for MP1 is applicable
2026-05-05 16:09:34,678 [INFO] Rule:233 - rule Change USART2CLockSelection refparam name for MP1 is applicable
2026-05-05 16:09:34,678 [INFO] Rule:233 - rule Change USART3CLockSelection refparam name for MP1 is applicable
2026-05-05 16:09:34,678 [INFO] Rule:233 - rule Change UART4CLockSelection refparam name for MP1 is applicable
2026-05-05 16:09:34,678 [INFO] Rule:233 - rule Change UART5CLockSelection refparam name for MP1 is applicable
2026-05-05 16:09:34,678 [INFO] Rule:233 - rule Change LPUART1CLockSelection refparam name for MP1 is applicable
2026-05-05 16:09:34,678 [INFO] Rule:233 - rule Change LPTIM1CLockSelection refparam name for MP1 is applicable
2026-05-05 16:09:34,678 [INFO] Rule:233 - rule Change LPTIM2CLockSelection refparam name for MP1 is applicable
2026-05-05 16:09:34,678 [INFO] Rule:233 - rule Change RCC_MCO1Source refparam name for MP1 is applicable
2026-05-05 16:09:34,679 [INFO] Rule:233 - rule Change LSCOSource1 refparam name for MP1 is applicable
2026-05-05 16:09:34,679 [INFO] Rule:233 - rule Change SMPSCLockSelection refparam name for MP1 is applicable
2026-05-05 16:09:34,679 [INFO] Rule:233 - rule Change LPTIM3CLockSelection refparam name for MP1 is applicable
2026-05-05 16:09:34,679 [INFO] Rule:233 - rule Change MPCBB* Default Template Mode to Parameters is applicable
2026-05-05 16:09:34,679 [INFO] Rule:233 - rule Change MPCWM* or MPCBB* Secure Mode to Parameters is applicable
2026-05-05 16:09:34,679 [INFO] Rule:233 - rule Change MPCWM* or MPCBB* No Secure Mode to Parameters is applicable
2026-05-05 16:09:34,679 [INFO] Rule:233 - rule Change TZSC IP Secure Mode to Parameters is applicable
2026-05-05 16:09:34,679 [INFO] Rule:233 - rule Change TZSC IP No Secure Mode to Parameters is applicable
2026-05-05 16:09:34,679 [INFO] Rule:233 - rule Change TZSC IP Privilege Mode to Parameters is applicable
2026-05-05 16:09:34,679 [INFO] Rule:233 - rule Change TZSC IP No Privilege Mode to Parameters is applicable
2026-05-05 16:09:34,679 [INFO] Rule:233 - rule Change TZIC IT Secure Mode to Parameters is applicable
2026-05-05 16:09:34,679 [INFO] Rule:233 - rule Change TZIC IT No Secure Mode to Parameters is applicable
2026-05-05 16:09:34,679 [INFO] Rule:233 - rule Add MPCBB1_NonSecureArea_Start_Address value with referenced to MPCBB1_NonSecureArea_Start value is applicable
2026-05-05 16:09:34,679 [INFO] Rule:233 - rule Add MPCBB2_NonSecureArea_Start_Address value with referenced to MPCBB2_NonSecureArea_Start value is applicable
2026-05-05 16:09:34,679 [INFO] Rule:233 - rule Add MPCWM1_NonSecureArea*_Start_Address value with referenced to MPCWM1_NonSecureArea*_Start value is applicable
2026-05-05 16:09:34,679 [INFO] Rule:233 - rule Add MPCWM2_NonSecureArea*_Start_Address value with referenced to MPCWM2_NonSecureArea*_Start value is applicable
2026-05-05 16:09:34,679 [INFO] Rule:233 - rule Add MPCWM3_NonSecureArea_Start_Address value with referenced to MPCWM3_NonSecureArea_Start value is applicable
2026-05-05 16:09:34,679 [INFO] Rule:233 - rule Change Default Value for PLL1UserDefinedConfig is applicable
2026-05-05 16:09:34,679 [INFO] Rule:233 - rule Change GPIO_PuPd Default Value for USART in async mode is applicable
2026-05-05 16:09:34,679 [INFO] Rule:233 - rule Change SMPSDivider Default Value is applicable
2026-05-05 16:09:34,679 [INFO] Rule:233 - rule OPAMP is applicable
2026-05-05 16:09:34,680 [INFO] Rule:233 - rule LPUART IPParameter rename Prescaler parameter to ClockPrescaler for STM32H7 is applicable
2026-05-05 16:09:34,680 [INFO] Rule:233 - rule LPUART IPParameter rename Prescaler parameter to ClockPrescaler for STM32H7 is applicable
2026-05-05 16:09:34,680 [INFO] Rule:233 - rule LPUART IPParameter rename Prescaler parameter to ClockPrescaler for STM32WB is applicable
2026-05-05 16:09:34,680 [INFO] Rule:233 - rule LPUART IPParameter rename Prescaler parameter to ClockPrescaler for STM32WB is applicable
2026-05-05 16:09:34,680 [INFO] Rule:233 - rule LPUART IPParameter rename Prescaler parameter to ClockPrescaler for STM32G4 is applicable
2026-05-05 16:09:34,680 [INFO] Rule:233 - rule LPUART IPParameter rename Prescaler parameter to ClockPrescaler for STM32G4 is applicable
2026-05-05 16:09:34,680 [INFO] Rule:233 - rule LPUART IPParameter rename Prescaler parameter to ClockPrescaler for STM32L5 is applicable
2026-05-05 16:09:34,680 [INFO] Rule:233 - rule LPUART IPParameter rename Prescaler parameter to ClockPrescaler for STM32L5 is applicable
2026-05-05 16:09:34,680 [INFO] Rule:233 - rule LPUART IPParameter rename Prescaler parameter to ClockPrescaler for STM32G4 is applicable
2026-05-05 16:09:34,680 [INFO] Rule:233 - rule LPUART IPParameter rename Prescaler parameter to ClockPrescaler for STM32G4 is applicable
2026-05-05 16:09:34,681 [INFO] Rule:233 - rule USB device lib V2.5.3 for L0 rename USBD_SUPPORT_USER_STRING parameter to USBD_SUPPORT_USER_STRING_DESC4 is applicable
2026-05-05 16:09:34,681 [INFO] Rule:233 - rule I2SCLockSelection clock entry align is applicable
2026-05-05 16:09:34,681 [INFO] Rule:233 - rule Assign TIMx context if used as SYS timebase is applicable
2026-05-05 16:09:34,681 [INFO] Rule:233 - rule Change GPIO_Pu Default Value for I2C is applicable
2026-05-05 16:09:34,681 [INFO] Rule:233 - rule Change GPIO_Pu Default Value for SMBus is applicable
2026-05-05 16:09:34,681 [INFO] Rule:233 - rule change FDCAN default value is applicable
2026-05-05 16:09:34,681 [INFO] Rule:233 - rule Change mode sai is applicable
2026-05-05 16:09:34,681 [INFO] Rule:233 - rule **Change sai mode is applicable
2026-05-05 16:09:34,681 [INFO] Rule:233 - rule Rename STM32WPAN CFG_BLE_IRK to CFG_BLE_IR is applicable
2026-05-05 16:09:34,681 [INFO] Rule:233 - rule Rename STM32WPAN CFG_BLE_ERK to CFG_BLE_ER is applicable
2026-05-05 16:09:34,681 [INFO] Rule:233 - rule Rename STM32WPAN CFG_BLE_IRK_HEX to CFG_BLE_IR_HEX is applicable
2026-05-05 16:09:34,681 [INFO] Rule:233 - rule Rename STM32WPAN CFG_BLE_ERK_HEX to CFG_BLE_ER_HEX is applicable
2026-05-05 16:09:34,681 [INFO] Rule:233 - rule Adapt Old IOC before rework replace old CORTEX_M33/CORTEX_M55 attributes by the new one. is applicable
2026-05-05 16:09:34,681 [INFO] Rule:233 - rule Rename parametre of RCC RCC_APBDBG_DIV2 to RCC_TIMPRES_DIV2 is applicable
2026-05-05 16:09:34,681 [INFO] Rule:233 - rule Rename DIE493 pin PA10 [PA12] -> PA10 is applicable
2026-05-05 16:09:34,682 [INFO] Rule:233 - rule Rename DIE493 pin PA9 [PA11] -> PA9 is applicable
2026-05-05 16:09:34,682 [INFO] Rule:233 - rule Rename DIE492 PartNumber CPN STM32WBA5MJGHx -> STM32WBA5MMGHx is applicable
2026-05-05 16:09:34,682 [INFO] Rule:233 - rule Rename DIE492 PartNumber  Name STM32WBA5MJGHx -> STM32WBA5MMGHx is applicable
2026-05-05 16:09:34,682 [INFO] Rule:233 - rule Rename DIE492 PartNumber UserName STM32WBA5MJGHx -> STM32WBA5MMGHx is applicable
2026-05-05 16:09:34,682 [INFO] Rule:233 - rule Rename DIE492 PartNumber DeviceId STM32WBA5MJGHx -> STM32WBA5MMGHx is applicable
2026-05-05 16:09:34,682 [INFO] Rule:233 - rule Adapt Old IOC CSI. is applicable
2026-05-05 16:09:34,682 [INFO] Rule:233 - rule Adapt Old IOC DCMIPP. is applicable
2026-05-05 16:09:34,682 [INFO] Rule:233 - rule Adapt Old IOC DCMIPP Mode Parallel. is applicable
2026-05-05 16:09:34,682 [INFO] Rule:233 - rule Adapt Old IOC LTDC. is applicable
2026-05-05 16:09:34,682 [INFO] Rule:233 - rule Rename STM32MP2 RIF Peripheral LTDC RIF.RISUP.LTDC_L0L1.Privilege -> RIF.RISUP.LTDC_L1L2.Privilege is applicable
2026-05-05 16:09:34,682 [INFO] Rule:233 - rule Rename STM32MP2 RIF Peripheral LTDC RIF.RISUP.LTDC_L0L1.Privilege -> RIF.RISUP.LTDC_L1L2.Privilege is applicable
2026-05-05 16:09:34,682 [INFO] Rule:233 - rule Rename STM32MP2 RIF Peripheral LTDC RIF.RISUP.LTDC_L0L1.Lock -> RIF.RISUP.LTDC_L1L2.Lock is applicable
2026-05-05 16:09:34,682 [INFO] Rule:233 - rule Rename STM32MP2 RIF Peripheral LTDC RIF.RISUP.LTDC_L2.Lock -> RIF.RISUP.LTDC_L3.Lock is applicable
2026-05-05 16:09:34,682 [INFO] Rule:233 - rule Adapt the old IOC example for updating the SYS when it is misconfigured. is applicable
2026-05-05 16:09:34,682 [INFO] Rule:233 - rule Rename STM32C09 Mcu.Package LQFP64 -> LQFP48 is applicable
2026-05-05 16:09:34,682 [INFO] Rule:233 - rule Adapt the old IOC example for updating the SYS when it is misconfigured. is applicable
2026-05-05 16:09:34,682 [INFO] Rule:233 - rule Adapt the old IOC example for updating the SYS when it is misconfigured. is applicable
2026-05-05 16:09:34,708 [INFO] DbConfProperties:307 - Apply Compatibility (38/250 Rules)
2026-05-05 16:09:34,733 [INFO] ImportTextPane:234 - (OptionalMessage_ERROR) Unable to find key (Mcu.ThirdPartyNb) in loaded IOC file
2026-05-05 16:09:34,735 [INFO] ImportTextPane:234 - (OptionalMessage_ERROR) Pin34 (VP_RIF_VS_RIF1) cannot be retrieved for this MCU
2026-05-05 16:09:34,945 [INFO] RtosManager:558 - Registered RTOS mode: class=CMSIS, group=RTOS, mode=CMSIS_V1, owner=FREERTOS
2026-05-05 16:09:34,945 [INFO] RtosManager:558 - Registered RTOS mode: class=CMSIS, group=RTOS2, mode=CMSIS_V2, owner=FREERTOS
2026-05-05 16:09:34,946 [INFO] RtosManager:558 - Registered RTOS mode: class=RTOS, group=Core, mode=CMSIS_V1, owner=FREERTOS
2026-05-05 16:09:34,946 [INFO] RtosManager:558 - Registered RTOS mode: class=RTOS, group=Core, mode=CMSIS_V2, owner=FREERTOS
2026-05-05 16:09:34,946 [WARN] ModelIntegratedComponent:184 - Missing modes for component STMicroelectronics:FreeRTOS:0.0.1:STMicroelectronics:RTOS:FreeRTOS:Core:::10.2.0:
2026-05-05 16:09:34,958 [WARN] ModelIntegratedComponent:63 - No mode defined for component null
2026-05-05 16:09:34,958 [WARN] ModelIntegratedComponent:63 - No mode defined for component null
2026-05-05 16:09:34,958 [WARN] ModelIntegratedComponent:63 - No mode defined for component null
2026-05-05 16:09:34,958 [WARN] ModelIntegratedComponent:63 - No mode defined for component null
2026-05-05 16:09:34,958 [WARN] ModelIntegratedComponent:63 - No mode defined for component null
2026-05-05 16:09:34,958 [WARN] ModelIntegratedComponent:63 - No mode defined for component null
2026-05-05 16:09:34,958 [WARN] ModelIntegratedComponent:63 - No mode defined for component null
2026-05-05 16:09:34,958 [WARN] ModelIntegratedComponent:63 - No mode defined for component null
2026-05-05 16:09:34,958 [WARN] ModelIntegratedComponent:63 - No mode defined for component null
2026-05-05 16:09:34,958 [WARN] ModelIntegratedComponent:63 - No mode defined for component null
2026-05-05 16:09:34,959 [WARN] ModelIntegratedComponent:63 - No mode defined for component null
2026-05-05 16:09:34,959 [WARN] ModelIntegratedComponent:63 - No mode defined for component null
2026-05-05 16:09:34,959 [WARN] ModelIntegratedComponent:63 - No mode defined for component null
2026-05-05 16:09:34,959 [WARN] ModelIntegratedComponent:63 - No mode defined for component null
2026-05-05 16:09:34,959 [WARN] ModelIntegratedComponent:63 - No mode defined for component null
2026-05-05 16:09:34,959 [WARN] ModelIntegratedComponent:63 - No mode defined for component null
2026-05-05 16:09:34,959 [WARN] ModelIntegratedComponent:63 - No mode defined for component null
2026-05-05 16:09:34,959 [WARN] ModelIntegratedComponent:63 - No mode defined for component null
2026-05-05 16:09:34,959 [WARN] ModelIntegratedComponent:63 - No mode defined for component null
2026-05-05 16:09:34,959 [WARN] ModelIntegratedComponent:63 - No mode defined for component null
2026-05-05 16:09:34,959 [WARN] ModelIntegratedComponent:63 - No mode defined for component null
2026-05-05 16:09:34,959 [WARN] ModelIntegratedComponent:63 - No mode defined for component null
2026-05-05 16:09:34,959 [WARN] ModelIntegratedComponent:63 - No mode defined for component null
2026-05-05 16:09:34,959 [WARN] ModelIntegratedComponent:63 - No mode defined for component null
2026-05-05 16:09:34,959 [WARN] ModelIntegratedComponent:63 - No mode defined for component null
2026-05-05 16:09:34,959 [WARN] ModelIntegratedComponent:63 - No mode defined for component null
2026-05-05 16:09:34,959 [WARN] ModelIntegratedComponent:63 - No mode defined for component null
2026-05-05 16:09:34,959 [WARN] ModelIntegratedComponent:63 - No mode defined for component null
2026-05-05 16:09:34,959 [WARN] ModelIntegratedComponent:63 - No mode defined for component null
2026-05-05 16:09:34,959 [WARN] ModelIntegratedComponent:63 - No mode defined for component null
2026-05-05 16:09:34,959 [WARN] ModelIntegratedComponent:63 - No mode defined for component null
2026-05-05 16:09:34,959 [WARN] ModelIntegratedComponent:63 - No mode defined for component null
2026-05-05 16:09:34,959 [WARN] ModelIntegratedComponent:63 - No mode defined for component null
2026-05-05 16:09:34,959 [WARN] ModelIntegratedComponent:63 - No mode defined for component null
2026-05-05 16:09:34,959 [WARN] ModelIntegratedComponent:63 - No mode defined for component null
2026-05-05 16:09:34,959 [WARN] ModelPack:524 - Component already loaded: STMicroelectronics:HAL Drivers:0.0.0:STMicroelectronics:Device:STMicro_Driver:XSPI:HAL::0.0.1:HAL_XSPI
2026-05-05 16:09:35,093 [INFO] ThirdPartyModel:298 - Start build external matchings
2026-05-05 16:09:35,958 [INFO] ThirdPartyModel:316 - End build external matchings
2026-05-05 16:09:36,395 [INFO] UtilMem:75 - End LoadConfig() Used Memory: 935406680 Bytes (1073741824)
2026-05-05 16:09:36,471 [WARN] ThirdParty:833 - waiting for thirdparty lock release [change project]
2026-05-05 16:09:36,471 [INFO] ThirdParty:835 - entering critical section [change project]
2026-05-05 16:09:36,471 [INFO] ThirdParty:1030 - CMSIS Pack Vendor :STMicroelectronics X-CUBE-AZRTOS-H7 3.5.0
2026-05-05 16:09:36,472 [INFO] ThirdParty:1030 - CMSIS Pack Vendor :STMicroelectronics X-CUBE-PM33A1 1.0.0
2026-05-05 16:09:36,472 [INFO] ThirdParty:1030 - CMSIS Pack Vendor :STMicroelectronics USBPD 4.1
2026-05-05 16:09:36,472 [INFO] ThirdParty:1030 - CMSIS Pack Vendor :STMicroelectronics X-CUBE-NFC9 1.0.0
2026-05-05 16:09:36,472 [INFO] ThirdParty:1030 - CMSIS Pack Vendor :STMicroelectronics USB_HOST 2.0.0
2026-05-05 16:09:36,472 [INFO] ThirdParty:1030 - CMSIS Pack Vendor :STMicroelectronics X-CUBE-AZRTOS-F4 1.1.0
2026-05-05 16:09:36,472 [INFO] ThirdParty:1030 - CMSIS Pack Vendor :STMicroelectronics LIBJPEG 8.0.0
2026-05-05 16:09:36,472 [INFO] ThirdParty:1030 - CMSIS Pack Vendor :STMicroelectronics FP-ATR-ASTRA1 2.0.2
2026-05-05 16:09:36,472 [INFO] ThirdParty:1030 - CMSIS Pack Vendor :STMicroelectronics X-CUBE-BLE1 7.1.0
2026-05-05 16:09:36,472 [INFO] ThirdParty:1030 - CMSIS Pack Vendor :STMicroelectronics X-CUBE-SMBUS 2.1.0
2026-05-05 16:09:36,472 [INFO] ThirdParty:1030 - CMSIS Pack Vendor :wolfSSL I-CUBE-wolfMQTT 1.19.2
2026-05-05 16:09:36,472 [INFO] ThirdParty:1030 - CMSIS Pack Vendor :STMicroelectronics USB_DEVICE 3.0.0
2026-05-05 16:09:36,472 [INFO] ThirdParty:1030 - CMSIS Pack Vendor :STMicroelectronics X-CUBE-ISPU 2.1.0
2026-05-05 16:09:36,472 [INFO] ThirdParty:1030 - CMSIS Pack Vendor :STMicroelectronics X-CUBE-EEPRMA1 5.2.0
2026-05-05 16:09:36,472 [INFO] ThirdParty:1030 - CMSIS Pack Vendor :STMicroelectronics X-CUBE-IPS 3.2.0
2026-05-05 16:09:36,472 [INFO] ThirdParty:1030 - CMSIS Pack Vendor :STMicroelectronics X-CUBE-BLEMGR 4.1.0
2026-05-05 16:09:36,472 [INFO] ThirdParty:1030 - CMSIS Pack Vendor :STMicroelectronics eDS-WB_DPC_TT-BIDIR 2.1.1
2026-05-05 16:09:36,472 [INFO] ThirdParty:1030 - CMSIS Pack Vendor :STMicroelectronics X-CUBE-AZRTOS-WB 2.0.0
2026-05-05 16:09:36,472 [INFO] ThirdParty:1030 - CMSIS Pack Vendor :wolfSSL I-CUBE-wolfSSL 5.8.4
2026-05-05 16:09:36,472 [INFO] ThirdParty:1030 - CMSIS Pack Vendor :Cesanta I-CUBE-Mongoose 7.20.0
2026-05-05 16:09:36,472 [INFO] ThirdParty:1030 - CMSIS Pack Vendor :STMicroelectronics X-CUBE-NFC12 1.0.0
2026-05-05 16:09:36,472 [INFO] ThirdParty:1030 - CMSIS Pack Vendor :STMicroelectronics X-CUBE-AZRTOS-F7 1.1.0
2026-05-05 16:09:36,472 [INFO] ThirdParty:1030 - CMSIS Pack Vendor :STMicroelectronics X-CUBE-AZRTOS-L5 2.0.0
2026-05-05 16:09:36,472 [INFO] ThirdParty:1030 - CMSIS Pack Vendor :STMicroelectronics USB_DEVICE 2.0.0
2026-05-05 16:09:36,472 [INFO] ThirdParty:1030 - CMSIS Pack Vendor :STMicroelectronics FP-SNS-STAIOTCFT 1.1.0
2026-05-05 16:09:36,472 [INFO] ThirdParty:1030 - CMSIS Pack Vendor :quantropi X-CUBE-qispace-sdk-base 2.1.0
2026-05-05 16:09:36,472 [INFO] ThirdParty:1030 - CMSIS Pack Vendor :STMicroelectronics X-CUBE-MEMS1 12.0.0
2026-05-05 16:09:36,473 [INFO] ThirdParty:1030 - CMSIS Pack Vendor :STMicroelectronics X-CUBE-STSE01 2.0.0
2026-05-05 16:09:36,473 [INFO] ThirdParty:1030 - CMSIS Pack Vendor :STMicroelectronics FP-SNS-MOTENV1 5.1.0
2026-05-05 16:09:36,473 [INFO] ThirdParty:1030 - CMSIS Pack Vendor :STMicroelectronics FreeRTOS 0.0.1
2026-05-05 16:09:36,473 [INFO] ThirdParty:1030 - CMSIS Pack Vendor :STMicroelectronics X-CUBE-AZRTOS-G0 1.1.0
2026-05-05 16:09:36,473 [INFO] ThirdParty:1030 - CMSIS Pack Vendor :STMicroelectronics X-CUBE-NFC4 3.0.0
2026-05-05 16:09:36,473 [INFO] ThirdParty:1030 - CMSIS Pack Vendor :STMicroelectronics X-CUBE-SUBG2 5.0.0
2026-05-05 16:09:36,473 [INFO] ThirdParty:1030 - CMSIS Pack Vendor :STMicroelectronics STM32_WPAN 1.0.0
2026-05-05 16:09:36,473 [INFO] ThirdParty:1030 - CMSIS Pack Vendor :STMicroelectronics eDS-WB_DPC_VIENNA 1.2.0
2026-05-05 16:09:36,473 [INFO] ThirdParty:1030 - CMSIS Pack Vendor :EmbeddedOffice I-CUBE-FS-RTOS 1.0.1
2026-05-05 16:09:36,473 [INFO] ThirdParty:1030 - CMSIS Pack Vendor :STMicroelectronics lwIP 2.0.3
2026-05-05 16:09:36,473 [INFO] ThirdParty:1030 - CMSIS Pack Vendor :WES I-CUBE-Cesium 1.4.0
2026-05-05 16:09:36,473 [INFO] ThirdParty:1030 - CMSIS Pack Vendor :STMicroelectronics eDS-WB_DPC_3PH2L-BIDIR 1.1.1
2026-05-05 16:09:36,473 [INFO] ThirdParty:1030 - CMSIS Pack Vendor :STMicroelectronics USB_HOST 1.0.0
2026-05-05 16:09:36,473 [INFO] ThirdParty:1030 - CMSIS Pack Vendor :STMicroelectronics X-CUBE-AZRTOS-G4 2.0.0
2026-05-05 16:09:36,474 [INFO] ThirdParty:1030 - CMSIS Pack Vendor :STMicroelectronics X-CUBE-WB05N 2.0.0
2026-05-05 16:09:36,474 [INFO] ThirdParty:1030 - CMSIS Pack Vendor :STMicroelectronics PDM2PCM 3.1.0
2026-05-05 16:09:36,474 [INFO] ThirdParty:1030 - CMSIS Pack Vendor :STMicroelectronics PDM2PCM 3.3.0
2026-05-05 16:09:36,474 [INFO] ThirdParty:1030 - CMSIS Pack Vendor :wolfSSL I-CUBE-wolfTPM 3.8.0
2026-05-05 16:09:36,474 [INFO] ThirdParty:1030 - CMSIS Pack Vendor :STMicroelectronics X-CUBE-DISPLAY 3.0.0
2026-05-05 16:09:36,474 [INFO] ThirdParty:1030 - CMSIS Pack Vendor :wolfSSL I-CUBE-wolfSSH 1.4.20
2026-05-05 16:09:36,474 [INFO] ThirdParty:1030 - CMSIS Pack Vendor :STMicroelectronics X-CUBE-NFC7 2.0.0
2026-05-05 16:09:36,474 [INFO] ThirdParty:1030 - CMSIS Pack Vendor :STMicroelectronics X-CUBE-GNSS1 7.1.1
2026-05-05 16:09:36,474 [INFO] ThirdParty:1030 - CMSIS Pack Vendor :STMicroelectronics FP-SNS-MOTENVWB1 1.5.0
2026-05-05 16:09:36,474 [INFO] ThirdParty:1030 - CMSIS Pack Vendor :STMicroelectronics X-CUBE-TCPP 4.2.0
2026-05-05 16:09:36,474 [INFO] ThirdParty:1030 - CMSIS Pack Vendor :RealThread X-CUBE-RT-Thread_Nano 4.1.1
2026-05-05 16:09:36,474 [INFO] ThirdParty:1030 - CMSIS Pack Vendor :STMicroelectronics FP-ATR-SIGFOX1 3.2.0
2026-05-05 16:09:36,474 [INFO] ThirdParty:1030 - CMSIS Pack Vendor :STMicroelectronics X-CUBE-NFC10 1.0.0
2026-05-05 16:09:36,474 [INFO] ThirdParty:1030 - CMSIS Pack Vendor :STMicroelectronics HAL Drivers 0.0.0
2026-05-05 16:09:36,474 [INFO] ThirdParty:1030 - CMSIS Pack Vendor :STMicroelectronics X-CUBE-FREERTOS 1.5.0
2026-05-05 16:09:36,474 [INFO] ThirdParty:1030 - CMSIS Pack Vendor :STMicroelectronics MBEDTLS 2.16.2
2026-05-05 16:09:36,474 [INFO] ThirdParty:1030 - CMSIS Pack Vendor :STMicroelectronics X-CUBE-ST60 1.1.0
2026-05-05 16:09:36,474 [INFO] ThirdParty:1030 - CMSIS Pack Vendor :STMicroelectronics X-CUBE-ALS 1.0.2
2026-05-05 16:09:36,474 [INFO] ThirdParty:1030 - CMSIS Pack Vendor :emotas I-CUBE-CANOPEN 1.3.0
2026-05-05 16:09:36,474 [INFO] ThirdParty:1030 - CMSIS Pack Vendor :STMicroelectronics MBEDTLS 2.14.1
2026-05-05 16:09:36,474 [INFO] ThirdParty:1030 - CMSIS Pack Vendor :STMicroelectronics X-CUBE-GNSS1 7.1.0
2026-05-05 16:09:36,474 [INFO] ThirdParty:1030 - CMSIS Pack Vendor :ITTIA_DB I-CUBE-ITTIADB 8.9.0
2026-05-05 16:09:36,474 [INFO] ThirdParty:1030 - CMSIS Pack Vendor :STMicroelectronics X-CUBE-TOUCHGFX 4.26.1
2026-05-05 16:09:36,474 [INFO] ThirdParty:1030 - CMSIS Pack Vendor :STMicroelectronics X-CUBE-NFC6 3.2.0
2026-05-05 16:09:36,474 [INFO] ThirdParty:1030 - CMSIS Pack Vendor :STMicroelectronics FP-SNS-STBOX1 2.1.0
2026-05-05 16:09:36,475 [INFO] ThirdParty:1030 - CMSIS Pack Vendor :STMicroelectronics X-CUBE-AI 10.2.0
2026-05-05 16:09:36,475 [INFO] ThirdParty:1030 - CMSIS Pack Vendor :STMicroelectronics FP-SNS-STAIOTCFT 1.0.0
2026-05-05 16:09:36,475 [INFO] ThirdParty:1030 - CMSIS Pack Vendor :STMicroelectronics ThreadX 1.0.0
2026-05-05 16:09:36,475 [INFO] ThirdParty:1030 - CMSIS Pack Vendor :STMicroelectronics FP-SNS-SMARTAG2 1.2.0
2026-05-05 16:09:36,475 [INFO] ThirdParty:1030 - CMSIS Pack Vendor :STMicroelectronics X-CUBE-MEMS1 12.1.0
2026-05-05 16:09:36,475 [INFO] ThirdParty:1030 - CMSIS Pack Vendor :STMicroelectronics FP-SNS-FLIGHT1 5.1.0
2026-05-05 16:09:36,475 [INFO] ThirdParty:1030 - CMSIS Pack Vendor :STMicroelectronics X-CUBE-AZRTOS-WL 2.0.0
2026-05-05 16:09:36,475 [INFO] ThirdParty:1030 - CMSIS Pack Vendor :SEGGER I-CUBE-embOS 1.3.1
2026-05-05 16:09:36,475 [INFO] ThirdParty:1030 - CMSIS Pack Vendor :STMicroelectronics X-CUBE-ALGOBUILD 1.4.0
2026-05-05 16:09:36,475 [INFO] ThirdParty:1030 - CMSIS Pack Vendor :STMicroelectronics X-CUBE-DPower 1.3.0
2026-05-05 16:09:36,475 [INFO] ThirdParty:1030 - CMSIS Pack Vendor :STMicroelectronics USB_DEVICE 1.0.0
2026-05-05 16:09:36,475 [INFO] ThirdParty:1030 - CMSIS Pack Vendor :STMicroelectronics X-CUBE-AZRTOS-H7RS 1.2.0
2026-05-05 16:09:36,475 [INFO] ThirdParty:1030 - CMSIS Pack Vendor :STMicroelectronics X-CUBE-AZRTOS-L4 2.0.0
2026-05-05 16:09:36,475 [INFO] ThirdParty:1030 - CMSIS Pack Vendor :STMicroelectronics ThreadX 0.0.2
2026-05-05 16:09:36,475 [INFO] ThirdParty:1030 - CMSIS Pack Vendor :STMicroelectronics lwIP 2.1.2
2026-05-05 16:09:36,475 [INFO] ThirdParty:1030 - CMSIS Pack Vendor :STMicroelectronics X-CUBE-SFXS2LP1 4.0.0
2026-05-05 16:09:36,475 [INFO] ThirdParty:1030 - CMSIS Pack Vendor :STMicroelectronics X-CUBE-BLE2 3.3.0
2026-05-05 16:09:36,475 [INFO] ThirdParty:1030 - CMSIS Pack Vendor :Avnet-IOTCONNECT X-CUBE-iotc-st67-sdk 1.0.0
2026-05-05 16:09:36,475 [INFO] ThirdParty:1030 - CMSIS Pack Vendor :STMicroelectronics X-CUBE-TOF1 3.4.3
2026-05-05 16:09:36,475 [INFO] ThirdParty:1030 - CMSIS Pack Vendor :Infineon AIROC-Wi-Fi-Bluetooth-STM32 1.8.0
2026-05-05 16:09:36,475 [INFO] ThirdParty:1030 - CMSIS Pack Vendor :STMicroelectronics PDM2PCM 3.2.0
2026-05-05 16:09:36,475 [INFO] ThirdParty:1030 - CMSIS Pack Vendor :STMicroelectronics X-CUBE-WB05N 2.1.0
2026-05-05 16:09:36,475 [INFO] ThirdParty:1030 - CMSIS Pack Vendor :STMicroelectronics X-CUBE-ST67W61 1.2.0
2026-05-05 16:09:36,475 [INFO] ThirdParty:841 - exiting critical section [change project]
2026-05-05 16:09:36,922 [INFO] PinOutPanel:1589 - setPackage(No Configuration,No Configuration)
2026-05-05 16:09:36,922 [INFO] PinOutPanel:1589 - setPackage(STM32F407VGTx,LQFP100)
2026-05-05 16:09:37,234 [INFO] UtilMem:75 - Before build in PCC Used Memory: 920411896 Bytes (1073741824)
2026-05-05 16:09:37,534 [INFO] UtilMem:75 - After build in PCC Used Memory: 966022904 Bytes (1073741824)
2026-05-05 16:09:37,560 [INFO] IPUIPlugin:80 - create IPUIPlugin
2026-05-05 16:09:37,561 [INFO] IPUIPlugin:80 - create IPUIPlugin
2026-05-05 16:09:37,561 [INFO] IPUIPlugin:80 - create IPUIPlugin
2026-05-05 16:09:37,561 [INFO] IPUIPlugin:80 - create IPUIPlugin
2026-05-05 16:09:37,561 [INFO] IPUIPlugin:80 - create IPUIPlugin
2026-05-05 16:09:37,561 [INFO] IPUIPlugin:80 - create IPUIPlugin
2026-05-05 16:09:37,561 [INFO] IPUIPlugin:80 - create IPUIPlugin
2026-05-05 16:09:37,561 [INFO] IPUIPlugin:80 - create IPUIPlugin
2026-05-05 16:09:37,562 [INFO] IPUIPlugin:80 - create IPUIPlugin
2026-05-05 16:09:37,562 [INFO] IPUIPlugin:80 - create IPUIPlugin
2026-05-05 16:09:37,562 [INFO] IPUIPlugin:80 - create IPUIPlugin
2026-05-05 16:09:37,562 [INFO] IPUIPlugin:80 - create IPUIPlugin
2026-05-05 16:09:37,562 [INFO] IPUIPlugin:80 - create IPUIPlugin
2026-05-05 16:09:37,562 [INFO] IPUIPlugin:80 - create IPUIPlugin
2026-05-05 16:09:37,563 [INFO] IPUIPlugin:80 - create IPUIPlugin
2026-05-05 16:09:37,563 [INFO] IPUIPlugin:80 - create IPUIPlugin
2026-05-05 16:09:37,563 [INFO] IPUIPlugin:80 - create IPUIPlugin
2026-05-05 16:09:37,563 [INFO] IPUIPlugin:80 - create IPUIPlugin
2026-05-05 16:09:37,563 [INFO] IPUIPlugin:80 - create IPUIPlugin
2026-05-05 16:09:37,563 [INFO] IPUIPlugin:80 - create IPUIPlugin
2026-05-05 16:09:37,563 [INFO] IPUIPlugin:80 - create IPUIPlugin
2026-05-05 16:09:37,564 [INFO] IPUIPlugin:80 - create IPUIPlugin
2026-05-05 16:09:37,564 [INFO] IPUIPlugin:80 - create IPUIPlugin
2026-05-05 16:09:37,565 [INFO] IPUIPlugin:80 - create IPUIPlugin
2026-05-05 16:09:37,566 [INFO] IPUIPlugin:80 - create IPUIPlugin
2026-05-05 16:09:37,566 [INFO] IPUIPlugin:80 - create IPUIPlugin
2026-05-05 16:09:37,566 [INFO] IPUIPlugin:80 - create IPUIPlugin
2026-05-05 16:09:37,567 [INFO] IPUIPlugin:80 - create IPUIPlugin
2026-05-05 16:09:37,567 [INFO] IPUIPlugin:80 - create IPUIPlugin
2026-05-05 16:09:37,567 [INFO] IPUIPlugin:80 - create IPUIPlugin
2026-05-05 16:09:37,567 [INFO] IPUIPlugin:80 - create IPUIPlugin
2026-05-05 16:09:37,568 [INFO] IPUIPlugin:80 - create IPUIPlugin
2026-05-05 16:09:37,568 [INFO] IPUIPlugin:80 - create IPUIPlugin
2026-05-05 16:09:37,568 [INFO] IPUIPlugin:80 - create IPUIPlugin
2026-05-05 16:09:37,568 [INFO] IPUIPlugin:80 - create IPUIPlugin
2026-05-05 16:09:37,569 [INFO] IPUIPlugin:80 - create IPUIPlugin
2026-05-05 16:09:37,570 [INFO] IPUIPlugin:80 - create IPUIPlugin
2026-05-05 16:09:37,570 [INFO] IPUIPlugin:80 - create IPUIPlugin
2026-05-05 16:09:37,571 [INFO] IPUIPlugin:80 - create IPUIPlugin
2026-05-05 16:09:37,571 [INFO] IPUIPlugin:80 - create IPUIPlugin
2026-05-05 16:09:37,571 [INFO] IPUIPlugin:80 - create IPUIPlugin
2026-05-05 16:09:37,571 [INFO] IPUIPlugin:80 - create IPUIPlugin
2026-05-05 16:09:37,572 [INFO] IPUIPlugin:80 - create IPUIPlugin
2026-05-05 16:09:37,572 [INFO] IPUIPlugin:80 - create IPUIPlugin
2026-05-05 16:09:37,572 [INFO] IPUIPlugin:80 - create IPUIPlugin
2026-05-05 16:09:37,572 [INFO] IPUIPlugin:80 - create IPUIPlugin
2026-05-05 16:09:37,573 [INFO] IPUIPlugin:80 - create IPUIPlugin
2026-05-05 16:09:37,573 [INFO] IPUIPlugin:80 - create IPUIPlugin
2026-05-05 16:09:37,573 [INFO] IPUIPlugin:80 - create IPUIPlugin
2026-05-05 16:09:37,574 [INFO] IPUIPlugin:80 - create IPUIPlugin
2026-05-05 16:09:37,574 [INFO] IPUIPlugin:80 - create IPUIPlugin
2026-05-05 16:09:37,574 [INFO] IPUIPlugin:80 - create IPUIPlugin
2026-05-05 16:09:37,575 [INFO] IPUIPlugin:80 - create IPUIPlugin
2026-05-05 16:09:37,575 [INFO] IPUIPlugin:80 - create IPUIPlugin
2026-05-05 16:09:37,576 [INFO] IPUIPlugin:80 - create IPUIPlugin
2026-05-05 16:09:37,576 [INFO] IPUIPlugin:80 - create IPUIPlugin
2026-05-05 16:09:37,576 [INFO] IPUIPlugin:80 - create IPUIPlugin
2026-05-05 16:09:37,577 [INFO] IPUIPlugin:80 - create IPUIPlugin
2026-05-05 16:09:37,585 [INFO] ApiDbMcu:532 - Load IP Config File for PDM2PCM
2026-05-05 16:09:37,635 [INFO] CADModel:165 - CPN selected for project levelSTM32F407VGT6
2026-05-05 16:09:37,635 [INFO] CADModel:114 - Register for checkConnection events
2026-05-05 16:09:37,690 [INFO] OpenFileManager:386 - Restore cursor
2026-05-05 16:09:38,331 [INFO] UtilMem:75 - End SaveConfig() Used Memory: 890239960 Bytes (1073741824)
2026-05-05 16:09:38,452 [INFO] UtilMem:75 - End SaveConfig() Used Memory: 911404624 Bytes (1073741824)
2026-05-05 16:09:38,871 [INFO] BlockDiagram:2775 - set Specific Code input for plugin: SYS
2026-05-05 16:09:38,871 [INFO] BlockDiagram:2775 - set Specific Code input for plugin: RCC
2026-05-05 16:09:38,871 [INFO] BlockDiagram:2775 - set Specific Code input for plugin: NVIC
2026-05-05 16:09:38,871 [INFO] BlockDiagram:2775 - set Specific Code input for plugin: GPIO
2026-05-05 16:09:38,871 [INFO] CodeGenerator:892 - code generatio: config db path: C:\ST\STM32CubeIDE_1.19.0\STM32CubeIDE\plugins\com.st.stm32cube.common.mx_6.15.0.202507011659\\db\
2026-05-05 16:09:39,005 [INFO] CodeEngine:265 - oldGeneratedFile, D:\RTOS_stm32\task_delete\MXTmpFiles\license.tmp_save
2026-05-05 16:09:39,300 [INFO] CodeEngine:289 - Generated code: D:\RTOS_stm32\task_delete\MXTmpFiles\license.tmp
2026-05-05 16:09:39,387 [INFO] CodeEngine:265 - oldGeneratedFile, D:\RTOS_stm32\task_delete\MXTmpFiles\gpio.tmp_save
2026-05-05 16:09:39,581 [INFO] CodeEngine:289 - Generated code: D:\RTOS_stm32\task_delete\MXTmpFiles\gpio.tmp
2026-05-05 16:09:39,629 [INFO] CodeEngine:265 - oldGeneratedFile, D:\RTOS_stm32\task_delete\Core\Src\stm32f4xx_it.c_save
2026-05-05 16:09:39,987 [INFO] CodeEngine:289 - Generated code: D:\RTOS_stm32\task_delete\Core\Src\stm32f4xx_it.c
2026-05-05 16:09:39,997 [INFO] CodeEngine:265 - oldGeneratedFile, D:\RTOS_stm32\task_delete\Core\Inc\stm32f4xx_it.h_save
2026-05-05 16:09:40,185 [INFO] CodeEngine:289 - Generated code: D:\RTOS_stm32\task_delete\Core\Inc\stm32f4xx_it.h
2026-05-05 16:09:40,212 [INFO] CodeEngine:265 - oldGeneratedFile, D:\RTOS_stm32\task_delete\Core\Src\stm32f4xx_hal_msp.c_save
2026-05-05 16:09:40,486 [INFO] CodeEngine:289 - Generated code: D:\RTOS_stm32\task_delete\Core\Src\stm32f4xx_hal_msp.c
2026-05-05 16:09:40,493 [INFO] CodeEngine:265 - oldGeneratedFile, D:\RTOS_stm32\task_delete\MXTmpFiles\system.tmp_save
2026-05-05 16:09:40,609 [INFO] CodeEngine:289 - Generated code: D:\RTOS_stm32\task_delete\MXTmpFiles\system.tmp
2026-05-05 16:09:40,656 [INFO] CodeEngine:321 - oldGeneratedFile, D:\RTOS_stm32\task_delete\Core\Inc\stm32f4xx_hal_conf.h_save
2026-05-05 16:09:40,852 [INFO] CodeEngine:345 - Generated code: D:\RTOS_stm32\task_delete\Core\Inc\stm32f4xx_hal_conf.h
2026-05-05 16:09:40,892 [INFO] ApiDbMcu:532 - Load IP Config File for RCC
2026-05-05 16:09:40,911 [INFO] CodeEngine:265 - oldGeneratedFile, D:\RTOS_stm32\task_delete\Core\Inc\main.h_save
2026-05-05 16:09:41,037 [INFO] CodeEngine:289 - Generated code: D:\RTOS_stm32\task_delete\Core\Inc\main.h
2026-05-05 16:09:41,044 [INFO] CodeEngine:265 - oldGeneratedFile, D:\RTOS_stm32\task_delete\Core\Src\main.c_save
2026-05-05 16:09:41,178 [INFO] CodeEngine:289 - Generated code: D:\RTOS_stm32\task_delete\Core\Src\main.c
2026-05-05 16:09:41,730 [INFO] ProjectBuilder:3606 - Time for Copy HAL[1] : 320mS.
2026-05-05 16:09:41,737 [INFO] ProjectBuilder:5216 - Project Generator version: 4.7.0-B52
2026-05-05 16:09:41,829 [INFO] ConfigFileManager:1595 - The Die is : DIE413
2026-05-05 16:09:41,835 [INFO] ApiDbMcu:532 - Load IP Config File for FATFS
2026-05-05 16:09:41,841 [INFO] ApiDbMcu:532 - Load IP Config File for FREERTOS
2026-05-05 16:09:41,844 [INFO] ApiDbMcu:532 - Load IP Config File for LIBJPEG
2026-05-05 16:09:41,852 [INFO] ApiDbMcu:532 - Load IP Config File for LWIP
2026-05-05 16:09:41,856 [INFO] ApiDbMcu:532 - Load IP Config File for MBEDTLS
2026-05-05 16:09:41,865 [INFO] ApiDbMcu:532 - Load IP Config File for USB_DEVICE
2026-05-05 16:09:41,870 [INFO] ApiDbMcu:532 - Load IP Config File for USB_HOST
2026-05-05 16:09:46,722 [INFO] ProjectBuilder:5496 - Time for Generating toolchain IDE Files: 4984mS.
2026-05-05 16:09:46,722 [INFO] ProjectBuilder:3463 - Time for Copy CMSIS : 0mS.
2026-05-05 16:09:46,724 [INFO] ProjectBuilder:3463 - Time for Copy CMSIS : 0mS.
2026-05-05 16:09:47,429 [INFO] McuFinderGlobals:76 - Set McuFinderConnectedMode to true
2026-05-05 16:09:47,437 [INFO] ApiDb:448 - Save user favorites file C:\Users\jahna/.stm32cubeide/favorites.mcus.txt: 0 item(s)
2026-05-05 16:09:47,437 [INFO] ApiDb:452 - User favorites MCUs=[]
2026-05-05 16:09:47,439 [INFO] ApiDb:448 - Save user favorites file C:\Users\jahna/.stm32cubeide/favorites.boards.txt: 1 item(s)
2026-05-05 16:09:47,439 [INFO] ApiDb:452 - User favorites Boards=[STM32F407G-DISC1]
2026-05-05 16:10:12,373 [INFO] RtosManager:1018 - Current active RTOS is FREERTOS [Cortex-M4NS]
2026-05-05 16:10:12,833 [ERROR] RtosPanel:558 - Can not restore the selected Tab for FREERTOS(A reason can be that the tab is no more available.)
2026-05-05 16:10:12,946 [ERROR] RtosPanel:558 - Can not restore the selected Tab for FREERTOS(A reason can be that the tab is no more available.)
2026-05-05 16:10:23,301 [ERROR] RtosPanel:558 - Can not restore the selected Tab for FREERTOS(A reason can be that the tab is no more available.)
2026-05-05 16:10:36,019 [ERROR] RtosPanel:558 - Can not restore the selected Tab for FREERTOS(A reason can be that the tab is no more available.)
2026-05-05 16:10:37,464 [INFO] UtilMem:75 - End SaveConfig() Used Memory: 829876992 Bytes (1073741824)
2026-05-05 16:10:38,883 [INFO] UtilMem:75 - End SaveConfig() Used Memory: 870245120 Bytes (1073741824)
2026-05-05 16:10:41,762 [INFO] UtilMem:75 - End SaveConfig() Used Memory: 991357696 Bytes (1073741824)
2026-05-05 16:10:43,028 [INFO] BlockDiagram:2775 - set Specific Code input for plugin: FREERTOS
2026-05-05 16:10:43,029 [INFO] BlockDiagram:2775 - set Specific Code input for plugin: SYS
2026-05-05 16:10:43,029 [INFO] BlockDiagram:2775 - set Specific Code input for plugin: RCC
2026-05-05 16:10:43,029 [INFO] BlockDiagram:2775 - set Specific Code input for plugin: NVIC
2026-05-05 16:10:43,029 [INFO] BlockDiagram:2775 - set Specific Code input for plugin: USART
2026-05-05 16:10:43,029 [INFO] BlockDiagram:2775 - set Specific Code input for plugin: GPIO
2026-05-05 16:10:43,031 [INFO] CodeGenerator:892 - code generatio: config db path: C:\ST\STM32CubeIDE_1.19.0\STM32CubeIDE\plugins\com.st.stm32cube.common.mx_6.15.0.202507011659\\db\
2026-05-05 16:10:43,161 [INFO] CodeEngine:265 - oldGeneratedFile, D:\RTOS_stm32\task_delete\MXTmpFiles\license.tmp_save
2026-05-05 16:10:43,374 [INFO] CodeEngine:289 - Generated code: D:\RTOS_stm32\task_delete\MXTmpFiles\license.tmp
2026-05-05 16:10:43,416 [INFO] CodeEngine:265 - oldGeneratedFile, D:\RTOS_stm32\task_delete\MXTmpFiles\gpio.tmp_save
2026-05-05 16:10:43,573 [INFO] CodeEngine:289 - Generated code: D:\RTOS_stm32\task_delete\MXTmpFiles\gpio.tmp
2026-05-05 16:10:43,720 [INFO] Middleware:1452 - No code input for Bsp Dependency
2026-05-05 16:10:43,734 [INFO] CodeEngine:265 - oldGeneratedFile, D:\RTOS_stm32\task_delete\MXTmpFiles\rtos_inc.tmp_save
2026-05-05 16:10:43,850 [INFO] CodeEngine:289 - Generated code: D:\RTOS_stm32\task_delete\MXTmpFiles\rtos_inc.tmp
2026-05-05 16:10:43,875 [INFO] CodeEngine:265 - oldGeneratedFile, D:\RTOS_stm32\task_delete\MXTmpFiles\rtos_vars.tmp_save
2026-05-05 16:10:43,998 [INFO] CodeEngine:289 - Generated code: D:\RTOS_stm32\task_delete\MXTmpFiles\rtos_vars.tmp
2026-05-05 16:10:44,006 [INFO] CodeEngine:265 - oldGeneratedFile, D:\RTOS_stm32\task_delete\MXTmpFiles\rtos_pfp.tmp_save
2026-05-05 16:10:44,405 [INFO] CodeEngine:289 - Generated code: D:\RTOS_stm32\task_delete\MXTmpFiles\rtos_pfp.tmp
2026-05-05 16:10:44,419 [INFO] CodeEngine:265 - oldGeneratedFile, D:\RTOS_stm32\task_delete\MXTmpFiles\rtos_obj_creat.tmp_save
2026-05-05 16:10:44,512 [INFO] CodeEngine:289 - Generated code: D:\RTOS_stm32\task_delete\MXTmpFiles\rtos_obj_creat.tmp
2026-05-05 16:10:44,527 [INFO] CodeEngine:265 - oldGeneratedFile, D:\RTOS_stm32\task_delete\MXTmpFiles\rtos_kernelStart.tmp_save
2026-05-05 16:10:44,620 [INFO] CodeEngine:289 - Generated code: D:\RTOS_stm32\task_delete\MXTmpFiles\rtos_kernelStart.tmp
2026-05-05 16:10:44,627 [INFO] CodeEngine:265 - oldGeneratedFile, D:\RTOS_stm32\task_delete\MXTmpFiles\rtos_default_thread.tmp_save
2026-05-05 16:10:44,700 [INFO] CodeEngine:289 - Generated code: D:\RTOS_stm32\task_delete\MXTmpFiles\rtos_default_thread.tmp
2026-05-05 16:10:44,732 [INFO] CodeEngine:265 - oldGeneratedFile, D:\RTOS_stm32\task_delete\MXTmpFiles\rtos_threads.tmp_save
2026-05-05 16:10:44,801 [INFO] CodeEngine:289 - Generated code: D:\RTOS_stm32\task_delete\MXTmpFiles\rtos_threads.tmp
2026-05-05 16:10:44,826 [INFO] Middleware:1452 - No code input for Bsp Dependency
2026-05-05 16:10:44,840 [INFO] CodeEngine:265 - oldGeneratedFile, D:\RTOS_stm32\task_delete\MXTmpFiles\rtos_inc.tmp_save
2026-05-05 16:10:44,916 [INFO] CodeEngine:289 - Generated code: D:\RTOS_stm32\task_delete\MXTmpFiles\rtos_inc.tmp
2026-05-05 16:10:44,923 [INFO] CodeEngine:265 - oldGeneratedFile, D:\RTOS_stm32\task_delete\MXTmpFiles\rtos_vars.tmp_save
2026-05-05 16:10:44,999 [INFO] CodeEngine:289 - Generated code: D:\RTOS_stm32\task_delete\MXTmpFiles\rtos_vars.tmp
2026-05-05 16:10:45,013 [INFO] CodeEngine:265 - oldGeneratedFile, D:\RTOS_stm32\task_delete\MXTmpFiles\rtos_pfp.tmp_save
2026-05-05 16:10:45,081 [INFO] CodeEngine:289 - Generated code: D:\RTOS_stm32\task_delete\MXTmpFiles\rtos_pfp.tmp
2026-05-05 16:10:45,088 [INFO] CodeEngine:265 - oldGeneratedFile, D:\RTOS_stm32\task_delete\MXTmpFiles\rtos_obj_creat.tmp_save
2026-05-05 16:10:45,158 [INFO] CodeEngine:289 - Generated code: D:\RTOS_stm32\task_delete\MXTmpFiles\rtos_obj_creat.tmp
2026-05-05 16:10:45,169 [INFO] CodeEngine:265 - oldGeneratedFile, D:\RTOS_stm32\task_delete\MXTmpFiles\rtos_kernelStart.tmp_save
2026-05-05 16:10:45,249 [INFO] CodeEngine:289 - Generated code: D:\RTOS_stm32\task_delete\MXTmpFiles\rtos_kernelStart.tmp
2026-05-05 16:10:45,257 [INFO] CodeEngine:265 - oldGeneratedFile, D:\RTOS_stm32\task_delete\MXTmpFiles\rtos_default_thread.tmp_save
2026-05-05 16:10:45,347 [INFO] CodeEngine:289 - Generated code: D:\RTOS_stm32\task_delete\MXTmpFiles\rtos_default_thread.tmp
2026-05-05 16:10:45,358 [INFO] CodeEngine:265 - oldGeneratedFile, D:\RTOS_stm32\task_delete\MXTmpFiles\rtos_threads.tmp_save
2026-05-05 16:10:45,431 [INFO] CodeEngine:289 - Generated code: D:\RTOS_stm32\task_delete\MXTmpFiles\rtos_threads.tmp
2026-05-05 16:10:45,456 [INFO] CodeEngine:265 - oldGeneratedFile, D:\RTOS_stm32\task_delete\Core\Inc\FreeRTOSConfig.h_save
2026-05-05 16:10:45,552 [INFO] CodeEngine:289 - Generated code: D:\RTOS_stm32\task_delete\Core\Inc\FreeRTOSConfig.h
2026-05-05 16:10:45,600 [INFO] CodeEngine:265 - oldGeneratedFile, D:\RTOS_stm32\task_delete\Core\Src\freertos.c_save
2026-05-05 16:10:45,682 [INFO] CodeEngine:289 - Generated code: D:\RTOS_stm32\task_delete\Core\Src\freertos.c
2026-05-05 16:10:45,714 [INFO] CodeEngine:265 - oldGeneratedFile, D:\RTOS_stm32\task_delete\Core\Src\stm32f4xx_it.c_save
2026-05-05 16:10:45,821 [INFO] CodeEngine:289 - Generated code: D:\RTOS_stm32\task_delete\Core\Src\stm32f4xx_it.c
2026-05-05 16:10:45,837 [INFO] CodeEngine:265 - oldGeneratedFile, D:\RTOS_stm32\task_delete\Core\Inc\stm32f4xx_it.h_save
2026-05-05 16:10:45,931 [INFO] CodeEngine:289 - Generated code: D:\RTOS_stm32\task_delete\Core\Inc\stm32f4xx_it.h
2026-05-05 16:10:45,946 [INFO] CodeEngine:265 - oldGeneratedFile, D:\RTOS_stm32\task_delete\Core\Src\stm32f4xx_hal_msp.c_save
2026-05-05 16:10:46,083 [INFO] CodeEngine:289 - Generated code: D:\RTOS_stm32\task_delete\Core\Src\stm32f4xx_hal_msp.c
2026-05-05 16:10:46,099 [INFO] CodeEngine:265 - oldGeneratedFile, D:\RTOS_stm32\task_delete\MXTmpFiles\system.tmp_save
2026-05-05 16:10:46,165 [INFO] CodeEngine:289 - Generated code: D:\RTOS_stm32\task_delete\MXTmpFiles\system.tmp
2026-05-05 16:10:46,189 [INFO] CodeEngine:321 - oldGeneratedFile, D:\RTOS_stm32\task_delete\Core\Inc\stm32f4xx_hal_conf.h_save
2026-05-05 16:10:46,281 [INFO] CodeEngine:345 - Generated code: D:\RTOS_stm32\task_delete\Core\Inc\stm32f4xx_hal_conf.h
2026-05-05 16:10:46,315 [INFO] ApiDbMcu:532 - Load IP Config File for USART2
2026-05-05 16:10:46,334 [INFO] CodeEngine:265 - oldGeneratedFile, D:\RTOS_stm32\task_delete\Core\Inc\main.h_save
2026-05-05 16:10:46,439 [INFO] CodeEngine:289 - Generated code: D:\RTOS_stm32\task_delete\Core\Inc\main.h
2026-05-05 16:10:46,450 [INFO] CodeEngine:265 - oldGeneratedFile, D:\RTOS_stm32\task_delete\Core\Src\main.c_save
2026-05-05 16:10:46,595 [INFO] CodeEngine:289 - Generated code: D:\RTOS_stm32\task_delete\Core\Src\main.c
2026-05-05 16:10:47,559 [INFO] ProjectBuilder:3606 - Time for Copy HAL[1] : 621mS.
2026-05-05 16:10:47,569 [INFO] ProjectBuilder:5216 - Project Generator version: 4.7.0-B52
2026-05-05 16:10:47,738 [INFO] ConfigFileManager:1595 - The Die is : DIE413
2026-05-05 16:10:49,205 [INFO] ProjectBuilder:5496 - Time for Generating toolchain IDE Files: 1635mS.
2026-05-05 16:10:49,206 [INFO] ProjectBuilder:3463 - Time for Copy CMSIS : 1mS.
2026-05-05 16:10:49,211 [INFO] ProjectBuilder:3463 - Time for Copy CMSIS : 0mS.
2026-05-05 16:16:18,950 [INFO] WebApp:194 - Connection lost
2026-05-05 16:16:19,623 [INFO] WebApp:191 - Connection restablished
2026-05-05 17:08:25,585 [INFO] MainUpdater:2872 - connection check result : 10
2026-05-05 17:08:27,324 [INFO] McuFinderGlobals:76 - Set McuFinderConnectedMode to true
2026-05-05 17:08:27,405 [INFO] MultiScanPanel:200 - Auto-refresh data requested => check proxy status ongoing
2026-05-05 17:08:27,429 [INFO] FinderPluginLoader:96 - Searching for filters in installed packs
2026-05-05 17:08:33,854 [INFO] LoadUrlFilesThread:185 - End of LoadServerUrlFiles without Thread
2026-05-05 17:08:33,864 [INFO] DetailPanel:341 - Set advertising image to C:/Users/jahna/STM32Cube/Repository/\en.prom-stm32wba2-stm32-nucleo-board-0426.png
2026-05-05 17:08:41,681 [INFO] MultiScanPanel:200 - Auto-refresh data requested => check proxy status ongoing
2026-05-05 17:08:41,886 [INFO] LoadUrlFilesThread:185 - End of LoadServerUrlFiles without Thread
2026-05-05 17:08:41,887 [INFO] DetailPanel:341 - Set advertising image to C:/Users/jahna/STM32Cube/Repository/\en.prom-stm32wba2-stm32-nucleo-board-0426.png
2026-05-05 17:09:03,551 [INFO] MainUpdater:2872 - connection check result : 10
2026-05-05 17:09:03,552 [INFO] MainUpdater:2872 - connection check result : 10
2026-05-05 17:09:03,888 [INFO] MicroXplorer:468 - Change Database Path : 
2026-05-05 17:09:03,888 [INFO] MicroXplorer:498 - Change Database Version : DB.6.0.150
2026-05-05 17:09:03,966 [ERROR] ProjectManagerView:395 - 
java.lang.NullPointerException: Cannot invoke "javax.swing.JTextField.getText()" because the return value of "java.util.List.get(int)" is null
	at com.st.microxplorer.plugins.projectmanager.gui.ProjectChoiceTab$9.caretUpdate(ProjectChoiceTab.java:2706) ~[filemanager.jar:?]
	at javax.swing.text.JTextComponent.fireCaretUpdate(JTextComponent.java:408) ~[?:?]
	at javax.swing.text.JTextComponent$MutableCaretEvent.fire(JTextComponent.java:4484) ~[?:?]
	at javax.swing.text.JTextComponent$MutableCaretEvent.stateChanged(JTextComponent.java:4506) ~[?:?]
	at javax.swing.text.DefaultCaret.fireStateChanged(DefaultCaret.java:857) ~[?:?]
	at javax.swing.text.DefaultCaret.changeCaretPosition(DefaultCaret.java:1343) ~[?:?]
	at javax.swing.text.DefaultCaret.handleSetDot(DefaultCaret.java:1242) ~[?:?]
	at javax.swing.text.DefaultCaret.setDot(DefaultCaret.java:1223) ~[?:?]
	at javax.swing.text.DefaultCaret$Handler.insertUpdate(DefaultCaret.java:1819) ~[?:?]
	at javax.swing.text.AbstractDocument.fireInsertUpdate(AbstractDocument.java:227) ~[?:?]
	at javax.swing.text.AbstractDocument.handleInsertString(AbstractDocument.java:781) ~[?:?]
	at javax.swing.text.AbstractDocument.insertString(AbstractDocument.java:740) ~[?:?]
	at javax.swing.text.PlainDocument.insertString(PlainDocument.java:131) ~[?:?]
	at javax.swing.text.AbstractDocument.replace(AbstractDocument.java:699) ~[?:?]
	at javax.swing.text.JTextComponent.setText(JTextComponent.java:1725) ~[?:?]
	at com.st.microxplorer.plugins.projectmanager.gui.ProjectChoiceTab.createHeapStackFields(ProjectChoiceTab.java:993) ~[filemanager.jar:?]
	at com.st.microxplorer.plugins.projectmanager.gui.ProjectChoiceTab.buildLinkSettingsPanel(ProjectChoiceTab.java:3813) ~[filemanager.jar:?]
	at com.st.microxplorer.plugins.projectmanager.gui.ProjectChoiceTab.defineWindowsFields(ProjectChoiceTab.java:1987) ~[filemanager.jar:?]
	at com.st.microxplorer.plugins.projectmanager.gui.ProjectChoiceTab.updateSettings(ProjectChoiceTab.java:558) ~[filemanager.jar:?]
	at com.st.microxplorer.plugins.projectmanager.gui.ProjectSettingsPanel.UpdateDialog(ProjectSettingsPanel.java:247) ~[filemanager.jar:?]
	at com.st.microxplorer.plugins.projectmanager.ProjectManagerView.propertyChange(ProjectManagerView.java:392) ~[filemanager.jar:?]
	at java.beans.PropertyChangeSupport.fire(PropertyChangeSupport.java:343) ~[?:?]
	at java.beans.PropertyChangeSupport.firePropertyChange(PropertyChangeSupport.java:335) ~[?:?]
	at java.beans.PropertyChangeSupport.firePropertyChange(PropertyChangeSupport.java:268) ~[?:?]
	at com.st.microxplorer.util.MXPropertyChangeSupport.firePropertyChange(MXPropertyChangeSupport.java:54) ~[STM32CubeMX.jar:?]
	at com.st.microxplorer.mxsystem.MxSystem.closeConfig(MxSystem.java:899) ~[STM32CubeMX.jar:?]
	at com.st.microxplorer.maingui.MainPanel.closeConfig(MainPanel.java:792) ~[STM32CubeMX.jar:?]
	at com.st.microxplorer.plugins.filemanager.engine.OpenFileManager.loadConfigurationFile(OpenFileManager.java:288) ~[filemanager.jar:?]
	at com.st.microxplorer.plugins.filemanager.engine.MainFileManager.userLoadConfig(MainFileManager.java:364) ~[filemanager.jar:?]
	at com.st.microxplorer.plugins.filemanager.FileManagerView.getSpecificTask(FileManagerView.java:268) ~[filemanager.jar:?]
	at com.st.stm32cube.common.mx.editor.CubeMxEditor.getMxTabbedPaneInstance(CubeMxEditor.java:1191) ~[com.st.stm32cube.common.mx_6.15.0.202507011659/:?]
	at com.st.stm32cube.common.mx.editor.CubeMxEditor$12$1.createSwingComponent(CubeMxEditor.java:1068) ~[com.st.stm32cube.common.mx_6.15.0.202507011659/:?]
	at com.st.stm32cube.common.mx.oss.core.awtswtbridge.EmbeddedSwingComposite.doComponentCreation(EmbeddedSwingComposite.java:492) ~[com.st.stm32cube.common.mx.oss_6.15.0.202507011659/:?]
	at com.st.stm32cube.common.mx.oss.core.awtswtbridge.EmbeddedSwingComposite$4.run(EmbeddedSwingComposite.java:291) ~[com.st.stm32cube.common.mx.oss_6.15.0.202507011659/:?]
	at com.st.stm32cube.common.mx.oss.core.awtswtbridge.AwtEnvironment$2.run(AwtEnvironment.java:166) ~[com.st.stm32cube.common.mx.oss_6.15.0.202507011659/:?]
	at java.awt.event.InvocationEvent.dispatch(InvocationEvent.java:318) ~[?:?]
	at java.awt.EventQueue.dispatchEventImpl(EventQueue.java:773) ~[?:?]
	at java.awt.EventQueue$4.run(EventQueue.java:720) ~[?:?]
	at java.awt.EventQueue$4.run(EventQueue.java:714) ~[?:?]
	at java.security.AccessController.doPrivileged(AccessController.java:400) ~[?:?]
	at java.security.ProtectionDomain$JavaSecurityAccessImpl.doIntersectionPrivilege(ProtectionDomain.java:87) ~[?:?]
	at java.awt.EventQueue.dispatchEvent(EventQueue.java:742) ~[?:?]
	at java.awt.EventDispatchThread.pumpOneEventForFilters(EventDispatchThread.java:203) ~[?:?]
	at java.awt.EventDispatchThread.pumpEventsForFilter(EventDispatchThread.java:124) ~[?:?]
	at java.awt.EventDispatchThread.pumpEventsForHierarchy(EventDispatchThread.java:113) ~[?:?]
	at java.awt.EventDispatchThread.pumpEvents(EventDispatchThread.java:109) ~[?:?]
	at java.awt.EventDispatchThread.pumpEvents(EventDispatchThread.java:101) ~[?:?]
	at java.awt.EventDispatchThread.run(EventDispatchThread.java:90) ~[?:?]
2026-05-05 17:09:04,040 [WARN] ThirdParty:871 - waiting for thirdparty lock release [close project]
2026-05-05 17:09:04,043 [INFO] ThirdParty:873 - entering critical section [close project]
2026-05-05 17:09:04,044 [INFO] ThirdParty:883 - exiting critical section [close project]
2026-05-05 17:09:04,056 [INFO] PinOutPanel:1589 - setPackage(No Configuration,No Configuration)
2026-05-05 17:09:04,087 [WARN] IpParametersView:155 - Warning: This peripheral hasn't parameters
2026-05-05 17:09:04,108 [WARN] MainPanel:289 - <html><b><center>Warning: This peripheral has no parameters to be configured<br></b></html>
2026-05-05 17:09:04,122 [INFO] UtilMem:75 - Begin LoadConfig() Used Memory: 936204984 Bytes (1073741824)
2026-05-05 17:09:04,126 [INFO] OpenFileManager:355 - Change cursor
2026-05-05 17:09:04,217 [INFO] RulesReader:64 - Compatibility file has been processed (317 Rules)
2026-05-05 17:09:04,236 [INFO] ProjectFactory:514 - No CPN specified for board STM32F407G-DISC1 => set CPN to STM32F407VGT6
2026-05-05 17:09:04,236 [INFO] Mcu:2029 - Initializing MCU STM32F407V(E-G)Tx STM32F407VGTx STM32F407VGT6
2026-05-05 17:09:07,568 [INFO] Context:786 - Trying to add GPIOservice into a context  which must be forbidden
2026-05-05 17:09:08,626 [INFO] Rule:233 - rule 117617 - U5Cobra4M][GTZC] default value MPCBB3 and MPCBB5 - Not Secured memory - MPCBB1 is applicable
2026-05-05 17:09:08,627 [INFO] Rule:233 - rule 117617 - U5Cobra4M][GTZC] default value MPCBB3 and MPCBB5 - Not Secured memory - MPCBB1 is applicable
2026-05-05 17:09:08,628 [INFO] Rule:233 - rule 117617 - U5Cobra4M][GTZC] default value MPCBB3 and MPCBB5 - Not Secured memory - MPCBB2 is applicable
2026-05-05 17:09:08,628 [INFO] Rule:233 - rule 117617 - U5Cobra4M][GTZC] default value MPCBB3 and MPCBB5 - Not Secured memory - MPCBB2 is applicable
2026-05-05 17:09:08,629 [INFO] Rule:233 - rule 117617 - U5Cobra4M][GTZC] default value MPCBB3 and MPCBB5 - Not Secured memory - MPCBB3 is applicable
2026-05-05 17:09:08,629 [INFO] Rule:233 - rule 117617 - U5Cobra4M][GTZC] default value MPCBB3 and MPCBB5 - Not Secured memory - MPCBB3 is applicable
2026-05-05 17:09:08,629 [INFO] Rule:233 - rule 117617 - U5Cobra4M][GTZC] default value MPCBB3 and MPCBB5 - Not Secured memory - MPCBB4 is applicable
2026-05-05 17:09:08,629 [INFO] Rule:233 - rule 117617 - U5Cobra4M][GTZC] default value MPCBB3 and MPCBB5 - Not Secured memory - MPCBB4 is applicable
2026-05-05 17:09:08,629 [INFO] Rule:233 - rule 117617 - U5Cobra4M][GTZC] default value MPCBB3 and MPCBB5 - Secured memory - MPCBB1 is applicable
2026-05-05 17:09:08,629 [INFO] Rule:233 - rule 117617 - U5Cobra4M][GTZC] default value MPCBB3 and MPCBB5 - Secured memory - MPCBB2 is applicable
2026-05-05 17:09:08,629 [INFO] Rule:233 - rule 117617 - U5Cobra4M][GTZC] default value MPCBB3 and MPCBB5 - Secured memory - MPCBB3 is applicable
2026-05-05 17:09:08,629 [INFO] Rule:233 - rule 117617 - U5Cobra4M][GTZC] default value MPCBB3 and MPCBB5 - Secured memory - MPCBB4 is applicable
2026-05-05 17:09:08,629 [INFO] Rule:233 - rule 117617 - U5Cobra4M][GTZC] default value MPCBB3 and MPCBB5 - Privileged memory - MPCBB1 is applicable
2026-05-05 17:09:08,630 [INFO] Rule:233 - rule 117617 - U5Cobra4M][GTZC] default value MPCBB3 and MPCBB5 - Privileged memory - MPCBB2 is applicable
2026-05-05 17:09:08,630 [INFO] Rule:233 - rule 117617 - U5Cobra4M][GTZC] default value MPCBB3 and MPCBB5 - Privileged memory - MPCBB3 is applicable
2026-05-05 17:09:08,630 [INFO] Rule:233 - rule 117617 - U5Cobra4M][GTZC] default value MPCBB3 and MPCBB5 - Privileged memory - MPCBB4 is applicable
2026-05-05 17:09:08,630 [INFO] Rule:233 - rule 117617 - U5Cobra4M][GTZC] default value MPCBB3 and MPCBB5 - Not Privileged memory - MPCBB1 is applicable
2026-05-05 17:09:08,630 [INFO] Rule:233 - rule 117617 - U5Cobra4M][GTZC] default value MPCBB3 and MPCBB5 - Not Privileged memory - MPCBB2 is applicable
2026-05-05 17:09:08,630 [INFO] Rule:233 - rule 117617 - U5Cobra4M][GTZC] default value MPCBB3 and MPCBB5 - Not Privileged memory - MPCBB3 is applicable
2026-05-05 17:09:08,631 [INFO] Rule:233 - rule 117617 - U5Cobra4M][GTZC] default value MPCBB3 and MPCBB5 - Not Privileged memory - MPCBB4 is applicable
2026-05-05 17:09:08,631 [INFO] Rule:233 - rule 117617 - U5Cobra4M][GTZC] default value MPCBB3 and MPCBB5 - Privileged memory - MPCBB1 is applicable
2026-05-05 17:09:08,631 [INFO] Rule:233 - rule 117617 - U5Cobra4M][GTZC] default value MPCBB3 and MPCBB5 - Privileged memory - MPCBB2 is applicable
2026-05-05 17:09:08,631 [INFO] Rule:233 - rule 117617 - U5Cobra4M][GTZC] default value MPCBB3 and MPCBB5 - Privileged memory - MPCBB3 is applicable
2026-05-05 17:09:08,631 [INFO] Rule:233 - rule 117617 - U5Cobra4M][GTZC] default value MPCBB3 and MPCBB5 - Privileged memory - MPCBB4 is applicable
2026-05-05 17:09:08,632 [INFO] Rule:233 - rule 117617 - U5Cobra4M][GTZC] default value MPCBB3 and MPCBB5 - Privileged memory - MPCBB1 is applicable
2026-05-05 17:09:08,632 [INFO] Rule:233 - rule 117617 - U5Cobra4M][GTZC] default value MPCBB3 and MPCBB5 - Privileged memory - MPCBB2 is applicable
2026-05-05 17:09:08,632 [INFO] Rule:233 - rule 117617 - U5Cobra4M][GTZC] default value MPCBB3 and MPCBB5 - Privileged memory - MPCBB3 is applicable
2026-05-05 17:09:08,632 [INFO] Rule:233 - rule 117617 - U5Cobra4M][GTZC] default value MPCBB3 and MPCBB5 - Privileged memory - MPCBB4 is applicable
2026-05-05 17:09:08,632 [INFO] Rule:233 - rule 117617 - U5Cobra4M][GTZC] default value MPCBB3 and MPCBB5 - Not Privileged memory - MPCBB1 is applicable
2026-05-05 17:09:08,632 [INFO] Rule:233 - rule 117617 - U5Cobra4M][GTZC] default value MPCBB3 and MPCBB5 - Not Privileged memory - MPCBB2 is applicable
2026-05-05 17:09:08,632 [INFO] Rule:233 - rule 117617 - U5Cobra4M][GTZC] default value MPCBB3 and MPCBB5 - Not Privileged memory - MPCBB3 is applicable
2026-05-05 17:09:08,632 [INFO] Rule:233 - rule 117617 - U5Cobra4M][GTZC] default value MPCBB3 and MPCBB5 - Not Privileged memory - MPCBB4 is applicable
2026-05-05 17:09:08,633 [INFO] Rule:233 - rule 117617 - U5Cobra4M][GTZC] default value MPCBB3 and MPCBB5 - Privileged memory - MPCBB1 is applicable
2026-05-05 17:09:08,633 [INFO] Rule:233 - rule 117617 - U5Cobra4M][GTZC] default value MPCBB3 and MPCBB5 - Privileged memory - MPCBB2 is applicable
2026-05-05 17:09:08,633 [INFO] Rule:233 - rule 117617 - U5Cobra4M][GTZC] default value MPCBB3 and MPCBB5 - Privileged memory - MPCBB3 is applicable
2026-05-05 17:09:08,633 [INFO] Rule:233 - rule 117617 - U5Cobra4M][GTZC] default value MPCBB3 and MPCBB5 - Privileged memory - MPCBB4 is applicable
2026-05-05 17:09:08,633 [INFO] Rule:233 - rule Rename SubGHz_Phy SUBGHZ_APPLICATION SUBGHZ_PINGPONG to SUBGHZ_ADV_APPLICATION is applicable
2026-05-05 17:09:08,633 [INFO] Rule:233 - rule Rename Enabled to IBEACON is applicable
2026-05-05 17:09:08,633 [INFO] Rule:233 - rule GTZC_S instance for project manager is applicable
2026-05-05 17:09:08,633 [INFO] Rule:233 - rule GTZC_S instance for context M33S is applicable
2026-05-05 17:09:08,633 [INFO] Rule:233 - rule GTZC_S instance value for IP GTZC is applicable
2026-05-05 17:09:08,633 [INFO] Rule:233 - rule GTZC_S instance for mcu.IP is applicable
2026-05-05 17:09:08,634 [INFO] Rule:233 - rule GTZC_S instance for VP is applicable
2026-05-05 17:09:08,634 [INFO] Rule:233 - rule GTZC_S instance for signal is applicable
2026-05-05 17:09:08,634 [INFO] Rule:233 - rule GTZC_S instance for mcu.Pin is applicable
2026-05-05 17:09:08,634 [INFO] Rule:233 - rule GTZC_S instance for VP is applicable
2026-05-05 17:09:08,634 [INFO] Rule:233 - rule GTZC_S instance for signal is applicable
2026-05-05 17:09:08,634 [INFO] Rule:233 - rule GTZC_S instance for mcu is applicable
2026-05-05 17:09:08,634 [INFO] Rule:233 - rule GTZC_S instance for mcu.Pin is applicable
2026-05-05 17:09:08,634 [INFO] Rule:233 - rule GTZC_S instance value for IP GTZC is applicable
2026-05-05 17:09:08,634 [INFO] Rule:233 - rule GTZC_S instance for project manager is applicable
2026-05-05 17:09:08,635 [INFO] Rule:233 - rule GTZC_S instance for context M33S is applicable
2026-05-05 17:09:08,635 [INFO] Rule:233 - rule GTZC_S instance for VP is applicable
2026-05-05 17:09:08,635 [INFO] Rule:233 - rule GTZC_S instance for signal is applicable
2026-05-05 17:09:08,635 [INFO] Rule:233 - rule SPDIFRX instance for mcu is applicable
2026-05-05 17:09:08,635 [INFO] Rule:233 - rule Rename Tracer Mode is applicable
2026-05-05 17:09:08,636 [INFO] Rule:233 - rule SPDIFRX instance value for IP SPDIFRX is applicable
2026-05-05 17:09:08,636 [INFO] Rule:233 - rule SPDIFRX instance for signal is applicable
2026-05-05 17:09:08,636 [INFO] Rule:233 - rule SPDIFRX instance for project manager is applicable
2026-05-05 17:09:08,636 [INFO] Rule:233 - rule SPDIFRX instance for project manager is applicable
2026-05-05 17:09:08,637 [INFO] Rule:233 - rule ADC Scan  fix with FW F7 is applicable
2026-05-05 17:09:08,637 [INFO] Rule:233 - rule ADC Scan  fix with FW F7 is applicable
2026-05-05 17:09:08,637 [INFO] Rule:233 - rule WakeUp0 Mode is applicable
2026-05-05 17:09:08,638 [INFO] Rule:233 - rule WakeUp0 SIGNAL is applicable
2026-05-05 17:09:08,638 [INFO] Rule:233 - rule WakeUp1 Mode is applicable
2026-05-05 17:09:08,638 [INFO] Rule:233 - rule WakeUp1 SIGNAL is applicable
2026-05-05 17:09:08,638 [INFO] Rule:233 - rule WakeUp2 Mode is applicable
2026-05-05 17:09:08,638 [INFO] Rule:233 - rule WakeUp2 SIGNAL is applicable
2026-05-05 17:09:08,638 [INFO] Rule:233 - rule WakeUp4 Mode is applicable
2026-05-05 17:09:08,638 [INFO] Rule:233 - rule WakeUp4 SIGNAL is applicable
2026-05-05 17:09:08,639 [INFO] Rule:233 - rule WakeUp5 Mode is applicable
2026-05-05 17:09:08,639 [INFO] Rule:233 - rule WakeUp5 SIGNAL is applicable
2026-05-05 17:09:08,639 [INFO] Rule:233 - rule UART/USART WORD LENGTH 7 is applicable
2026-05-05 17:09:08,639 [INFO] Rule:233 - rule UART/USART WORD LENGTH 8 is applicable
2026-05-05 17:09:08,639 [INFO] Rule:233 - rule UART/USART WORD LENGTH 9 is applicable
2026-05-05 17:09:08,639 [INFO] Rule:233 - rule Change Default Value for LSE Drive Capability for WB family is applicable
2026-05-05 17:09:08,639 [INFO] Rule:233 - rule Change Default Value for ADC Clock Prescaler G0 family is applicable
2026-05-05 17:09:08,639 [INFO] Rule:233 - rule ADC SamplingTime fix with FW L0  is applicable
2026-05-05 17:09:08,640 [INFO] Rule:233 - rule ADC SamplingTime fix with FW L0  is applicable
2026-05-05 17:09:08,640 [INFO] Rule:233 - rule ADC SamplingTime fix with FW L0 is applicable
2026-05-05 17:09:08,640 [INFO] Rule:233 - rule ADC SamplingTime fix with FW L0 is applicable
2026-05-05 17:09:08,640 [INFO] Rule:233 - rule ADC SamplingTime fix with FW L0  is applicable
2026-05-05 17:09:08,640 [INFO] Rule:233 - rule ADC SamplingTime fix with FW L0 is applicable
2026-05-05 17:09:08,640 [INFO] Rule:233 - rule Rename USB_OE Signal is applicable
2026-05-05 17:09:08,640 [INFO] Rule:233 - rule Rename Activate_OE Mode is applicable
2026-05-05 17:09:08,641 [INFO] Rule:233 - rule Rename DIE462/DIE415 pin PC14/OSC32_IN -> PC14-OSC32_IN (PC14) is applicable
2026-05-05 17:09:08,641 [INFO] Rule:233 - rule Rename DIE462/DIE415 pin PC15/OSC32_OUT -> PC15-OSC32_OUT (PC15) is applicable
2026-05-05 17:09:08,641 [INFO] Rule:233 - rule Rename DIE462/DIE415 pin PH0/OSC_IN -> PH0-OSC_IN (PH0) is applicable
2026-05-05 17:09:08,642 [INFO] Rule:233 - rule Rename DIE462/DIE415 pin PH1/OSC_OUT -> PH1-OSC_OUT (PH1) is applicable
2026-05-05 17:09:08,642 [INFO] Rule:233 - rule Rename DIE462 pin PA13 -> PA13 (JTMS/SWDIO) is applicable
2026-05-05 17:09:08,642 [INFO] Rule:233 - rule Rename DIE415 pin PA13 -> PA13 (JTMS/SWDIO) is applicable
2026-05-05 17:09:08,642 [INFO] Rule:233 - rule Rename DIE462 pin PA14 -> PA14 (JTCK/SWCLK) is applicable
2026-05-05 17:09:08,642 [INFO] Rule:233 - rule Rename DIE415 pin PA14 -> PA14 (JTCK/SWCLK) is applicable
2026-05-05 17:09:08,642 [INFO] Rule:233 - rule Rename DIE462/DIE415 pin PA15 -> PA15 (JTDI) is applicable
2026-05-05 17:09:08,642 [INFO] Rule:233 - rule Rename DIE462 pin PB3 -> PB3 (JTD0/TRACESWO) is applicable
2026-05-05 17:09:08,642 [INFO] Rule:233 - rule Rename DIE415 pin PB3 -> PB3 (JTD0-TRACESWO) is applicable
2026-05-05 17:09:08,642 [INFO] Rule:233 - rule Rename DIE462/DIE415 pin PB4 -> PB4 (NJTRST) is applicable
2026-05-05 17:09:08,642 [INFO] Rule:233 - rule Rename DIE462 pin PH3/BOOT0 -> PH3-BOOT0 (BOOT0) is applicable
2026-05-05 17:09:08,642 [INFO] Rule:233 - rule Rename CRYP DataEncryptionTypesList to Algorithm is applicable
2026-05-05 17:09:08,643 [INFO] Rule:233 - rule Rename AES DataEncryptionTypesList to Algorithm is applicable
2026-05-05 17:09:08,643 [INFO] Rule:233 - rule Rename TDESECB to CRYP_TDES_ECB is applicable
2026-05-05 17:09:08,643 [INFO] Rule:233 - rule Rename TDESCBC to CRYP_TDES_CBC is applicable
2026-05-05 17:09:08,643 [INFO] Rule:233 - rule Rename DESECB to CRYP_DES_ECB is applicable
2026-05-05 17:09:08,643 [INFO] Rule:233 - rule Rename DESCBC to CRYP_DES_CBC is applicable
2026-05-05 17:09:08,644 [INFO] Rule:233 - rule Rename AESECB to CRYP_AES_ECB is applicable
2026-05-05 17:09:08,644 [INFO] Rule:233 - rule Rename AESCBC to CRYP_AES_CBC is applicable
2026-05-05 17:09:08,644 [INFO] Rule:233 - rule Rename AESCTR to CRYP_AES_CTR is applicable
2026-05-05 17:09:08,644 [INFO] Rule:233 - rule Rename AESGCM to CRYP_AES_GCM is applicable
2026-05-05 17:09:08,644 [INFO] Rule:233 - rule Rename AESCCM to CRYP_AES_CCM is applicable
2026-05-05 17:09:08,644 [INFO] Rule:233 - rule Rename CAN TimeSeg1 to BS1 is applicable
2026-05-05 17:09:08,644 [INFO] Rule:233 - rule Rename CAN TimeSeg2 to BS2 is applicable
2026-05-05 17:09:08,647 [INFO] Rule:233 - rule Rename CAN SyncJumpWidth to SJW is applicable
2026-05-05 17:09:08,647 [INFO] Rule:233 - rule TimeTriggeredMode to TTCM is applicable
2026-05-05 17:09:08,647 [INFO] Rule:233 - rule Rename CAN AutoBusOff to ABOM is applicable
2026-05-05 17:09:08,647 [INFO] Rule:233 - rule Rename CAN AutoWakeUp to AWUM is applicable
2026-05-05 17:09:08,647 [INFO] Rule:233 - rule Rename CAN AutoRetransmission to NART is applicable
2026-05-05 17:09:08,647 [INFO] Rule:233 - rule Rename CAN ReceiveFifoLocked to RFLM is applicable
2026-05-05 17:09:08,647 [INFO] Rule:233 - rule Rename CAN TransmitFifoPriority to TXFP is applicable
2026-05-05 17:09:08,656 [INFO] Rule:233 - rule Rename HRTIMER HRTIM_OUTPUTFAULTLEVEL_HIGH in HRTIMER HRTIM_OUTPUTFAULTLEVEL_HIGHZ is applicable
2026-05-05 17:09:08,657 [INFO] Rule:233 - rule Rename TIMER TIM_CLEARINPUTSOURCE_OCREFCLR in  TIMER TIM_CLEARINPUTSOURCE_NONE for F7 family is applicable
2026-05-05 17:09:08,657 [INFO] Rule:233 - rule FDCAN_R1 - Rename FDCAN mode Master into Classic is applicable
2026-05-05 17:09:08,657 [INFO] Rule:233 - rule FDCAN_R2 - Rename FDCAN mode Slave into Classic is applicable
2026-05-05 17:09:08,657 [INFO] Rule:233 - rule FDCAN1_R3 - if PA10.Mode=FullDuplex, add Pin PA12 is applicable
2026-05-05 17:09:08,657 [INFO] Rule:233 - rule FDCAN1_R3 - if PA9.Mode=FullDuplex, add Pin PA11 is applicable
2026-05-05 17:09:08,657 [INFO] Rule:233 - rule FDCAN1_R3 - Alternatepin_1 - if PE1.Mode=FullDuplex, add Pin PB9 is applicable
2026-05-05 17:09:08,657 [INFO] Rule:233 - rule FDCAN1_R3 - Alternatepin_1 - if PE0.Mode=FullDuplex, add Pin PB8 is applicable
2026-05-05 17:09:08,657 [INFO] Rule:233 - rule FDCAN1_R3 - Alternatepin_2 - if PD5.Mode=FullDuplex, add Pin PD1 is applicable
2026-05-05 17:09:08,657 [INFO] Rule:233 - rule FDCAN1_R3 - Alternatepin_2 - if PD4.Mode=FullDuplex, add Pin PD0 is applicable
2026-05-05 17:09:08,657 [INFO] Rule:233 - rule FDCAN1_R4 - Rename Mode FullDuplex into Enable FDCAN_TXFD for pin PA10 is applicable
2026-05-05 17:09:08,658 [INFO] Rule:233 - rule FDCAN1_R4 - Rename Mode FullDuplex into Enable FDCAN_TXFD for pin PA9 is applicable
2026-05-05 17:09:08,658 [INFO] Rule:233 - rule FDCAN1_R4 - Alternatepin_1 - Rename Mode FullDuplex into Enable FDCAN_TXFD for pin PE1 is applicable
2026-05-05 17:09:08,658 [INFO] Rule:233 - rule FDCAN1_R4 - Alternatepin_1 - Rename Mode FullDuplex into Enable FDCAN_TXFD for pin PE0 is applicable
2026-05-05 17:09:08,658 [INFO] Rule:233 - rule FDCAN1_R4 - Alternatepin_2 - Rename Mode FullDuplex into Enable FDCAN_TXFD for pin PD5 is applicable
2026-05-05 17:09:08,658 [INFO] Rule:233 - rule FDCAN1_R4 - Alternatepin_2 - Rename Mode FullDuplex into Enable FDCAN_TXFD for pin PD4 is applicable
2026-05-05 17:09:08,658 [INFO] Rule:233 - rule FDCAN2_R3 - if PD10.Mode=FullDuplex, add Pin PB13 is applicable
2026-05-05 17:09:08,658 [INFO] Rule:233 - rule FDCAN2_R3 - if PD9.Mode=FullDuplex, add Pin PB12 is applicable
2026-05-05 17:09:08,658 [INFO] Rule:233 - rule FDCAN2_R3 - Alternatepin_1 - if PB7.Mode=FullDuplex, add Pin PB6 is applicable
2026-05-05 17:09:08,659 [INFO] Rule:233 - rule FDCAN2_R3 - Alternatepin_1 - if PD9.Mode=FullDuplex, add Pin PB12 is applicable
2026-05-05 17:09:08,659 [INFO] Rule:233 - rule FDCAN2_R4 - Rename Mode FullDuplex into Enable FDCAN_TXFD for pin PD10 is applicable
2026-05-05 17:09:08,659 [INFO] Rule:233 - rule FDCAN2_R4 - Rename Mode FullDuplex into Enable FDCAN_TXFD for pin PD9 is applicable
2026-05-05 17:09:08,659 [INFO] Rule:233 - rule FDCAN2_R4 - Alternatepin_1 - Rename Mode FullDuplex into Enable FDCAN_TXFD for pin PB7 is applicable
2026-05-05 17:09:08,659 [INFO] Rule:233 - rule FDCAN2_R4 - Alternatepin_1 - Rename Mode FullDuplex into Enable FDCAN_TXFD for pin PD6 is applicable
2026-05-05 17:09:08,659 [INFO] Rule:233 - rule USART TxPinLevelInvertParam Mode is applicable
2026-05-05 17:09:08,659 [INFO] Rule:233 - rule USART RxPinLevelInvertParam Mode is applicable
2026-05-05 17:09:08,659 [INFO] Rule:233 - rule USART DataInvertParam Mode is applicable
2026-05-05 17:09:08,659 [INFO] Rule:233 - rule USART SwapParam Mode is applicable
2026-05-05 17:09:08,659 [INFO] Rule:233 - rule USART OverrunDisableParam Mode is applicable
2026-05-05 17:09:08,659 [INFO] Rule:233 - rule USART DMADisableonRxErrorParam Mode is applicable
2026-05-05 17:09:08,659 [INFO] Rule:233 - rule USART MSBFirstParam Mode is applicable
2026-05-05 17:09:08,660 [INFO] Rule:233 - rule Update MwName for USB_DEVICE is applicable
2026-05-05 17:09:08,660 [INFO] Rule:233 - rule Change PWR_Regulator_Voltage_Scale Default Value for RCC  H7 family is applicable
2026-05-05 17:09:08,660 [INFO] Rule:233 - rule UART/USART IPParameter rename Prescaler parameter to ClockPrescaler is applicable
2026-05-05 17:09:08,660 [INFO] Rule:233 - rule UART/USART Prescaler rename Prescaler parameter to ClockPrescaler is applicable
2026-05-05 17:09:08,660 [INFO] Rule:233 - rule TIM1CLockSelection is applicable
2026-05-05 17:09:08,660 [INFO] Rule:233 - rule TIM15CLockSelection is applicable
2026-05-05 17:09:08,660 [INFO] Rule:233 - rule align RCC SDMMC3CLockSelection default value on MP1 is applicable
2026-05-05 17:09:08,660 [INFO] Rule:233 - rule align RCC SDMMC12CLockSelection default value on MP1 is applicable
2026-05-05 17:09:08,660 [INFO] Rule:233 - rule align RCC QSPICLockSelection default value on MP1 is applicable
2026-05-05 17:09:08,660 [INFO] Rule:233 - rule align RCC QSPICLockSelection default value on MP1 is applicable
2026-05-05 17:09:08,660 [INFO] Rule:233 - rule align RCC SPI6CLockSelection default value on MP1 is applicable
2026-05-05 17:09:08,660 [INFO] Rule:233 - rule align RCC LPTIM23CLockSelection default value on MP1 is applicable
2026-05-05 17:09:08,660 [INFO] Rule:233 - rule align RCC LPTIM1CLockSelection default value on MP1 is applicable
2026-05-05 17:09:08,660 [INFO] Rule:233 - rule align RCC USART1CLockSelection default value on MP1 is applicable
2026-05-05 17:09:08,660 [INFO] Rule:233 - rule align RCC USART24CLockSelection default value on MP1 is applicable
2026-05-05 17:09:08,661 [INFO] Rule:233 - rule align RCC USART6CLockSelection default value on MP1 is applicable
2026-05-05 17:09:08,661 [INFO] Rule:233 - rule align RCC UART78CLockSelection default value on MP1 is applicable
2026-05-05 17:09:08,661 [INFO] Rule:233 - rule align RCC USART35CLockSelection default value on MP1 is applicable
2026-05-05 17:09:08,661 [INFO] Rule:233 - rule align RCC SPI45CLockSelection default value on MP1 is applicable
2026-05-05 17:09:08,663 [INFO] Rule:233 - rule align RCC I2C46CLockSelection BCLK value on MP1 is applicable
2026-05-05 17:09:08,664 [INFO] Rule:233 - rule align RCC SPI45CLockSelection default value on MP1 is applicable
2026-05-05 17:09:08,664 [INFO] Rule:233 - rule align RCC I2C12CLockSelection default value on MP1 is applicable
2026-05-05 17:09:08,664 [INFO] Rule:233 - rule align RCC I2C35CLockSelection default value on MP1 is applicable
2026-05-05 17:09:08,664 [INFO] Rule:233 - rule align RCC LPTIM45CLockSelection default value on MP1 is applicable
2026-05-05 17:09:08,664 [INFO] Rule:233 - rule Rename DCMI PIXCK signal is applicable
2026-05-05 17:09:08,664 [INFO] Rule:233 - rule Change Default Value for I2C46CLockSelection MP1 family is applicable
2026-05-05 17:09:08,664 [INFO] Rule:233 - rule Change Default Value for UART for G4, G0 and WB families is applicable
2026-05-05 17:09:08,664 [INFO] Rule:233 - rule Change Default Value for USART for G4, G0 and WB families is applicable
2026-05-05 17:09:08,664 [INFO] Rule:233 - rule Change Default Value for USART for G4 family is applicable
2026-05-05 17:09:08,664 [INFO] Rule:233 - rule Change USART1CLockSelection refparam name for MP1 is applicable
2026-05-05 17:09:08,664 [INFO] Rule:233 - rule Change USART2CLockSelection refparam name for MP1 is applicable
2026-05-05 17:09:08,665 [INFO] Rule:233 - rule Change USART3CLockSelection refparam name for MP1 is applicable
2026-05-05 17:09:08,665 [INFO] Rule:233 - rule Change UART4CLockSelection refparam name for MP1 is applicable
2026-05-05 17:09:08,665 [INFO] Rule:233 - rule Change UART5CLockSelection refparam name for MP1 is applicable
2026-05-05 17:09:08,665 [INFO] Rule:233 - rule Change LPUART1CLockSelection refparam name for MP1 is applicable
2026-05-05 17:09:08,665 [INFO] Rule:233 - rule Change LPTIM1CLockSelection refparam name for MP1 is applicable
2026-05-05 17:09:08,665 [INFO] Rule:233 - rule Change LPTIM2CLockSelection refparam name for MP1 is applicable
2026-05-05 17:09:08,665 [INFO] Rule:233 - rule Change RCC_MCO1Source refparam name for MP1 is applicable
2026-05-05 17:09:08,666 [INFO] Rule:233 - rule Change LSCOSource1 refparam name for MP1 is applicable
2026-05-05 17:09:08,666 [INFO] Rule:233 - rule Change SMPSCLockSelection refparam name for MP1 is applicable
2026-05-05 17:09:08,666 [INFO] Rule:233 - rule Change LPTIM3CLockSelection refparam name for MP1 is applicable
2026-05-05 17:09:08,666 [INFO] Rule:233 - rule Change MPCBB* Default Template Mode to Parameters is applicable
2026-05-05 17:09:08,666 [INFO] Rule:233 - rule Change MPCWM* or MPCBB* Secure Mode to Parameters is applicable
2026-05-05 17:09:08,666 [INFO] Rule:233 - rule Change MPCWM* or MPCBB* No Secure Mode to Parameters is applicable
2026-05-05 17:09:08,666 [INFO] Rule:233 - rule Change TZSC IP Secure Mode to Parameters is applicable
2026-05-05 17:09:08,666 [INFO] Rule:233 - rule Change TZSC IP No Secure Mode to Parameters is applicable
2026-05-05 17:09:08,666 [INFO] Rule:233 - rule Change TZSC IP Privilege Mode to Parameters is applicable
2026-05-05 17:09:08,666 [INFO] Rule:233 - rule Change TZSC IP No Privilege Mode to Parameters is applicable
2026-05-05 17:09:08,666 [INFO] Rule:233 - rule Change TZIC IT Secure Mode to Parameters is applicable
2026-05-05 17:09:08,666 [INFO] Rule:233 - rule Change TZIC IT No Secure Mode to Parameters is applicable
2026-05-05 17:09:08,666 [INFO] Rule:233 - rule Add MPCBB1_NonSecureArea_Start_Address value with referenced to MPCBB1_NonSecureArea_Start value is applicable
2026-05-05 17:09:08,666 [INFO] Rule:233 - rule Add MPCBB2_NonSecureArea_Start_Address value with referenced to MPCBB2_NonSecureArea_Start value is applicable
2026-05-05 17:09:08,666 [INFO] Rule:233 - rule Add MPCWM1_NonSecureArea*_Start_Address value with referenced to MPCWM1_NonSecureArea*_Start value is applicable
2026-05-05 17:09:08,667 [INFO] Rule:233 - rule Add MPCWM2_NonSecureArea*_Start_Address value with referenced to MPCWM2_NonSecureArea*_Start value is applicable
2026-05-05 17:09:08,667 [INFO] Rule:233 - rule Add MPCWM3_NonSecureArea_Start_Address value with referenced to MPCWM3_NonSecureArea_Start value is applicable
2026-05-05 17:09:08,667 [INFO] Rule:233 - rule Change Default Value for PLL1UserDefinedConfig is applicable
2026-05-05 17:09:08,667 [INFO] Rule:233 - rule Change GPIO_PuPd Default Value for USART in async mode is applicable
2026-05-05 17:09:08,667 [INFO] Rule:233 - rule Change SMPSDivider Default Value is applicable
2026-05-05 17:09:08,667 [INFO] Rule:233 - rule OPAMP is applicable
2026-05-05 17:09:08,667 [INFO] Rule:233 - rule LPUART IPParameter rename Prescaler parameter to ClockPrescaler for STM32H7 is applicable
2026-05-05 17:09:08,667 [INFO] Rule:233 - rule LPUART IPParameter rename Prescaler parameter to ClockPrescaler for STM32H7 is applicable
2026-05-05 17:09:08,667 [INFO] Rule:233 - rule LPUART IPParameter rename Prescaler parameter to ClockPrescaler for STM32WB is applicable
2026-05-05 17:09:08,667 [INFO] Rule:233 - rule LPUART IPParameter rename Prescaler parameter to ClockPrescaler for STM32WB is applicable
2026-05-05 17:09:08,667 [INFO] Rule:233 - rule LPUART IPParameter rename Prescaler parameter to ClockPrescaler for STM32G4 is applicable
2026-05-05 17:09:08,668 [INFO] Rule:233 - rule LPUART IPParameter rename Prescaler parameter to ClockPrescaler for STM32G4 is applicable
2026-05-05 17:09:08,668 [INFO] Rule:233 - rule LPUART IPParameter rename Prescaler parameter to ClockPrescaler for STM32L5 is applicable
2026-05-05 17:09:08,668 [INFO] Rule:233 - rule LPUART IPParameter rename Prescaler parameter to ClockPrescaler for STM32L5 is applicable
2026-05-05 17:09:08,668 [INFO] Rule:233 - rule LPUART IPParameter rename Prescaler parameter to ClockPrescaler for STM32G4 is applicable
2026-05-05 17:09:08,668 [INFO] Rule:233 - rule LPUART IPParameter rename Prescaler parameter to ClockPrescaler for STM32G4 is applicable
2026-05-05 17:09:08,668 [INFO] Rule:233 - rule USB device lib V2.5.3 for L0 rename USBD_SUPPORT_USER_STRING parameter to USBD_SUPPORT_USER_STRING_DESC4 is applicable
2026-05-05 17:09:08,668 [INFO] Rule:233 - rule I2SCLockSelection clock entry align is applicable
2026-05-05 17:09:08,669 [INFO] Rule:233 - rule Assign TIMx context if used as SYS timebase is applicable
2026-05-05 17:09:08,669 [INFO] Rule:233 - rule Change GPIO_Pu Default Value for I2C is applicable
2026-05-05 17:09:08,669 [INFO] Rule:233 - rule Change GPIO_Pu Default Value for SMBus is applicable
2026-05-05 17:09:08,669 [INFO] Rule:233 - rule change FDCAN default value is applicable
2026-05-05 17:09:08,669 [INFO] Rule:233 - rule Change mode sai is applicable
2026-05-05 17:09:08,669 [INFO] Rule:233 - rule **Change sai mode is applicable
2026-05-05 17:09:08,669 [INFO] Rule:233 - rule Rename STM32WPAN CFG_BLE_IRK to CFG_BLE_IR is applicable
2026-05-05 17:09:08,669 [INFO] Rule:233 - rule Rename STM32WPAN CFG_BLE_ERK to CFG_BLE_ER is applicable
2026-05-05 17:09:08,669 [INFO] Rule:233 - rule Rename STM32WPAN CFG_BLE_IRK_HEX to CFG_BLE_IR_HEX is applicable
2026-05-05 17:09:08,669 [INFO] Rule:233 - rule Rename STM32WPAN CFG_BLE_ERK_HEX to CFG_BLE_ER_HEX is applicable
2026-05-05 17:09:08,669 [INFO] Rule:233 - rule Adapt Old IOC before rework replace old CORTEX_M33/CORTEX_M55 attributes by the new one. is applicable
2026-05-05 17:09:08,669 [INFO] Rule:233 - rule Rename parametre of RCC RCC_APBDBG_DIV2 to RCC_TIMPRES_DIV2 is applicable
2026-05-05 17:09:08,669 [INFO] Rule:233 - rule Rename DIE493 pin PA10 [PA12] -> PA10 is applicable
2026-05-05 17:09:08,669 [INFO] Rule:233 - rule Rename DIE493 pin PA9 [PA11] -> PA9 is applicable
2026-05-05 17:09:08,669 [INFO] Rule:233 - rule Rename DIE492 PartNumber CPN STM32WBA5MJGHx -> STM32WBA5MMGHx is applicable
2026-05-05 17:09:08,669 [INFO] Rule:233 - rule Rename DIE492 PartNumber  Name STM32WBA5MJGHx -> STM32WBA5MMGHx is applicable
2026-05-05 17:09:08,669 [INFO] Rule:233 - rule Rename DIE492 PartNumber UserName STM32WBA5MJGHx -> STM32WBA5MMGHx is applicable
2026-05-05 17:09:08,670 [INFO] Rule:233 - rule Rename DIE492 PartNumber DeviceId STM32WBA5MJGHx -> STM32WBA5MMGHx is applicable
2026-05-05 17:09:08,670 [INFO] Rule:233 - rule Adapt Old IOC CSI. is applicable
2026-05-05 17:09:08,670 [INFO] Rule:233 - rule Adapt Old IOC DCMIPP. is applicable
2026-05-05 17:09:08,670 [INFO] Rule:233 - rule Adapt Old IOC DCMIPP Mode Parallel. is applicable
2026-05-05 17:09:08,670 [INFO] Rule:233 - rule Adapt Old IOC LTDC. is applicable
2026-05-05 17:09:08,670 [INFO] Rule:233 - rule Rename STM32MP2 RIF Peripheral LTDC RIF.RISUP.LTDC_L0L1.Privilege -> RIF.RISUP.LTDC_L1L2.Privilege is applicable
2026-05-05 17:09:08,670 [INFO] Rule:233 - rule Rename STM32MP2 RIF Peripheral LTDC RIF.RISUP.LTDC_L0L1.Privilege -> RIF.RISUP.LTDC_L1L2.Privilege is applicable
2026-05-05 17:09:08,670 [INFO] Rule:233 - rule Rename STM32MP2 RIF Peripheral LTDC RIF.RISUP.LTDC_L0L1.Lock -> RIF.RISUP.LTDC_L1L2.Lock is applicable
2026-05-05 17:09:08,670 [INFO] Rule:233 - rule Rename STM32MP2 RIF Peripheral LTDC RIF.RISUP.LTDC_L2.Lock -> RIF.RISUP.LTDC_L3.Lock is applicable
2026-05-05 17:09:08,670 [INFO] Rule:233 - rule Adapt the old IOC example for updating the SYS when it is misconfigured. is applicable
2026-05-05 17:09:08,670 [INFO] Rule:233 - rule Rename STM32C09 Mcu.Package LQFP64 -> LQFP48 is applicable
2026-05-05 17:09:08,670 [INFO] Rule:233 - rule Adapt the old IOC example for updating the SYS when it is misconfigured. is applicable
2026-05-05 17:09:08,670 [INFO] Rule:233 - rule Adapt the old IOC example for updating the SYS when it is misconfigured. is applicable
2026-05-05 17:09:08,710 [INFO] DbConfProperties:307 - Apply Compatibility (38/250 Rules)
2026-05-05 17:09:08,755 [INFO] ImportTextPane:234 - (OptionalMessage_ERROR) Unable to find key (Mcu.ThirdPartyNb) in loaded IOC file
2026-05-05 17:09:08,759 [INFO] ImportTextPane:234 - (OptionalMessage_ERROR) Pin34 (VP_RIF_VS_RIF1) cannot be retrieved for this MCU
2026-05-05 17:09:09,301 [INFO] RtosManager:558 - Registered RTOS mode: class=CMSIS, group=RTOS, mode=CMSIS_V1, owner=FREERTOS
2026-05-05 17:09:09,301 [INFO] RtosManager:558 - Registered RTOS mode: class=CMSIS, group=RTOS2, mode=CMSIS_V2, owner=FREERTOS
2026-05-05 17:09:09,301 [INFO] RtosManager:558 - Registered RTOS mode: class=RTOS, group=Core, mode=CMSIS_V1, owner=FREERTOS
2026-05-05 17:09:09,301 [INFO] RtosManager:558 - Registered RTOS mode: class=RTOS, group=Core, mode=CMSIS_V2, owner=FREERTOS
2026-05-05 17:09:09,301 [WARN] ModelIntegratedComponent:184 - Missing modes for component STMicroelectronics:FreeRTOS:0.0.1:STMicroelectronics:RTOS:FreeRTOS:Core:::10.2.0:
2026-05-05 17:09:09,317 [WARN] ModelIntegratedComponent:63 - No mode defined for component null
2026-05-05 17:09:09,318 [WARN] ModelIntegratedComponent:63 - No mode defined for component null
2026-05-05 17:09:09,318 [WARN] ModelIntegratedComponent:63 - No mode defined for component null
2026-05-05 17:09:09,318 [WARN] ModelIntegratedComponent:63 - No mode defined for component null
2026-05-05 17:09:09,318 [WARN] ModelIntegratedComponent:63 - No mode defined for component null
2026-05-05 17:09:09,318 [WARN] ModelIntegratedComponent:63 - No mode defined for component null
2026-05-05 17:09:09,318 [WARN] ModelIntegratedComponent:63 - No mode defined for component null
2026-05-05 17:09:09,318 [WARN] ModelIntegratedComponent:63 - No mode defined for component null
2026-05-05 17:09:09,318 [WARN] ModelIntegratedComponent:63 - No mode defined for component null
2026-05-05 17:09:09,319 [WARN] ModelIntegratedComponent:63 - No mode defined for component null
2026-05-05 17:09:09,319 [WARN] ModelIntegratedComponent:63 - No mode defined for component null
2026-05-05 17:09:09,319 [WARN] ModelIntegratedComponent:63 - No mode defined for component null
2026-05-05 17:09:09,319 [WARN] ModelIntegratedComponent:63 - No mode defined for component null
2026-05-05 17:09:09,319 [WARN] ModelIntegratedComponent:63 - No mode defined for component null
2026-05-05 17:09:09,320 [WARN] ModelIntegratedComponent:63 - No mode defined for component null
2026-05-05 17:09:09,320 [WARN] ModelIntegratedComponent:63 - No mode defined for component null
2026-05-05 17:09:09,320 [WARN] ModelIntegratedComponent:63 - No mode defined for component null
2026-05-05 17:09:09,320 [WARN] ModelIntegratedComponent:63 - No mode defined for component null
2026-05-05 17:09:09,320 [WARN] ModelIntegratedComponent:63 - No mode defined for component null
2026-05-05 17:09:09,320 [WARN] ModelIntegratedComponent:63 - No mode defined for component null
2026-05-05 17:09:09,320 [WARN] ModelIntegratedComponent:63 - No mode defined for component null
2026-05-05 17:09:09,320 [WARN] ModelIntegratedComponent:63 - No mode defined for component null
2026-05-05 17:09:09,320 [WARN] ModelIntegratedComponent:63 - No mode defined for component null
2026-05-05 17:09:09,320 [WARN] ModelIntegratedComponent:63 - No mode defined for component null
2026-05-05 17:09:09,320 [WARN] ModelIntegratedComponent:63 - No mode defined for component null
2026-05-05 17:09:09,320 [WARN] ModelIntegratedComponent:63 - No mode defined for component null
2026-05-05 17:09:09,320 [WARN] ModelIntegratedComponent:63 - No mode defined for component null
2026-05-05 17:09:09,320 [WARN] ModelIntegratedComponent:63 - No mode defined for component null
2026-05-05 17:09:09,320 [WARN] ModelIntegratedComponent:63 - No mode defined for component null
2026-05-05 17:09:09,320 [WARN] ModelIntegratedComponent:63 - No mode defined for component null
2026-05-05 17:09:09,320 [WARN] ModelIntegratedComponent:63 - No mode defined for component null
2026-05-05 17:09:09,320 [WARN] ModelIntegratedComponent:63 - No mode defined for component null
2026-05-05 17:09:09,321 [WARN] ModelIntegratedComponent:63 - No mode defined for component null
2026-05-05 17:09:09,321 [WARN] ModelIntegratedComponent:63 - No mode defined for component null
2026-05-05 17:09:09,321 [WARN] ModelIntegratedComponent:63 - No mode defined for component null
2026-05-05 17:09:09,321 [WARN] ModelPack:524 - Component already loaded: STMicroelectronics:HAL Drivers:0.0.0:STMicroelectronics:Device:STMicro_Driver:XSPI:HAL::0.0.1:HAL_XSPI
2026-05-05 17:09:09,474 [INFO] ThirdPartyModel:298 - Start build external matchings
2026-05-05 17:09:10,741 [INFO] ThirdPartyModel:316 - End build external matchings
2026-05-05 17:09:11,266 [INFO] UtilMem:75 - End LoadConfig() Used Memory: 865884008 Bytes (1073741824)
2026-05-05 17:09:11,341 [WARN] ThirdParty:833 - waiting for thirdparty lock release [change project]
2026-05-05 17:09:11,342 [INFO] ThirdParty:835 - entering critical section [change project]
2026-05-05 17:09:11,343 [INFO] ThirdParty:1030 - CMSIS Pack Vendor :STMicroelectronics X-CUBE-AZRTOS-H7 3.5.0
2026-05-05 17:09:11,343 [INFO] ThirdParty:1030 - CMSIS Pack Vendor :STMicroelectronics X-CUBE-PM33A1 1.0.0
2026-05-05 17:09:11,343 [INFO] ThirdParty:1030 - CMSIS Pack Vendor :STMicroelectronics USBPD 4.1
2026-05-05 17:09:11,343 [INFO] ThirdParty:1030 - CMSIS Pack Vendor :STMicroelectronics X-CUBE-NFC9 1.0.0
2026-05-05 17:09:11,343 [INFO] ThirdParty:1030 - CMSIS Pack Vendor :STMicroelectronics USB_HOST 2.0.0
2026-05-05 17:09:11,343 [INFO] ThirdParty:1030 - CMSIS Pack Vendor :STMicroelectronics X-CUBE-AZRTOS-F4 1.1.0
2026-05-05 17:09:11,343 [INFO] ThirdParty:1030 - CMSIS Pack Vendor :STMicroelectronics LIBJPEG 8.0.0
2026-05-05 17:09:11,343 [INFO] ThirdParty:1030 - CMSIS Pack Vendor :STMicroelectronics FP-ATR-ASTRA1 2.0.2
2026-05-05 17:09:11,343 [INFO] ThirdParty:1030 - CMSIS Pack Vendor :STMicroelectronics X-CUBE-BLE1 7.1.0
2026-05-05 17:09:11,343 [INFO] ThirdParty:1030 - CMSIS Pack Vendor :STMicroelectronics X-CUBE-SMBUS 2.1.0
2026-05-05 17:09:11,343 [INFO] ThirdParty:1030 - CMSIS Pack Vendor :wolfSSL I-CUBE-wolfMQTT 1.19.2
2026-05-05 17:09:11,343 [INFO] ThirdParty:1030 - CMSIS Pack Vendor :STMicroelectronics USB_DEVICE 3.0.0
2026-05-05 17:09:11,343 [INFO] ThirdParty:1030 - CMSIS Pack Vendor :STMicroelectronics X-CUBE-ISPU 2.1.0
2026-05-05 17:09:11,343 [INFO] ThirdParty:1030 - CMSIS Pack Vendor :STMicroelectronics X-CUBE-EEPRMA1 5.2.0
2026-05-05 17:09:11,343 [INFO] ThirdParty:1030 - CMSIS Pack Vendor :STMicroelectronics X-CUBE-IPS 3.2.0
2026-05-05 17:09:11,343 [INFO] ThirdParty:1030 - CMSIS Pack Vendor :STMicroelectronics X-CUBE-BLEMGR 4.1.0
2026-05-05 17:09:11,343 [INFO] ThirdParty:1030 - CMSIS Pack Vendor :STMicroelectronics eDS-WB_DPC_TT-BIDIR 2.1.1
2026-05-05 17:09:11,343 [INFO] ThirdParty:1030 - CMSIS Pack Vendor :STMicroelectronics X-CUBE-AZRTOS-WB 2.0.0
2026-05-05 17:09:11,343 [INFO] ThirdParty:1030 - CMSIS Pack Vendor :wolfSSL I-CUBE-wolfSSL 5.8.4
2026-05-05 17:09:11,344 [INFO] ThirdParty:1030 - CMSIS Pack Vendor :Cesanta I-CUBE-Mongoose 7.20.0
2026-05-05 17:09:11,344 [INFO] ThirdParty:1030 - CMSIS Pack Vendor :STMicroelectronics X-CUBE-NFC12 1.0.0
2026-05-05 17:09:11,344 [INFO] ThirdParty:1030 - CMSIS Pack Vendor :STMicroelectronics X-CUBE-AZRTOS-F7 1.1.0
2026-05-05 17:09:11,344 [INFO] ThirdParty:1030 - CMSIS Pack Vendor :STMicroelectronics X-CUBE-AZRTOS-L5 2.0.0
2026-05-05 17:09:11,344 [INFO] ThirdParty:1030 - CMSIS Pack Vendor :STMicroelectronics USB_DEVICE 2.0.0
2026-05-05 17:09:11,344 [INFO] ThirdParty:1030 - CMSIS Pack Vendor :STMicroelectronics FP-SNS-STAIOTCFT 1.1.0
2026-05-05 17:09:11,344 [INFO] ThirdParty:1030 - CMSIS Pack Vendor :quantropi X-CUBE-qispace-sdk-base 2.1.0
2026-05-05 17:09:11,344 [INFO] ThirdParty:1030 - CMSIS Pack Vendor :STMicroelectronics X-CUBE-MEMS1 12.0.0
2026-05-05 17:09:11,344 [INFO] ThirdParty:1030 - CMSIS Pack Vendor :STMicroelectronics X-CUBE-STSE01 2.0.0
2026-05-05 17:09:11,344 [INFO] ThirdParty:1030 - CMSIS Pack Vendor :STMicroelectronics FP-SNS-MOTENV1 5.1.0
2026-05-05 17:09:11,344 [INFO] ThirdParty:1030 - CMSIS Pack Vendor :STMicroelectronics FreeRTOS 0.0.1
2026-05-05 17:09:11,344 [INFO] ThirdParty:1030 - CMSIS Pack Vendor :STMicroelectronics X-CUBE-AZRTOS-G0 1.1.0
2026-05-05 17:09:11,344 [INFO] ThirdParty:1030 - CMSIS Pack Vendor :STMicroelectronics X-CUBE-NFC4 3.0.0
2026-05-05 17:09:11,344 [INFO] ThirdParty:1030 - CMSIS Pack Vendor :STMicroelectronics X-CUBE-SUBG2 5.0.0
2026-05-05 17:09:11,344 [INFO] ThirdParty:1030 - CMSIS Pack Vendor :STMicroelectronics STM32_WPAN 1.0.0
2026-05-05 17:09:11,344 [INFO] ThirdParty:1030 - CMSIS Pack Vendor :STMicroelectronics eDS-WB_DPC_VIENNA 1.2.0
2026-05-05 17:09:11,344 [INFO] ThirdParty:1030 - CMSIS Pack Vendor :EmbeddedOffice I-CUBE-FS-RTOS 1.0.1
2026-05-05 17:09:11,344 [INFO] ThirdParty:1030 - CMSIS Pack Vendor :STMicroelectronics lwIP 2.0.3
2026-05-05 17:09:11,344 [INFO] ThirdParty:1030 - CMSIS Pack Vendor :WES I-CUBE-Cesium 1.4.0
2026-05-05 17:09:11,344 [INFO] ThirdParty:1030 - CMSIS Pack Vendor :STMicroelectronics eDS-WB_DPC_3PH2L-BIDIR 1.1.1
2026-05-05 17:09:11,344 [INFO] ThirdParty:1030 - CMSIS Pack Vendor :STMicroelectronics USB_HOST 1.0.0
2026-05-05 17:09:11,344 [INFO] ThirdParty:1030 - CMSIS Pack Vendor :STMicroelectronics X-CUBE-AZRTOS-G4 2.0.0
2026-05-05 17:09:11,344 [INFO] ThirdParty:1030 - CMSIS Pack Vendor :STMicroelectronics X-CUBE-WB05N 2.0.0
2026-05-05 17:09:11,344 [INFO] ThirdParty:1030 - CMSIS Pack Vendor :STMicroelectronics PDM2PCM 3.1.0
2026-05-05 17:09:11,344 [INFO] ThirdParty:1030 - CMSIS Pack Vendor :STMicroelectronics PDM2PCM 3.3.0
2026-05-05 17:09:11,345 [INFO] ThirdParty:1030 - CMSIS Pack Vendor :wolfSSL I-CUBE-wolfTPM 3.8.0
2026-05-05 17:09:11,345 [INFO] ThirdParty:1030 - CMSIS Pack Vendor :STMicroelectronics X-CUBE-DISPLAY 3.0.0
2026-05-05 17:09:11,345 [INFO] ThirdParty:1030 - CMSIS Pack Vendor :wolfSSL I-CUBE-wolfSSH 1.4.20
2026-05-05 17:09:11,345 [INFO] ThirdParty:1030 - CMSIS Pack Vendor :STMicroelectronics X-CUBE-NFC7 2.0.0
2026-05-05 17:09:11,345 [INFO] ThirdParty:1030 - CMSIS Pack Vendor :STMicroelectronics X-CUBE-GNSS1 7.1.1
2026-05-05 17:09:11,345 [INFO] ThirdParty:1030 - CMSIS Pack Vendor :STMicroelectronics FP-SNS-MOTENVWB1 1.5.0
2026-05-05 17:09:11,345 [INFO] ThirdParty:1030 - CMSIS Pack Vendor :STMicroelectronics X-CUBE-TCPP 4.2.0
2026-05-05 17:09:11,345 [INFO] ThirdParty:1030 - CMSIS Pack Vendor :RealThread X-CUBE-RT-Thread_Nano 4.1.1
2026-05-05 17:09:11,345 [INFO] ThirdParty:1030 - CMSIS Pack Vendor :STMicroelectronics FP-ATR-SIGFOX1 3.2.0
2026-05-05 17:09:11,345 [INFO] ThirdParty:1030 - CMSIS Pack Vendor :STMicroelectronics X-CUBE-NFC10 1.0.0
2026-05-05 17:09:11,345 [INFO] ThirdParty:1030 - CMSIS Pack Vendor :STMicroelectronics HAL Drivers 0.0.0
2026-05-05 17:09:11,345 [INFO] ThirdParty:1030 - CMSIS Pack Vendor :STMicroelectronics X-CUBE-FREERTOS 1.5.0
2026-05-05 17:09:11,345 [INFO] ThirdParty:1030 - CMSIS Pack Vendor :STMicroelectronics MBEDTLS 2.16.2
2026-05-05 17:09:11,345 [INFO] ThirdParty:1030 - CMSIS Pack Vendor :STMicroelectronics X-CUBE-ST60 1.1.0
2026-05-05 17:09:11,345 [INFO] ThirdParty:1030 - CMSIS Pack Vendor :STMicroelectronics X-CUBE-ALS 1.0.2
2026-05-05 17:09:11,345 [INFO] ThirdParty:1030 - CMSIS Pack Vendor :emotas I-CUBE-CANOPEN 1.3.0
2026-05-05 17:09:11,345 [INFO] ThirdParty:1030 - CMSIS Pack Vendor :STMicroelectronics MBEDTLS 2.14.1
2026-05-05 17:09:11,346 [INFO] ThirdParty:1030 - CMSIS Pack Vendor :STMicroelectronics X-CUBE-GNSS1 7.1.0
2026-05-05 17:09:11,346 [INFO] ThirdParty:1030 - CMSIS Pack Vendor :ITTIA_DB I-CUBE-ITTIADB 8.9.0
2026-05-05 17:09:11,346 [INFO] ThirdParty:1030 - CMSIS Pack Vendor :STMicroelectronics X-CUBE-TOUCHGFX 4.26.1
2026-05-05 17:09:11,346 [INFO] ThirdParty:1030 - CMSIS Pack Vendor :STMicroelectronics X-CUBE-NFC6 3.2.0
2026-05-05 17:09:11,346 [INFO] ThirdParty:1030 - CMSIS Pack Vendor :STMicroelectronics FP-SNS-STBOX1 2.1.0
2026-05-05 17:09:11,346 [INFO] ThirdParty:1030 - CMSIS Pack Vendor :STMicroelectronics X-CUBE-AI 10.2.0
2026-05-05 17:09:11,346 [INFO] ThirdParty:1030 - CMSIS Pack Vendor :STMicroelectronics FP-SNS-STAIOTCFT 1.0.0
2026-05-05 17:09:11,346 [INFO] ThirdParty:1030 - CMSIS Pack Vendor :STMicroelectronics ThreadX 1.0.0
2026-05-05 17:09:11,346 [INFO] ThirdParty:1030 - CMSIS Pack Vendor :STMicroelectronics FP-SNS-SMARTAG2 1.2.0
2026-05-05 17:09:11,346 [INFO] ThirdParty:1030 - CMSIS Pack Vendor :STMicroelectronics X-CUBE-MEMS1 12.1.0
2026-05-05 17:09:11,346 [INFO] ThirdParty:1030 - CMSIS Pack Vendor :STMicroelectronics FP-SNS-FLIGHT1 5.1.0
2026-05-05 17:09:11,346 [INFO] ThirdParty:1030 - CMSIS Pack Vendor :STMicroelectronics X-CUBE-AZRTOS-WL 2.0.0
2026-05-05 17:09:11,346 [INFO] ThirdParty:1030 - CMSIS Pack Vendor :SEGGER I-CUBE-embOS 1.3.1
2026-05-05 17:09:11,346 [INFO] ThirdParty:1030 - CMSIS Pack Vendor :STMicroelectronics X-CUBE-ALGOBUILD 1.4.0
2026-05-05 17:09:11,346 [INFO] ThirdParty:1030 - CMSIS Pack Vendor :STMicroelectronics X-CUBE-DPower 1.3.0
2026-05-05 17:09:11,346 [INFO] ThirdParty:1030 - CMSIS Pack Vendor :STMicroelectronics USB_DEVICE 1.0.0
2026-05-05 17:09:11,346 [INFO] ThirdParty:1030 - CMSIS Pack Vendor :STMicroelectronics X-CUBE-AZRTOS-H7RS 1.2.0
2026-05-05 17:09:11,346 [INFO] ThirdParty:1030 - CMSIS Pack Vendor :STMicroelectronics X-CUBE-AZRTOS-L4 2.0.0
2026-05-05 17:09:11,346 [INFO] ThirdParty:1030 - CMSIS Pack Vendor :STMicroelectronics ThreadX 0.0.2
2026-05-05 17:09:11,346 [INFO] ThirdParty:1030 - CMSIS Pack Vendor :STMicroelectronics lwIP 2.1.2
2026-05-05 17:09:11,346 [INFO] ThirdParty:1030 - CMSIS Pack Vendor :STMicroelectronics X-CUBE-SFXS2LP1 4.0.0
2026-05-05 17:09:11,346 [INFO] ThirdParty:1030 - CMSIS Pack Vendor :STMicroelectronics X-CUBE-BLE2 3.3.0
2026-05-05 17:09:11,346 [INFO] ThirdParty:1030 - CMSIS Pack Vendor :Avnet-IOTCONNECT X-CUBE-iotc-st67-sdk 1.0.0
2026-05-05 17:09:11,346 [INFO] ThirdParty:1030 - CMSIS Pack Vendor :STMicroelectronics X-CUBE-TOF1 3.4.3
2026-05-05 17:09:11,351 [INFO] ThirdParty:1030 - CMSIS Pack Vendor :Infineon AIROC-Wi-Fi-Bluetooth-STM32 1.8.0
2026-05-05 17:09:11,351 [INFO] ThirdParty:1030 - CMSIS Pack Vendor :STMicroelectronics PDM2PCM 3.2.0
2026-05-05 17:09:11,351 [INFO] ThirdParty:1030 - CMSIS Pack Vendor :STMicroelectronics X-CUBE-WB05N 2.1.0
2026-05-05 17:09:11,351 [INFO] ThirdParty:1030 - CMSIS Pack Vendor :STMicroelectronics X-CUBE-ST67W61 1.2.0
2026-05-05 17:09:11,353 [INFO] ThirdParty:841 - exiting critical section [change project]
2026-05-05 17:09:11,917 [INFO] PinOutPanel:1589 - setPackage(No Configuration,No Configuration)
2026-05-05 17:09:11,919 [INFO] PinOutPanel:1589 - setPackage(STM32F407VGTx,LQFP100)
2026-05-05 17:09:12,309 [INFO] UtilMem:75 - Before build in PCC Used Memory: 878666848 Bytes (1073741824)
2026-05-05 17:09:12,629 [INFO] UtilMem:75 - After build in PCC Used Memory: 925852768 Bytes (1073741824)
2026-05-05 17:09:12,660 [INFO] IPUIPlugin:80 - create IPUIPlugin
2026-05-05 17:09:12,661 [INFO] IPUIPlugin:80 - create IPUIPlugin
2026-05-05 17:09:12,661 [INFO] IPUIPlugin:80 - create IPUIPlugin
2026-05-05 17:09:12,661 [INFO] IPUIPlugin:80 - create IPUIPlugin
2026-05-05 17:09:12,661 [INFO] IPUIPlugin:80 - create IPUIPlugin
2026-05-05 17:09:12,662 [INFO] IPUIPlugin:80 - create IPUIPlugin
2026-05-05 17:09:12,662 [INFO] IPUIPlugin:80 - create IPUIPlugin
2026-05-05 17:09:12,662 [INFO] IPUIPlugin:80 - create IPUIPlugin
2026-05-05 17:09:12,662 [INFO] IPUIPlugin:80 - create IPUIPlugin
2026-05-05 17:09:12,663 [INFO] IPUIPlugin:80 - create IPUIPlugin
2026-05-05 17:09:12,663 [INFO] IPUIPlugin:80 - create IPUIPlugin
2026-05-05 17:09:12,664 [INFO] IPUIPlugin:80 - create IPUIPlugin
2026-05-05 17:09:12,664 [INFO] IPUIPlugin:80 - create IPUIPlugin
2026-05-05 17:09:12,665 [INFO] IPUIPlugin:80 - create IPUIPlugin
2026-05-05 17:09:12,665 [INFO] IPUIPlugin:80 - create IPUIPlugin
2026-05-05 17:09:12,665 [INFO] IPUIPlugin:80 - create IPUIPlugin
2026-05-05 17:09:12,666 [INFO] IPUIPlugin:80 - create IPUIPlugin
2026-05-05 17:09:12,666 [INFO] IPUIPlugin:80 - create IPUIPlugin
2026-05-05 17:09:12,666 [INFO] IPUIPlugin:80 - create IPUIPlugin
2026-05-05 17:09:12,666 [INFO] IPUIPlugin:80 - create IPUIPlugin
2026-05-05 17:09:12,666 [INFO] IPUIPlugin:80 - create IPUIPlugin
2026-05-05 17:09:12,667 [INFO] IPUIPlugin:80 - create IPUIPlugin
2026-05-05 17:09:12,667 [INFO] IPUIPlugin:80 - create IPUIPlugin
2026-05-05 17:09:12,667 [INFO] IPUIPlugin:80 - create IPUIPlugin
2026-05-05 17:09:12,667 [INFO] IPUIPlugin:80 - create IPUIPlugin
2026-05-05 17:09:12,667 [INFO] IPUIPlugin:80 - create IPUIPlugin
2026-05-05 17:09:12,668 [INFO] IPUIPlugin:80 - create IPUIPlugin
2026-05-05 17:09:12,668 [INFO] IPUIPlugin:80 - create IPUIPlugin
2026-05-05 17:09:12,668 [INFO] IPUIPlugin:80 - create IPUIPlugin
2026-05-05 17:09:12,668 [INFO] IPUIPlugin:80 - create IPUIPlugin
2026-05-05 17:09:12,668 [INFO] IPUIPlugin:80 - create IPUIPlugin
2026-05-05 17:09:12,668 [INFO] IPUIPlugin:80 - create IPUIPlugin
2026-05-05 17:09:12,668 [INFO] IPUIPlugin:80 - create IPUIPlugin
2026-05-05 17:09:12,669 [INFO] IPUIPlugin:80 - create IPUIPlugin
2026-05-05 17:09:12,669 [INFO] IPUIPlugin:80 - create IPUIPlugin
2026-05-05 17:09:12,669 [INFO] IPUIPlugin:80 - create IPUIPlugin
2026-05-05 17:09:12,669 [INFO] IPUIPlugin:80 - create IPUIPlugin
2026-05-05 17:09:12,669 [INFO] IPUIPlugin:80 - create IPUIPlugin
2026-05-05 17:09:12,670 [INFO] IPUIPlugin:80 - create IPUIPlugin
2026-05-05 17:09:12,670 [INFO] IPUIPlugin:80 - create IPUIPlugin
2026-05-05 17:09:12,670 [INFO] IPUIPlugin:80 - create IPUIPlugin
2026-05-05 17:09:12,670 [INFO] IPUIPlugin:80 - create IPUIPlugin
2026-05-05 17:09:12,670 [INFO] IPUIPlugin:80 - create IPUIPlugin
2026-05-05 17:09:12,671 [INFO] IPUIPlugin:80 - create IPUIPlugin
2026-05-05 17:09:12,671 [INFO] IPUIPlugin:80 - create IPUIPlugin
2026-05-05 17:09:12,671 [INFO] IPUIPlugin:80 - create IPUIPlugin
2026-05-05 17:09:12,671 [INFO] IPUIPlugin:80 - create IPUIPlugin
2026-05-05 17:09:12,671 [INFO] IPUIPlugin:80 - create IPUIPlugin
2026-05-05 17:09:12,672 [INFO] IPUIPlugin:80 - create IPUIPlugin
2026-05-05 17:09:12,672 [INFO] IPUIPlugin:80 - create IPUIPlugin
2026-05-05 17:09:12,672 [INFO] IPUIPlugin:80 - create IPUIPlugin
2026-05-05 17:09:12,673 [INFO] IPUIPlugin:80 - create IPUIPlugin
2026-05-05 17:09:12,673 [INFO] IPUIPlugin:80 - create IPUIPlugin
2026-05-05 17:09:12,673 [INFO] IPUIPlugin:80 - create IPUIPlugin
2026-05-05 17:09:12,674 [INFO] IPUIPlugin:80 - create IPUIPlugin
2026-05-05 17:09:12,674 [INFO] IPUIPlugin:80 - create IPUIPlugin
2026-05-05 17:09:12,675 [INFO] IPUIPlugin:80 - create IPUIPlugin
2026-05-05 17:09:12,675 [INFO] IPUIPlugin:80 - create IPUIPlugin
2026-05-05 17:09:12,682 [INFO] ApiDbMcu:532 - Load IP Config File for PDM2PCM
2026-05-05 17:09:12,738 [INFO] CADModel:165 - CPN selected for project levelSTM32F407VGT6
2026-05-05 17:09:12,738 [INFO] CADModel:114 - Register for checkConnection events
2026-05-05 17:09:12,802 [INFO] OpenFileManager:386 - Restore cursor
2026-05-05 17:09:13,608 [INFO] UtilMem:75 - End SaveConfig() Used Memory: 868453800 Bytes (1073741824)
2026-05-05 17:09:13,777 [INFO] UtilMem:75 - End SaveConfig() Used Memory: 889725552 Bytes (1073741824)
2026-05-05 17:09:14,056 [INFO] BlockDiagram:2775 - set Specific Code input for plugin: SYS
2026-05-05 17:09:14,056 [INFO] BlockDiagram:2775 - set Specific Code input for plugin: RCC
2026-05-05 17:09:14,056 [INFO] BlockDiagram:2775 - set Specific Code input for plugin: NVIC
2026-05-05 17:09:14,057 [INFO] BlockDiagram:2775 - set Specific Code input for plugin: GPIO
2026-05-05 17:09:14,059 [INFO] CodeGenerator:892 - code generatio: config db path: C:\ST\STM32CubeIDE_1.19.0\STM32CubeIDE\plugins\com.st.stm32cube.common.mx_6.15.0.202507011659\\db\
2026-05-05 17:09:14,287 [INFO] CodeEngine:265 - oldGeneratedFile, D:\RTOS_stm32\task_priority\MXTmpFiles\license.tmp_save
2026-05-05 17:09:14,740 [INFO] CodeEngine:289 - Generated code: D:\RTOS_stm32\task_priority\MXTmpFiles\license.tmp
2026-05-05 17:09:14,860 [INFO] CodeEngine:265 - oldGeneratedFile, D:\RTOS_stm32\task_priority\MXTmpFiles\gpio.tmp_save
2026-05-05 17:09:15,297 [INFO] CodeEngine:289 - Generated code: D:\RTOS_stm32\task_priority\MXTmpFiles\gpio.tmp
2026-05-05 17:09:15,428 [INFO] CodeEngine:265 - oldGeneratedFile, D:\RTOS_stm32\task_priority\Core\Src\stm32f4xx_it.c_save
2026-05-05 17:09:15,819 [INFO] CodeEngine:289 - Generated code: D:\RTOS_stm32\task_priority\Core\Src\stm32f4xx_it.c
2026-05-05 17:09:15,828 [INFO] CodeEngine:265 - oldGeneratedFile, D:\RTOS_stm32\task_priority\Core\Inc\stm32f4xx_it.h_save
2026-05-05 17:09:15,958 [INFO] CodeEngine:289 - Generated code: D:\RTOS_stm32\task_priority\Core\Inc\stm32f4xx_it.h
2026-05-05 17:09:15,980 [INFO] CodeEngine:265 - oldGeneratedFile, D:\RTOS_stm32\task_priority\Core\Src\stm32f4xx_hal_msp.c_save
2026-05-05 17:09:16,453 [INFO] CodeEngine:289 - Generated code: D:\RTOS_stm32\task_priority\Core\Src\stm32f4xx_hal_msp.c
2026-05-05 17:09:16,465 [INFO] CodeEngine:265 - oldGeneratedFile, D:\RTOS_stm32\task_priority\MXTmpFiles\system.tmp_save
2026-05-05 17:09:16,571 [INFO] CodeEngine:289 - Generated code: D:\RTOS_stm32\task_priority\MXTmpFiles\system.tmp
2026-05-05 17:09:16,589 [INFO] CodeEngine:321 - oldGeneratedFile, D:\RTOS_stm32\task_priority\Core\Inc\stm32f4xx_hal_conf.h_save
2026-05-05 17:09:16,693 [INFO] CodeEngine:345 - Generated code: D:\RTOS_stm32\task_priority\Core\Inc\stm32f4xx_hal_conf.h
2026-05-05 17:09:16,729 [INFO] ApiDbMcu:532 - Load IP Config File for RCC
2026-05-05 17:09:16,746 [INFO] CodeEngine:265 - oldGeneratedFile, D:\RTOS_stm32\task_priority\Core\Inc\main.h_save
2026-05-05 17:09:16,885 [INFO] CodeEngine:289 - Generated code: D:\RTOS_stm32\task_priority\Core\Inc\main.h
2026-05-05 17:09:16,893 [INFO] CodeEngine:265 - oldGeneratedFile, D:\RTOS_stm32\task_priority\Core\Src\main.c_save
2026-05-05 17:09:17,027 [INFO] CodeEngine:289 - Generated code: D:\RTOS_stm32\task_priority\Core\Src\main.c
2026-05-05 17:09:17,654 [INFO] ProjectBuilder:3606 - Time for Copy HAL[1] : 348mS.
2026-05-05 17:09:17,659 [INFO] ProjectBuilder:5216 - Project Generator version: 4.7.0-B52
2026-05-05 17:09:17,782 [INFO] ConfigFileManager:1595 - The Die is : DIE413
2026-05-05 17:09:17,786 [INFO] ApiDbMcu:532 - Load IP Config File for FATFS
2026-05-05 17:09:17,792 [INFO] ApiDbMcu:532 - Load IP Config File for FREERTOS
2026-05-05 17:09:17,796 [INFO] ApiDbMcu:532 - Load IP Config File for LIBJPEG
2026-05-05 17:09:17,805 [INFO] ApiDbMcu:532 - Load IP Config File for LWIP
2026-05-05 17:09:17,813 [INFO] ApiDbMcu:532 - Load IP Config File for MBEDTLS
2026-05-05 17:09:17,845 [INFO] ApiDbMcu:532 - Load IP Config File for USB_DEVICE
2026-05-05 17:09:17,852 [INFO] ApiDbMcu:532 - Load IP Config File for USB_HOST
2026-05-05 17:09:22,324 [INFO] ProjectBuilder:5496 - Time for Generating toolchain IDE Files: 4665mS.
2026-05-05 17:09:22,326 [INFO] ProjectBuilder:3463 - Time for Copy CMSIS : 1mS.
2026-05-05 17:09:22,329 [INFO] ProjectBuilder:3463 - Time for Copy CMSIS : 0mS.
2026-05-05 17:09:24,771 [INFO] McuFinderGlobals:76 - Set McuFinderConnectedMode to true
2026-05-05 17:09:24,778 [INFO] ApiDb:448 - Save user favorites file C:\Users\jahna/.stm32cubeide/favorites.mcus.txt: 0 item(s)
2026-05-05 17:09:24,779 [INFO] ApiDb:452 - User favorites MCUs=[]
2026-05-05 17:09:24,784 [INFO] ApiDb:448 - Save user favorites file C:\Users\jahna/.stm32cubeide/favorites.boards.txt: 1 item(s)
2026-05-05 17:09:24,784 [INFO] ApiDb:452 - User favorites Boards=[STM32F407G-DISC1]
2026-05-05 17:10:47,365 [INFO] RtosManager:1018 - Current active RTOS is FREERTOS [Cortex-M4NS]
2026-05-05 17:10:48,341 [ERROR] RtosPanel:558 - Can not restore the selected Tab for FREERTOS(A reason can be that the tab is no more available.)
2026-05-05 17:10:48,475 [ERROR] RtosPanel:558 - Can not restore the selected Tab for FREERTOS(A reason can be that the tab is no more available.)
2026-05-05 17:10:50,501 [INFO] UtilMem:75 - End SaveConfig() Used Memory: 984135624 Bytes (1073741824)
2026-05-05 17:10:52,325 [INFO] UtilMem:75 - End SaveConfig() Used Memory: 778699352 Bytes (1073741824)
2026-05-05 17:10:55,206 [INFO] UtilMem:75 - End SaveConfig() Used Memory: 892471896 Bytes (1073741824)
2026-05-05 17:10:57,104 [INFO] BlockDiagram:2775 - set Specific Code input for plugin: FREERTOS
2026-05-05 17:10:57,104 [INFO] BlockDiagram:2775 - set Specific Code input for plugin: SYS
2026-05-05 17:10:57,104 [INFO] BlockDiagram:2775 - set Specific Code input for plugin: RCC
2026-05-05 17:10:57,104 [INFO] BlockDiagram:2775 - set Specific Code input for plugin: NVIC
2026-05-05 17:10:57,104 [INFO] BlockDiagram:2775 - set Specific Code input for plugin: USART
2026-05-05 17:10:57,105 [INFO] BlockDiagram:2775 - set Specific Code input for plugin: GPIO
2026-05-05 17:10:57,119 [INFO] CodeGenerator:892 - code generatio: config db path: C:\ST\STM32CubeIDE_1.19.0\STM32CubeIDE\plugins\com.st.stm32cube.common.mx_6.15.0.202507011659\\db\
2026-05-05 17:10:57,259 [INFO] CodeEngine:265 - oldGeneratedFile, D:\RTOS_stm32\task_priority\MXTmpFiles\license.tmp_save
2026-05-05 17:10:57,501 [INFO] CodeEngine:289 - Generated code: D:\RTOS_stm32\task_priority\MXTmpFiles\license.tmp
2026-05-05 17:10:57,553 [INFO] CodeEngine:265 - oldGeneratedFile, D:\RTOS_stm32\task_priority\MXTmpFiles\gpio.tmp_save
2026-05-05 17:10:57,712 [INFO] CodeEngine:289 - Generated code: D:\RTOS_stm32\task_priority\MXTmpFiles\gpio.tmp
2026-05-05 17:10:57,882 [INFO] Middleware:1452 - No code input for Bsp Dependency
2026-05-05 17:10:57,900 [INFO] CodeEngine:265 - oldGeneratedFile, D:\RTOS_stm32\task_priority\MXTmpFiles\rtos_inc.tmp_save
2026-05-05 17:10:58,036 [INFO] CodeEngine:289 - Generated code: D:\RTOS_stm32\task_priority\MXTmpFiles\rtos_inc.tmp
2026-05-05 17:10:58,043 [INFO] CodeEngine:265 - oldGeneratedFile, D:\RTOS_stm32\task_priority\MXTmpFiles\rtos_vars.tmp_save
2026-05-05 17:10:58,191 [INFO] CodeEngine:289 - Generated code: D:\RTOS_stm32\task_priority\MXTmpFiles\rtos_vars.tmp
2026-05-05 17:10:58,211 [INFO] CodeEngine:265 - oldGeneratedFile, D:\RTOS_stm32\task_priority\MXTmpFiles\rtos_pfp.tmp_save
2026-05-05 17:10:58,321 [INFO] CodeEngine:289 - Generated code: D:\RTOS_stm32\task_priority\MXTmpFiles\rtos_pfp.tmp
2026-05-05 17:10:58,340 [INFO] CodeEngine:265 - oldGeneratedFile, D:\RTOS_stm32\task_priority\MXTmpFiles\rtos_obj_creat.tmp_save
2026-05-05 17:10:58,441 [INFO] CodeEngine:289 - Generated code: D:\RTOS_stm32\task_priority\MXTmpFiles\rtos_obj_creat.tmp
2026-05-05 17:10:58,454 [INFO] CodeEngine:265 - oldGeneratedFile, D:\RTOS_stm32\task_priority\MXTmpFiles\rtos_kernelStart.tmp_save
2026-05-05 17:10:58,549 [INFO] CodeEngine:289 - Generated code: D:\RTOS_stm32\task_priority\MXTmpFiles\rtos_kernelStart.tmp
2026-05-05 17:10:58,569 [INFO] CodeEngine:265 - oldGeneratedFile, D:\RTOS_stm32\task_priority\MXTmpFiles\rtos_default_thread.tmp_save
2026-05-05 17:10:58,678 [INFO] CodeEngine:289 - Generated code: D:\RTOS_stm32\task_priority\MXTmpFiles\rtos_default_thread.tmp
2026-05-05 17:10:58,698 [INFO] CodeEngine:265 - oldGeneratedFile, D:\RTOS_stm32\task_priority\MXTmpFiles\rtos_threads.tmp_save
2026-05-05 17:10:58,781 [INFO] CodeEngine:289 - Generated code: D:\RTOS_stm32\task_priority\MXTmpFiles\rtos_threads.tmp
2026-05-05 17:10:58,805 [INFO] Middleware:1452 - No code input for Bsp Dependency
2026-05-05 17:10:58,821 [INFO] CodeEngine:265 - oldGeneratedFile, D:\RTOS_stm32\task_priority\MXTmpFiles\rtos_inc.tmp_save
2026-05-05 17:10:58,908 [INFO] CodeEngine:289 - Generated code: D:\RTOS_stm32\task_priority\MXTmpFiles\rtos_inc.tmp
2026-05-05 17:10:58,920 [INFO] CodeEngine:265 - oldGeneratedFile, D:\RTOS_stm32\task_priority\MXTmpFiles\rtos_vars.tmp_save
2026-05-05 17:10:59,001 [INFO] CodeEngine:289 - Generated code: D:\RTOS_stm32\task_priority\MXTmpFiles\rtos_vars.tmp
2026-05-05 17:10:59,010 [INFO] CodeEngine:265 - oldGeneratedFile, D:\RTOS_stm32\task_priority\MXTmpFiles\rtos_pfp.tmp_save
2026-05-05 17:10:59,096 [INFO] CodeEngine:289 - Generated code: D:\RTOS_stm32\task_priority\MXTmpFiles\rtos_pfp.tmp
2026-05-05 17:10:59,106 [INFO] CodeEngine:265 - oldGeneratedFile, D:\RTOS_stm32\task_priority\MXTmpFiles\rtos_obj_creat.tmp_save
2026-05-05 17:10:59,189 [INFO] CodeEngine:289 - Generated code: D:\RTOS_stm32\task_priority\MXTmpFiles\rtos_obj_creat.tmp
2026-05-05 17:10:59,199 [INFO] CodeEngine:265 - oldGeneratedFile, D:\RTOS_stm32\task_priority\MXTmpFiles\rtos_kernelStart.tmp_save
2026-05-05 17:10:59,281 [INFO] CodeEngine:289 - Generated code: D:\RTOS_stm32\task_priority\MXTmpFiles\rtos_kernelStart.tmp
2026-05-05 17:10:59,289 [INFO] CodeEngine:265 - oldGeneratedFile, D:\RTOS_stm32\task_priority\MXTmpFiles\rtos_default_thread.tmp_save
2026-05-05 17:10:59,370 [INFO] CodeEngine:289 - Generated code: D:\RTOS_stm32\task_priority\MXTmpFiles\rtos_default_thread.tmp
2026-05-05 17:10:59,381 [INFO] CodeEngine:265 - oldGeneratedFile, D:\RTOS_stm32\task_priority\MXTmpFiles\rtos_threads.tmp_save
2026-05-05 17:10:59,462 [INFO] CodeEngine:289 - Generated code: D:\RTOS_stm32\task_priority\MXTmpFiles\rtos_threads.tmp
2026-05-05 17:10:59,471 [INFO] CodeEngine:265 - oldGeneratedFile, D:\RTOS_stm32\task_priority\Core\Inc\FreeRTOSConfig.h_save
2026-05-05 17:10:59,585 [INFO] CodeEngine:289 - Generated code: D:\RTOS_stm32\task_priority\Core\Inc\FreeRTOSConfig.h
2026-05-05 17:10:59,592 [INFO] CodeEngine:265 - oldGeneratedFile, D:\RTOS_stm32\task_priority\Core\Src\freertos.c_save
2026-05-05 17:10:59,695 [INFO] CodeEngine:289 - Generated code: D:\RTOS_stm32\task_priority\Core\Src\freertos.c
2026-05-05 17:10:59,731 [INFO] CodeEngine:265 - oldGeneratedFile, D:\RTOS_stm32\task_priority\Core\Src\stm32f4xx_it.c_save
2026-05-05 17:10:59,851 [INFO] CodeEngine:289 - Generated code: D:\RTOS_stm32\task_priority\Core\Src\stm32f4xx_it.c
2026-05-05 17:10:59,860 [INFO] CodeEngine:265 - oldGeneratedFile, D:\RTOS_stm32\task_priority\Core\Inc\stm32f4xx_it.h_save
2026-05-05 17:10:59,954 [INFO] CodeEngine:289 - Generated code: D:\RTOS_stm32\task_priority\Core\Inc\stm32f4xx_it.h
2026-05-05 17:10:59,977 [INFO] CodeEngine:265 - oldGeneratedFile, D:\RTOS_stm32\task_priority\Core\Src\stm32f4xx_hal_msp.c_save
2026-05-05 17:11:00,176 [INFO] CodeEngine:289 - Generated code: D:\RTOS_stm32\task_priority\Core\Src\stm32f4xx_hal_msp.c
2026-05-05 17:11:00,187 [INFO] CodeEngine:265 - oldGeneratedFile, D:\RTOS_stm32\task_priority\MXTmpFiles\system.tmp_save
2026-05-05 17:11:00,291 [INFO] CodeEngine:289 - Generated code: D:\RTOS_stm32\task_priority\MXTmpFiles\system.tmp
2026-05-05 17:11:00,310 [INFO] CodeEngine:321 - oldGeneratedFile, D:\RTOS_stm32\task_priority\Core\Inc\stm32f4xx_hal_conf.h_save
2026-05-05 17:11:00,438 [INFO] CodeEngine:345 - Generated code: D:\RTOS_stm32\task_priority\Core\Inc\stm32f4xx_hal_conf.h
2026-05-05 17:11:00,494 [INFO] ApiDbMcu:532 - Load IP Config File for USART2
2026-05-05 17:11:00,516 [INFO] CodeEngine:265 - oldGeneratedFile, D:\RTOS_stm32\task_priority\Core\Inc\main.h_save
2026-05-05 17:11:00,644 [INFO] CodeEngine:289 - Generated code: D:\RTOS_stm32\task_priority\Core\Inc\main.h
2026-05-05 17:11:00,658 [INFO] CodeEngine:265 - oldGeneratedFile, D:\RTOS_stm32\task_priority\Core\Src\main.c_save
2026-05-05 17:11:00,869 [INFO] CodeEngine:289 - Generated code: D:\RTOS_stm32\task_priority\Core\Src\main.c
2026-05-05 17:11:01,724 [INFO] ProjectBuilder:3606 - Time for Copy HAL[1] : 459mS.
2026-05-05 17:11:01,732 [INFO] ProjectBuilder:5216 - Project Generator version: 4.7.0-B52
2026-05-05 17:11:01,856 [INFO] ConfigFileManager:1595 - The Die is : DIE413
2026-05-05 17:11:04,153 [INFO] ProjectBuilder:5496 - Time for Generating toolchain IDE Files: 2420mS.
2026-05-05 17:11:04,156 [INFO] ProjectBuilder:3463 - Time for Copy CMSIS : 3mS.
2026-05-05 17:11:04,163 [INFO] ProjectBuilder:3463 - Time for Copy CMSIS : 0mS.
2026-05-05 17:16:20,585 [INFO] WebApp:194 - Connection lost
2026-05-05 17:16:21,415 [INFO] WebApp:191 - Connection restablished
2026-05-05 17:16:23,678 [INFO] WebApp:194 - Connection lost
2026-05-05 17:16:23,889 [INFO] WebApp:191 - Connection restablished
2026-05-05 18:14:07,994 [INFO] MainUpdater:2872 - connection check result : 10
2026-05-05 18:14:08,937 [INFO] McuFinderGlobals:76 - Set McuFinderConnectedMode to true
2026-05-05 18:14:08,973 [INFO] MultiScanPanel:200 - Auto-refresh data requested => check proxy status ongoing
2026-05-05 18:14:08,985 [INFO] FinderPluginLoader:96 - Searching for filters in installed packs
2026-05-05 18:14:15,479 [INFO] LoadUrlFilesThread:185 - End of LoadServerUrlFiles without Thread
2026-05-05 18:14:15,486 [INFO] DetailPanel:341 - Set advertising image to C:/Users/jahna/STM32Cube/Repository/\en.prom-stm32wba2-stm32-nucleo-board-0426.png
2026-05-05 18:14:23,341 [INFO] MultiScanPanel:200 - Auto-refresh data requested => check proxy status ongoing
2026-05-05 18:14:23,630 [INFO] LoadUrlFilesThread:185 - End of LoadServerUrlFiles without Thread
2026-05-05 18:14:23,635 [INFO] DetailPanel:341 - Set advertising image to C:/Users/jahna/STM32Cube/Repository/\en.prom-stm32wba2-stm32-nucleo-board-0426.png
2026-05-05 18:14:33,184 [INFO] BoardResultTable:719 - Unmark Board STM32F407G-DISC1 as favorite
2026-05-05 18:14:47,327 [INFO] MainUpdater:2872 - connection check result : 10
2026-05-05 18:14:47,328 [INFO] MainUpdater:2872 - connection check result : 10
2026-05-05 18:14:47,748 [INFO] MicroXplorer:468 - Change Database Path : 
2026-05-05 18:14:47,749 [INFO] MicroXplorer:498 - Change Database Version : DB.6.0.150
2026-05-05 18:14:47,834 [ERROR] ProjectManagerView:395 - 
java.lang.NullPointerException: Cannot invoke "javax.swing.JTextField.getText()" because the return value of "java.util.List.get(int)" is null
	at com.st.microxplorer.plugins.projectmanager.gui.ProjectChoiceTab$9.caretUpdate(ProjectChoiceTab.java:2706) ~[filemanager.jar:?]
	at javax.swing.text.JTextComponent.fireCaretUpdate(JTextComponent.java:408) ~[?:?]
	at javax.swing.text.JTextComponent$MutableCaretEvent.fire(JTextComponent.java:4484) ~[?:?]
	at javax.swing.text.JTextComponent$MutableCaretEvent.stateChanged(JTextComponent.java:4506) ~[?:?]
	at javax.swing.text.DefaultCaret.fireStateChanged(DefaultCaret.java:857) ~[?:?]
	at javax.swing.text.DefaultCaret.changeCaretPosition(DefaultCaret.java:1343) ~[?:?]
	at javax.swing.text.DefaultCaret.handleSetDot(DefaultCaret.java:1242) ~[?:?]
	at javax.swing.text.DefaultCaret.setDot(DefaultCaret.java:1223) ~[?:?]
	at javax.swing.text.DefaultCaret$Handler.insertUpdate(DefaultCaret.java:1819) ~[?:?]
	at javax.swing.text.AbstractDocument.fireInsertUpdate(AbstractDocument.java:227) ~[?:?]
	at javax.swing.text.AbstractDocument.handleInsertString(AbstractDocument.java:781) ~[?:?]
	at javax.swing.text.AbstractDocument.insertString(AbstractDocument.java:740) ~[?:?]
	at javax.swing.text.PlainDocument.insertString(PlainDocument.java:131) ~[?:?]
	at javax.swing.text.AbstractDocument.replace(AbstractDocument.java:699) ~[?:?]
	at javax.swing.text.JTextComponent.setText(JTextComponent.java:1725) ~[?:?]
	at com.st.microxplorer.plugins.projectmanager.gui.ProjectChoiceTab.createHeapStackFields(ProjectChoiceTab.java:993) ~[filemanager.jar:?]
	at com.st.microxplorer.plugins.projectmanager.gui.ProjectChoiceTab.buildLinkSettingsPanel(ProjectChoiceTab.java:3813) ~[filemanager.jar:?]
	at com.st.microxplorer.plugins.projectmanager.gui.ProjectChoiceTab.defineWindowsFields(ProjectChoiceTab.java:1987) ~[filemanager.jar:?]
	at com.st.microxplorer.plugins.projectmanager.gui.ProjectChoiceTab.updateSettings(ProjectChoiceTab.java:558) ~[filemanager.jar:?]
	at com.st.microxplorer.plugins.projectmanager.gui.ProjectSettingsPanel.UpdateDialog(ProjectSettingsPanel.java:247) ~[filemanager.jar:?]
	at com.st.microxplorer.plugins.projectmanager.ProjectManagerView.propertyChange(ProjectManagerView.java:392) ~[filemanager.jar:?]
	at java.beans.PropertyChangeSupport.fire(PropertyChangeSupport.java:343) ~[?:?]
	at java.beans.PropertyChangeSupport.firePropertyChange(PropertyChangeSupport.java:335) ~[?:?]
	at java.beans.PropertyChangeSupport.firePropertyChange(PropertyChangeSupport.java:268) ~[?:?]
	at com.st.microxplorer.util.MXPropertyChangeSupport.firePropertyChange(MXPropertyChangeSupport.java:54) ~[STM32CubeMX.jar:?]
	at com.st.microxplorer.mxsystem.MxSystem.closeConfig(MxSystem.java:899) ~[STM32CubeMX.jar:?]
	at com.st.microxplorer.maingui.MainPanel.closeConfig(MainPanel.java:792) ~[STM32CubeMX.jar:?]
	at com.st.microxplorer.plugins.filemanager.engine.OpenFileManager.loadConfigurationFile(OpenFileManager.java:288) ~[filemanager.jar:?]
	at com.st.microxplorer.plugins.filemanager.engine.MainFileManager.userLoadConfig(MainFileManager.java:364) ~[filemanager.jar:?]
	at com.st.microxplorer.plugins.filemanager.FileManagerView.getSpecificTask(FileManagerView.java:268) ~[filemanager.jar:?]
	at com.st.stm32cube.common.mx.editor.CubeMxEditor.getMxTabbedPaneInstance(CubeMxEditor.java:1191) ~[com.st.stm32cube.common.mx_6.15.0.202507011659/:?]
	at com.st.stm32cube.common.mx.editor.CubeMxEditor$12$1.createSwingComponent(CubeMxEditor.java:1068) ~[com.st.stm32cube.common.mx_6.15.0.202507011659/:?]
	at com.st.stm32cube.common.mx.oss.core.awtswtbridge.EmbeddedSwingComposite.doComponentCreation(EmbeddedSwingComposite.java:492) ~[com.st.stm32cube.common.mx.oss_6.15.0.202507011659/:?]
	at com.st.stm32cube.common.mx.oss.core.awtswtbridge.EmbeddedSwingComposite$4.run(EmbeddedSwingComposite.java:291) ~[com.st.stm32cube.common.mx.oss_6.15.0.202507011659/:?]
	at com.st.stm32cube.common.mx.oss.core.awtswtbridge.AwtEnvironment$2.run(AwtEnvironment.java:166) ~[com.st.stm32cube.common.mx.oss_6.15.0.202507011659/:?]
	at java.awt.event.InvocationEvent.dispatch(InvocationEvent.java:318) ~[?:?]
	at java.awt.EventQueue.dispatchEventImpl(EventQueue.java:773) ~[?:?]
	at java.awt.EventQueue$4.run(EventQueue.java:720) ~[?:?]
	at java.awt.EventQueue$4.run(EventQueue.java:714) ~[?:?]
	at java.security.AccessController.doPrivileged(AccessController.java:400) ~[?:?]
	at java.security.ProtectionDomain$JavaSecurityAccessImpl.doIntersectionPrivilege(ProtectionDomain.java:87) ~[?:?]
	at java.awt.EventQueue.dispatchEvent(EventQueue.java:742) ~[?:?]
	at java.awt.EventDispatchThread.pumpOneEventForFilters(EventDispatchThread.java:203) ~[?:?]
	at java.awt.EventDispatchThread.pumpEventsForFilter(EventDispatchThread.java:124) ~[?:?]
	at java.awt.EventDispatchThread.pumpEventsForHierarchy(EventDispatchThread.java:113) ~[?:?]
	at java.awt.EventDispatchThread.pumpEvents(EventDispatchThread.java:109) ~[?:?]
	at java.awt.EventDispatchThread.pumpEvents(EventDispatchThread.java:101) ~[?:?]
	at java.awt.EventDispatchThread.run(EventDispatchThread.java:90) ~[?:?]
2026-05-05 18:14:47,845 [WARN] ThirdParty:871 - waiting for thirdparty lock release [close project]
2026-05-05 18:14:47,846 [INFO] ThirdParty:873 - entering critical section [close project]
2026-05-05 18:14:47,846 [INFO] ThirdParty:883 - exiting critical section [close project]
2026-05-05 18:14:47,867 [INFO] PinOutPanel:1589 - setPackage(No Configuration,No Configuration)
2026-05-05 18:14:47,903 [WARN] IpParametersView:155 - Warning: This peripheral hasn't parameters
2026-05-05 18:14:47,927 [WARN] MainPanel:289 - <html><b><center>Warning: This peripheral has no parameters to be configured<br></b></html>
2026-05-05 18:14:47,949 [INFO] UtilMem:75 - Begin LoadConfig() Used Memory: 912499328 Bytes (1073741824)
2026-05-05 18:14:47,953 [INFO] OpenFileManager:355 - Change cursor
2026-05-05 18:14:48,059 [INFO] RulesReader:64 - Compatibility file has been processed (317 Rules)
2026-05-05 18:14:48,086 [INFO] ProjectFactory:514 - No CPN specified for board STM32F407G-DISC1 => set CPN to STM32F407VGT6
2026-05-05 18:14:48,086 [INFO] Mcu:2029 - Initializing MCU STM32F407V(E-G)Tx STM32F407VGTx STM32F407VGT6
2026-05-05 18:14:51,819 [INFO] Context:786 - Trying to add GPIOservice into a context  which must be forbidden
2026-05-05 18:14:52,941 [INFO] Rule:233 - rule 117617 - U5Cobra4M][GTZC] default value MPCBB3 and MPCBB5 - Not Secured memory - MPCBB1 is applicable
2026-05-05 18:14:52,942 [INFO] Rule:233 - rule 117617 - U5Cobra4M][GTZC] default value MPCBB3 and MPCBB5 - Not Secured memory - MPCBB1 is applicable
2026-05-05 18:14:52,942 [INFO] Rule:233 - rule 117617 - U5Cobra4M][GTZC] default value MPCBB3 and MPCBB5 - Not Secured memory - MPCBB2 is applicable
2026-05-05 18:14:52,943 [INFO] Rule:233 - rule 117617 - U5Cobra4M][GTZC] default value MPCBB3 and MPCBB5 - Not Secured memory - MPCBB2 is applicable
2026-05-05 18:14:52,943 [INFO] Rule:233 - rule 117617 - U5Cobra4M][GTZC] default value MPCBB3 and MPCBB5 - Not Secured memory - MPCBB3 is applicable
2026-05-05 18:14:52,943 [INFO] Rule:233 - rule 117617 - U5Cobra4M][GTZC] default value MPCBB3 and MPCBB5 - Not Secured memory - MPCBB3 is applicable
2026-05-05 18:14:52,943 [INFO] Rule:233 - rule 117617 - U5Cobra4M][GTZC] default value MPCBB3 and MPCBB5 - Not Secured memory - MPCBB4 is applicable
2026-05-05 18:14:52,943 [INFO] Rule:233 - rule 117617 - U5Cobra4M][GTZC] default value MPCBB3 and MPCBB5 - Not Secured memory - MPCBB4 is applicable
2026-05-05 18:14:52,943 [INFO] Rule:233 - rule 117617 - U5Cobra4M][GTZC] default value MPCBB3 and MPCBB5 - Secured memory - MPCBB1 is applicable
2026-05-05 18:14:52,945 [INFO] Rule:233 - rule 117617 - U5Cobra4M][GTZC] default value MPCBB3 and MPCBB5 - Secured memory - MPCBB2 is applicable
2026-05-05 18:14:52,946 [INFO] Rule:233 - rule 117617 - U5Cobra4M][GTZC] default value MPCBB3 and MPCBB5 - Secured memory - MPCBB3 is applicable
2026-05-05 18:14:52,946 [INFO] Rule:233 - rule 117617 - U5Cobra4M][GTZC] default value MPCBB3 and MPCBB5 - Secured memory - MPCBB4 is applicable
2026-05-05 18:14:52,947 [INFO] Rule:233 - rule 117617 - U5Cobra4M][GTZC] default value MPCBB3 and MPCBB5 - Privileged memory - MPCBB1 is applicable
2026-05-05 18:14:52,948 [INFO] Rule:233 - rule 117617 - U5Cobra4M][GTZC] default value MPCBB3 and MPCBB5 - Privileged memory - MPCBB2 is applicable
2026-05-05 18:14:52,948 [INFO] Rule:233 - rule 117617 - U5Cobra4M][GTZC] default value MPCBB3 and MPCBB5 - Privileged memory - MPCBB3 is applicable
2026-05-05 18:14:52,948 [INFO] Rule:233 - rule 117617 - U5Cobra4M][GTZC] default value MPCBB3 and MPCBB5 - Privileged memory - MPCBB4 is applicable
2026-05-05 18:14:52,949 [INFO] Rule:233 - rule 117617 - U5Cobra4M][GTZC] default value MPCBB3 and MPCBB5 - Not Privileged memory - MPCBB1 is applicable
2026-05-05 18:14:52,949 [INFO] Rule:233 - rule 117617 - U5Cobra4M][GTZC] default value MPCBB3 and MPCBB5 - Not Privileged memory - MPCBB2 is applicable
2026-05-05 18:14:52,949 [INFO] Rule:233 - rule 117617 - U5Cobra4M][GTZC] default value MPCBB3 and MPCBB5 - Not Privileged memory - MPCBB3 is applicable
2026-05-05 18:14:52,949 [INFO] Rule:233 - rule 117617 - U5Cobra4M][GTZC] default value MPCBB3 and MPCBB5 - Not Privileged memory - MPCBB4 is applicable
2026-05-05 18:14:52,950 [INFO] Rule:233 - rule 117617 - U5Cobra4M][GTZC] default value MPCBB3 and MPCBB5 - Privileged memory - MPCBB1 is applicable
2026-05-05 18:14:52,950 [INFO] Rule:233 - rule 117617 - U5Cobra4M][GTZC] default value MPCBB3 and MPCBB5 - Privileged memory - MPCBB2 is applicable
2026-05-05 18:14:52,950 [INFO] Rule:233 - rule 117617 - U5Cobra4M][GTZC] default value MPCBB3 and MPCBB5 - Privileged memory - MPCBB3 is applicable
2026-05-05 18:14:52,950 [INFO] Rule:233 - rule 117617 - U5Cobra4M][GTZC] default value MPCBB3 and MPCBB5 - Privileged memory - MPCBB4 is applicable
2026-05-05 18:14:52,950 [INFO] Rule:233 - rule 117617 - U5Cobra4M][GTZC] default value MPCBB3 and MPCBB5 - Privileged memory - MPCBB1 is applicable
2026-05-05 18:14:52,950 [INFO] Rule:233 - rule 117617 - U5Cobra4M][GTZC] default value MPCBB3 and MPCBB5 - Privileged memory - MPCBB2 is applicable
2026-05-05 18:14:52,950 [INFO] Rule:233 - rule 117617 - U5Cobra4M][GTZC] default value MPCBB3 and MPCBB5 - Privileged memory - MPCBB3 is applicable
2026-05-05 18:14:52,950 [INFO] Rule:233 - rule 117617 - U5Cobra4M][GTZC] default value MPCBB3 and MPCBB5 - Privileged memory - MPCBB4 is applicable
2026-05-05 18:14:52,950 [INFO] Rule:233 - rule 117617 - U5Cobra4M][GTZC] default value MPCBB3 and MPCBB5 - Not Privileged memory - MPCBB1 is applicable
2026-05-05 18:14:52,951 [INFO] Rule:233 - rule 117617 - U5Cobra4M][GTZC] default value MPCBB3 and MPCBB5 - Not Privileged memory - MPCBB2 is applicable
2026-05-05 18:14:52,951 [INFO] Rule:233 - rule 117617 - U5Cobra4M][GTZC] default value MPCBB3 and MPCBB5 - Not Privileged memory - MPCBB3 is applicable
2026-05-05 18:14:52,951 [INFO] Rule:233 - rule 117617 - U5Cobra4M][GTZC] default value MPCBB3 and MPCBB5 - Not Privileged memory - MPCBB4 is applicable
2026-05-05 18:14:52,951 [INFO] Rule:233 - rule 117617 - U5Cobra4M][GTZC] default value MPCBB3 and MPCBB5 - Privileged memory - MPCBB1 is applicable
2026-05-05 18:14:52,951 [INFO] Rule:233 - rule 117617 - U5Cobra4M][GTZC] default value MPCBB3 and MPCBB5 - Privileged memory - MPCBB2 is applicable
2026-05-05 18:14:52,951 [INFO] Rule:233 - rule 117617 - U5Cobra4M][GTZC] default value MPCBB3 and MPCBB5 - Privileged memory - MPCBB3 is applicable
2026-05-05 18:14:52,951 [INFO] Rule:233 - rule 117617 - U5Cobra4M][GTZC] default value MPCBB3 and MPCBB5 - Privileged memory - MPCBB4 is applicable
2026-05-05 18:14:52,951 [INFO] Rule:233 - rule Rename SubGHz_Phy SUBGHZ_APPLICATION SUBGHZ_PINGPONG to SUBGHZ_ADV_APPLICATION is applicable
2026-05-05 18:14:52,952 [INFO] Rule:233 - rule Rename Enabled to IBEACON is applicable
2026-05-05 18:14:52,952 [INFO] Rule:233 - rule GTZC_S instance for project manager is applicable
2026-05-05 18:14:52,952 [INFO] Rule:233 - rule GTZC_S instance for context M33S is applicable
2026-05-05 18:14:52,952 [INFO] Rule:233 - rule GTZC_S instance value for IP GTZC is applicable
2026-05-05 18:14:52,952 [INFO] Rule:233 - rule GTZC_S instance for mcu.IP is applicable
2026-05-05 18:14:52,952 [INFO] Rule:233 - rule GTZC_S instance for VP is applicable
2026-05-05 18:14:52,952 [INFO] Rule:233 - rule GTZC_S instance for signal is applicable
2026-05-05 18:14:52,952 [INFO] Rule:233 - rule GTZC_S instance for mcu.Pin is applicable
2026-05-05 18:14:52,952 [INFO] Rule:233 - rule GTZC_S instance for VP is applicable
2026-05-05 18:14:52,953 [INFO] Rule:233 - rule GTZC_S instance for signal is applicable
2026-05-05 18:14:52,953 [INFO] Rule:233 - rule GTZC_S instance for mcu is applicable
2026-05-05 18:14:52,953 [INFO] Rule:233 - rule GTZC_S instance for mcu.Pin is applicable
2026-05-05 18:14:52,953 [INFO] Rule:233 - rule GTZC_S instance value for IP GTZC is applicable
2026-05-05 18:14:52,953 [INFO] Rule:233 - rule GTZC_S instance for project manager is applicable
2026-05-05 18:14:52,953 [INFO] Rule:233 - rule GTZC_S instance for context M33S is applicable
2026-05-05 18:14:52,953 [INFO] Rule:233 - rule GTZC_S instance for VP is applicable
2026-05-05 18:14:52,953 [INFO] Rule:233 - rule GTZC_S instance for signal is applicable
2026-05-05 18:14:52,954 [INFO] Rule:233 - rule SPDIFRX instance for mcu is applicable
2026-05-05 18:14:52,954 [INFO] Rule:233 - rule Rename Tracer Mode is applicable
2026-05-05 18:14:52,954 [INFO] Rule:233 - rule SPDIFRX instance value for IP SPDIFRX is applicable
2026-05-05 18:14:52,954 [INFO] Rule:233 - rule SPDIFRX instance for signal is applicable
2026-05-05 18:14:52,954 [INFO] Rule:233 - rule SPDIFRX instance for project manager is applicable
2026-05-05 18:14:52,954 [INFO] Rule:233 - rule SPDIFRX instance for project manager is applicable
2026-05-05 18:14:52,954 [INFO] Rule:233 - rule ADC Scan  fix with FW F7 is applicable
2026-05-05 18:14:52,954 [INFO] Rule:233 - rule ADC Scan  fix with FW F7 is applicable
2026-05-05 18:14:52,955 [INFO] Rule:233 - rule WakeUp0 Mode is applicable
2026-05-05 18:14:52,955 [INFO] Rule:233 - rule WakeUp0 SIGNAL is applicable
2026-05-05 18:14:52,955 [INFO] Rule:233 - rule WakeUp1 Mode is applicable
2026-05-05 18:14:52,955 [INFO] Rule:233 - rule WakeUp1 SIGNAL is applicable
2026-05-05 18:14:52,955 [INFO] Rule:233 - rule WakeUp2 Mode is applicable
2026-05-05 18:14:52,955 [INFO] Rule:233 - rule WakeUp2 SIGNAL is applicable
2026-05-05 18:14:52,956 [INFO] Rule:233 - rule WakeUp4 Mode is applicable
2026-05-05 18:14:52,957 [INFO] Rule:233 - rule WakeUp4 SIGNAL is applicable
2026-05-05 18:14:52,957 [INFO] Rule:233 - rule WakeUp5 Mode is applicable
2026-05-05 18:14:52,957 [INFO] Rule:233 - rule WakeUp5 SIGNAL is applicable
2026-05-05 18:14:52,958 [INFO] Rule:233 - rule UART/USART WORD LENGTH 7 is applicable
2026-05-05 18:14:52,958 [INFO] Rule:233 - rule UART/USART WORD LENGTH 8 is applicable
2026-05-05 18:14:52,958 [INFO] Rule:233 - rule UART/USART WORD LENGTH 9 is applicable
2026-05-05 18:14:52,958 [INFO] Rule:233 - rule Change Default Value for LSE Drive Capability for WB family is applicable
2026-05-05 18:14:52,959 [INFO] Rule:233 - rule Change Default Value for ADC Clock Prescaler G0 family is applicable
2026-05-05 18:14:52,959 [INFO] Rule:233 - rule ADC SamplingTime fix with FW L0  is applicable
2026-05-05 18:14:52,959 [INFO] Rule:233 - rule ADC SamplingTime fix with FW L0  is applicable
2026-05-05 18:14:52,959 [INFO] Rule:233 - rule ADC SamplingTime fix with FW L0 is applicable
2026-05-05 18:14:52,959 [INFO] Rule:233 - rule ADC SamplingTime fix with FW L0 is applicable
2026-05-05 18:14:52,959 [INFO] Rule:233 - rule ADC SamplingTime fix with FW L0  is applicable
2026-05-05 18:14:52,961 [INFO] Rule:233 - rule ADC SamplingTime fix with FW L0 is applicable
2026-05-05 18:14:52,961 [INFO] Rule:233 - rule Rename USB_OE Signal is applicable
2026-05-05 18:14:52,961 [INFO] Rule:233 - rule Rename Activate_OE Mode is applicable
2026-05-05 18:14:52,961 [INFO] Rule:233 - rule Rename DIE462/DIE415 pin PC14/OSC32_IN -> PC14-OSC32_IN (PC14) is applicable
2026-05-05 18:14:52,961 [INFO] Rule:233 - rule Rename DIE462/DIE415 pin PC15/OSC32_OUT -> PC15-OSC32_OUT (PC15) is applicable
2026-05-05 18:14:52,962 [INFO] Rule:233 - rule Rename DIE462/DIE415 pin PH0/OSC_IN -> PH0-OSC_IN (PH0) is applicable
2026-05-05 18:14:52,962 [INFO] Rule:233 - rule Rename DIE462/DIE415 pin PH1/OSC_OUT -> PH1-OSC_OUT (PH1) is applicable
2026-05-05 18:14:52,962 [INFO] Rule:233 - rule Rename DIE462 pin PA13 -> PA13 (JTMS/SWDIO) is applicable
2026-05-05 18:14:52,962 [INFO] Rule:233 - rule Rename DIE415 pin PA13 -> PA13 (JTMS/SWDIO) is applicable
2026-05-05 18:14:52,962 [INFO] Rule:233 - rule Rename DIE462 pin PA14 -> PA14 (JTCK/SWCLK) is applicable
2026-05-05 18:14:52,963 [INFO] Rule:233 - rule Rename DIE415 pin PA14 -> PA14 (JTCK/SWCLK) is applicable
2026-05-05 18:14:52,963 [INFO] Rule:233 - rule Rename DIE462/DIE415 pin PA15 -> PA15 (JTDI) is applicable
2026-05-05 18:14:52,963 [INFO] Rule:233 - rule Rename DIE462 pin PB3 -> PB3 (JTD0/TRACESWO) is applicable
2026-05-05 18:14:52,963 [INFO] Rule:233 - rule Rename DIE415 pin PB3 -> PB3 (JTD0-TRACESWO) is applicable
2026-05-05 18:14:52,964 [INFO] Rule:233 - rule Rename DIE462/DIE415 pin PB4 -> PB4 (NJTRST) is applicable
2026-05-05 18:14:52,964 [INFO] Rule:233 - rule Rename DIE462 pin PH3/BOOT0 -> PH3-BOOT0 (BOOT0) is applicable
2026-05-05 18:14:52,964 [INFO] Rule:233 - rule Rename CRYP DataEncryptionTypesList to Algorithm is applicable
2026-05-05 18:14:52,964 [INFO] Rule:233 - rule Rename AES DataEncryptionTypesList to Algorithm is applicable
2026-05-05 18:14:52,964 [INFO] Rule:233 - rule Rename TDESECB to CRYP_TDES_ECB is applicable
2026-05-05 18:14:52,965 [INFO] Rule:233 - rule Rename TDESCBC to CRYP_TDES_CBC is applicable
2026-05-05 18:14:52,965 [INFO] Rule:233 - rule Rename DESECB to CRYP_DES_ECB is applicable
2026-05-05 18:14:52,965 [INFO] Rule:233 - rule Rename DESCBC to CRYP_DES_CBC is applicable
2026-05-05 18:14:52,965 [INFO] Rule:233 - rule Rename AESECB to CRYP_AES_ECB is applicable
2026-05-05 18:14:52,965 [INFO] Rule:233 - rule Rename AESCBC to CRYP_AES_CBC is applicable
2026-05-05 18:14:52,965 [INFO] Rule:233 - rule Rename AESCTR to CRYP_AES_CTR is applicable
2026-05-05 18:14:52,965 [INFO] Rule:233 - rule Rename AESGCM to CRYP_AES_GCM is applicable
2026-05-05 18:14:52,965 [INFO] Rule:233 - rule Rename AESCCM to CRYP_AES_CCM is applicable
2026-05-05 18:14:52,966 [INFO] Rule:233 - rule Rename CAN TimeSeg1 to BS1 is applicable
2026-05-05 18:14:52,966 [INFO] Rule:233 - rule Rename CAN TimeSeg2 to BS2 is applicable
2026-05-05 18:14:52,966 [INFO] Rule:233 - rule Rename CAN SyncJumpWidth to SJW is applicable
2026-05-05 18:14:52,966 [INFO] Rule:233 - rule TimeTriggeredMode to TTCM is applicable
2026-05-05 18:14:52,966 [INFO] Rule:233 - rule Rename CAN AutoBusOff to ABOM is applicable
2026-05-05 18:14:52,966 [INFO] Rule:233 - rule Rename CAN AutoWakeUp to AWUM is applicable
2026-05-05 18:14:52,966 [INFO] Rule:233 - rule Rename CAN AutoRetransmission to NART is applicable
2026-05-05 18:14:52,966 [INFO] Rule:233 - rule Rename CAN ReceiveFifoLocked to RFLM is applicable
2026-05-05 18:14:52,967 [INFO] Rule:233 - rule Rename CAN TransmitFifoPriority to TXFP is applicable
2026-05-05 18:14:52,967 [INFO] Rule:233 - rule Rename HRTIMER HRTIM_OUTPUTFAULTLEVEL_HIGH in HRTIMER HRTIM_OUTPUTFAULTLEVEL_HIGHZ is applicable
2026-05-05 18:14:52,967 [INFO] Rule:233 - rule Rename TIMER TIM_CLEARINPUTSOURCE_OCREFCLR in  TIMER TIM_CLEARINPUTSOURCE_NONE for F7 family is applicable
2026-05-05 18:14:52,967 [INFO] Rule:233 - rule FDCAN_R1 - Rename FDCAN mode Master into Classic is applicable
2026-05-05 18:14:52,967 [INFO] Rule:233 - rule FDCAN_R2 - Rename FDCAN mode Slave into Classic is applicable
2026-05-05 18:14:52,967 [INFO] Rule:233 - rule FDCAN1_R3 - if PA10.Mode=FullDuplex, add Pin PA12 is applicable
2026-05-05 18:14:52,967 [INFO] Rule:233 - rule FDCAN1_R3 - if PA9.Mode=FullDuplex, add Pin PA11 is applicable
2026-05-05 18:14:52,967 [INFO] Rule:233 - rule FDCAN1_R3 - Alternatepin_1 - if PE1.Mode=FullDuplex, add Pin PB9 is applicable
2026-05-05 18:14:52,967 [INFO] Rule:233 - rule FDCAN1_R3 - Alternatepin_1 - if PE0.Mode=FullDuplex, add Pin PB8 is applicable
2026-05-05 18:14:52,968 [INFO] Rule:233 - rule FDCAN1_R3 - Alternatepin_2 - if PD5.Mode=FullDuplex, add Pin PD1 is applicable
2026-05-05 18:14:52,968 [INFO] Rule:233 - rule FDCAN1_R3 - Alternatepin_2 - if PD4.Mode=FullDuplex, add Pin PD0 is applicable
2026-05-05 18:14:52,968 [INFO] Rule:233 - rule FDCAN1_R4 - Rename Mode FullDuplex into Enable FDCAN_TXFD for pin PA10 is applicable
2026-05-05 18:14:52,968 [INFO] Rule:233 - rule FDCAN1_R4 - Rename Mode FullDuplex into Enable FDCAN_TXFD for pin PA9 is applicable
2026-05-05 18:14:52,968 [INFO] Rule:233 - rule FDCAN1_R4 - Alternatepin_1 - Rename Mode FullDuplex into Enable FDCAN_TXFD for pin PE1 is applicable
2026-05-05 18:14:52,968 [INFO] Rule:233 - rule FDCAN1_R4 - Alternatepin_1 - Rename Mode FullDuplex into Enable FDCAN_TXFD for pin PE0 is applicable
2026-05-05 18:14:52,968 [INFO] Rule:233 - rule FDCAN1_R4 - Alternatepin_2 - Rename Mode FullDuplex into Enable FDCAN_TXFD for pin PD5 is applicable
2026-05-05 18:14:52,968 [INFO] Rule:233 - rule FDCAN1_R4 - Alternatepin_2 - Rename Mode FullDuplex into Enable FDCAN_TXFD for pin PD4 is applicable
2026-05-05 18:14:52,968 [INFO] Rule:233 - rule FDCAN2_R3 - if PD10.Mode=FullDuplex, add Pin PB13 is applicable
2026-05-05 18:14:52,969 [INFO] Rule:233 - rule FDCAN2_R3 - if PD9.Mode=FullDuplex, add Pin PB12 is applicable
2026-05-05 18:14:52,969 [INFO] Rule:233 - rule FDCAN2_R3 - Alternatepin_1 - if PB7.Mode=FullDuplex, add Pin PB6 is applicable
2026-05-05 18:14:52,969 [INFO] Rule:233 - rule FDCAN2_R3 - Alternatepin_1 - if PD9.Mode=FullDuplex, add Pin PB12 is applicable
2026-05-05 18:14:52,969 [INFO] Rule:233 - rule FDCAN2_R4 - Rename Mode FullDuplex into Enable FDCAN_TXFD for pin PD10 is applicable
2026-05-05 18:14:52,969 [INFO] Rule:233 - rule FDCAN2_R4 - Rename Mode FullDuplex into Enable FDCAN_TXFD for pin PD9 is applicable
2026-05-05 18:14:52,969 [INFO] Rule:233 - rule FDCAN2_R4 - Alternatepin_1 - Rename Mode FullDuplex into Enable FDCAN_TXFD for pin PB7 is applicable
2026-05-05 18:14:52,969 [INFO] Rule:233 - rule FDCAN2_R4 - Alternatepin_1 - Rename Mode FullDuplex into Enable FDCAN_TXFD for pin PD6 is applicable
2026-05-05 18:14:52,969 [INFO] Rule:233 - rule USART TxPinLevelInvertParam Mode is applicable
2026-05-05 18:14:52,969 [INFO] Rule:233 - rule USART RxPinLevelInvertParam Mode is applicable
2026-05-05 18:14:52,969 [INFO] Rule:233 - rule USART DataInvertParam Mode is applicable
2026-05-05 18:14:52,970 [INFO] Rule:233 - rule USART SwapParam Mode is applicable
2026-05-05 18:14:52,970 [INFO] Rule:233 - rule USART OverrunDisableParam Mode is applicable
2026-05-05 18:14:52,970 [INFO] Rule:233 - rule USART DMADisableonRxErrorParam Mode is applicable
2026-05-05 18:14:52,970 [INFO] Rule:233 - rule USART MSBFirstParam Mode is applicable
2026-05-05 18:14:52,970 [INFO] Rule:233 - rule Update MwName for USB_DEVICE is applicable
2026-05-05 18:14:52,970 [INFO] Rule:233 - rule Change PWR_Regulator_Voltage_Scale Default Value for RCC  H7 family is applicable
2026-05-05 18:14:52,970 [INFO] Rule:233 - rule UART/USART IPParameter rename Prescaler parameter to ClockPrescaler is applicable
2026-05-05 18:14:52,970 [INFO] Rule:233 - rule UART/USART Prescaler rename Prescaler parameter to ClockPrescaler is applicable
2026-05-05 18:14:52,970 [INFO] Rule:233 - rule TIM1CLockSelection is applicable
2026-05-05 18:14:52,971 [INFO] Rule:233 - rule TIM15CLockSelection is applicable
2026-05-05 18:14:52,971 [INFO] Rule:233 - rule align RCC SDMMC3CLockSelection default value on MP1 is applicable
2026-05-05 18:14:52,971 [INFO] Rule:233 - rule align RCC SDMMC12CLockSelection default value on MP1 is applicable
2026-05-05 18:14:52,971 [INFO] Rule:233 - rule align RCC QSPICLockSelection default value on MP1 is applicable
2026-05-05 18:14:52,971 [INFO] Rule:233 - rule align RCC QSPICLockSelection default value on MP1 is applicable
2026-05-05 18:14:52,971 [INFO] Rule:233 - rule align RCC SPI6CLockSelection default value on MP1 is applicable
2026-05-05 18:14:52,971 [INFO] Rule:233 - rule align RCC LPTIM23CLockSelection default value on MP1 is applicable
2026-05-05 18:14:52,971 [INFO] Rule:233 - rule align RCC LPTIM1CLockSelection default value on MP1 is applicable
2026-05-05 18:14:52,971 [INFO] Rule:233 - rule align RCC USART1CLockSelection default value on MP1 is applicable
2026-05-05 18:14:52,971 [INFO] Rule:233 - rule align RCC USART24CLockSelection default value on MP1 is applicable
2026-05-05 18:14:52,972 [INFO] Rule:233 - rule align RCC USART6CLockSelection default value on MP1 is applicable
2026-05-05 18:14:52,972 [INFO] Rule:233 - rule align RCC UART78CLockSelection default value on MP1 is applicable
2026-05-05 18:14:52,972 [INFO] Rule:233 - rule align RCC USART35CLockSelection default value on MP1 is applicable
2026-05-05 18:14:52,972 [INFO] Rule:233 - rule align RCC SPI45CLockSelection default value on MP1 is applicable
2026-05-05 18:14:52,972 [INFO] Rule:233 - rule align RCC I2C46CLockSelection BCLK value on MP1 is applicable
2026-05-05 18:14:52,972 [INFO] Rule:233 - rule align RCC SPI45CLockSelection default value on MP1 is applicable
2026-05-05 18:14:52,972 [INFO] Rule:233 - rule align RCC I2C12CLockSelection default value on MP1 is applicable
2026-05-05 18:14:52,972 [INFO] Rule:233 - rule align RCC I2C35CLockSelection default value on MP1 is applicable
2026-05-05 18:14:52,972 [INFO] Rule:233 - rule align RCC LPTIM45CLockSelection default value on MP1 is applicable
2026-05-05 18:14:52,972 [INFO] Rule:233 - rule Rename DCMI PIXCK signal is applicable
2026-05-05 18:14:52,973 [INFO] Rule:233 - rule Change Default Value for I2C46CLockSelection MP1 family is applicable
2026-05-05 18:14:52,973 [INFO] Rule:233 - rule Change Default Value for UART for G4, G0 and WB families is applicable
2026-05-05 18:14:52,973 [INFO] Rule:233 - rule Change Default Value for USART for G4, G0 and WB families is applicable
2026-05-05 18:14:52,973 [INFO] Rule:233 - rule Change Default Value for USART for G4 family is applicable
2026-05-05 18:14:52,973 [INFO] Rule:233 - rule Change USART1CLockSelection refparam name for MP1 is applicable
2026-05-05 18:14:52,974 [INFO] Rule:233 - rule Change USART2CLockSelection refparam name for MP1 is applicable
2026-05-05 18:14:52,974 [INFO] Rule:233 - rule Change USART3CLockSelection refparam name for MP1 is applicable
2026-05-05 18:14:52,974 [INFO] Rule:233 - rule Change UART4CLockSelection refparam name for MP1 is applicable
2026-05-05 18:14:52,974 [INFO] Rule:233 - rule Change UART5CLockSelection refparam name for MP1 is applicable
2026-05-05 18:14:52,974 [INFO] Rule:233 - rule Change LPUART1CLockSelection refparam name for MP1 is applicable
2026-05-05 18:14:52,974 [INFO] Rule:233 - rule Change LPTIM1CLockSelection refparam name for MP1 is applicable
2026-05-05 18:14:52,974 [INFO] Rule:233 - rule Change LPTIM2CLockSelection refparam name for MP1 is applicable
2026-05-05 18:14:52,974 [INFO] Rule:233 - rule Change RCC_MCO1Source refparam name for MP1 is applicable
2026-05-05 18:14:52,975 [INFO] Rule:233 - rule Change LSCOSource1 refparam name for MP1 is applicable
2026-05-05 18:14:52,975 [INFO] Rule:233 - rule Change SMPSCLockSelection refparam name for MP1 is applicable
2026-05-05 18:14:52,975 [INFO] Rule:233 - rule Change LPTIM3CLockSelection refparam name for MP1 is applicable
2026-05-05 18:14:52,975 [INFO] Rule:233 - rule Change MPCBB* Default Template Mode to Parameters is applicable
2026-05-05 18:14:52,975 [INFO] Rule:233 - rule Change MPCWM* or MPCBB* Secure Mode to Parameters is applicable
2026-05-05 18:14:52,976 [INFO] Rule:233 - rule Change MPCWM* or MPCBB* No Secure Mode to Parameters is applicable
2026-05-05 18:14:52,976 [INFO] Rule:233 - rule Change TZSC IP Secure Mode to Parameters is applicable
2026-05-05 18:14:52,976 [INFO] Rule:233 - rule Change TZSC IP No Secure Mode to Parameters is applicable
2026-05-05 18:14:52,976 [INFO] Rule:233 - rule Change TZSC IP Privilege Mode to Parameters is applicable
2026-05-05 18:14:52,976 [INFO] Rule:233 - rule Change TZSC IP No Privilege Mode to Parameters is applicable
2026-05-05 18:14:52,976 [INFO] Rule:233 - rule Change TZIC IT Secure Mode to Parameters is applicable
2026-05-05 18:14:52,976 [INFO] Rule:233 - rule Change TZIC IT No Secure Mode to Parameters is applicable
2026-05-05 18:14:52,976 [INFO] Rule:233 - rule Add MPCBB1_NonSecureArea_Start_Address value with referenced to MPCBB1_NonSecureArea_Start value is applicable
2026-05-05 18:14:52,977 [INFO] Rule:233 - rule Add MPCBB2_NonSecureArea_Start_Address value with referenced to MPCBB2_NonSecureArea_Start value is applicable
2026-05-05 18:14:52,977 [INFO] Rule:233 - rule Add MPCWM1_NonSecureArea*_Start_Address value with referenced to MPCWM1_NonSecureArea*_Start value is applicable
2026-05-05 18:14:52,977 [INFO] Rule:233 - rule Add MPCWM2_NonSecureArea*_Start_Address value with referenced to MPCWM2_NonSecureArea*_Start value is applicable
2026-05-05 18:14:52,977 [INFO] Rule:233 - rule Add MPCWM3_NonSecureArea_Start_Address value with referenced to MPCWM3_NonSecureArea_Start value is applicable
2026-05-05 18:14:52,977 [INFO] Rule:233 - rule Change Default Value for PLL1UserDefinedConfig is applicable
2026-05-05 18:14:52,978 [INFO] Rule:233 - rule Change GPIO_PuPd Default Value for USART in async mode is applicable
2026-05-05 18:14:52,978 [INFO] Rule:233 - rule Change SMPSDivider Default Value is applicable
2026-05-05 18:14:52,978 [INFO] Rule:233 - rule OPAMP is applicable
2026-05-05 18:14:52,978 [INFO] Rule:233 - rule LPUART IPParameter rename Prescaler parameter to ClockPrescaler for STM32H7 is applicable
2026-05-05 18:14:52,978 [INFO] Rule:233 - rule LPUART IPParameter rename Prescaler parameter to ClockPrescaler for STM32H7 is applicable
2026-05-05 18:14:52,978 [INFO] Rule:233 - rule LPUART IPParameter rename Prescaler parameter to ClockPrescaler for STM32WB is applicable
2026-05-05 18:14:52,979 [INFO] Rule:233 - rule LPUART IPParameter rename Prescaler parameter to ClockPrescaler for STM32WB is applicable
2026-05-05 18:14:52,979 [INFO] Rule:233 - rule LPUART IPParameter rename Prescaler parameter to ClockPrescaler for STM32G4 is applicable
2026-05-05 18:14:52,979 [INFO] Rule:233 - rule LPUART IPParameter rename Prescaler parameter to ClockPrescaler for STM32G4 is applicable
2026-05-05 18:14:52,979 [INFO] Rule:233 - rule LPUART IPParameter rename Prescaler parameter to ClockPrescaler for STM32L5 is applicable
2026-05-05 18:14:52,979 [INFO] Rule:233 - rule LPUART IPParameter rename Prescaler parameter to ClockPrescaler for STM32L5 is applicable
2026-05-05 18:14:52,981 [INFO] Rule:233 - rule LPUART IPParameter rename Prescaler parameter to ClockPrescaler for STM32G4 is applicable
2026-05-05 18:14:52,981 [INFO] Rule:233 - rule LPUART IPParameter rename Prescaler parameter to ClockPrescaler for STM32G4 is applicable
2026-05-05 18:14:52,982 [INFO] Rule:233 - rule USB device lib V2.5.3 for L0 rename USBD_SUPPORT_USER_STRING parameter to USBD_SUPPORT_USER_STRING_DESC4 is applicable
2026-05-05 18:14:52,982 [INFO] Rule:233 - rule I2SCLockSelection clock entry align is applicable
2026-05-05 18:14:52,982 [INFO] Rule:233 - rule Assign TIMx context if used as SYS timebase is applicable
2026-05-05 18:14:52,983 [INFO] Rule:233 - rule Change GPIO_Pu Default Value for I2C is applicable
2026-05-05 18:14:52,983 [INFO] Rule:233 - rule Change GPIO_Pu Default Value for SMBus is applicable
2026-05-05 18:14:52,983 [INFO] Rule:233 - rule change FDCAN default value is applicable
2026-05-05 18:14:52,983 [INFO] Rule:233 - rule Change mode sai is applicable
2026-05-05 18:14:52,983 [INFO] Rule:233 - rule **Change sai mode is applicable
2026-05-05 18:14:52,984 [INFO] Rule:233 - rule Rename STM32WPAN CFG_BLE_IRK to CFG_BLE_IR is applicable
2026-05-05 18:14:52,984 [INFO] Rule:233 - rule Rename STM32WPAN CFG_BLE_ERK to CFG_BLE_ER is applicable
2026-05-05 18:14:52,984 [INFO] Rule:233 - rule Rename STM32WPAN CFG_BLE_IRK_HEX to CFG_BLE_IR_HEX is applicable
2026-05-05 18:14:52,984 [INFO] Rule:233 - rule Rename STM32WPAN CFG_BLE_ERK_HEX to CFG_BLE_ER_HEX is applicable
2026-05-05 18:14:52,984 [INFO] Rule:233 - rule Adapt Old IOC before rework replace old CORTEX_M33/CORTEX_M55 attributes by the new one. is applicable
2026-05-05 18:14:52,984 [INFO] Rule:233 - rule Rename parametre of RCC RCC_APBDBG_DIV2 to RCC_TIMPRES_DIV2 is applicable
2026-05-05 18:14:52,984 [INFO] Rule:233 - rule Rename DIE493 pin PA10 [PA12] -> PA10 is applicable
2026-05-05 18:14:52,984 [INFO] Rule:233 - rule Rename DIE493 pin PA9 [PA11] -> PA9 is applicable
2026-05-05 18:14:52,985 [INFO] Rule:233 - rule Rename DIE492 PartNumber CPN STM32WBA5MJGHx -> STM32WBA5MMGHx is applicable
2026-05-05 18:14:52,985 [INFO] Rule:233 - rule Rename DIE492 PartNumber  Name STM32WBA5MJGHx -> STM32WBA5MMGHx is applicable
2026-05-05 18:14:52,985 [INFO] Rule:233 - rule Rename DIE492 PartNumber UserName STM32WBA5MJGHx -> STM32WBA5MMGHx is applicable
2026-05-05 18:14:52,985 [INFO] Rule:233 - rule Rename DIE492 PartNumber DeviceId STM32WBA5MJGHx -> STM32WBA5MMGHx is applicable
2026-05-05 18:14:52,985 [INFO] Rule:233 - rule Adapt Old IOC CSI. is applicable
2026-05-05 18:14:52,985 [INFO] Rule:233 - rule Adapt Old IOC DCMIPP. is applicable
2026-05-05 18:14:52,985 [INFO] Rule:233 - rule Adapt Old IOC DCMIPP Mode Parallel. is applicable
2026-05-05 18:14:52,985 [INFO] Rule:233 - rule Adapt Old IOC LTDC. is applicable
2026-05-05 18:14:52,986 [INFO] Rule:233 - rule Rename STM32MP2 RIF Peripheral LTDC RIF.RISUP.LTDC_L0L1.Privilege -> RIF.RISUP.LTDC_L1L2.Privilege is applicable
2026-05-05 18:14:52,986 [INFO] Rule:233 - rule Rename STM32MP2 RIF Peripheral LTDC RIF.RISUP.LTDC_L0L1.Privilege -> RIF.RISUP.LTDC_L1L2.Privilege is applicable
2026-05-05 18:14:52,986 [INFO] Rule:233 - rule Rename STM32MP2 RIF Peripheral LTDC RIF.RISUP.LTDC_L0L1.Lock -> RIF.RISUP.LTDC_L1L2.Lock is applicable
2026-05-05 18:14:52,986 [INFO] Rule:233 - rule Rename STM32MP2 RIF Peripheral LTDC RIF.RISUP.LTDC_L2.Lock -> RIF.RISUP.LTDC_L3.Lock is applicable
2026-05-05 18:14:52,986 [INFO] Rule:233 - rule Adapt the old IOC example for updating the SYS when it is misconfigured. is applicable
2026-05-05 18:14:52,986 [INFO] Rule:233 - rule Rename STM32C09 Mcu.Package LQFP64 -> LQFP48 is applicable
2026-05-05 18:14:52,986 [INFO] Rule:233 - rule Adapt the old IOC example for updating the SYS when it is misconfigured. is applicable
2026-05-05 18:14:52,986 [INFO] Rule:233 - rule Adapt the old IOC example for updating the SYS when it is misconfigured. is applicable
2026-05-05 18:14:53,034 [INFO] DbConfProperties:307 - Apply Compatibility (38/250 Rules)
2026-05-05 18:14:53,074 [INFO] ImportTextPane:234 - (OptionalMessage_ERROR) Unable to find key (Mcu.ThirdPartyNb) in loaded IOC file
2026-05-05 18:14:53,079 [INFO] ImportTextPane:234 - (OptionalMessage_ERROR) Pin34 (VP_RIF_VS_RIF1) cannot be retrieved for this MCU
2026-05-05 18:14:53,470 [INFO] RtosManager:558 - Registered RTOS mode: class=CMSIS, group=RTOS, mode=CMSIS_V1, owner=FREERTOS
2026-05-05 18:14:53,470 [INFO] RtosManager:558 - Registered RTOS mode: class=CMSIS, group=RTOS2, mode=CMSIS_V2, owner=FREERTOS
2026-05-05 18:14:53,471 [INFO] RtosManager:558 - Registered RTOS mode: class=RTOS, group=Core, mode=CMSIS_V1, owner=FREERTOS
2026-05-05 18:14:53,471 [INFO] RtosManager:558 - Registered RTOS mode: class=RTOS, group=Core, mode=CMSIS_V2, owner=FREERTOS
2026-05-05 18:14:53,471 [WARN] ModelIntegratedComponent:184 - Missing modes for component STMicroelectronics:FreeRTOS:0.0.1:STMicroelectronics:RTOS:FreeRTOS:Core:::10.2.0:
2026-05-05 18:14:53,492 [WARN] ModelIntegratedComponent:63 - No mode defined for component null
2026-05-05 18:14:53,492 [WARN] ModelIntegratedComponent:63 - No mode defined for component null
2026-05-05 18:14:53,492 [WARN] ModelIntegratedComponent:63 - No mode defined for component null
2026-05-05 18:14:53,492 [WARN] ModelIntegratedComponent:63 - No mode defined for component null
2026-05-05 18:14:53,492 [WARN] ModelIntegratedComponent:63 - No mode defined for component null
2026-05-05 18:14:53,492 [WARN] ModelIntegratedComponent:63 - No mode defined for component null
2026-05-05 18:14:53,492 [WARN] ModelIntegratedComponent:63 - No mode defined for component null
2026-05-05 18:14:53,493 [WARN] ModelIntegratedComponent:63 - No mode defined for component null
2026-05-05 18:14:53,493 [WARN] ModelIntegratedComponent:63 - No mode defined for component null
2026-05-05 18:14:53,493 [WARN] ModelIntegratedComponent:63 - No mode defined for component null
2026-05-05 18:14:53,493 [WARN] ModelIntegratedComponent:63 - No mode defined for component null
2026-05-05 18:14:53,493 [WARN] ModelIntegratedComponent:63 - No mode defined for component null
2026-05-05 18:14:53,493 [WARN] ModelIntegratedComponent:63 - No mode defined for component null
2026-05-05 18:14:53,493 [WARN] ModelIntegratedComponent:63 - No mode defined for component null
2026-05-05 18:14:53,493 [WARN] ModelIntegratedComponent:63 - No mode defined for component null
2026-05-05 18:14:53,493 [WARN] ModelIntegratedComponent:63 - No mode defined for component null
2026-05-05 18:14:53,494 [WARN] ModelIntegratedComponent:63 - No mode defined for component null
2026-05-05 18:14:53,494 [WARN] ModelIntegratedComponent:63 - No mode defined for component null
2026-05-05 18:14:53,494 [WARN] ModelIntegratedComponent:63 - No mode defined for component null
2026-05-05 18:14:53,494 [WARN] ModelIntegratedComponent:63 - No mode defined for component null
2026-05-05 18:14:53,494 [WARN] ModelIntegratedComponent:63 - No mode defined for component null
2026-05-05 18:14:53,494 [WARN] ModelIntegratedComponent:63 - No mode defined for component null
2026-05-05 18:14:53,494 [WARN] ModelIntegratedComponent:63 - No mode defined for component null
2026-05-05 18:14:53,494 [WARN] ModelIntegratedComponent:63 - No mode defined for component null
2026-05-05 18:14:53,494 [WARN] ModelIntegratedComponent:63 - No mode defined for component null
2026-05-05 18:14:53,494 [WARN] ModelIntegratedComponent:63 - No mode defined for component null
2026-05-05 18:14:53,494 [WARN] ModelIntegratedComponent:63 - No mode defined for component null
2026-05-05 18:14:53,494 [WARN] ModelIntegratedComponent:63 - No mode defined for component null
2026-05-05 18:14:53,494 [WARN] ModelIntegratedComponent:63 - No mode defined for component null
2026-05-05 18:14:53,494 [WARN] ModelIntegratedComponent:63 - No mode defined for component null
2026-05-05 18:14:53,494 [WARN] ModelIntegratedComponent:63 - No mode defined for component null
2026-05-05 18:14:53,495 [WARN] ModelIntegratedComponent:63 - No mode defined for component null
2026-05-05 18:14:53,495 [WARN] ModelIntegratedComponent:63 - No mode defined for component null
2026-05-05 18:14:53,495 [WARN] ModelIntegratedComponent:63 - No mode defined for component null
2026-05-05 18:14:53,495 [WARN] ModelIntegratedComponent:63 - No mode defined for component null
2026-05-05 18:14:53,495 [WARN] ModelPack:524 - Component already loaded: STMicroelectronics:HAL Drivers:0.0.0:STMicroelectronics:Device:STMicro_Driver:XSPI:HAL::0.0.1:HAL_XSPI
2026-05-05 18:14:53,714 [INFO] ThirdPartyModel:298 - Start build external matchings
2026-05-05 18:14:55,195 [INFO] ThirdPartyModel:316 - End build external matchings
2026-05-05 18:14:55,955 [INFO] UtilMem:75 - End LoadConfig() Used Memory: 877936376 Bytes (1073741824)
2026-05-05 18:14:56,065 [WARN] ThirdParty:833 - waiting for thirdparty lock release [change project]
2026-05-05 18:14:56,071 [INFO] ThirdParty:835 - entering critical section [change project]
2026-05-05 18:14:56,071 [INFO] ThirdParty:1030 - CMSIS Pack Vendor :STMicroelectronics X-CUBE-AZRTOS-H7 3.5.0
2026-05-05 18:14:56,071 [INFO] ThirdParty:1030 - CMSIS Pack Vendor :STMicroelectronics X-CUBE-PM33A1 1.0.0
2026-05-05 18:14:56,071 [INFO] ThirdParty:1030 - CMSIS Pack Vendor :STMicroelectronics USBPD 4.1
2026-05-05 18:14:56,075 [INFO] ThirdParty:1030 - CMSIS Pack Vendor :STMicroelectronics X-CUBE-NFC9 1.0.0
2026-05-05 18:14:56,075 [INFO] ThirdParty:1030 - CMSIS Pack Vendor :STMicroelectronics USB_HOST 2.0.0
2026-05-05 18:14:56,075 [INFO] ThirdParty:1030 - CMSIS Pack Vendor :STMicroelectronics X-CUBE-AZRTOS-F4 1.1.0
2026-05-05 18:14:56,076 [INFO] ThirdParty:1030 - CMSIS Pack Vendor :STMicroelectronics LIBJPEG 8.0.0
2026-05-05 18:14:56,076 [INFO] ThirdParty:1030 - CMSIS Pack Vendor :STMicroelectronics FP-ATR-ASTRA1 2.0.2
2026-05-05 18:14:56,076 [INFO] ThirdParty:1030 - CMSIS Pack Vendor :STMicroelectronics X-CUBE-BLE1 7.1.0
2026-05-05 18:14:56,092 [INFO] ThirdParty:1030 - CMSIS Pack Vendor :STMicroelectronics X-CUBE-SMBUS 2.1.0
2026-05-05 18:14:56,092 [INFO] ThirdParty:1030 - CMSIS Pack Vendor :wolfSSL I-CUBE-wolfMQTT 1.19.2
2026-05-05 18:14:56,092 [INFO] ThirdParty:1030 - CMSIS Pack Vendor :STMicroelectronics USB_DEVICE 3.0.0
2026-05-05 18:14:56,092 [INFO] ThirdParty:1030 - CMSIS Pack Vendor :STMicroelectronics X-CUBE-ISPU 2.1.0
2026-05-05 18:14:56,092 [INFO] ThirdParty:1030 - CMSIS Pack Vendor :STMicroelectronics X-CUBE-EEPRMA1 5.2.0
2026-05-05 18:14:56,093 [INFO] ThirdParty:1030 - CMSIS Pack Vendor :STMicroelectronics X-CUBE-IPS 3.2.0
2026-05-05 18:14:56,093 [INFO] ThirdParty:1030 - CMSIS Pack Vendor :STMicroelectronics X-CUBE-BLEMGR 4.1.0
2026-05-05 18:14:56,093 [INFO] ThirdParty:1030 - CMSIS Pack Vendor :STMicroelectronics eDS-WB_DPC_TT-BIDIR 2.1.1
2026-05-05 18:14:56,093 [INFO] ThirdParty:1030 - CMSIS Pack Vendor :STMicroelectronics X-CUBE-AZRTOS-WB 2.0.0
2026-05-05 18:14:56,093 [INFO] ThirdParty:1030 - CMSIS Pack Vendor :wolfSSL I-CUBE-wolfSSL 5.8.4
2026-05-05 18:14:56,093 [INFO] ThirdParty:1030 - CMSIS Pack Vendor :Cesanta I-CUBE-Mongoose 7.20.0
2026-05-05 18:14:56,093 [INFO] ThirdParty:1030 - CMSIS Pack Vendor :STMicroelectronics X-CUBE-NFC12 1.0.0
2026-05-05 18:14:56,093 [INFO] ThirdParty:1030 - CMSIS Pack Vendor :STMicroelectronics X-CUBE-AZRTOS-F7 1.1.0
2026-05-05 18:14:56,093 [INFO] ThirdParty:1030 - CMSIS Pack Vendor :STMicroelectronics X-CUBE-AZRTOS-L5 2.0.0
2026-05-05 18:14:56,093 [INFO] ThirdParty:1030 - CMSIS Pack Vendor :STMicroelectronics USB_DEVICE 2.0.0
2026-05-05 18:14:56,093 [INFO] ThirdParty:1030 - CMSIS Pack Vendor :STMicroelectronics FP-SNS-STAIOTCFT 1.1.0
2026-05-05 18:14:56,093 [INFO] ThirdParty:1030 - CMSIS Pack Vendor :quantropi X-CUBE-qispace-sdk-base 2.1.0
2026-05-05 18:14:56,093 [INFO] ThirdParty:1030 - CMSIS Pack Vendor :STMicroelectronics X-CUBE-MEMS1 12.0.0
2026-05-05 18:14:56,093 [INFO] ThirdParty:1030 - CMSIS Pack Vendor :STMicroelectronics X-CUBE-STSE01 2.0.0
2026-05-05 18:14:56,093 [INFO] ThirdParty:1030 - CMSIS Pack Vendor :STMicroelectronics FP-SNS-MOTENV1 5.1.0
2026-05-05 18:14:56,093 [INFO] ThirdParty:1030 - CMSIS Pack Vendor :STMicroelectronics FreeRTOS 0.0.1
2026-05-05 18:14:56,094 [INFO] ThirdParty:1030 - CMSIS Pack Vendor :STMicroelectronics X-CUBE-AZRTOS-G0 1.1.0
2026-05-05 18:14:56,094 [INFO] ThirdParty:1030 - CMSIS Pack Vendor :STMicroelectronics X-CUBE-NFC4 3.0.0
2026-05-05 18:14:56,094 [INFO] ThirdParty:1030 - CMSIS Pack Vendor :STMicroelectronics X-CUBE-SUBG2 5.0.0
2026-05-05 18:14:56,094 [INFO] ThirdParty:1030 - CMSIS Pack Vendor :STMicroelectronics STM32_WPAN 1.0.0
2026-05-05 18:14:56,094 [INFO] ThirdParty:1030 - CMSIS Pack Vendor :STMicroelectronics eDS-WB_DPC_VIENNA 1.2.0
2026-05-05 18:14:56,094 [INFO] ThirdParty:1030 - CMSIS Pack Vendor :EmbeddedOffice I-CUBE-FS-RTOS 1.0.1
2026-05-05 18:14:56,094 [INFO] ThirdParty:1030 - CMSIS Pack Vendor :STMicroelectronics lwIP 2.0.3
2026-05-05 18:14:56,094 [INFO] ThirdParty:1030 - CMSIS Pack Vendor :WES I-CUBE-Cesium 1.4.0
2026-05-05 18:14:56,095 [INFO] ThirdParty:1030 - CMSIS Pack Vendor :STMicroelectronics eDS-WB_DPC_3PH2L-BIDIR 1.1.1
2026-05-05 18:14:56,095 [INFO] ThirdParty:1030 - CMSIS Pack Vendor :STMicroelectronics USB_HOST 1.0.0
2026-05-05 18:14:56,095 [INFO] ThirdParty:1030 - CMSIS Pack Vendor :STMicroelectronics X-CUBE-AZRTOS-G4 2.0.0
2026-05-05 18:14:56,095 [INFO] ThirdParty:1030 - CMSIS Pack Vendor :STMicroelectronics X-CUBE-WB05N 2.0.0
2026-05-05 18:14:56,095 [INFO] ThirdParty:1030 - CMSIS Pack Vendor :STMicroelectronics PDM2PCM 3.1.0
2026-05-05 18:14:56,095 [INFO] ThirdParty:1030 - CMSIS Pack Vendor :STMicroelectronics PDM2PCM 3.3.0
2026-05-05 18:14:56,095 [INFO] ThirdParty:1030 - CMSIS Pack Vendor :wolfSSL I-CUBE-wolfTPM 3.8.0
2026-05-05 18:14:56,095 [INFO] ThirdParty:1030 - CMSIS Pack Vendor :STMicroelectronics X-CUBE-DISPLAY 3.0.0
2026-05-05 18:14:56,095 [INFO] ThirdParty:1030 - CMSIS Pack Vendor :wolfSSL I-CUBE-wolfSSH 1.4.20
2026-05-05 18:14:56,095 [INFO] ThirdParty:1030 - CMSIS Pack Vendor :STMicroelectronics X-CUBE-NFC7 2.0.0
2026-05-05 18:14:56,095 [INFO] ThirdParty:1030 - CMSIS Pack Vendor :STMicroelectronics X-CUBE-GNSS1 7.1.1
2026-05-05 18:14:56,095 [INFO] ThirdParty:1030 - CMSIS Pack Vendor :STMicroelectronics FP-SNS-MOTENVWB1 1.5.0
2026-05-05 18:14:56,095 [INFO] ThirdParty:1030 - CMSIS Pack Vendor :STMicroelectronics X-CUBE-TCPP 4.2.0
2026-05-05 18:14:56,095 [INFO] ThirdParty:1030 - CMSIS Pack Vendor :RealThread X-CUBE-RT-Thread_Nano 4.1.1
2026-05-05 18:14:56,095 [INFO] ThirdParty:1030 - CMSIS Pack Vendor :STMicroelectronics FP-ATR-SIGFOX1 3.2.0
2026-05-05 18:14:56,098 [INFO] ThirdParty:1030 - CMSIS Pack Vendor :STMicroelectronics X-CUBE-NFC10 1.0.0
2026-05-05 18:14:56,099 [INFO] ThirdParty:1030 - CMSIS Pack Vendor :STMicroelectronics HAL Drivers 0.0.0
2026-05-05 18:14:56,099 [INFO] ThirdParty:1030 - CMSIS Pack Vendor :STMicroelectronics X-CUBE-FREERTOS 1.5.0
2026-05-05 18:14:56,099 [INFO] ThirdParty:1030 - CMSIS Pack Vendor :STMicroelectronics MBEDTLS 2.16.2
2026-05-05 18:14:56,099 [INFO] ThirdParty:1030 - CMSIS Pack Vendor :STMicroelectronics X-CUBE-ST60 1.1.0
2026-05-05 18:14:56,099 [INFO] ThirdParty:1030 - CMSIS Pack Vendor :STMicroelectronics X-CUBE-ALS 1.0.2
2026-05-05 18:14:56,099 [INFO] ThirdParty:1030 - CMSIS Pack Vendor :emotas I-CUBE-CANOPEN 1.3.0
2026-05-05 18:14:56,099 [INFO] ThirdParty:1030 - CMSIS Pack Vendor :STMicroelectronics MBEDTLS 2.14.1
2026-05-05 18:14:56,099 [INFO] ThirdParty:1030 - CMSIS Pack Vendor :STMicroelectronics X-CUBE-GNSS1 7.1.0
2026-05-05 18:14:56,099 [INFO] ThirdParty:1030 - CMSIS Pack Vendor :ITTIA_DB I-CUBE-ITTIADB 8.9.0
2026-05-05 18:14:56,099 [INFO] ThirdParty:1030 - CMSIS Pack Vendor :STMicroelectronics X-CUBE-TOUCHGFX 4.26.1
2026-05-05 18:14:56,099 [INFO] ThirdParty:1030 - CMSIS Pack Vendor :STMicroelectronics X-CUBE-NFC6 3.2.0
2026-05-05 18:14:56,099 [INFO] ThirdParty:1030 - CMSIS Pack Vendor :STMicroelectronics FP-SNS-STBOX1 2.1.0
2026-05-05 18:14:56,099 [INFO] ThirdParty:1030 - CMSIS Pack Vendor :STMicroelectronics X-CUBE-AI 10.2.0
2026-05-05 18:14:56,099 [INFO] ThirdParty:1030 - CMSIS Pack Vendor :STMicroelectronics FP-SNS-STAIOTCFT 1.0.0
2026-05-05 18:14:56,099 [INFO] ThirdParty:1030 - CMSIS Pack Vendor :STMicroelectronics ThreadX 1.0.0
2026-05-05 18:14:56,099 [INFO] ThirdParty:1030 - CMSIS Pack Vendor :STMicroelectronics FP-SNS-SMARTAG2 1.2.0
2026-05-05 18:14:56,099 [INFO] ThirdParty:1030 - CMSIS Pack Vendor :STMicroelectronics X-CUBE-MEMS1 12.1.0
2026-05-05 18:14:56,099 [INFO] ThirdParty:1030 - CMSIS Pack Vendor :STMicroelectronics FP-SNS-FLIGHT1 5.1.0
2026-05-05 18:14:56,099 [INFO] ThirdParty:1030 - CMSIS Pack Vendor :STMicroelectronics X-CUBE-AZRTOS-WL 2.0.0
2026-05-05 18:14:56,099 [INFO] ThirdParty:1030 - CMSIS Pack Vendor :SEGGER I-CUBE-embOS 1.3.1
2026-05-05 18:14:56,099 [INFO] ThirdParty:1030 - CMSIS Pack Vendor :STMicroelectronics X-CUBE-ALGOBUILD 1.4.0
2026-05-05 18:14:56,099 [INFO] ThirdParty:1030 - CMSIS Pack Vendor :STMicroelectronics X-CUBE-DPower 1.3.0
2026-05-05 18:14:56,099 [INFO] ThirdParty:1030 - CMSIS Pack Vendor :STMicroelectronics USB_DEVICE 1.0.0
2026-05-05 18:14:56,100 [INFO] ThirdParty:1030 - CMSIS Pack Vendor :STMicroelectronics X-CUBE-AZRTOS-H7RS 1.2.0
2026-05-05 18:14:56,100 [INFO] ThirdParty:1030 - CMSIS Pack Vendor :STMicroelectronics X-CUBE-AZRTOS-L4 2.0.0
2026-05-05 18:14:56,100 [INFO] ThirdParty:1030 - CMSIS Pack Vendor :STMicroelectronics ThreadX 0.0.2
2026-05-05 18:14:56,100 [INFO] ThirdParty:1030 - CMSIS Pack Vendor :STMicroelectronics lwIP 2.1.2
2026-05-05 18:14:56,100 [INFO] ThirdParty:1030 - CMSIS Pack Vendor :STMicroelectronics X-CUBE-SFXS2LP1 4.0.0
2026-05-05 18:14:56,100 [INFO] ThirdParty:1030 - CMSIS Pack Vendor :STMicroelectronics X-CUBE-BLE2 3.3.0
2026-05-05 18:14:56,100 [INFO] ThirdParty:1030 - CMSIS Pack Vendor :Avnet-IOTCONNECT X-CUBE-iotc-st67-sdk 1.0.0
2026-05-05 18:14:56,100 [INFO] ThirdParty:1030 - CMSIS Pack Vendor :STMicroelectronics X-CUBE-TOF1 3.4.3
2026-05-05 18:14:56,100 [INFO] ThirdParty:1030 - CMSIS Pack Vendor :Infineon AIROC-Wi-Fi-Bluetooth-STM32 1.8.0
2026-05-05 18:14:56,100 [INFO] ThirdParty:1030 - CMSIS Pack Vendor :STMicroelectronics PDM2PCM 3.2.0
2026-05-05 18:14:56,100 [INFO] ThirdParty:1030 - CMSIS Pack Vendor :STMicroelectronics X-CUBE-WB05N 2.1.0
2026-05-05 18:14:56,100 [INFO] ThirdParty:1030 - CMSIS Pack Vendor :STMicroelectronics X-CUBE-ST67W61 1.2.0
2026-05-05 18:14:56,100 [INFO] ThirdParty:841 - exiting critical section [change project]
2026-05-05 18:14:56,827 [INFO] PinOutPanel:1589 - setPackage(No Configuration,No Configuration)
2026-05-05 18:14:56,832 [INFO] PinOutPanel:1589 - setPackage(STM32F407VGTx,LQFP100)
2026-05-05 18:14:57,285 [INFO] UtilMem:75 - Before build in PCC Used Memory: 902891792 Bytes (1073741824)
2026-05-05 18:14:57,678 [INFO] UtilMem:75 - After build in PCC Used Memory: 948506896 Bytes (1073741824)
2026-05-05 18:14:57,717 [INFO] IPUIPlugin:80 - create IPUIPlugin
2026-05-05 18:14:57,717 [INFO] IPUIPlugin:80 - create IPUIPlugin
2026-05-05 18:14:57,717 [INFO] IPUIPlugin:80 - create IPUIPlugin
2026-05-05 18:14:57,717 [INFO] IPUIPlugin:80 - create IPUIPlugin
2026-05-05 18:14:57,717 [INFO] IPUIPlugin:80 - create IPUIPlugin
2026-05-05 18:14:57,718 [INFO] IPUIPlugin:80 - create IPUIPlugin
2026-05-05 18:14:57,718 [INFO] IPUIPlugin:80 - create IPUIPlugin
2026-05-05 18:14:57,718 [INFO] IPUIPlugin:80 - create IPUIPlugin
2026-05-05 18:14:57,718 [INFO] IPUIPlugin:80 - create IPUIPlugin
2026-05-05 18:14:57,725 [INFO] IPUIPlugin:80 - create IPUIPlugin
2026-05-05 18:14:57,726 [INFO] IPUIPlugin:80 - create IPUIPlugin
2026-05-05 18:14:57,727 [INFO] IPUIPlugin:80 - create IPUIPlugin
2026-05-05 18:14:57,728 [INFO] IPUIPlugin:80 - create IPUIPlugin
2026-05-05 18:14:57,728 [INFO] IPUIPlugin:80 - create IPUIPlugin
2026-05-05 18:14:57,728 [INFO] IPUIPlugin:80 - create IPUIPlugin
2026-05-05 18:14:57,728 [INFO] IPUIPlugin:80 - create IPUIPlugin
2026-05-05 18:14:57,728 [INFO] IPUIPlugin:80 - create IPUIPlugin
2026-05-05 18:14:57,729 [INFO] IPUIPlugin:80 - create IPUIPlugin
2026-05-05 18:14:57,729 [INFO] IPUIPlugin:80 - create IPUIPlugin
2026-05-05 18:14:57,729 [INFO] IPUIPlugin:80 - create IPUIPlugin
2026-05-05 18:14:57,729 [INFO] IPUIPlugin:80 - create IPUIPlugin
2026-05-05 18:14:57,730 [INFO] IPUIPlugin:80 - create IPUIPlugin
2026-05-05 18:14:57,730 [INFO] IPUIPlugin:80 - create IPUIPlugin
2026-05-05 18:14:57,730 [INFO] IPUIPlugin:80 - create IPUIPlugin
2026-05-05 18:14:57,730 [INFO] IPUIPlugin:80 - create IPUIPlugin
2026-05-05 18:14:57,730 [INFO] IPUIPlugin:80 - create IPUIPlugin
2026-05-05 18:14:57,731 [INFO] IPUIPlugin:80 - create IPUIPlugin
2026-05-05 18:14:57,731 [INFO] IPUIPlugin:80 - create IPUIPlugin
2026-05-05 18:14:57,731 [INFO] IPUIPlugin:80 - create IPUIPlugin
2026-05-05 18:14:57,731 [INFO] IPUIPlugin:80 - create IPUIPlugin
2026-05-05 18:14:57,732 [INFO] IPUIPlugin:80 - create IPUIPlugin
2026-05-05 18:14:57,732 [INFO] IPUIPlugin:80 - create IPUIPlugin
2026-05-05 18:14:57,732 [INFO] IPUIPlugin:80 - create IPUIPlugin
2026-05-05 18:14:57,732 [INFO] IPUIPlugin:80 - create IPUIPlugin
2026-05-05 18:14:57,732 [INFO] IPUIPlugin:80 - create IPUIPlugin
2026-05-05 18:14:57,733 [INFO] IPUIPlugin:80 - create IPUIPlugin
2026-05-05 18:14:57,733 [INFO] IPUIPlugin:80 - create IPUIPlugin
2026-05-05 18:14:57,733 [INFO] IPUIPlugin:80 - create IPUIPlugin
2026-05-05 18:14:57,733 [INFO] IPUIPlugin:80 - create IPUIPlugin
2026-05-05 18:14:57,733 [INFO] IPUIPlugin:80 - create IPUIPlugin
2026-05-05 18:14:57,734 [INFO] IPUIPlugin:80 - create IPUIPlugin
2026-05-05 18:14:57,734 [INFO] IPUIPlugin:80 - create IPUIPlugin
2026-05-05 18:14:57,734 [INFO] IPUIPlugin:80 - create IPUIPlugin
2026-05-05 18:14:57,734 [INFO] IPUIPlugin:80 - create IPUIPlugin
2026-05-05 18:14:57,735 [INFO] IPUIPlugin:80 - create IPUIPlugin
2026-05-05 18:14:57,735 [INFO] IPUIPlugin:80 - create IPUIPlugin
2026-05-05 18:14:57,735 [INFO] IPUIPlugin:80 - create IPUIPlugin
2026-05-05 18:14:57,735 [INFO] IPUIPlugin:80 - create IPUIPlugin
2026-05-05 18:14:57,736 [INFO] IPUIPlugin:80 - create IPUIPlugin
2026-05-05 18:14:57,736 [INFO] IPUIPlugin:80 - create IPUIPlugin
2026-05-05 18:14:57,736 [INFO] IPUIPlugin:80 - create IPUIPlugin
2026-05-05 18:14:57,737 [INFO] IPUIPlugin:80 - create IPUIPlugin
2026-05-05 18:14:57,737 [INFO] IPUIPlugin:80 - create IPUIPlugin
2026-05-05 18:14:57,737 [INFO] IPUIPlugin:80 - create IPUIPlugin
2026-05-05 18:14:57,738 [INFO] IPUIPlugin:80 - create IPUIPlugin
2026-05-05 18:14:57,738 [INFO] IPUIPlugin:80 - create IPUIPlugin
2026-05-05 18:14:57,739 [INFO] IPUIPlugin:80 - create IPUIPlugin
2026-05-05 18:14:57,739 [INFO] IPUIPlugin:80 - create IPUIPlugin
2026-05-05 18:14:57,751 [INFO] ApiDbMcu:532 - Load IP Config File for PDM2PCM
2026-05-05 18:14:57,807 [INFO] CADModel:165 - CPN selected for project levelSTM32F407VGT6
2026-05-05 18:14:57,807 [INFO] CADModel:114 - Register for checkConnection events
2026-05-05 18:14:57,889 [INFO] OpenFileManager:386 - Restore cursor
2026-05-05 18:14:58,625 [INFO] UtilMem:75 - End SaveConfig() Used Memory: 903550872 Bytes (1073741824)
2026-05-05 18:14:58,839 [INFO] UtilMem:75 - End SaveConfig() Used Memory: 924545768 Bytes (1073741824)
2026-05-05 18:14:59,552 [INFO] BlockDiagram:2775 - set Specific Code input for plugin: SYS
2026-05-05 18:14:59,553 [INFO] BlockDiagram:2775 - set Specific Code input for plugin: RCC
2026-05-05 18:14:59,553 [INFO] BlockDiagram:2775 - set Specific Code input for plugin: NVIC
2026-05-05 18:14:59,553 [INFO] BlockDiagram:2775 - set Specific Code input for plugin: GPIO
2026-05-05 18:14:59,555 [INFO] CodeGenerator:892 - code generatio: config db path: C:\ST\STM32CubeIDE_1.19.0\STM32CubeIDE\plugins\com.st.stm32cube.common.mx_6.15.0.202507011659\\db\
2026-05-05 18:14:59,854 [INFO] CodeEngine:265 - oldGeneratedFile, D:\RTOS_stm32\task_delay\MXTmpFiles\license.tmp_save
2026-05-05 18:15:00,801 [INFO] CodeEngine:289 - Generated code: D:\RTOS_stm32\task_delay\MXTmpFiles\license.tmp
2026-05-05 18:15:00,979 [INFO] CodeEngine:265 - oldGeneratedFile, D:\RTOS_stm32\task_delay\MXTmpFiles\gpio.tmp_save
2026-05-05 18:15:01,267 [INFO] CodeEngine:289 - Generated code: D:\RTOS_stm32\task_delay\MXTmpFiles\gpio.tmp
2026-05-05 18:15:01,346 [INFO] CodeEngine:265 - oldGeneratedFile, D:\RTOS_stm32\task_delay\Core\Src\stm32f4xx_it.c_save
2026-05-05 18:15:01,786 [INFO] CodeEngine:289 - Generated code: D:\RTOS_stm32\task_delay\Core\Src\stm32f4xx_it.c
2026-05-05 18:15:01,831 [INFO] CodeEngine:265 - oldGeneratedFile, D:\RTOS_stm32\task_delay\Core\Inc\stm32f4xx_it.h_save
2026-05-05 18:15:02,016 [INFO] CodeEngine:289 - Generated code: D:\RTOS_stm32\task_delay\Core\Inc\stm32f4xx_it.h
2026-05-05 18:15:02,039 [INFO] CodeEngine:265 - oldGeneratedFile, D:\RTOS_stm32\task_delay\Core\Src\stm32f4xx_hal_msp.c_save
2026-05-05 18:15:02,290 [INFO] CodeEngine:289 - Generated code: D:\RTOS_stm32\task_delay\Core\Src\stm32f4xx_hal_msp.c
2026-05-05 18:15:02,300 [INFO] CodeEngine:265 - oldGeneratedFile, D:\RTOS_stm32\task_delay\MXTmpFiles\system.tmp_save
2026-05-05 18:15:02,443 [INFO] CodeEngine:289 - Generated code: D:\RTOS_stm32\task_delay\MXTmpFiles\system.tmp
2026-05-05 18:15:02,479 [INFO] CodeEngine:321 - oldGeneratedFile, D:\RTOS_stm32\task_delay\Core\Inc\stm32f4xx_hal_conf.h_save
2026-05-05 18:15:02,635 [INFO] CodeEngine:345 - Generated code: D:\RTOS_stm32\task_delay\Core\Inc\stm32f4xx_hal_conf.h
2026-05-05 18:15:02,687 [INFO] ApiDbMcu:532 - Load IP Config File for RCC
2026-05-05 18:15:02,710 [INFO] CodeEngine:265 - oldGeneratedFile, D:\RTOS_stm32\task_delay\Core\Inc\main.h_save
2026-05-05 18:15:02,927 [INFO] CodeEngine:289 - Generated code: D:\RTOS_stm32\task_delay\Core\Inc\main.h
2026-05-05 18:15:02,937 [INFO] CodeEngine:265 - oldGeneratedFile, D:\RTOS_stm32\task_delay\Core\Src\main.c_save
2026-05-05 18:15:03,104 [INFO] CodeEngine:289 - Generated code: D:\RTOS_stm32\task_delay\Core\Src\main.c
2026-05-05 18:15:04,178 [INFO] ProjectBuilder:3606 - Time for Copy HAL[1] : 608mS.
2026-05-05 18:15:04,187 [INFO] ProjectBuilder:5216 - Project Generator version: 4.7.0-B52
2026-05-05 18:15:04,438 [INFO] ConfigFileManager:1595 - The Die is : DIE413
2026-05-05 18:15:04,449 [INFO] ApiDbMcu:532 - Load IP Config File for FATFS
2026-05-05 18:15:04,461 [INFO] ApiDbMcu:532 - Load IP Config File for FREERTOS
2026-05-05 18:15:04,467 [INFO] ApiDbMcu:532 - Load IP Config File for LIBJPEG
2026-05-05 18:15:04,484 [INFO] ApiDbMcu:532 - Load IP Config File for LWIP
2026-05-05 18:15:04,498 [INFO] ApiDbMcu:532 - Load IP Config File for MBEDTLS
2026-05-05 18:15:04,514 [INFO] ApiDbMcu:532 - Load IP Config File for USB_DEVICE
2026-05-05 18:15:04,520 [INFO] ApiDbMcu:532 - Load IP Config File for USB_HOST
2026-05-05 18:15:10,876 [INFO] ProjectBuilder:5496 - Time for Generating toolchain IDE Files: 6689mS.
2026-05-05 18:15:10,878 [INFO] ProjectBuilder:3463 - Time for Copy CMSIS : 1mS.
2026-05-05 18:15:10,881 [INFO] ProjectBuilder:3463 - Time for Copy CMSIS : 0mS.
2026-05-05 18:15:14,161 [INFO] McuFinderGlobals:76 - Set McuFinderConnectedMode to true
2026-05-05 18:15:14,169 [INFO] ApiDb:448 - Save user favorites file C:\Users\jahna/.stm32cubeide/favorites.mcus.txt: 0 item(s)
2026-05-05 18:15:14,170 [INFO] ApiDb:452 - User favorites MCUs=[]
2026-05-05 18:15:14,177 [INFO] ApiDb:448 - Save user favorites file C:\Users\jahna/.stm32cubeide/favorites.boards.txt: 0 item(s)
2026-05-05 18:15:14,178 [INFO] ApiDb:452 - User favorites Boards=[]
2026-05-05 18:16:06,185 [INFO] RtosManager:1018 - Current active RTOS is FREERTOS [Cortex-M4NS]
2026-05-05 18:16:07,082 [ERROR] RtosPanel:558 - Can not restore the selected Tab for FREERTOS(A reason can be that the tab is no more available.)
2026-05-05 18:16:07,206 [ERROR] RtosPanel:558 - Can not restore the selected Tab for FREERTOS(A reason can be that the tab is no more available.)
2026-05-05 18:16:08,145 [INFO] UtilMem:75 - End SaveConfig() Used Memory: 959883256 Bytes (1073741824)
2026-05-05 18:16:09,443 [INFO] UtilMem:75 - End SaveConfig() Used Memory: 988194752 Bytes (1073741824)
2026-05-05 18:16:13,379 [INFO] UtilMem:75 - End SaveConfig() Used Memory: 915222120 Bytes (1073741824)
2026-05-05 18:16:14,983 [INFO] BlockDiagram:2775 - set Specific Code input for plugin: FREERTOS
2026-05-05 18:16:14,984 [INFO] BlockDiagram:2775 - set Specific Code input for plugin: SYS
2026-05-05 18:16:14,984 [INFO] BlockDiagram:2775 - set Specific Code input for plugin: RCC
2026-05-05 18:16:14,984 [INFO] BlockDiagram:2775 - set Specific Code input for plugin: NVIC
2026-05-05 18:16:14,984 [INFO] BlockDiagram:2775 - set Specific Code input for plugin: USART
2026-05-05 18:16:14,984 [INFO] BlockDiagram:2775 - set Specific Code input for plugin: GPIO
2026-05-05 18:16:14,986 [INFO] CodeGenerator:892 - code generatio: config db path: C:\ST\STM32CubeIDE_1.19.0\STM32CubeIDE\plugins\com.st.stm32cube.common.mx_6.15.0.202507011659\\db\
2026-05-05 18:16:15,132 [INFO] CodeEngine:265 - oldGeneratedFile, D:\RTOS_stm32\task_delay\MXTmpFiles\license.tmp_save
2026-05-05 18:16:15,377 [INFO] CodeEngine:289 - Generated code: D:\RTOS_stm32\task_delay\MXTmpFiles\license.tmp
2026-05-05 18:16:15,434 [INFO] CodeEngine:265 - oldGeneratedFile, D:\RTOS_stm32\task_delay\MXTmpFiles\gpio.tmp_save
2026-05-05 18:16:15,611 [INFO] CodeEngine:289 - Generated code: D:\RTOS_stm32\task_delay\MXTmpFiles\gpio.tmp
2026-05-05 18:16:15,859 [INFO] Middleware:1452 - No code input for Bsp Dependency
2026-05-05 18:16:15,876 [INFO] CodeEngine:265 - oldGeneratedFile, D:\RTOS_stm32\task_delay\MXTmpFiles\rtos_inc.tmp_save
2026-05-05 18:16:16,361 [INFO] CodeEngine:289 - Generated code: D:\RTOS_stm32\task_delay\MXTmpFiles\rtos_inc.tmp
2026-05-05 18:16:16,371 [INFO] CodeEngine:265 - oldGeneratedFile, D:\RTOS_stm32\task_delay\MXTmpFiles\rtos_vars.tmp_save
2026-05-05 18:16:16,519 [INFO] CodeEngine:289 - Generated code: D:\RTOS_stm32\task_delay\MXTmpFiles\rtos_vars.tmp
2026-05-05 18:16:16,540 [INFO] CodeEngine:265 - oldGeneratedFile, D:\RTOS_stm32\task_delay\MXTmpFiles\rtos_pfp.tmp_save
2026-05-05 18:16:16,700 [INFO] CodeEngine:289 - Generated code: D:\RTOS_stm32\task_delay\MXTmpFiles\rtos_pfp.tmp
2026-05-05 18:16:16,711 [INFO] CodeEngine:265 - oldGeneratedFile, D:\RTOS_stm32\task_delay\MXTmpFiles\rtos_obj_creat.tmp_save
2026-05-05 18:16:16,854 [INFO] CodeEngine:289 - Generated code: D:\RTOS_stm32\task_delay\MXTmpFiles\rtos_obj_creat.tmp
2026-05-05 18:16:16,864 [INFO] CodeEngine:265 - oldGeneratedFile, D:\RTOS_stm32\task_delay\MXTmpFiles\rtos_kernelStart.tmp_save
2026-05-05 18:16:17,009 [INFO] CodeEngine:289 - Generated code: D:\RTOS_stm32\task_delay\MXTmpFiles\rtos_kernelStart.tmp
2026-05-05 18:16:17,018 [INFO] CodeEngine:265 - oldGeneratedFile, D:\RTOS_stm32\task_delay\MXTmpFiles\rtos_default_thread.tmp_save
2026-05-05 18:16:17,157 [INFO] CodeEngine:289 - Generated code: D:\RTOS_stm32\task_delay\MXTmpFiles\rtos_default_thread.tmp
2026-05-05 18:16:17,177 [INFO] CodeEngine:265 - oldGeneratedFile, D:\RTOS_stm32\task_delay\MXTmpFiles\rtos_threads.tmp_save
2026-05-05 18:16:17,311 [INFO] CodeEngine:289 - Generated code: D:\RTOS_stm32\task_delay\MXTmpFiles\rtos_threads.tmp
2026-05-05 18:16:17,336 [INFO] Middleware:1452 - No code input for Bsp Dependency
2026-05-05 18:16:17,354 [INFO] CodeEngine:265 - oldGeneratedFile, D:\RTOS_stm32\task_delay\MXTmpFiles\rtos_inc.tmp_save
2026-05-05 18:16:17,497 [INFO] CodeEngine:289 - Generated code: D:\RTOS_stm32\task_delay\MXTmpFiles\rtos_inc.tmp
2026-05-05 18:16:17,508 [INFO] CodeEngine:265 - oldGeneratedFile, D:\RTOS_stm32\task_delay\MXTmpFiles\rtos_vars.tmp_save
2026-05-05 18:16:17,655 [INFO] CodeEngine:289 - Generated code: D:\RTOS_stm32\task_delay\MXTmpFiles\rtos_vars.tmp
2026-05-05 18:16:17,671 [INFO] CodeEngine:265 - oldGeneratedFile, D:\RTOS_stm32\task_delay\MXTmpFiles\rtos_pfp.tmp_save
2026-05-05 18:16:17,810 [INFO] CodeEngine:289 - Generated code: D:\RTOS_stm32\task_delay\MXTmpFiles\rtos_pfp.tmp
2026-05-05 18:16:17,820 [INFO] CodeEngine:265 - oldGeneratedFile, D:\RTOS_stm32\task_delay\MXTmpFiles\rtos_obj_creat.tmp_save
2026-05-05 18:16:17,969 [INFO] CodeEngine:289 - Generated code: D:\RTOS_stm32\task_delay\MXTmpFiles\rtos_obj_creat.tmp
2026-05-05 18:16:17,987 [INFO] CodeEngine:265 - oldGeneratedFile, D:\RTOS_stm32\task_delay\MXTmpFiles\rtos_kernelStart.tmp_save
2026-05-05 18:16:18,130 [INFO] CodeEngine:289 - Generated code: D:\RTOS_stm32\task_delay\MXTmpFiles\rtos_kernelStart.tmp
2026-05-05 18:16:18,139 [INFO] CodeEngine:265 - oldGeneratedFile, D:\RTOS_stm32\task_delay\MXTmpFiles\rtos_default_thread.tmp_save
2026-05-05 18:16:18,271 [INFO] CodeEngine:289 - Generated code: D:\RTOS_stm32\task_delay\MXTmpFiles\rtos_default_thread.tmp
2026-05-05 18:16:18,283 [INFO] CodeEngine:265 - oldGeneratedFile, D:\RTOS_stm32\task_delay\MXTmpFiles\rtos_threads.tmp_save
2026-05-05 18:16:18,413 [INFO] CodeEngine:289 - Generated code: D:\RTOS_stm32\task_delay\MXTmpFiles\rtos_threads.tmp
2026-05-05 18:16:18,422 [INFO] CodeEngine:265 - oldGeneratedFile, D:\RTOS_stm32\task_delay\Core\Inc\FreeRTOSConfig.h_save
2026-05-05 18:16:18,639 [INFO] CodeEngine:289 - Generated code: D:\RTOS_stm32\task_delay\Core\Inc\FreeRTOSConfig.h
2026-05-05 18:16:18,652 [INFO] CodeEngine:265 - oldGeneratedFile, D:\RTOS_stm32\task_delay\Core\Src\freertos.c_save
2026-05-05 18:16:18,827 [INFO] CodeEngine:289 - Generated code: D:\RTOS_stm32\task_delay\Core\Src\freertos.c
2026-05-05 18:16:18,854 [INFO] CodeEngine:265 - oldGeneratedFile, D:\RTOS_stm32\task_delay\Core\Src\stm32f4xx_it.c_save
2026-05-05 18:16:19,104 [INFO] CodeEngine:289 - Generated code: D:\RTOS_stm32\task_delay\Core\Src\stm32f4xx_it.c
2026-05-05 18:16:19,118 [INFO] CodeEngine:265 - oldGeneratedFile, D:\RTOS_stm32\task_delay\Core\Inc\stm32f4xx_it.h_save
2026-05-05 18:16:19,248 [INFO] CodeEngine:289 - Generated code: D:\RTOS_stm32\task_delay\Core\Inc\stm32f4xx_it.h
2026-05-05 18:16:19,279 [INFO] CodeEngine:265 - oldGeneratedFile, D:\RTOS_stm32\task_delay\Core\Src\stm32f4xx_hal_msp.c_save
2026-05-05 18:16:19,507 [INFO] CodeEngine:289 - Generated code: D:\RTOS_stm32\task_delay\Core\Src\stm32f4xx_hal_msp.c
2026-05-05 18:16:19,521 [INFO] CodeEngine:265 - oldGeneratedFile, D:\RTOS_stm32\task_delay\MXTmpFiles\system.tmp_save
2026-05-05 18:16:19,697 [INFO] CodeEngine:289 - Generated code: D:\RTOS_stm32\task_delay\MXTmpFiles\system.tmp
2026-05-05 18:16:19,742 [INFO] CodeEngine:321 - oldGeneratedFile, D:\RTOS_stm32\task_delay\Core\Inc\stm32f4xx_hal_conf.h_save
2026-05-05 18:16:19,962 [INFO] CodeEngine:345 - Generated code: D:\RTOS_stm32\task_delay\Core\Inc\stm32f4xx_hal_conf.h
2026-05-05 18:16:20,033 [INFO] ApiDbMcu:532 - Load IP Config File for USART2
2026-05-05 18:16:20,061 [INFO] CodeEngine:265 - oldGeneratedFile, D:\RTOS_stm32\task_delay\Core\Inc\main.h_save
2026-05-05 18:16:20,238 [INFO] CodeEngine:289 - Generated code: D:\RTOS_stm32\task_delay\Core\Inc\main.h
2026-05-05 18:16:20,256 [INFO] CodeEngine:265 - oldGeneratedFile, D:\RTOS_stm32\task_delay\Core\Src\main.c_save
2026-05-05 18:16:20,550 [INFO] CodeEngine:289 - Generated code: D:\RTOS_stm32\task_delay\Core\Src\main.c
2026-05-05 18:16:22,167 [INFO] ProjectBuilder:3606 - Time for Copy HAL[1] : 1064mS.
2026-05-05 18:16:22,178 [INFO] ProjectBuilder:5216 - Project Generator version: 4.7.0-B52
2026-05-05 18:16:22,388 [INFO] ConfigFileManager:1595 - The Die is : DIE413
2026-05-05 18:16:25,380 [INFO] ProjectBuilder:5496 - Time for Generating toolchain IDE Files: 3199mS.
2026-05-05 18:16:25,385 [INFO] ProjectBuilder:3463 - Time for Copy CMSIS : 2mS.
2026-05-05 18:16:25,392 [INFO] ProjectBuilder:3463 - Time for Copy CMSIS : 0mS.
2026-05-05 18:16:28,253 [INFO] WebApp:194 - Connection lost
2026-05-05 18:16:28,979 [INFO] WebApp:191 - Connection restablished
