2026-05-11 12:06:53,842 [INFO] Activator:176 - 


2026-05-11 12:06:53,844 [INFO] Activator:177 - !SESSION log4j initialized
2026-05-11 12:06:56,673 [INFO] LogOutputStream:77 - [STDOUT_REDIRECT] 
2026-05-11 12:06:58,378 [INFO] ApplicationProperties:184 - Using Application install path: C:\ST\STM32CubeIDE_1.19.0\STM32CubeIDE\plugins\com.st.stm32cube.common.mx_6.15.0.202507011659
2026-05-11 12:06:58,399 [INFO] DbMcusXml:78 - Set database path to: C:\ST\STM32CubeIDE_1.19.0\STM32CubeIDE\plugins\com.st.stm32cube.common.mx_6.15.0.202507011659\\db\/mcu/
2026-05-11 12:06:58,399 [INFO] ApiDb:274 - Set plugin database path to: C:\ST\STM32CubeIDE_1.19.0\STM32CubeIDE\plugins\com.st.stm32cube.common.mx_6.15.0.202507011659\\db\/plugins/boardmanager/
2026-05-11 12:06:58,401 [WARN] ApiDb:259 - Overriding images path with different value:  => C:\ST\STM32CubeIDE_1.19.0\STM32CubeIDE\plugins\com.st.stm32cube.common.mx_6.15.0.202507011659\\db\/plugins/mcufinder/images/
2026-05-11 12:06:58,413 [INFO] ApiDb:250 - Set database path to: C:\Users\jahna\.stmcufinder\plugins\mcufinder//mcu/
2026-05-11 12:06:58,414 [INFO] DbMcusAds:125 - Set database path to: C:\Users\jahna\.stmcufinder\plugins\mcufinder//mcu/
2026-05-11 12:06:58,418 [INFO] CrossReferenceDbSqlite:203 - Set database path to: C:\Users\jahna\.stmcufinder\plugins\mcufinder//mcu/cs/
2026-05-11 12:06:58,534 [INFO] RulesReader:64 - Compatibility file has been processed (317 Rules)
2026-05-11 12:06:58,622 [INFO] DbMcusXml:78 - Set database path to: C:\ST\STM32CubeIDE_1.19.0\STM32CubeIDE\plugins\com.st.stm32cube.common.mx_6.15.0.202507011659\\db\/mcu/
2026-05-11 12:06:58,622 [INFO] ApiDb:274 - Set plugin database path to: C:\ST\STM32CubeIDE_1.19.0\STM32CubeIDE\plugins\com.st.stm32cube.common.mx_6.15.0.202507011659\\db\/plugins/boardmanager/
2026-05-11 12:06:58,622 [INFO] ApiDb:261 - Set plugin images path to: C:\ST\STM32CubeIDE_1.19.0\STM32CubeIDE\plugins\com.st.stm32cube.common.mx_6.15.0.202507011659\\db\/plugins/mcufinder/images/
2026-05-11 12:06:58,622 [WARN] DbFile:41 - Overriding database path with different value: C:\Users\jahna\.stmcufinder\plugins\mcufinder/ => C:\Users\jahna\.stmcufinder\plugins\mcufinder
2026-05-11 12:06:58,622 [INFO] ApiDb:250 - Set database path to: C:\Users\jahna\.stmcufinder\plugins\mcufinder//mcu/
2026-05-11 12:06:58,622 [WARN] DbFile:41 - Overriding database path with different value: C:\Users\jahna\.stmcufinder\plugins\mcufinder/ => C:\Users\jahna\.stmcufinder\plugins\mcufinder
2026-05-11 12:06:58,622 [INFO] DbMcusAds:125 - Set database path to: C:\Users\jahna\.stmcufinder\plugins\mcufinder//mcu/
2026-05-11 12:06:58,623 [WARN] DbFile:41 - Overriding database path with different value: C:\Users\jahna\.stmcufinder\plugins\mcufinder/ => C:\Users\jahna\.stmcufinder\plugins\mcufinder
2026-05-11 12:06:58,623 [WARN] DbFile:41 - Overriding database path with different value: C:\Users\jahna\.stmcufinder\plugins\mcufinder/ => C:\Users\jahna\.stmcufinder\plugins\mcufinder
2026-05-11 12:06:58,623 [INFO] CrossReferenceDbSqlite:203 - Set database path to: C:\Users\jahna\.stmcufinder\plugins\mcufinder//mcu/cs/
2026-05-11 12:06:58,711 [INFO] MainPanel:274 - HeapMemory: 268435456
2026-05-11 12:06:58,827 [INFO] DbMcusXml:78 - Set database path to: C:\ST\STM32CubeIDE_1.19.0\STM32CubeIDE\plugins\com.st.stm32cube.common.mx_6.15.0.202507011659\\db\/mcu/
2026-05-11 12:06:58,828 [INFO] ApiDb:274 - Set plugin database path to: C:\ST\STM32CubeIDE_1.19.0\STM32CubeIDE\plugins\com.st.stm32cube.common.mx_6.15.0.202507011659\\db\/plugins/boardmanager/
2026-05-11 12:06:58,828 [INFO] ApiDb:261 - Set plugin images path to: C:\ST\STM32CubeIDE_1.19.0\STM32CubeIDE\plugins\com.st.stm32cube.common.mx_6.15.0.202507011659\\db\/plugins/mcufinder/images/
2026-05-11 12:06:58,828 [WARN] DbFile:41 - Overriding database path with different value: C:\Users\jahna\.stmcufinder\plugins\mcufinder/ => C:\Users\jahna\.stmcufinder\plugins\mcufinder
2026-05-11 12:06:58,828 [INFO] ApiDb:250 - Set database path to: C:\Users\jahna\.stmcufinder\plugins\mcufinder//mcu/
2026-05-11 12:06:58,828 [WARN] DbFile:41 - Overriding database path with different value: C:\Users\jahna\.stmcufinder\plugins\mcufinder/ => C:\Users\jahna\.stmcufinder\plugins\mcufinder
2026-05-11 12:06:58,828 [INFO] DbMcusAds:125 - Set database path to: C:\Users\jahna\.stmcufinder\plugins\mcufinder//mcu/
2026-05-11 12:06:58,828 [WARN] DbFile:41 - Overriding database path with different value: C:\Users\jahna\.stmcufinder\plugins\mcufinder/ => C:\Users\jahna\.stmcufinder\plugins\mcufinder
2026-05-11 12:06:58,828 [WARN] DbFile:41 - Overriding database path with different value: C:\Users\jahna\.stmcufinder\plugins\mcufinder/ => C:\Users\jahna\.stmcufinder\plugins\mcufinder
2026-05-11 12:06:58,829 [INFO] CrossReferenceDbSqlite:203 - Set database path to: C:\Users\jahna\.stmcufinder\plugins\mcufinder//mcu/cs/
2026-05-11 12:06:58,849 [INFO] ApplicationProperties:184 - Using Application install path: C:\ST\STM32CubeIDE_1.19.0\STM32CubeIDE\plugins\com.st.stm32cube.common.mx_6.15.0.202507011659
2026-05-11 12:06:58,850 [INFO] PluginManage:196 - Search for loadable plugins [exclusion list=, ]
2026-05-11 12:06:58,852 [INFO] PluginManage:310 - Check plugin analytics
2026-05-11 12:06:59,084 [INFO] AnalyticsPlugin:253 - Accepted Software Licenses: STM32CubeMX.6.17.0
2026-05-11 12:06:59,084 [INFO] AnalyticsPlugin:255 - Accepted CMSIS Pack Licenses: 
2026-05-11 12:06:59,085 [INFO] AnalyticsPlugin:257 - Accepted Firmware Licenses: FW.F4.1.28.0,FW.F4.1.28.3
2026-05-11 12:06:59,088 [INFO] PluginManage:359 - Loaded plugin analytics (category:tool,tabindex:-1)
2026-05-11 12:06:59,088 [INFO] PluginManage:310 - Check plugin cadmodel
2026-05-11 12:06:59,109 [INFO] CADModel:105 - Init CAD model plugin
2026-05-11 12:06:59,110 [INFO] PluginManage:359 - Loaded plugin cadmodel (category:power,tabindex:5)
2026-05-11 12:06:59,110 [INFO] PluginManage:310 - Check plugin clock
2026-05-11 12:06:59,126 [INFO] PluginManage:359 - Loaded plugin clock (category:base,tabindex:2)
2026-05-11 12:06:59,126 [INFO] PluginManage:310 - Check plugin ddr
2026-05-11 12:06:59,130 [INFO] PluginManage:359 - Loaded plugin ddr (category:tool,tabindex:6)
2026-05-11 12:06:59,130 [INFO] PluginManage:310 - Check plugin filemanager
2026-05-11 12:06:59,299 [INFO] PluginManage:359 - Loaded plugin filemanager (category:base,tabindex:10)
2026-05-11 12:06:59,299 [INFO] PluginManage:310 - Check plugin ipmanager
2026-05-11 12:06:59,309 [INFO] PluginManage:359 - Loaded plugin ipmanager (category:base,tabindex:5)
2026-05-11 12:06:59,309 [INFO] PluginManage:310 - Check plugin lpbam
2026-05-11 12:06:59,318 [INFO] PluginManage:359 - Loaded plugin lpbam (category:base,tabindex:0)
2026-05-11 12:06:59,318 [INFO] PluginManage:310 - Check plugin memorymap
2026-05-11 12:06:59,336 [INFO] PluginManage:359 - Loaded plugin memorymap (category:base,tabindex:4)
2026-05-11 12:06:59,336 [INFO] PluginManage:310 - Check plugin pinoutandconfiguration
2026-05-11 12:06:59,347 [INFO] PluginManage:359 - Loaded plugin pinoutandconfiguration (category:base,tabindex:1)
2026-05-11 12:06:59,347 [INFO] PluginManage:310 - Check plugin pinoutconfig
2026-05-11 12:06:59,441 [WARN] SupportedApi:132 - Cannot load RTOS API schema: s4s-elt-must-match.1: The content of 'definitions' must match (annotation?, (simpleType | complexType)?, (unique | key | keyref)*)). A problem was found starting at: attribute.
2026-05-11 12:06:59,579 [INFO] PluginManage:359 - Loaded plugin pinoutconfig (category:base,tabindex:0)
2026-05-11 12:06:59,580 [INFO] PluginManage:310 - Check plugin power
2026-05-11 12:06:59,589 [INFO] PluginManage:359 - Loaded plugin power (category:power,tabindex:4)
2026-05-11 12:06:59,589 [INFO] PluginManage:310 - Check plugin projectmanager
2026-05-11 12:06:59,602 [INFO] PluginManage:359 - Loaded plugin projectmanager (category:projectmanager,tabindex:4)
2026-05-11 12:06:59,603 [INFO] PluginManage:310 - Check plugin rif
2026-05-11 12:06:59,613 [INFO] PluginManage:359 - Loaded plugin rif (category:base,tabindex:3)
2026-05-11 12:06:59,614 [INFO] PluginManage:310 - Check plugin thirdparty
2026-05-11 12:06:59,745 [INFO] PluginManage:359 - Loaded plugin thirdparty (category:base,tabindex:-1)
2026-05-11 12:06:59,745 [INFO] PluginManage:310 - Check plugin tools
2026-05-11 12:06:59,745 [WARN] IntegrityCheckThread:84 - waiting for thirdparty lock release [integrity check]
2026-05-11 12:06:59,745 [INFO] IntegrityCheckThread:86 - entering critical section [integrity check]
2026-05-11 12:06:59,746 [INFO] ThirdPartyUpdaterWithRetryManager:70 - Updater plugin not ready yet. [1/15]
2026-05-11 12:06:59,748 [INFO] PluginManage:359 - Loaded plugin tools (category:base,tabindex:7)
2026-05-11 12:06:59,748 [INFO] PluginManage:310 - Check plugin tutovideos
2026-05-11 12:06:59,800 [INFO] McuFinderGlobals:63 - Set McuFinder mode to 2 (CubeIDE integrated)
2026-05-11 12:06:59,955 [INFO] PluginManage:359 - Loaded plugin tutovideos (category:base,tabindex:-1)
2026-05-11 12:06:59,955 [INFO] PluginManage:310 - Check plugin updater
2026-05-11 12:06:59,977 [INFO] PluginManage:359 - Loaded plugin updater (category:base,tabindex:12)
2026-05-11 12:06:59,977 [INFO] PluginManage:310 - Check plugin userauth
2026-05-11 12:06:59,982 [INFO] UserAuth:118 - Init User Auth plugin
2026-05-11 12:06:59,983 [INFO] PluginManage:359 - Loaded plugin userauth (category:base,tabindex:14)
2026-05-11 12:06:59,984 [INFO] PluginManage:283 - PluginManage : Loaded plugins [18]
2026-05-11 12:07:00,225 [INFO] PinOutPanel:1589 - setPackage(No Configuration,No Configuration)
2026-05-11 12:07:00,328 [INFO] CADModel:165 - CPN selected for project level
2026-05-11 12:07:00,328 [INFO] CADModel:114 - Register for checkConnection events
2026-05-11 12:07:00,353 [INFO] IPUIPlugin:80 - create IPUIPlugin
2026-05-11 12:07:00,353 [INFO] PluginManager:220 - loadIPPluginJar : add adc
2026-05-11 12:07:00,357 [INFO] IPUIPlugin:80 - create IPUIPlugin
2026-05-11 12:07:00,357 [INFO] PluginManager:220 - loadIPPluginJar : add aes
2026-05-11 12:07:00,360 [INFO] IPUIPlugin:80 - create IPUIPlugin
2026-05-11 12:07:00,361 [INFO] PluginManager:220 - loadIPPluginJar : add can
2026-05-11 12:07:00,366 [INFO] IPUIPlugin:80 - create IPUIPlugin
2026-05-11 12:07:00,366 [INFO] PluginManager:220 - loadIPPluginJar : add comp
2026-05-11 12:07:00,369 [INFO] IPUIPlugin:80 - create IPUIPlugin
2026-05-11 12:07:00,369 [INFO] PluginManager:220 - loadIPPluginJar : add cryp
2026-05-11 12:07:00,373 [INFO] IPUIPlugin:80 - create IPUIPlugin
2026-05-11 12:07:00,373 [INFO] PluginManager:220 - loadIPPluginJar : add ddr_ctrl_phy
2026-05-11 12:07:00,376 [INFO] IPUIPlugin:80 - create IPUIPlugin
2026-05-11 12:07:00,376 [INFO] PluginManager:220 - loadIPPluginJar : add dfsdm
2026-05-11 12:07:00,382 [INFO] IPUIPlugin:80 - create IPUIPlugin
2026-05-11 12:07:00,383 [INFO] PluginManager:220 - loadIPPluginJar : add dma
2026-05-11 12:07:00,386 [INFO] IPUIPlugin:80 - create IPUIPlugin
2026-05-11 12:07:00,386 [INFO] PluginManager:220 - loadIPPluginJar : add dma3
2026-05-11 12:07:00,390 [INFO] IPUIPlugin:80 - create IPUIPlugin
2026-05-11 12:07:00,390 [INFO] PluginManager:220 - loadIPPluginJar : add extmemmanager
2026-05-11 12:07:00,392 [INFO] IPUIPlugin:80 - create IPUIPlugin
2026-05-11 12:07:00,392 [INFO] PluginManager:220 - loadIPPluginJar : add fatfs
2026-05-11 12:07:00,397 [INFO] IPUIPlugin:80 - create IPUIPlugin
2026-05-11 12:07:00,398 [INFO] PluginManager:220 - loadIPPluginJar : add fmc
2026-05-11 12:07:00,407 [INFO] IPUIPlugin:80 - create IPUIPlugin
2026-05-11 12:07:00,407 [INFO] PluginManager:220 - loadIPPluginJar : add freertos
2026-05-11 12:07:00,410 [INFO] IPUIPlugin:80 - create IPUIPlugin
2026-05-11 12:07:00,410 [INFO] PluginManager:220 - loadIPPluginJar : add genericplugin
2026-05-11 12:07:00,414 [INFO] IPUIPlugin:80 - create IPUIPlugin
2026-05-11 12:07:00,414 [INFO] PluginManager:220 - loadIPPluginJar : add gfxmmu
2026-05-11 12:07:00,421 [INFO] IPUIPlugin:80 - create IPUIPlugin
2026-05-11 12:07:00,421 [INFO] PluginManager:220 - loadIPPluginJar : add gic
2026-05-11 12:07:00,426 [INFO] IPUIPlugin:80 - create IPUIPlugin
2026-05-11 12:07:00,427 [INFO] PluginManager:220 - loadIPPluginJar : add gpio
2026-05-11 12:07:00,431 [INFO] IPUIPlugin:80 - create IPUIPlugin
2026-05-11 12:07:00,431 [INFO] PluginManager:220 - loadIPPluginJar : add gtzc
2026-05-11 12:07:00,434 [INFO] IPUIPlugin:80 - create IPUIPlugin
2026-05-11 12:07:00,434 [INFO] PluginManager:220 - loadIPPluginJar : add hash
2026-05-11 12:07:00,438 [INFO] IPUIPlugin:80 - create IPUIPlugin
2026-05-11 12:07:00,438 [INFO] PluginManager:220 - loadIPPluginJar : add i2c
2026-05-11 12:07:00,441 [INFO] IPUIPlugin:80 - create IPUIPlugin
2026-05-11 12:07:00,442 [INFO] PluginManager:220 - loadIPPluginJar : add i2s
2026-05-11 12:07:00,446 [INFO] IPUIPlugin:80 - create IPUIPlugin
2026-05-11 12:07:00,446 [INFO] PluginManager:220 - loadIPPluginJar : add i3c
2026-05-11 12:07:00,452 [INFO] IPUIPlugin:80 - create IPUIPlugin
2026-05-11 12:07:00,452 [INFO] PluginManager:220 - loadIPPluginJar : add ipddr
2026-05-11 12:07:00,460 [INFO] IPUIPlugin:80 - create IPUIPlugin
2026-05-11 12:07:00,460 [INFO] PluginManager:220 - loadIPPluginJar : add linkedlist
2026-05-11 12:07:00,464 [INFO] IPUIPlugin:80 - create IPUIPlugin
2026-05-11 12:07:00,464 [INFO] PluginManager:220 - loadIPPluginJar : add lorawan
2026-05-11 12:07:00,466 [INFO] IPUIPlugin:80 - create IPUIPlugin
2026-05-11 12:07:00,466 [INFO] PluginManager:220 - loadIPPluginJar : add ltdc
2026-05-11 12:07:00,472 [INFO] IPUIPlugin:80 - create IPUIPlugin
2026-05-11 12:07:00,472 [INFO] PluginManager:220 - loadIPPluginJar : add mdma
2026-05-11 12:07:00,476 [INFO] IPUIPlugin:80 - create IPUIPlugin
2026-05-11 12:07:00,476 [INFO] PluginManager:220 - loadIPPluginJar : add nvic
2026-05-11 12:07:00,479 [INFO] IPUIPlugin:80 - create IPUIPlugin
2026-05-11 12:07:00,479 [INFO] PluginManager:220 - loadIPPluginJar : add opamp
2026-05-11 12:07:00,483 [INFO] IPUIPlugin:80 - create IPUIPlugin
2026-05-11 12:07:00,483 [INFO] PluginManager:220 - loadIPPluginJar : add openamp
2026-05-11 12:07:00,487 [INFO] IPUIPlugin:80 - create IPUIPlugin
2026-05-11 12:07:00,487 [INFO] PluginManager:220 - loadIPPluginJar : add pdm2pcm
2026-05-11 12:07:00,494 [INFO] IPUIPlugin:80 - create IPUIPlugin
2026-05-11 12:07:00,496 [INFO] PluginManager:220 - loadIPPluginJar : add plateformsettings
2026-05-11 12:07:00,498 [INFO] IPUIPlugin:80 - create IPUIPlugin
2026-05-11 12:07:00,498 [INFO] PluginManager:220 - loadIPPluginJar : add quadspi
2026-05-11 12:07:00,500 [INFO] IPUIPlugin:80 - create IPUIPlugin
2026-05-11 12:07:00,501 [INFO] PluginManager:220 - loadIPPluginJar : add radio
2026-05-11 12:07:00,506 [INFO] IPUIPlugin:80 - create IPUIPlugin
2026-05-11 12:07:00,506 [INFO] PluginManager:220 - loadIPPluginJar : add resmgrutility
2026-05-11 12:07:00,513 [INFO] IPUIPlugin:80 - create IPUIPlugin
2026-05-11 12:07:00,513 [INFO] PluginManager:220 - loadIPPluginJar : add sai
2026-05-11 12:07:00,516 [INFO] IPUIPlugin:80 - create IPUIPlugin
2026-05-11 12:07:00,516 [INFO] PluginManager:220 - loadIPPluginJar : add spi
2026-05-11 12:07:00,524 [INFO] IPUIPlugin:80 - create IPUIPlugin
2026-05-11 12:07:00,525 [INFO] PluginManager:220 - loadIPPluginJar : add stm32_wpan
2026-05-11 12:07:00,527 [INFO] IPUIPlugin:80 - create IPUIPlugin
2026-05-11 12:07:00,527 [INFO] PluginManager:220 - loadIPPluginJar : add tim
2026-05-11 12:07:00,531 [INFO] IPUIPlugin:80 - create IPUIPlugin
2026-05-11 12:07:00,532 [INFO] PluginManager:220 - loadIPPluginJar : add touchsensing
2026-05-11 12:07:00,535 [INFO] IPUIPlugin:80 - create IPUIPlugin
2026-05-11 12:07:00,535 [INFO] PluginManager:220 - loadIPPluginJar : add tracer_emb
2026-05-11 12:07:00,538 [INFO] IPUIPlugin:80 - create IPUIPlugin
2026-05-11 12:07:00,538 [INFO] PluginManager:220 - loadIPPluginJar : add ts
2026-05-11 12:07:00,540 [INFO] IPUIPlugin:80 - create IPUIPlugin
2026-05-11 12:07:00,541 [INFO] PluginManager:220 - loadIPPluginJar : add tsc
2026-05-11 12:07:00,543 [INFO] IPUIPlugin:80 - create IPUIPlugin
2026-05-11 12:07:00,544 [INFO] PluginManager:220 - loadIPPluginJar : add ucpd
2026-05-11 12:07:00,548 [INFO] IPUIPlugin:80 - create IPUIPlugin
2026-05-11 12:07:00,548 [INFO] PluginManager:220 - loadIPPluginJar : add usart
2026-05-11 12:07:00,553 [INFO] IPUIPlugin:80 - create IPUIPlugin
2026-05-11 12:07:00,553 [INFO] PluginManager:220 - loadIPPluginJar : add usbx
2026-05-11 12:07:00,678 [FATAL] Updater:351 - Updater called before beeing initialized
2026-05-11 12:07:00,717 [INFO] RulesReader:64 - Compatibility file has been processed (317 Rules)
2026-05-11 12:07:00,727 [INFO] RulesReader:64 - Compatibility file has been processed (317 Rules)
2026-05-11 12:07:00,735 [INFO] CADModel:165 - CPN selected for project level
2026-05-11 12:07:00,735 [INFO] CADModel:114 - Register for checkConnection events
2026-05-11 12:07:00,735 [FATAL] Updater:351 - Updater called before beeing initialized
2026-05-11 12:07:00,735 [ERROR] CADModel:125 - Updater not yet initialized, retry later 
2026-05-11 12:07:00,884 [FATAL] Updater:351 - Updater called before beeing initialized
2026-05-11 12:07:00,887 [INFO] CADModel:165 - CPN selected for project level
2026-05-11 12:07:00,887 [INFO] CADModel:114 - Register for checkConnection events
2026-05-11 12:07:00,887 [FATAL] Updater:351 - Updater called before beeing initialized
2026-05-11 12:07:00,887 [ERROR] CADModel:125 - Updater not yet initialized, retry later 
2026-05-11 12:07:00,890 [FATAL] Updater:351 - Updater called before beeing initialized
2026-05-11 12:07:00,994 [FATAL] Updater:351 - Updater called before beeing initialized
2026-05-11 12:07:00,997 [INFO] DbMcusAds:53 - JSON generation date=Mon Apr 27 13:44:29 IST 2026 (1777277669683)
2026-05-11 12:07:00,997 [FATAL] Updater:351 - Updater called before beeing initialized
2026-05-11 12:07:01,037 [WARN] DetailPanel:346 - Failed to get advertising image, set to default
2026-05-11 12:07:01,124 [FATAL] Updater:351 - Updater called before beeing initialized
2026-05-11 12:07:01,126 [FATAL] Updater:351 - Updater called before beeing initialized
2026-05-11 12:07:01,126 [FATAL] Updater:351 - Updater called before beeing initialized
2026-05-11 12:07:01,126 [WARN] DetailPanel:346 - Failed to get advertising image, set to default
2026-05-11 12:07:01,127 [FATAL] Updater:351 - Updater called before beeing initialized
2026-05-11 12:07:01,170 [ERROR] Updater:1198 - MainUpdater not yet initialized. External WinMGr cannot be set.
2026-05-11 12:07:01,172 [INFO] Updater:1134 - Updater Version found : 6.15.0
2026-05-11 12:07:01,192 [INFO] ApplicationProperties:184 - Using Application install path: C:\ST\STM32CubeIDE_1.19.0\STM32CubeIDE\plugins\com.st.stm32cube.common.mx_6.15.0.202507011659
2026-05-11 12:07:01,550 [INFO] MainUpdater:2872 - connection check result : 10
2026-05-11 12:07:01,552 [INFO] MainUpdater:289 - Updater Check For Update Now.
2026-05-11 12:07:01,552 [INFO] MicroXplorer:498 - Change Database Version : DB.6.0.150
2026-05-11 12:07:01,560 [INFO] McuFinderGlobals:63 - Set McuFinder mode to 2 (CubeIDE integrated)
2026-05-11 12:07:01,561 [INFO] UserAuth:171 - activating auth plugin
2026-05-11 12:07:01,564 [INFO] UserAuth:487 - Internet connection configuration mode: 1
2026-05-11 12:07:01,598 [INFO] JxBrowserEngine:152 - Initiate JxBrowser Engine with user profile folder
2026-05-11 12:07:01,749 [INFO] CheckServerUpdateThread:120 - End of CheckServer Thread
2026-05-11 12:07:01,766 [INFO] MainUpdater:2872 - connection check result : 10
2026-05-11 12:07:01,770 [INFO] McuFinderGlobals:76 - Set McuFinderConnectedMode to true
2026-05-11 12:07:01,934 [INFO] ServerAccessManage:452 - Complete download http(s) 200
2026-05-11 12:07:01,936 [INFO] ServerAccessManage:509 - Download File mcusAds.json._tmp_
2026-05-11 12:07:02,185 [INFO] LoadUrlFilesThread:156 - End of LoadUrlFiles Thread
2026-05-11 12:07:02,334 [INFO] ServerAccessManage:452 - Complete download http(s) 200
2026-05-11 12:07:02,335 [INFO] ServerAccessManage:509 - Download File cube-finder-db.zip
2026-05-11 12:07:02,747 [WARN] MainUpdater:1193 - Updater busy. Cannot search thirdparties
2026-05-11 12:07:02,747 [INFO] ThirdPartyUpdaterWithRetryManager:96 - Updater plugin is busy. [1/15]
2026-05-11 12:07:03,064 [INFO] WebApp:169 - Instantiating new browser for Auth
2026-05-11 12:07:04,079 [INFO] WebApp:463 - Apply proxy settings
2026-05-11 12:07:04,080 [INFO] WebApp:548 - Chromium requires no authentication
2026-05-11 12:07:04,092 [INFO] WebApp:491 - Direct internet connection detected
2026-05-11 12:07:04,127 [INFO] WebApp:900 - Register for checkConnection events
2026-05-11 12:07:04,127 [INFO] WebApp:463 - Apply proxy settings
2026-05-11 12:07:04,127 [INFO] WebApp:548 - Chromium requires no authentication
2026-05-11 12:07:04,128 [INFO] WebApp:491 - Direct internet connection detected
2026-05-11 12:07:04,184 [INFO] FileExtend:248 - Unzip File : cube-finder-db.zip
2026-05-11 12:07:04,185 [INFO] FileExtend:263 - Standard Zip Deflate
2026-05-11 12:07:04,365 [INFO] WebApp:225 - Starting web application
2026-05-11 12:07:04,365 [INFO] WebApp:593 - Web application path used C:\ST\STM32CubeIDE_1.19.0\STM32CubeIDE\plugins\com.st.stm32cube.common.mx_6.15.0.202507011659\db\plugins\mcufinder\reactClient1\index.html
2026-05-11 12:07:04,577 [INFO] WebApp:191 - Connection restablished
2026-05-11 12:07:05,486 [INFO] LoadUrlFilesThread:156 - End of LoadUrlFiles Thread
2026-05-11 12:07:05,748 [WARN] MainUpdater:1193 - Updater busy. Cannot search thirdparties
2026-05-11 12:07:05,749 [INFO] ThirdPartyUpdaterWithRetryManager:96 - Updater plugin is busy. [2/15]
2026-05-11 12:07:06,237 [INFO] ServerAccessManage:452 - Complete download http(s) 200
2026-05-11 12:07:06,238 [INFO] ServerAccessManage:509 - Download File crdb.zip
2026-05-11 12:07:07,170 [INFO] FileExtend:248 - Unzip File : crdb.zip
2026-05-11 12:07:07,171 [INFO] FileExtend:263 - Standard Zip Deflate
2026-05-11 12:07:07,298 [INFO] LoadUrlFilesThread:156 - End of LoadUrlFiles Thread
2026-05-11 12:07:07,445 [INFO] ServerAccessManage:452 - Complete download http(s) 200
2026-05-11 12:07:07,446 [INFO] ServerAccessManage:509 - Download File tutoVideoDB.zip
2026-05-11 12:07:07,452 [INFO] FileExtend:248 - Unzip File : tutoVideoDB.zip
2026-05-11 12:07:07,453 [INFO] FileExtend:263 - Standard Zip Deflate
2026-05-11 12:07:07,569 [INFO] LoadUrlFilesThread:156 - End of LoadUrlFiles Thread
2026-05-11 12:07:07,572 [WARN] DbFile:41 - Overriding database path with different value: C:\Users\jahna\.stmcufinder\plugins\mcufinder/ => C:\Users\jahna\.stmcufinder\plugins\mcufinder
2026-05-11 12:07:08,245 [ERROR] ServerAccessManage:1212 - Problem, file not found on Server
2026-05-11 12:07:08,249 [ERROR] ServerAccessManage:740 - Problem, file not found on Server : api_config.json.
2026-05-11 12:07:08,750 [WARN] MainUpdater:1193 - Updater busy. Cannot search thirdparties
2026-05-11 12:07:08,750 [INFO] ThirdPartyUpdaterWithRetryManager:96 - Updater plugin is busy. [3/15]
2026-05-11 12:07:11,751 [WARN] MainUpdater:1193 - Updater busy. Cannot search thirdparties
2026-05-11 12:07:11,751 [INFO] ThirdPartyUpdaterWithRetryManager:96 - Updater plugin is busy. [4/15]
2026-05-11 12:07:14,751 [WARN] MainUpdater:1193 - Updater busy. Cannot search thirdparties
2026-05-11 12:07:14,751 [INFO] ThirdPartyUpdaterWithRetryManager:96 - Updater plugin is busy. [5/15]
2026-05-11 12:07:17,753 [WARN] MainUpdater:1193 - Updater busy. Cannot search thirdparties
2026-05-11 12:07:17,753 [INFO] ThirdPartyUpdaterWithRetryManager:96 - Updater plugin is busy. [6/15]
2026-05-11 12:07:18,641 [INFO] LoadUrlFilesThread:156 - End of LoadUrlFiles Thread
2026-05-11 12:07:21,122 [WARN] PackLoader:240 - Cannot read IP mode file for STMicroelectronics.X-CUBE-AZRTOS-H7.3.5.0
2026-05-11 12:07:21,136 [WARN] PackLoader:240 - Cannot read IP mode file for STMicroelectronics.FP-ATR-ASTRA1.2.0.2
2026-05-11 12:07:21,148 [WARN] PackLoader:240 - Cannot read IP mode file for STMicroelectronics.X-CUBE-SMBUS.2.1.0
2026-05-11 12:07:21,174 [WARN] PackLoader:240 - Cannot read IP mode file for STMicroelectronics.X-CUBE-AZRTOS-F7.1.1.0
2026-05-11 12:07:21,184 [WARN] PackLoader:240 - Cannot read IP mode file for STMicroelectronics.FP-SNS-MOTENV1.5.1.0
2026-05-11 12:07:21,198 [WARN] PackLoader:240 - Cannot read IP mode file for WES.I-CUBE-Cesium.1.4.0
2026-05-11 12:07:21,208 [WARN] PackLoader:240 - Cannot read IP mode file for STMicroelectronics.X-CUBE-DISPLAY.3.0.0
2026-05-11 12:07:21,222 [WARN] PackLoader:240 - Cannot read IP mode file for STMicroelectronics.X-CUBE-GNSS1.7.1.1
2026-05-11 12:07:21,229 [WARN] PackLoader:240 - Cannot read IP mode file for STMicroelectronics.FP-SNS-MOTENVWB1.1.5.0
2026-05-11 12:07:21,236 [WARN] PackLoader:240 - Cannot read IP mode file for STMicroelectronics.X-CUBE-NFC10.1.0.0
2026-05-11 12:07:21,245 [WARN] PackLoader:240 - Cannot read IP mode file for STMicroelectronics.X-CUBE-ST60.1.1.0
2026-05-11 12:07:21,252 [WARN] PackLoader:240 - Cannot read IP mode file for emotas.I-CUBE-CANOPEN.1.3.0
2026-05-11 12:07:21,259 [WARN] PackLoader:240 - Cannot read IP mode file for STMicroelectronics.X-CUBE-GNSS1.7.1.0
2026-05-11 12:07:21,269 [WARN] PackLoader:240 - Cannot read IP mode file for STMicroelectronics.FP-SNS-STBOX1.2.1.0
2026-05-11 12:07:21,277 [WARN] PackLoader:240 - Cannot read IP mode file for STMicroelectronics.FP-SNS-SMARTAG2.1.2.0
2026-05-11 12:07:21,282 [WARN] PackLoader:240 - Cannot read IP mode file for STMicroelectronics.FP-SNS-FLIGHT1.5.1.0
2026-05-11 12:07:21,293 [INFO] LogOutputStream:77 - [STDOUT_REDIRECT] 1 : Invalid condition id : UX_CORESTACK_Condition cause : null
2026-05-11 12:07:21,295 [INFO] LogOutputStream:77 - [STDOUT_REDIRECT] 1 : Invalid condition id : UX_CORESTACK_Condition cause : null
2026-05-11 12:07:21,296 [INFO] LogOutputStream:77 - [STDOUT_REDIRECT] 1 : Invalid condition id : UX_CORESTACK_Condition cause : null
2026-05-11 12:07:21,297 [INFO] LogOutputStream:77 - [STDOUT_REDIRECT] 1 : Invalid condition id : UX_CORESTACK_Condition cause : null
2026-05-11 12:07:21,298 [INFO] LogOutputStream:77 - [STDOUT_REDIRECT] 1 : Invalid condition id : UX_CORESTACK_Condition cause : null
2026-05-11 12:07:21,301 [WARN] PackLoader:240 - Cannot read IP mode file for STMicroelectronics.X-CUBE-AZRTOS-WL.2.0.0
2026-05-11 12:07:21,325 [WARN] PackLoader:240 - Cannot read IP mode file for STMicroelectronics.X-CUBE-AZRTOS-H7RS.1.2.0
2026-05-11 12:07:21,333 [WARN] PackLoader:240 - Cannot read IP mode file for STMicroelectronics.X-CUBE-BLE2.3.3.0
2026-05-11 12:07:21,371 [WARN] PackLoader:240 - Cannot read IP mode file for Infineon.AIROC-Wi-Fi-Bluetooth-STM32.1.8.0
2026-05-11 12:07:21,381 [WARN] PackLoader:240 - Cannot read IP mode file for STMicroelectronics.X-CUBE-NFC9.1.0.0
2026-05-11 12:07:21,386 [WARN] PackLoader:240 - Cannot read IP mode file for STMicroelectronics.X-CUBE-BLE1.7.1.0
2026-05-11 12:07:21,391 [WARN] PackLoader:240 - Cannot read IP mode file for wolfSSL.I-CUBE-wolfMQTT.1.19.2
2026-05-11 12:07:21,398 [WARN] PackLoader:240 - Cannot read IP mode file for STMicroelectronics.X-CUBE-EEPRMA1.5.2.0
2026-05-11 12:07:21,404 [WARN] PackLoader:240 - Cannot read IP mode file for wolfSSL.I-CUBE-wolfSSL.5.8.4
2026-05-11 12:07:21,410 [WARN] PackLoader:240 - Cannot read IP mode file for Cesanta.I-CUBE-Mongoose.7.20.0
2026-05-11 12:07:21,416 [WARN] PackLoader:240 - Cannot read IP mode file for STMicroelectronics.FP-SNS-STAIOTCFT.1.1.0
2026-05-11 12:07:21,462 [WARN] PackLoader:240 - Cannot read IP mode file for STMicroelectronics.X-CUBE-MEMS1.12.0.0
2026-05-11 12:07:21,506 [INFO] DbMcusAds:53 - JSON generation date=Mon Apr 27 13:44:29 IST 2026 (1777277669577)
2026-05-11 12:07:21,531 [ERROR] TargetSelectorAdapter:267 - Unable to refresh data
2026-05-11 12:07:21,562 [WARN] PackLoader:240 - Cannot read IP mode file for STMicroelectronics.X-CUBE-AZRTOS-G0.1.1.0
2026-05-11 12:07:21,573 [WARN] PackLoader:240 - Cannot read IP mode file for STMicroelectronics.X-CUBE-NFC4.3.0.0
2026-05-11 12:07:21,584 [WARN] PackLoader:240 - Cannot read IP mode file for EmbeddedOffice.I-CUBE-FS-RTOS.1.0.1
2026-05-11 12:07:21,592 [WARN] PackLoader:240 - Cannot read IP mode file for STMicroelectronics.X-CUBE-WB05N.2.0.0
2026-05-11 12:07:21,598 [WARN] PackLoader:240 - Cannot read IP mode file for wolfSSL.I-CUBE-wolfTPM.3.8.0
2026-05-11 12:07:21,605 [WARN] PackLoader:240 - Cannot read IP mode file for STMicroelectronics.X-CUBE-TCPP.4.2.0
2026-05-11 12:07:21,614 [WARN] PackLoader:240 - Cannot read IP mode file for RealThread.X-CUBE-RT-Thread_Nano.4.1.1
2026-05-11 12:07:21,620 [WARN] PackLoader:240 - Cannot read IP mode file for STMicroelectronics.FP-ATR-SIGFOX1.3.2.0
2026-05-11 12:07:21,630 [WARN] PackLoader:240 - Cannot read IP mode file for STMicroelectronics.X-CUBE-FREERTOS.1.5.0
2026-05-11 12:07:21,641 [WARN] PackLoader:240 - Cannot read IP mode file for ITTIA_DB.I-CUBE-ITTIADB.8.9.0
2026-05-11 12:07:21,651 [WARN] PackLoader:240 - Cannot read IP mode file for STMicroelectronics.X-CUBE-NFC6.3.2.0
2026-05-11 12:07:21,659 [WARN] PackLoader:240 - Cannot read IP mode file for STMicroelectronics.X-CUBE-AI.10.2.0
2026-05-11 12:07:21,702 [WARN] PackLoader:240 - Cannot read IP mode file for STMicroelectronics.X-CUBE-MEMS1.12.1.0
2026-05-11 12:07:21,866 [WARN] PackLoader:240 - Cannot read IP mode file for SEGGER.I-CUBE-embOS.1.3.1
2026-05-11 12:07:21,917 [WARN] PackLoader:240 - Cannot read IP mode file for STMicroelectronics.X-CUBE-ALGOBUILD.1.4.0
2026-05-11 12:07:21,924 [WARN] PackLoader:240 - Cannot read IP mode file for STMicroelectronics.X-CUBE-PM33A1.1.0.0
2026-05-11 12:07:21,936 [WARN] PackLoader:240 - Cannot read IP mode file for STMicroelectronics.X-CUBE-AZRTOS-F4.1.1.0
2026-05-11 12:07:21,942 [INFO] ApiDb:581 - Connected to CubeFinder SQLite database (C:\Users\jahna\.stmcufinder\plugins\mcufinder\mcu\cube-finder-db.db)
2026-05-11 12:07:21,944 [WARN] PackLoader:240 - Cannot read IP mode file for STMicroelectronics.X-CUBE-ISPU.2.1.0
2026-05-11 12:07:21,954 [WARN] PackLoader:240 - Cannot read IP mode file for STMicroelectronics.X-CUBE-IPS.3.2.0
2026-05-11 12:07:21,965 [WARN] PackLoader:240 - Cannot read IP mode file for STMicroelectronics.eDS-WB_DPC_TT-BIDIR.2.1.1
2026-05-11 12:07:21,973 [WARN] PackLoader:240 - Cannot read IP mode file for STMicroelectronics.X-CUBE-NFC12.1.0.0
2026-05-11 12:07:21,986 [WARN] PackLoader:240 - Cannot read IP mode file for STMicroelectronics.X-CUBE-AZRTOS-L5.2.0.0
2026-05-11 12:07:21,994 [WARN] PackLoader:240 - Cannot read IP mode file for STMicroelectronics.eDS-WB_DPC_VIENNA.1.2.0
2026-05-11 12:07:21,998 [WARN] PackLoader:240 - Cannot read IP mode file for STMicroelectronics.eDS-WB_DPC_3PH2L-BIDIR.1.1.1
2026-05-11 12:07:22,002 [ERROR] Engine:466 - C:\Users\jahna\.stm32cubemx\thirdparties\pdsc\STMicroelectronics.X-CUBE-ST67W61.1.3.0.pdsc: PDSC version is not supported
2026-05-11 12:07:22,009 [WARN] PackLoader:240 - Cannot read IP mode file for STMicroelectronics.X-CUBE-TOUCHGFX.4.26.1
2026-05-11 12:07:22,014 [WARN] PackLoader:240 - Cannot read IP mode file for STMicroelectronics.FP-SNS-STAIOTCFT.1.0.0
2026-05-11 12:07:22,021 [WARN] PackLoader:240 - Cannot read IP mode file for STMicroelectronics.X-CUBE-DPower.1.3.0
2026-05-11 12:07:22,037 [WARN] ConditionMgr:438 - getConditionDescription Invalid condition id : LAN8742 Phy interface Condition cause : null
2026-05-11 12:07:22,038 [WARN] PackLoader:240 - Cannot read IP mode file for STMicroelectronics.X-CUBE-AZRTOS-L4.2.0.0
2026-05-11 12:07:22,040 [WARN] ConditionMgr:1044 - genDependencies : Invalid condition id : LAN8742 Phy interface Condition cause : null
2026-05-11 12:07:22,041 [WARN] ConditionMgr:1044 - genDependencies : Invalid condition id : LAN8742 Phy interface Condition cause : null
2026-05-11 12:07:22,042 [WARN] ConditionMgr:1044 - genDependencies : Invalid condition id : LAN8742 Phy interface Condition cause : null
2026-05-11 12:07:22,051 [WARN] PackLoader:240 - Cannot read IP mode file for STMicroelectronics.X-CUBE-SFXS2LP1.4.0.0
2026-05-11 12:07:22,058 [WARN] PackLoader:240 - Cannot read IP mode file for STMicroelectronics.X-CUBE-WB05N.2.1.0
2026-05-11 12:07:22,067 [WARN] PackLoader:240 - Cannot read IP mode file for STMicroelectronics.X-CUBE-ST67W61.1.2.0
2026-05-11 12:07:22,080 [WARN] PackLoader:240 - Cannot read IP mode file for STMicroelectronics.X-CUBE-BLEMGR.4.1.0
2026-05-11 12:07:22,096 [WARN] ConditionMgr:438 - getConditionDescription Invalid condition id : UX DEVICE CLASS RTOS Condition cause : null
2026-05-11 12:07:22,096 [WARN] ConditionMgr:438 - getConditionDescription Invalid condition id : UX DEVICE CLASS RTOS Condition cause : null
2026-05-11 12:07:22,098 [WARN] PackLoader:240 - Cannot read IP mode file for STMicroelectronics.X-CUBE-AZRTOS-WB.2.0.0
2026-05-11 12:07:22,099 [WARN] ConditionMgr:1044 - genDependencies : Invalid condition id : UX DEVICE CLASS RTOS Condition cause : null
2026-05-11 12:07:22,099 [WARN] ConditionMgr:1044 - genDependencies : Invalid condition id : UX DEVICE CLASS RTOS Condition cause : null
2026-05-11 12:07:22,099 [WARN] ConditionMgr:1044 - genDependencies : Invalid condition id : UX DEVICE CLASS RTOS Condition cause : null
2026-05-11 12:07:22,099 [WARN] ConditionMgr:1044 - genDependencies : Invalid condition id : UX DEVICE CLASS RTOS Condition cause : null
2026-05-11 12:07:22,099 [WARN] ConditionMgr:1044 - genDependencies : Invalid condition id : UX DEVICE CLASS RTOS Condition cause : null
2026-05-11 12:07:22,106 [WARN] ConditionMgr:438 - getConditionDescription Invalid condition id : Cortex-A Device cause : null
2026-05-11 12:07:22,117 [WARN] ConditionMgr:1044 - genDependencies : Invalid condition id : Cortex-A Device cause : null
2026-05-11 12:07:22,117 [WARN] ConditionMgr:1044 - genDependencies : Invalid condition id : Cortex-A Device cause : null
2026-05-11 12:07:22,117 [WARN] ConditionMgr:1044 - genDependencies : Invalid condition id : Cortex-A Device cause : null
2026-05-11 12:07:22,118 [INFO] ApiDb:668 - CubeFinder database Data Model version=2.1
2026-05-11 12:07:22,118 [INFO] ApiDb:669 - CubeFinder database Configuration version=3.0.42
2026-05-11 12:07:22,118 [INFO] ApiDb:670 - CubeFinder database generation date=2026-05-06 (1778060171)
2026-05-11 12:07:22,119 [INFO] ApiDb:671 - CubeFinder database FW Pack versions=[FP-ATR-ASTRA1_V2.0.0, FP-SNS-FLIGHT1_V5.1.0, FP-SNS-MOTENV1_V5.1.0, FP-SNS-MOTENVWB1_V1.5.0, FP-SNS-SMARTAG2_V1.2.0, FP-SNS-STBOX1_V2.1.0, STM32Cube_FW_C0_V1.4.0, STM32Cube_FW_F4_V1.28.3, STM32Cube_FW_F7_V1.17.4, STM32Cube_FW_G0_V1.6.3, STM32Cube_FW_G4_V1.6.2, STM32Cube_FW_H5_V1.6.0, STM32Cube_FW_H7RS_V1.3.0, STM32Cube_FW_H7_V1.13.0, STM32Cube_FW_L0_V1.12.2, STM32Cube_FW_L4_V1.18.2, STM32Cube_FW_L5_V1.6.0, STM32Cube_FW_N6_V1.3.0, STM32Cube_FW_U0_V1.3.0, STM32Cube_FW_U3_V1.3.0, STM32Cube_FW_U5_V1.8.0, STM32Cube_FW_WB0_V1.4.0, STM32Cube_FW_WBA_V1.9.0, STM32Cube_FW_WB_V1.24.0, STM32Cube_FW_WL3_V1.4.0, STM32Cube_FW_WL_V1.5.0, X-CUBE-ALGOBUILD_V1.4.0, X-CUBE-ALS_V1.0.2, X-CUBE-AZRTOS-F4_V1.1.0, X-CUBE-AZRTOS-F7_V1.1.0, X-CUBE-AZRTOS-G0_V1.1.0, X-CUBE-AZRTOS-G4_V2.0.0, X-CUBE-AZRTOS-H7RS_V1.1.0, X-CUBE-AZRTOS-H7_V3.5.0, X-CUBE-AZRTOS-L4_V2.0.0, X-CUBE-AZRTOS-L5_V2.0.0, X-CUBE-AZRTOS-WB_V2.0.0, X-CUBE-AZRTOS-WL_V2.0.0, X-CUBE-BLE1_V7.1.0, X-CUBE-BLE2_V3.3.0, X-CUBE-BLEMGR_V4.1.0, X-CUBE-EEPRMA1_V5.2.0, X-CUBE-FREERTOS_V1.5.0, X-CUBE-GNSS1_V6.0.0, X-CUBE-MEMS1_V12.0.0, X-CUBE-NFC4_V3.0.0, X-CUBE-NFC7_V2.0.0, X-CUBE-SFXS2LP1_V4.0.0, X-CUBE-ST67W61_V1.2.0, X-CUBE-SUBG2_V5.0.0, X-CUBE-TOF1_V3.4.3]
2026-05-11 12:07:22,125 [WARN] PackLoader:240 - Cannot read IP mode file for STMicroelectronics.X-CUBE-STSE01.2.0.0
2026-05-11 12:07:22,134 [WARN] PackLoader:240 - Cannot read IP mode file for STMicroelectronics.X-CUBE-SUBG2.5.0.0
2026-05-11 12:07:22,152 [WARN] PackLoader:240 - Cannot read IP mode file for STMicroelectronics.X-CUBE-AZRTOS-G4.2.0.0
2026-05-11 12:07:22,162 [WARN] PackLoader:240 - Cannot read IP mode file for wolfSSL.I-CUBE-wolfSSH.1.4.20
2026-05-11 12:07:22,168 [WARN] PackLoader:240 - Cannot read IP mode file for STMicroelectronics.X-CUBE-NFC7.2.0.0
2026-05-11 12:07:22,176 [WARN] PackLoader:240 - Cannot read IP mode file for STMicroelectronics.X-CUBE-ALS.1.0.2
2026-05-11 12:07:22,188 [WARN] PackLoader:240 - Cannot read IP mode file for STMicroelectronics.X-CUBE-TOF1.3.4.3
2026-05-11 12:07:22,195 [INFO] ThirdParty:978 - Integrity check success = true
2026-05-11 12:07:22,195 [INFO] IntegrityCheckThread:100 - exiting critical section [integrity check]
2026-05-11 12:07:22,195 [INFO] IntegrityCheckThread:103 - End integrity checks thread
2026-05-11 12:07:24,051 [INFO] ApiDb:240 - Found 880 in-development CPN: [B-G473E-ZEST1S, B-WB1M-WPAN1, B-WBA5M-WPAN, B-WL5M-SUBG1, NUCLEO-C031C6, NUCLEO-C051C8, NUCLEO-C071RB, NUCLEO-C092RC, NUCLEO-H503RB, NUCLEO-H533RE, NUCLEO-H563ZI, NUCLEO-H7S3L8, NUCLEO-N657X0-Q, NUCLEO-U031R8, NUCLEO-U083RC, NUCLEO-U385RG-Q, NUCLEO-U545RE-Q, NUCLEO-U5A5ZJ-Q, NUCLEO-WB05KZ, NUCLEO-WB07CC, NUCLEO-WB09KE, NUCLEO-WBA52CG, NUCLEO-WBA55CG, NUCLEO-WL33CC1, NUCLEO-WL33CC2, STEVAL-PROTEUS1, STEVAL-SMARTAG2, STEVAL-STWINBX1, STM320518-EVAL, STM32C0116-DK, STM32C011D6Y3TR, STM32C011D6Y6TR, STM32C011F4P3, STM32C011F4P6, STM32C011F4U3, STM32C011F4U6TR, STM32C011F6P3, STM32C011F6P6, STM32C011F6U3, STM32C011F6U6TR, STM32C011J4M3, STM32C011J4M6, STM32C011J6M3, STM32C011J6M6, STM32C0316-DK, STM32C031C4T3, STM32C031C4T6, STM32C031C4U3, STM32C031C4U6, STM32C031C6T3, STM32C031C6T6, STM32C031C6U3, STM32C031C6U6, STM32C031F4P3, STM32C031F4P6, STM32C031F6P3, STM32C031F6P6, STM32C031G4U3, STM32C031G4U6, STM32C031G6U3, STM32C031G6U6, STM32C031K4T3, STM32C031K4T6, STM32C031K4U3, STM32C031K4U6, STM32C031K6T3, STM32C031K6T6, STM32C031K6U3, STM32C031K6U6, STM32C051C6T6, STM32C051C6U6, STM32C051C8T6, STM32C051C8U6, STM32C051D8Y6TR, STM32C051F6P6, STM32C051F8P6, STM32C051G6U6, STM32C051G8U6, STM32C051K6T6, STM32C051K6U6, STM32C051K8T6, STM32C071C8T6, STM32C071C8T6N, STM32C071C8U6, STM32C071C8U6N, STM32C071CBT6, STM32C071CBT6N, STM32C071CBU6, STM32C071CBU6N, STM32C071F8P6, STM32C071F8P6N, STM32C071FBP6, STM32C071FBP6N, STM32C071FBY6TR, STM32C071G8U6, STM32C071G8U6N, STM32C071GBU6, STM32C071GBU6N, STM32C071K8T6, STM32C071K8T6N, STM32C071K8U6, STM32C071K8U6N, STM32C071KBT6, STM32C071KBT6N, STM32C071KBU6, STM32C071KBU6N, STM32C071R8T6, STM32C071R8T6N, STM32C071RBI6N, STM32C071RBT6, STM32C071RBT6N, STM32C091CBT6, STM32C091CBU6, STM32C091CCT6, STM32C091CCU6, STM32C091ECY6TR, STM32C091FBP6, STM32C091FCP6, STM32C091GBU6, STM32C091GCU6, STM32C091KBT6, STM32C091KBU6, STM32C091KCT6, STM32C091KCU6, STM32C091RBT6, STM32C091RCI6, STM32C091RCT6, STM32C092CBT6, STM32C092CBU6, STM32C092CCT6, STM32C092CCU6, STM32C092ECY6TR, STM32C092FBP6, STM32C092FCP6, STM32C092GBU6, STM32C092GCU6, STM32C092KBT6, STM32C092KBU6, STM32C092KCT6, STM32C092KCU6, STM32C092RBT6, STM32C092RCI6, STM32C092RCT6, STM32G071K8TXN, STM32G071K8UXN, STM32G081GBU6N, STM32G081KBT6N, STM32G081KBUXN, STM32G0B1CCT6N, STM32G0B1KCT6, STM32G0B1NEY6TR, STM32G0B1RCT6N, STM32G0C1CCT6, STM32G0C1CCT6N, STM32G0C1CCU6N, STM32G0C1CET6N, STM32G0C1CEU6N, STM32G0C1KCT6, STM32G0C1NEY6TR, STM32G0C1RCI6N, STM32G0C1RCT6N, STM32G0C1REI6N, STM32G0C1RET6N, STM32G0C1VCI6, STM32G0C1VEI6, STM32G411C6T3, STM32G411C6T6, STM32G411C6U3, STM32G411C6U6, STM32G411C8T3, STM32G411C8T6, STM32G411C8U3, STM32G411C8U6, STM32G411CBT3, STM32G411CBT6, STM32G411CBU3, STM32G411CBU6, STM32G411K6T3, STM32G411K6T6, STM32G411K6U3, STM32G411K6U6, STM32G411K8T3, STM32G411K8T6, STM32G411K8U3, STM32G411K8U6, STM32G411KBT3, STM32G411KBT6, STM32G411KBU3, STM32G411KBU6, STM32G411M6T3, STM32G411M6T6, STM32G411M8T3, STM32G411M8T6, STM32G411MBT3, STM32G411MBT6, STM32G411R6T3, STM32G411R6T6, STM32G411R8T3, STM32G411R8T6, STM32G411RBT3, STM32G411RBT6, STM32G414CBT3, STM32G414CBT6, STM32G414CBU3, STM32G414CBU6, STM32G414CCT3, STM32G414CCT6, STM32G414CCU3, STM32G414CCU6, STM32G414MBT3, STM32G414MBT6, STM32G414MCT3, STM32G414MCT6, STM32G414RBT3, STM32G414RBT6, STM32G414RCT3, STM32G414RCT6, STM32G414VBT3, STM32G414VBT6, STM32G414VCT3, STM32G414VCT6, STM32G431CBT3Z, STM32G431RBT3Z, STM32G471CCT6, STM32G471CCU6, STM32G471CET3, STM32G471CET6, STM32G471CEU3, STM32G471CEU6, STM32G471MCT6, STM32G471MET3, STM32G471MET6, STM32G471MEY6TR, STM32G471QCT6, STM32G471QET3, STM32G471RCT6, STM32G471RET3, STM32G471RET6, STM32G471VCH6, STM32G471VCI6, STM32G471VCT6, STM32G471VEH3, STM32G471VEH6, STM32G471VEI3, STM32G471VEI6, STM32G471VET3, STM32G471VET6, STM32G473QET3Z, STM32G473RET3Z, STM32G474CCT6, STM32G491RET3Z, STM32H503CBT6, STM32H503CBU6, STM32H503EBY6TR, STM32H503KBU6, STM32H503RBT6, STM32H523CCT6, STM32H523CCU6, STM32H523CET6, STM32H523CEU6, STM32H523HEY6TR, STM32H523RCT6, STM32H523RET6, STM32H523VCI6, STM32H523VCT6, STM32H523VEI6, STM32H523VET6, STM32H523ZCJ6, STM32H523ZCT6, STM32H523ZEJ6, STM32H523ZET6, STM32H533CET6, STM32H533CEU6, STM32H533HEY6TR, STM32H533RET6, STM32H533VEI6, STM32H533VET6, STM32H533ZEJ6, STM32H533ZET6, STM32H562AGI6, STM32H562AII6, STM32H562IGK6, STM32H562IGT6, STM32H562IIK6, STM32H562IIT6, STM32H562RGT6, STM32H562RGV6, STM32H562RIT6, STM32H562RIV6, STM32H562VGT6, STM32H562VIT6, STM32H562ZGT6, STM32H562ZIT6, STM32H563AGI6, STM32H563AII3Q, STM32H563AII6, STM32H563IGK6, STM32H563IGT6, STM32H563IIK3Q, STM32H563IIK6, STM32H563IIT3Q, STM32H563IIT6, STM32H563MIY3QTR, STM32H563RGT6, STM32H563RGV6, STM32H563RIT6, STM32H563RIV6, STM32H563VGT6, STM32H563VIT3Q, STM32H563VIT6, STM32H563ZGT6, STM32H563ZIT3Q, STM32H563ZIT6, STM32H573AII3Q, STM32H573AII6, STM32H573I-DK, STM32H573IIK3Q, STM32H573IIK6, STM32H573IIT3Q, STM32H573IIT6, STM32H573MIY3QTR, STM32H573RIT6, STM32H573RIV6, STM32H573VIT3Q, STM32H573VIT6, STM32H573ZIT3Q, STM32H573ZIT6, STM32H7R3A8I6, STM32H7R3I8K6, STM32H7R3I8T6, STM32H7R3L8H6, STM32H7R3L8H6H, STM32H7R3R8V6, STM32H7R3V8H6, STM32H7R3V8T6, STM32H7R3V8Y6TR, STM32H7R3Z8J6, STM32H7R3Z8T6, STM32H7R7A8I6, STM32H7R7I8K6, STM32H7R7I8T6, STM32H7R7L8H6, STM32H7R7L8H6H, STM32H7R7Z8J6, STM32H7S3A8I6, STM32H7S3I8K6, STM32H7S3I8T6, STM32H7S3L8H6, STM32H7S3L8H6H, STM32H7S3R8V6, STM32H7S3V8H6, STM32H7S3V8T6, STM32H7S3V8Y6TR, STM32H7S3Z8J6, STM32H7S3Z8T6, STM32H7S78-DK, STM32H7S7A8I6, STM32H7S7I8K6, STM32H7S7I8T6, STM32H7S7L8H6, STM32H7S7L8H6H, STM32H7S7Z8J6, STM32L4R5QGI6STR, STM32MP131AAE3, STM32MP131AAF3, STM32MP131AAG3, STM32MP131CAE3, STM32MP131CAF3, STM32MP131CAG3, STM32MP131DAE7, STM32MP131DAF7, STM32MP131DAG7, STM32MP131FAE7, STM32MP131FAF7, STM32MP131FAG7, STM32MP133AAE3, STM32MP133AAF3, STM32MP133AAG3, STM32MP133CAE3, STM32MP133CAF3, STM32MP133CAG3, STM32MP133DAE7, STM32MP133DAF7, STM32MP133DAG7, STM32MP133FAE7, STM32MP133FAF7, STM32MP133FAG7, STM32MP135AAE3, STM32MP135AAF3, STM32MP135AAG3, STM32MP135CAE3, STM32MP135CAF3, STM32MP135CAG3, STM32MP135DAE7, STM32MP135DAF7, STM32MP135DAG7, STM32MP135F-DK, STM32MP135FAE7, STM32MP135FAF7, STM32MP135FAF7T, STM32MP135FAF7U, STM32MP135FAG7, STM32MP211AAL3, STM32MP211AAM3, STM32MP211AAN3, STM32MP211AAO3, STM32MP211CAL3, STM32MP211CAM3, STM32MP211CAN3, STM32MP211CAO3, STM32MP211DAL3, STM32MP211DAM3, STM32MP211DAN3, STM32MP211DAO3, STM32MP211FAL3, STM32MP211FAM3, STM32MP211FAN3, STM32MP211FAO3, STM32MP213AAL3, STM32MP213AAM3, STM32MP213AAN3, STM32MP213AAO3, STM32MP213CAL3, STM32MP213CAM3, STM32MP213CAN3, STM32MP213CAO3, STM32MP213DAL3, STM32MP213DAM3, STM32MP213DAN3, STM32MP213DAO3, STM32MP213FAL3, STM32MP213FAM3, STM32MP213FAN3, STM32MP213FAO3, STM32MP215AAL3, STM32MP215AAM3, STM32MP215AAN3, STM32MP215AAO3, STM32MP215CAL3, STM32MP215CAM3, STM32MP215CAN3, STM32MP215CAO3, STM32MP215DAL3, STM32MP215DAM3, STM32MP215DAN3, STM32MP215DAO3, STM32MP215F-DK, STM32MP215FAL3, STM32MP215FAM3, STM32MP215FAN3, STM32MP215FAO3, STM32MP231AAJ3, STM32MP231AAK3, STM32MP231AAL3, STM32MP231CAJ3, STM32MP231CAK3, STM32MP231CAL3, STM32MP231DAJ3, STM32MP231DAK3, STM32MP231DAL3, STM32MP231FAJ3, STM32MP231FAK3, STM32MP231FAL3, STM32MP233AAJ3, STM32MP233AAK3, STM32MP233AAL3, STM32MP233CAJ3, STM32MP233CAK3, STM32MP233CAL3, STM32MP233DAJ3, STM32MP233DAK3, STM32MP233DAL3, STM32MP233FAJ3, STM32MP233FAK3, STM32MP233FAL3, STM32MP235AAJ3, STM32MP235AAK3, STM32MP235AAL3, STM32MP235CAJ3, STM32MP235CAK3, STM32MP235CAL3, STM32MP235DAJ3, STM32MP235DAK3, STM32MP235DAL3, STM32MP235FAJ3, STM32MP235FAK3, STM32MP235FAL3, STM32MP251AAI3, STM32MP251AAK3, STM32MP251AAL3, STM32MP251CAI3, STM32MP251CAK3, STM32MP251CAL3, STM32MP251DAI3, STM32MP251DAK3, STM32MP251DAL3, STM32MP251FAI3, STM32MP251FAK3, STM32MP251FAL3, STM32MP253AAI3, STM32MP253AAK3, STM32MP253AAL3, STM32MP253CAI3, STM32MP253CAK3, STM32MP253CAL3, STM32MP253DAI3, STM32MP253DAK3, STM32MP253DAL3, STM32MP253FAI3, STM32MP253FAK3, STM32MP253FAL3, STM32MP255AAI3, STM32MP255AAK3, STM32MP255AAL3, STM32MP255CAI3, STM32MP255CAK3, STM32MP255CAL3, STM32MP255DAI3, STM32MP255DAK3, STM32MP255DAL3, STM32MP255FAI3, STM32MP255FAK3, STM32MP255FAL3, STM32MP257AAI3, STM32MP257AAK3, STM32MP257AAL3, STM32MP257CAI3, STM32MP257CAK3, STM32MP257CAL3, STM32MP257DAI3, STM32MP257DAK3, STM32MP257DAL3, STM32MP257F-DK, STM32MP257F-EV1, STM32MP257FAI3, STM32MP257FAK3, STM32MP257FAL3, STM32N645A0H3Q, STM32N645B0H3Q, STM32N645I0H3Q, STM32N645L0H3Q, STM32N645X0H3Q, STM32N645Z0H3Q, STM32N647A0H3Q, STM32N647B0H3Q, STM32N647I0H3Q, STM32N647L0H3Q, STM32N647X0H3Q, STM32N647Z0H3Q, STM32N655A0H3Q, STM32N655B0H3Q, STM32N655I0H3Q, STM32N655L0H3Q, STM32N655X0H3Q, STM32N655Z0H3Q, STM32N6570-DK, STM32N657A0H3Q, STM32N657B0H3Q, STM32N657I0H3Q, STM32N657L0H3Q, STM32N657X0H3Q, STM32N657Z0H3Q, STM32U031C6T6, STM32U031C6U6, STM32U031C8T6, STM32U031C8U6, STM32U031F4P6, STM32U031F6P6, STM32U031F8P6, STM32U031G6Y6TR, STM32U031G8Y6TR, STM32U031K4U6, STM32U031K6U6, STM32U031K8U6, STM32U031R6I6, STM32U031R6T6, STM32U031R8I6, STM32U031R8T6, STM32U073C8T6, STM32U073C8U6, STM32U073CBT6, STM32U073CBU6, STM32U073CCT6, STM32U073CCU6, STM32U073H8Y6TR, STM32U073HBY6TR, STM32U073HCY6TR, STM32U073K8U6, STM32U073KBU6, STM32U073KCU6, STM32U073M8I6, STM32U073M8T6, STM32U073MBI6, STM32U073MBT6, STM32U073MCI6, STM32U073MCT6, STM32U073R8I6, STM32U073R8T6, STM32U073RBI6, STM32U073RBT6, STM32U073RCI6, STM32U073RCT6, STM32U083C-DK, STM32U083CCT6, STM32U083CCU6, STM32U083HCY6TR, STM32U083KCU6, STM32U083MCI6, STM32U083MCT6, STM32U083RCI6, STM32U083RCT6, STM32U375CET6, STM32U375CET6Q, STM32U375CEU6, STM32U375CEU6Q, STM32U375CEY6QTR, STM32U375CGT6, STM32U375CGT6Q, STM32U375CGU6, STM32U375CGU6Q, STM32U375CGY6QTR, STM32U375KEU6, STM32U375KGU6, STM32U375REI6, STM32U375REI6Q, STM32U375RET6, STM32U375RET6Q, STM32U375REY6GTR, STM32U375REY6QTR, STM32U375RGI6, STM32U375RGI6Q, STM32U375RGT6, STM32U375RGT6Q, STM32U375RGY6GTR, STM32U375RGY6QTR, STM32U375VEI6, STM32U375VEI6Q, STM32U375VET6, STM32U375VET6Q, STM32U375VGI6, STM32U375VGI6Q, STM32U375VGT6, STM32U375VGT6Q, STM32U385CGT6, STM32U385CGT6Q, STM32U385CGU6, STM32U385CGU6Q, STM32U385CGY6QTR, STM32U385KGU6, STM32U385RGI6, STM32U385RGI6Q, STM32U385RGT6, STM32U385RGT6Q, STM32U385RGY6GTR, STM32U385RGY6QTR, STM32U385VGI6, STM32U385VGI6Q, STM32U385VGT6, STM32U385VGT6Q, STM32U535CBT6, STM32U535CBT6Q, STM32U535CBU6, STM32U535CBU6Q, STM32U535CCT6, STM32U535CCT6Q, STM32U535CCU6, STM32U535CCU6Q, STM32U535CET6, STM32U535CET6Q, STM32U535CEU6, STM32U535CEU6Q, STM32U535JEY6QTR, STM32U535NCY6QTR, STM32U535NEY6QTR, STM32U535RBI6, STM32U535RBI6Q, STM32U535RBT6, STM32U535RBT6Q, STM32U535RCI6, STM32U535RCI6Q, STM32U535RCT6, STM32U535RCT6Q, STM32U535REI6, STM32U535REI6Q, STM32U535RET6, STM32U535RET6Q, STM32U535VCI6, STM32U535VCI6Q, STM32U535VCT6, STM32U535VCT6Q, STM32U535VEI6, STM32U535VEI6Q, STM32U535VET6, STM32U535VET6Q, STM32U545CET6, STM32U545CET6Q, STM32U545CEU6, STM32U545CEU6Q, STM32U545JEY6QTR, STM32U545NEY6QTR, STM32U545REI6, STM32U545REI6Q, STM32U545RET6, STM32U545RET6Q, STM32U545VEI6, STM32U545VEI6Q, STM32U545VET6, STM32U545VET6Q, STM32U595AIH6, STM32U595AIH6Q, STM32U595AJH6, STM32U595AJH6Q, STM32U595QII6, STM32U595QII6Q, STM32U595QJI6, STM32U595QJI6Q, STM32U595RIT6, STM32U595RIT6Q, STM32U595RJT6, STM32U595RJT6Q, STM32U595VIT6, STM32U595VIT6Q, STM32U595VJT6, STM32U595VJT6Q, STM32U595ZIT6, STM32U595ZIT6Q, STM32U595ZIY6QTR, STM32U595ZJT6, STM32U595ZJT6Q, STM32U595ZJY6QTR, STM32U599BJY6QTR, STM32U599NIH6Q, STM32U599NJH6Q, STM32U599VIT6Q, STM32U599VJT6, STM32U599VJT6Q, STM32U599ZIT6Q, STM32U599ZIY6QTR, STM32U599ZJT6Q, STM32U599ZJY6QTR, STM32U5A5AJH6, STM32U5A5AJH6Q, STM32U5A5QII3Q , STM32U5A5QJI6, STM32U5A5QJI6Q, STM32U5A5RJT6, STM32U5A5RJT6Q, STM32U5A5VJT6, STM32U5A5VJT6Q, STM32U5A5ZJT6, STM32U5A5ZJT6Q, STM32U5A5ZJY6QTR, STM32U5A9BJY6QTR, STM32U5A9J-DK, STM32U5A9NJH6Q, STM32U5A9VJT6Q, STM32U5A9ZJT6Q, STM32U5A9ZJY6QTR, STM32U5F7VIT6, STM32U5F7VIT6Q, STM32U5F7VJT6, STM32U5F7VJT6Q, STM32U5F9BJY6QTR, STM32U5F9NJH6Q, STM32U5F9VIT6Q, STM32U5F9VJT6Q, STM32U5F9ZIJ6QTR, STM32U5F9ZIT6Q, STM32U5F9ZJJ6QTR, STM32U5F9ZJT6Q, STM32U5G7VJT6, STM32U5G7VJT6Q, STM32U5G9BJY6QTR, STM32U5G9J-DK1, STM32U5G9J-DK2, STM32U5G9NJH6Q, STM32U5G9VJT6Q, STM32U5G9ZJJ6QTR, STM32U5G9ZJT6Q, STM32WB05KZV6TR, STM32WB05KZV7TR, STM32WB05TZF6TR, STM32WB05TZF7TR, STM32WB06CCF6TR, STM32WB06CCF7TR, STM32WB06CCV6TR, STM32WB06CCV7TR, STM32WB06KCV6TR, STM32WB06KCV7TR, STM32WB07CCF6TR, STM32WB07CCF7TR, STM32WB07CCV6TR, STM32WB07CCV7TR, STM32WB07KCV6TR, STM32WB07KCV7TR, STM32WB09KEV6TR, STM32WB09KEV7TR, STM32WB09TEF6TR, STM32WB09TEF7TR, STM32WB1MMCH6, STM32WBA50KGU6, STM32WBA50KGU6TR, STM32WBA52CEU6, STM32WBA52CEU6TR, STM32WBA52CEU7, STM32WBA52CEU7TR, STM32WBA52CGU6, STM32WBA52CGU6TR, STM32WBA52CGU6U, STM32WBA52CGU7, STM32WBA52CGU7TR, STM32WBA52KEU6, STM32WBA52KEU6TR, STM32WBA52KGU6, STM32WBA52KGU6TR, STM32WBA54CEU6, STM32WBA54CEU6TR, STM32WBA54CEU7, STM32WBA54CEU7TR, STM32WBA54CGU6, STM32WBA54CGU6TR, STM32WBA54CGU7, STM32WBA54CGU7TR, STM32WBA54KEU6, STM32WBA54KEU6TR, STM32WBA54KEU7, STM32WBA54KEU7TR, STM32WBA54KGU6, STM32WBA54KGU6TR, STM32WBA54KGU7, STM32WBA54KGU7TR, STM32WBA55CEU6, STM32WBA55CEU6TR, STM32WBA55CEU7, STM32WBA55CEU7TR, STM32WBA55CGU6, STM32WBA55CGU6TR, STM32WBA55CGU6U, STM32WBA55CGU7, STM32WBA55CGU7TR, STM32WBA55G-DK1, STM32WBA55HEF6, STM32WBA55HEF7, STM32WBA55HGF6, STM32WBA55HGF7, STM32WBA55UEI6, STM32WBA55UEI6TR, STM32WBA55UEI7, STM32WBA55UEI7TR, STM32WBA55UGI6, STM32WBA55UGI6TR, STM32WBA55UGI7, STM32WBA55UGI7TR, STM32WBA5MMGH6TR, STM32WBA62MGF6, STM32WBA62MIF6, STM32WBA65MGF7, STM32WBA65MIF6, STM32WBA65MIF7, STM32WL30K8V6, STM32WL30KBV6, STM32WL31C8V6, STM32WL31CBV6, STM32WL31K8V6, STM32WL31KBV6, STM32WL33C8V6, STM32WL33C8V6X, STM32WL33CBV6, STM32WL33CBV6X, STM32WL33CCV6, STM32WL33CCV6A, STM32WL33CCV6X, STM32WL33K8V7, STM32WL33K8V7X, STM32WL33KBV7 , STM32WL33KBV7X, STM32WL33KCV7, STM32WL33KCV7X, STM32WL5MOCH6, STM32WL5MOCH6TR]
2026-05-11 12:07:24,059 [INFO] DbMcus:218 - Found 5086 MCUs, 4968 are supported
2026-05-11 12:07:24,060 [INFO] ApiDb:423 - Load user favorites file C:\Users\jahna/.stm32cubeide/favorites.mcus.txt: 0 item(s)
2026-05-11 12:07:24,060 [INFO] ApiDb:427 - User favorites MCUs=[]
2026-05-11 12:07:24,060 [INFO] DbMcus:224 - Set 0 / 0 favorites MCUs
2026-05-11 12:07:24,509 [INFO] ApiDb:668 - CubeFinder database Data Model version=2.1
2026-05-11 12:07:24,509 [INFO] ApiDb:669 - CubeFinder database Configuration version=3.0.42
2026-05-11 12:07:24,509 [INFO] ApiDb:670 - CubeFinder database generation date=2026-05-06 (1778060171)
2026-05-11 12:07:24,509 [INFO] ApiDb:671 - CubeFinder database FW Pack versions=[FP-ATR-ASTRA1_V2.0.0, FP-SNS-FLIGHT1_V5.1.0, FP-SNS-MOTENV1_V5.1.0, FP-SNS-MOTENVWB1_V1.5.0, FP-SNS-SMARTAG2_V1.2.0, FP-SNS-STBOX1_V2.1.0, STM32Cube_FW_C0_V1.4.0, STM32Cube_FW_F4_V1.28.3, STM32Cube_FW_F7_V1.17.4, STM32Cube_FW_G0_V1.6.3, STM32Cube_FW_G4_V1.6.2, STM32Cube_FW_H5_V1.6.0, STM32Cube_FW_H7RS_V1.3.0, STM32Cube_FW_H7_V1.13.0, STM32Cube_FW_L0_V1.12.2, STM32Cube_FW_L4_V1.18.2, STM32Cube_FW_L5_V1.6.0, STM32Cube_FW_N6_V1.3.0, STM32Cube_FW_U0_V1.3.0, STM32Cube_FW_U3_V1.3.0, STM32Cube_FW_U5_V1.8.0, STM32Cube_FW_WB0_V1.4.0, STM32Cube_FW_WBA_V1.9.0, STM32Cube_FW_WB_V1.24.0, STM32Cube_FW_WL3_V1.4.0, STM32Cube_FW_WL_V1.5.0, X-CUBE-ALGOBUILD_V1.4.0, X-CUBE-ALS_V1.0.2, X-CUBE-AZRTOS-F4_V1.1.0, X-CUBE-AZRTOS-F7_V1.1.0, X-CUBE-AZRTOS-G0_V1.1.0, X-CUBE-AZRTOS-G4_V2.0.0, X-CUBE-AZRTOS-H7RS_V1.1.0, X-CUBE-AZRTOS-H7_V3.5.0, X-CUBE-AZRTOS-L4_V2.0.0, X-CUBE-AZRTOS-L5_V2.0.0, X-CUBE-AZRTOS-WB_V2.0.0, X-CUBE-AZRTOS-WL_V2.0.0, X-CUBE-BLE1_V7.1.0, X-CUBE-BLE2_V3.3.0, X-CUBE-BLEMGR_V4.1.0, X-CUBE-EEPRMA1_V5.2.0, X-CUBE-FREERTOS_V1.5.0, X-CUBE-GNSS1_V6.0.0, X-CUBE-MEMS1_V12.0.0, X-CUBE-NFC4_V3.0.0, X-CUBE-NFC7_V2.0.0, X-CUBE-SFXS2LP1_V4.0.0, X-CUBE-ST67W61_V1.2.0, X-CUBE-SUBG2_V5.0.0, X-CUBE-TOF1_V3.4.3]
2026-05-11 12:07:24,579 [INFO] DbBoardsSqlite:226 - include board P-NUCLEO-WB55-NUCLEO as a kit item of type 'Nucleo-64'
2026-05-11 12:07:24,580 [INFO] DbBoardsSqlite:226 - include board P-NUCLEO-WB55-USBDONGLE as a kit item of type 'Nucleo USB Dongle'
2026-05-11 12:07:24,580 [INFO] DbBoardsSqlite:226 - include board STEVAL-IDP005V1 as a kit item of type 'Evaluation Board'
2026-05-11 12:07:24,580 [INFO] DbBoardsSqlite:226 - include board STEVAL-IDP005V2 as a kit item of type 'Evaluation Board'
2026-05-11 12:07:24,675 [INFO] ApiDb:240 - Found 880 in-development CPN: [B-G473E-ZEST1S, B-WB1M-WPAN1, B-WBA5M-WPAN, B-WL5M-SUBG1, NUCLEO-C031C6, NUCLEO-C051C8, NUCLEO-C071RB, NUCLEO-C092RC, NUCLEO-H503RB, NUCLEO-H533RE, NUCLEO-H563ZI, NUCLEO-H7S3L8, NUCLEO-N657X0-Q, NUCLEO-U031R8, NUCLEO-U083RC, NUCLEO-U385RG-Q, NUCLEO-U545RE-Q, NUCLEO-U5A5ZJ-Q, NUCLEO-WB05KZ, NUCLEO-WB07CC, NUCLEO-WB09KE, NUCLEO-WBA52CG, NUCLEO-WBA55CG, NUCLEO-WL33CC1, NUCLEO-WL33CC2, STEVAL-PROTEUS1, STEVAL-SMARTAG2, STEVAL-STWINBX1, STM320518-EVAL, STM32C0116-DK, STM32C011D6Y3TR, STM32C011D6Y6TR, STM32C011F4P3, STM32C011F4P6, STM32C011F4U3, STM32C011F4U6TR, STM32C011F6P3, STM32C011F6P6, STM32C011F6U3, STM32C011F6U6TR, STM32C011J4M3, STM32C011J4M6, STM32C011J6M3, STM32C011J6M6, STM32C0316-DK, STM32C031C4T3, STM32C031C4T6, STM32C031C4U3, STM32C031C4U6, STM32C031C6T3, STM32C031C6T6, STM32C031C6U3, STM32C031C6U6, STM32C031F4P3, STM32C031F4P6, STM32C031F6P3, STM32C031F6P6, STM32C031G4U3, STM32C031G4U6, STM32C031G6U3, STM32C031G6U6, STM32C031K4T3, STM32C031K4T6, STM32C031K4U3, STM32C031K4U6, STM32C031K6T3, STM32C031K6T6, STM32C031K6U3, STM32C031K6U6, STM32C051C6T6, STM32C051C6U6, STM32C051C8T6, STM32C051C8U6, STM32C051D8Y6TR, STM32C051F6P6, STM32C051F8P6, STM32C051G6U6, STM32C051G8U6, STM32C051K6T6, STM32C051K6U6, STM32C051K8T6, STM32C071C8T6, STM32C071C8T6N, STM32C071C8U6, STM32C071C8U6N, STM32C071CBT6, STM32C071CBT6N, STM32C071CBU6, STM32C071CBU6N, STM32C071F8P6, STM32C071F8P6N, STM32C071FBP6, STM32C071FBP6N, STM32C071FBY6TR, STM32C071G8U6, STM32C071G8U6N, STM32C071GBU6, STM32C071GBU6N, STM32C071K8T6, STM32C071K8T6N, STM32C071K8U6, STM32C071K8U6N, STM32C071KBT6, STM32C071KBT6N, STM32C071KBU6, STM32C071KBU6N, STM32C071R8T6, STM32C071R8T6N, STM32C071RBI6N, STM32C071RBT6, STM32C071RBT6N, STM32C091CBT6, STM32C091CBU6, STM32C091CCT6, STM32C091CCU6, STM32C091ECY6TR, STM32C091FBP6, STM32C091FCP6, STM32C091GBU6, STM32C091GCU6, STM32C091KBT6, STM32C091KBU6, STM32C091KCT6, STM32C091KCU6, STM32C091RBT6, STM32C091RCI6, STM32C091RCT6, STM32C092CBT6, STM32C092CBU6, STM32C092CCT6, STM32C092CCU6, STM32C092ECY6TR, STM32C092FBP6, STM32C092FCP6, STM32C092GBU6, STM32C092GCU6, STM32C092KBT6, STM32C092KBU6, STM32C092KCT6, STM32C092KCU6, STM32C092RBT6, STM32C092RCI6, STM32C092RCT6, STM32G071K8TXN, STM32G071K8UXN, STM32G081GBU6N, STM32G081KBT6N, STM32G081KBUXN, STM32G0B1CCT6N, STM32G0B1KCT6, STM32G0B1NEY6TR, STM32G0B1RCT6N, STM32G0C1CCT6, STM32G0C1CCT6N, STM32G0C1CCU6N, STM32G0C1CET6N, STM32G0C1CEU6N, STM32G0C1KCT6, STM32G0C1NEY6TR, STM32G0C1RCI6N, STM32G0C1RCT6N, STM32G0C1REI6N, STM32G0C1RET6N, STM32G0C1VCI6, STM32G0C1VEI6, STM32G411C6T3, STM32G411C6T6, STM32G411C6U3, STM32G411C6U6, STM32G411C8T3, STM32G411C8T6, STM32G411C8U3, STM32G411C8U6, STM32G411CBT3, STM32G411CBT6, STM32G411CBU3, STM32G411CBU6, STM32G411K6T3, STM32G411K6T6, STM32G411K6U3, STM32G411K6U6, STM32G411K8T3, STM32G411K8T6, STM32G411K8U3, STM32G411K8U6, STM32G411KBT3, STM32G411KBT6, STM32G411KBU3, STM32G411KBU6, STM32G411M6T3, STM32G411M6T6, STM32G411M8T3, STM32G411M8T6, STM32G411MBT3, STM32G411MBT6, STM32G411R6T3, STM32G411R6T6, STM32G411R8T3, STM32G411R8T6, STM32G411RBT3, STM32G411RBT6, STM32G414CBT3, STM32G414CBT6, STM32G414CBU3, STM32G414CBU6, STM32G414CCT3, STM32G414CCT6, STM32G414CCU3, STM32G414CCU6, STM32G414MBT3, STM32G414MBT6, STM32G414MCT3, STM32G414MCT6, STM32G414RBT3, STM32G414RBT6, STM32G414RCT3, STM32G414RCT6, STM32G414VBT3, STM32G414VBT6, STM32G414VCT3, STM32G414VCT6, STM32G431CBT3Z, STM32G431RBT3Z, STM32G471CCT6, STM32G471CCU6, STM32G471CET3, STM32G471CET6, STM32G471CEU3, STM32G471CEU6, STM32G471MCT6, STM32G471MET3, STM32G471MET6, STM32G471MEY6TR, STM32G471QCT6, STM32G471QET3, STM32G471RCT6, STM32G471RET3, STM32G471RET6, STM32G471VCH6, STM32G471VCI6, STM32G471VCT6, STM32G471VEH3, STM32G471VEH6, STM32G471VEI3, STM32G471VEI6, STM32G471VET3, STM32G471VET6, STM32G473QET3Z, STM32G473RET3Z, STM32G474CCT6, STM32G491RET3Z, STM32H503CBT6, STM32H503CBU6, STM32H503EBY6TR, STM32H503KBU6, STM32H503RBT6, STM32H523CCT6, STM32H523CCU6, STM32H523CET6, STM32H523CEU6, STM32H523HEY6TR, STM32H523RCT6, STM32H523RET6, STM32H523VCI6, STM32H523VCT6, STM32H523VEI6, STM32H523VET6, STM32H523ZCJ6, STM32H523ZCT6, STM32H523ZEJ6, STM32H523ZET6, STM32H533CET6, STM32H533CEU6, STM32H533HEY6TR, STM32H533RET6, STM32H533VEI6, STM32H533VET6, STM32H533ZEJ6, STM32H533ZET6, STM32H562AGI6, STM32H562AII6, STM32H562IGK6, STM32H562IGT6, STM32H562IIK6, STM32H562IIT6, STM32H562RGT6, STM32H562RGV6, STM32H562RIT6, STM32H562RIV6, STM32H562VGT6, STM32H562VIT6, STM32H562ZGT6, STM32H562ZIT6, STM32H563AGI6, STM32H563AII3Q, STM32H563AII6, STM32H563IGK6, STM32H563IGT6, STM32H563IIK3Q, STM32H563IIK6, STM32H563IIT3Q, STM32H563IIT6, STM32H563MIY3QTR, STM32H563RGT6, STM32H563RGV6, STM32H563RIT6, STM32H563RIV6, STM32H563VGT6, STM32H563VIT3Q, STM32H563VIT6, STM32H563ZGT6, STM32H563ZIT3Q, STM32H563ZIT6, STM32H573AII3Q, STM32H573AII6, STM32H573I-DK, STM32H573IIK3Q, STM32H573IIK6, STM32H573IIT3Q, STM32H573IIT6, STM32H573MIY3QTR, STM32H573RIT6, STM32H573RIV6, STM32H573VIT3Q, STM32H573VIT6, STM32H573ZIT3Q, STM32H573ZIT6, STM32H7R3A8I6, STM32H7R3I8K6, STM32H7R3I8T6, STM32H7R3L8H6, STM32H7R3L8H6H, STM32H7R3R8V6, STM32H7R3V8H6, STM32H7R3V8T6, STM32H7R3V8Y6TR, STM32H7R3Z8J6, STM32H7R3Z8T6, STM32H7R7A8I6, STM32H7R7I8K6, STM32H7R7I8T6, STM32H7R7L8H6, STM32H7R7L8H6H, STM32H7R7Z8J6, STM32H7S3A8I6, STM32H7S3I8K6, STM32H7S3I8T6, STM32H7S3L8H6, STM32H7S3L8H6H, STM32H7S3R8V6, STM32H7S3V8H6, STM32H7S3V8T6, STM32H7S3V8Y6TR, STM32H7S3Z8J6, STM32H7S3Z8T6, STM32H7S78-DK, STM32H7S7A8I6, STM32H7S7I8K6, STM32H7S7I8T6, STM32H7S7L8H6, STM32H7S7L8H6H, STM32H7S7Z8J6, STM32L4R5QGI6STR, STM32MP131AAE3, STM32MP131AAF3, STM32MP131AAG3, STM32MP131CAE3, STM32MP131CAF3, STM32MP131CAG3, STM32MP131DAE7, STM32MP131DAF7, STM32MP131DAG7, STM32MP131FAE7, STM32MP131FAF7, STM32MP131FAG7, STM32MP133AAE3, STM32MP133AAF3, STM32MP133AAG3, STM32MP133CAE3, STM32MP133CAF3, STM32MP133CAG3, STM32MP133DAE7, STM32MP133DAF7, STM32MP133DAG7, STM32MP133FAE7, STM32MP133FAF7, STM32MP133FAG7, STM32MP135AAE3, STM32MP135AAF3, STM32MP135AAG3, STM32MP135CAE3, STM32MP135CAF3, STM32MP135CAG3, STM32MP135DAE7, STM32MP135DAF7, STM32MP135DAG7, STM32MP135F-DK, STM32MP135FAE7, STM32MP135FAF7, STM32MP135FAF7T, STM32MP135FAF7U, STM32MP135FAG7, STM32MP211AAL3, STM32MP211AAM3, STM32MP211AAN3, STM32MP211AAO3, STM32MP211CAL3, STM32MP211CAM3, STM32MP211CAN3, STM32MP211CAO3, STM32MP211DAL3, STM32MP211DAM3, STM32MP211DAN3, STM32MP211DAO3, STM32MP211FAL3, STM32MP211FAM3, STM32MP211FAN3, STM32MP211FAO3, STM32MP213AAL3, STM32MP213AAM3, STM32MP213AAN3, STM32MP213AAO3, STM32MP213CAL3, STM32MP213CAM3, STM32MP213CAN3, STM32MP213CAO3, STM32MP213DAL3, STM32MP213DAM3, STM32MP213DAN3, STM32MP213DAO3, STM32MP213FAL3, STM32MP213FAM3, STM32MP213FAN3, STM32MP213FAO3, STM32MP215AAL3, STM32MP215AAM3, STM32MP215AAN3, STM32MP215AAO3, STM32MP215CAL3, STM32MP215CAM3, STM32MP215CAN3, STM32MP215CAO3, STM32MP215DAL3, STM32MP215DAM3, STM32MP215DAN3, STM32MP215DAO3, STM32MP215F-DK, STM32MP215FAL3, STM32MP215FAM3, STM32MP215FAN3, STM32MP215FAO3, STM32MP231AAJ3, STM32MP231AAK3, STM32MP231AAL3, STM32MP231CAJ3, STM32MP231CAK3, STM32MP231CAL3, STM32MP231DAJ3, STM32MP231DAK3, STM32MP231DAL3, STM32MP231FAJ3, STM32MP231FAK3, STM32MP231FAL3, STM32MP233AAJ3, STM32MP233AAK3, STM32MP233AAL3, STM32MP233CAJ3, STM32MP233CAK3, STM32MP233CAL3, STM32MP233DAJ3, STM32MP233DAK3, STM32MP233DAL3, STM32MP233FAJ3, STM32MP233FAK3, STM32MP233FAL3, STM32MP235AAJ3, STM32MP235AAK3, STM32MP235AAL3, STM32MP235CAJ3, STM32MP235CAK3, STM32MP235CAL3, STM32MP235DAJ3, STM32MP235DAK3, STM32MP235DAL3, STM32MP235FAJ3, STM32MP235FAK3, STM32MP235FAL3, STM32MP251AAI3, STM32MP251AAK3, STM32MP251AAL3, STM32MP251CAI3, STM32MP251CAK3, STM32MP251CAL3, STM32MP251DAI3, STM32MP251DAK3, STM32MP251DAL3, STM32MP251FAI3, STM32MP251FAK3, STM32MP251FAL3, STM32MP253AAI3, STM32MP253AAK3, STM32MP253AAL3, STM32MP253CAI3, STM32MP253CAK3, STM32MP253CAL3, STM32MP253DAI3, STM32MP253DAK3, STM32MP253DAL3, STM32MP253FAI3, STM32MP253FAK3, STM32MP253FAL3, STM32MP255AAI3, STM32MP255AAK3, STM32MP255AAL3, STM32MP255CAI3, STM32MP255CAK3, STM32MP255CAL3, STM32MP255DAI3, STM32MP255DAK3, STM32MP255DAL3, STM32MP255FAI3, STM32MP255FAK3, STM32MP255FAL3, STM32MP257AAI3, STM32MP257AAK3, STM32MP257AAL3, STM32MP257CAI3, STM32MP257CAK3, STM32MP257CAL3, STM32MP257DAI3, STM32MP257DAK3, STM32MP257DAL3, STM32MP257F-DK, STM32MP257F-EV1, STM32MP257FAI3, STM32MP257FAK3, STM32MP257FAL3, STM32N645A0H3Q, STM32N645B0H3Q, STM32N645I0H3Q, STM32N645L0H3Q, STM32N645X0H3Q, STM32N645Z0H3Q, STM32N647A0H3Q, STM32N647B0H3Q, STM32N647I0H3Q, STM32N647L0H3Q, STM32N647X0H3Q, STM32N647Z0H3Q, STM32N655A0H3Q, STM32N655B0H3Q, STM32N655I0H3Q, STM32N655L0H3Q, STM32N655X0H3Q, STM32N655Z0H3Q, STM32N6570-DK, STM32N657A0H3Q, STM32N657B0H3Q, STM32N657I0H3Q, STM32N657L0H3Q, STM32N657X0H3Q, STM32N657Z0H3Q, STM32U031C6T6, STM32U031C6U6, STM32U031C8T6, STM32U031C8U6, STM32U031F4P6, STM32U031F6P6, STM32U031F8P6, STM32U031G6Y6TR, STM32U031G8Y6TR, STM32U031K4U6, STM32U031K6U6, STM32U031K8U6, STM32U031R6I6, STM32U031R6T6, STM32U031R8I6, STM32U031R8T6, STM32U073C8T6, STM32U073C8U6, STM32U073CBT6, STM32U073CBU6, STM32U073CCT6, STM32U073CCU6, STM32U073H8Y6TR, STM32U073HBY6TR, STM32U073HCY6TR, STM32U073K8U6, STM32U073KBU6, STM32U073KCU6, STM32U073M8I6, STM32U073M8T6, STM32U073MBI6, STM32U073MBT6, STM32U073MCI6, STM32U073MCT6, STM32U073R8I6, STM32U073R8T6, STM32U073RBI6, STM32U073RBT6, STM32U073RCI6, STM32U073RCT6, STM32U083C-DK, STM32U083CCT6, STM32U083CCU6, STM32U083HCY6TR, STM32U083KCU6, STM32U083MCI6, STM32U083MCT6, STM32U083RCI6, STM32U083RCT6, STM32U375CET6, STM32U375CET6Q, STM32U375CEU6, STM32U375CEU6Q, STM32U375CEY6QTR, STM32U375CGT6, STM32U375CGT6Q, STM32U375CGU6, STM32U375CGU6Q, STM32U375CGY6QTR, STM32U375KEU6, STM32U375KGU6, STM32U375REI6, STM32U375REI6Q, STM32U375RET6, STM32U375RET6Q, STM32U375REY6GTR, STM32U375REY6QTR, STM32U375RGI6, STM32U375RGI6Q, STM32U375RGT6, STM32U375RGT6Q, STM32U375RGY6GTR, STM32U375RGY6QTR, STM32U375VEI6, STM32U375VEI6Q, STM32U375VET6, STM32U375VET6Q, STM32U375VGI6, STM32U375VGI6Q, STM32U375VGT6, STM32U375VGT6Q, STM32U385CGT6, STM32U385CGT6Q, STM32U385CGU6, STM32U385CGU6Q, STM32U385CGY6QTR, STM32U385KGU6, STM32U385RGI6, STM32U385RGI6Q, STM32U385RGT6, STM32U385RGT6Q, STM32U385RGY6GTR, STM32U385RGY6QTR, STM32U385VGI6, STM32U385VGI6Q, STM32U385VGT6, STM32U385VGT6Q, STM32U535CBT6, STM32U535CBT6Q, STM32U535CBU6, STM32U535CBU6Q, STM32U535CCT6, STM32U535CCT6Q, STM32U535CCU6, STM32U535CCU6Q, STM32U535CET6, STM32U535CET6Q, STM32U535CEU6, STM32U535CEU6Q, STM32U535JEY6QTR, STM32U535NCY6QTR, STM32U535NEY6QTR, STM32U535RBI6, STM32U535RBI6Q, STM32U535RBT6, STM32U535RBT6Q, STM32U535RCI6, STM32U535RCI6Q, STM32U535RCT6, STM32U535RCT6Q, STM32U535REI6, STM32U535REI6Q, STM32U535RET6, STM32U535RET6Q, STM32U535VCI6, STM32U535VCI6Q, STM32U535VCT6, STM32U535VCT6Q, STM32U535VEI6, STM32U535VEI6Q, STM32U535VET6, STM32U535VET6Q, STM32U545CET6, STM32U545CET6Q, STM32U545CEU6, STM32U545CEU6Q, STM32U545JEY6QTR, STM32U545NEY6QTR, STM32U545REI6, STM32U545REI6Q, STM32U545RET6, STM32U545RET6Q, STM32U545VEI6, STM32U545VEI6Q, STM32U545VET6, STM32U545VET6Q, STM32U595AIH6, STM32U595AIH6Q, STM32U595AJH6, STM32U595AJH6Q, STM32U595QII6, STM32U595QII6Q, STM32U595QJI6, STM32U595QJI6Q, STM32U595RIT6, STM32U595RIT6Q, STM32U595RJT6, STM32U595RJT6Q, STM32U595VIT6, STM32U595VIT6Q, STM32U595VJT6, STM32U595VJT6Q, STM32U595ZIT6, STM32U595ZIT6Q, STM32U595ZIY6QTR, STM32U595ZJT6, STM32U595ZJT6Q, STM32U595ZJY6QTR, STM32U599BJY6QTR, STM32U599NIH6Q, STM32U599NJH6Q, STM32U599VIT6Q, STM32U599VJT6, STM32U599VJT6Q, STM32U599ZIT6Q, STM32U599ZIY6QTR, STM32U599ZJT6Q, STM32U599ZJY6QTR, STM32U5A5AJH6, STM32U5A5AJH6Q, STM32U5A5QII3Q , STM32U5A5QJI6, STM32U5A5QJI6Q, STM32U5A5RJT6, STM32U5A5RJT6Q, STM32U5A5VJT6, STM32U5A5VJT6Q, STM32U5A5ZJT6, STM32U5A5ZJT6Q, STM32U5A5ZJY6QTR, STM32U5A9BJY6QTR, STM32U5A9J-DK, STM32U5A9NJH6Q, STM32U5A9VJT6Q, STM32U5A9ZJT6Q, STM32U5A9ZJY6QTR, STM32U5F7VIT6, STM32U5F7VIT6Q, STM32U5F7VJT6, STM32U5F7VJT6Q, STM32U5F9BJY6QTR, STM32U5F9NJH6Q, STM32U5F9VIT6Q, STM32U5F9VJT6Q, STM32U5F9ZIJ6QTR, STM32U5F9ZIT6Q, STM32U5F9ZJJ6QTR, STM32U5F9ZJT6Q, STM32U5G7VJT6, STM32U5G7VJT6Q, STM32U5G9BJY6QTR, STM32U5G9J-DK1, STM32U5G9J-DK2, STM32U5G9NJH6Q, STM32U5G9VJT6Q, STM32U5G9ZJJ6QTR, STM32U5G9ZJT6Q, STM32WB05KZV6TR, STM32WB05KZV7TR, STM32WB05TZF6TR, STM32WB05TZF7TR, STM32WB06CCF6TR, STM32WB06CCF7TR, STM32WB06CCV6TR, STM32WB06CCV7TR, STM32WB06KCV6TR, STM32WB06KCV7TR, STM32WB07CCF6TR, STM32WB07CCF7TR, STM32WB07CCV6TR, STM32WB07CCV7TR, STM32WB07KCV6TR, STM32WB07KCV7TR, STM32WB09KEV6TR, STM32WB09KEV7TR, STM32WB09TEF6TR, STM32WB09TEF7TR, STM32WB1MMCH6, STM32WBA50KGU6, STM32WBA50KGU6TR, STM32WBA52CEU6, STM32WBA52CEU6TR, STM32WBA52CEU7, STM32WBA52CEU7TR, STM32WBA52CGU6, STM32WBA52CGU6TR, STM32WBA52CGU6U, STM32WBA52CGU7, STM32WBA52CGU7TR, STM32WBA52KEU6, STM32WBA52KEU6TR, STM32WBA52KGU6, STM32WBA52KGU6TR, STM32WBA54CEU6, STM32WBA54CEU6TR, STM32WBA54CEU7, STM32WBA54CEU7TR, STM32WBA54CGU6, STM32WBA54CGU6TR, STM32WBA54CGU7, STM32WBA54CGU7TR, STM32WBA54KEU6, STM32WBA54KEU6TR, STM32WBA54KEU7, STM32WBA54KEU7TR, STM32WBA54KGU6, STM32WBA54KGU6TR, STM32WBA54KGU7, STM32WBA54KGU7TR, STM32WBA55CEU6, STM32WBA55CEU6TR, STM32WBA55CEU7, STM32WBA55CEU7TR, STM32WBA55CGU6, STM32WBA55CGU6TR, STM32WBA55CGU6U, STM32WBA55CGU7, STM32WBA55CGU7TR, STM32WBA55G-DK1, STM32WBA55HEF6, STM32WBA55HEF7, STM32WBA55HGF6, STM32WBA55HGF7, STM32WBA55UEI6, STM32WBA55UEI6TR, STM32WBA55UEI7, STM32WBA55UEI7TR, STM32WBA55UGI6, STM32WBA55UGI6TR, STM32WBA55UGI7, STM32WBA55UGI7TR, STM32WBA5MMGH6TR, STM32WBA62MGF6, STM32WBA62MIF6, STM32WBA65MGF7, STM32WBA65MIF6, STM32WBA65MIF7, STM32WL30K8V6, STM32WL30KBV6, STM32WL31C8V6, STM32WL31CBV6, STM32WL31K8V6, STM32WL31KBV6, STM32WL33C8V6, STM32WL33C8V6X, STM32WL33CBV6, STM32WL33CBV6X, STM32WL33CCV6, STM32WL33CCV6A, STM32WL33CCV6X, STM32WL33K8V7, STM32WL33K8V7X, STM32WL33KBV7 , STM32WL33KBV7X, STM32WL33KCV7, STM32WL33KCV7X, STM32WL5MOCH6, STM32WL5MOCH6TR]
2026-05-11 12:07:24,824 [INFO] BoardInfo:889 - No configuration file found for board NUCLEO-H5E5ZJ
2026-05-11 12:07:24,825 [INFO] DbBoards:161 - Board is not supported: NUCLEO-H5E5ZJ
2026-05-11 12:07:24,907 [INFO] BoardInfo:889 - No configuration file found for board NUCLEO-U3C5ZI-Q
2026-05-11 12:07:24,908 [INFO] DbBoards:161 - Board is not supported: NUCLEO-U3C5ZI-Q
2026-05-11 12:07:24,929 [INFO] BoardInfo:889 - No configuration file found for board NUCLEO-WBA25CE1
2026-05-11 12:07:24,931 [INFO] DbBoards:161 - Board is not supported: NUCLEO-WBA25CE1
2026-05-11 12:07:24,947 [INFO] BoardInfo:889 - No configuration file found for board NUCLEO-WL3RKB1
2026-05-11 12:07:24,949 [INFO] DbBoards:161 - Board is not supported: NUCLEO-WL3RKB1
2026-05-11 12:07:24,951 [INFO] BoardInfo:889 - No configuration file found for board NUCLEO-WL3RKB2
2026-05-11 12:07:24,953 [INFO] DbBoards:161 - Board is not supported: NUCLEO-WL3RKB2
2026-05-11 12:07:24,969 [INFO] BoardInfo:889 - No configuration file found for board P-NUCLEO-WB55
2026-05-11 12:07:24,971 [INFO] DbBoards:161 - Kit is not supported: P-NUCLEO-WB55
2026-05-11 12:07:24,985 [INFO] BoardInfo:889 - No configuration file found for board STEVAL-BFA001V1B
2026-05-11 12:07:24,988 [INFO] DbBoards:161 - Kit is not supported: STEVAL-BFA001V1B
2026-05-11 12:07:24,991 [INFO] BoardInfo:889 - No configuration file found for board STEVAL-BFA001V2B
2026-05-11 12:07:24,994 [INFO] DbBoards:161 - Kit is not supported: STEVAL-BFA001V2B
2026-05-11 12:07:25,240 [INFO] BoardInfo:889 - No configuration file found for board STM32H5F5J-DK
2026-05-11 12:07:25,242 [INFO] DbBoards:161 - Board is not supported: STM32H5F5J-DK
2026-05-11 12:07:25,376 [INFO] DbBoards:168 - Found 218 boards, 209 are supported
2026-05-11 12:07:25,377 [INFO] DbBoards:169 - Found 218 boards, 43 of them is supported for  Bsp
2026-05-11 12:07:25,382 [INFO] ApiDb:423 - Load user favorites file C:\Users\jahna/.stm32cubeide/favorites.boards.txt: 0 item(s)
2026-05-11 12:07:25,382 [INFO] ApiDb:427 - User favorites Boards=[]
2026-05-11 12:07:25,382 [INFO] DbBoards:198 - Set 0 / 0 favorites Boards
2026-05-11 12:07:25,383 [INFO] McuFinderGlobals:76 - Set McuFinderConnectedMode to true
2026-05-11 12:07:25,394 [INFO] MultiScanPanel:200 - Auto-refresh data requested => check proxy status ongoing
2026-05-11 12:07:25,399 [INFO] FinderPluginLoader:96 - Searching for filters in installed packs
2026-05-11 12:07:27,116 [INFO] LoadUrlFilesThread:185 - End of LoadServerUrlFiles without Thread
2026-05-11 12:07:27,132 [INFO] DetailPanel:341 - Set advertising image to C:/Users/jahna/STM32Cube/Repository/\en.prom-stm32wba2-stm32-nucleo-board-0426.png
2026-05-11 12:07:33,209 [INFO] MultiScanPanel:200 - Auto-refresh data requested => check proxy status ongoing
2026-05-11 12:07:33,415 [INFO] LoadUrlFilesThread:185 - End of LoadServerUrlFiles without Thread
2026-05-11 12:07:33,415 [INFO] DetailPanel:341 - Set advertising image to C:/Users/jahna/STM32Cube/Repository/\en.prom-stm32wba2-stm32-nucleo-board-0426.png
2026-05-11 12:07:33,431 [INFO] DbBoards:642 - Loading board mini-images...
2026-05-11 12:07:35,713 [INFO] DbBoards:665 - Loaded 218 board mini-images
2026-05-11 12:07:40,348 [INFO] McuFinderGlobals:76 - Set McuFinderConnectedMode to true
2026-05-11 12:07:41,641 [INFO] ApiDb:448 - Save user favorites file C:\Users\jahna/.stm32cubeide/favorites.mcus.txt: 0 item(s)
2026-05-11 12:07:41,642 [INFO] ApiDb:452 - User favorites MCUs=[]
2026-05-11 12:07:41,644 [INFO] ApiDb:448 - Save user favorites file C:\Users\jahna/.stm32cubeide/favorites.boards.txt: 0 item(s)
2026-05-11 12:07:41,644 [INFO] ApiDb:452 - User favorites Boards=[]
2026-05-11 12:07:59,441 [INFO] McuFinderGlobals:63 - Set McuFinder mode to 2 (CubeIDE integrated)
2026-05-11 12:07:59,442 [INFO] UserAuth:171 - activating auth plugin
2026-05-11 12:07:59,447 [INFO] UserAuth:487 - Internet connection configuration mode: 1
2026-05-11 12:08:24,344 [INFO] MainUpdater:2872 - connection check result : 10
2026-05-11 12:08:25,124 [INFO] CheckServerUpdateThread:120 - End of CheckServer Thread
2026-05-11 12:09:29,863 [INFO] WebApp:652 - userauth.ini deleted or not created
2026-05-11 12:09:30,077 [INFO] ServerAccessManage:452 - Complete download http(s) 200
2026-05-11 12:09:30,078 [INFO] ServerAccessManage:509 - Download File stm32cube_fw_l0_v1120.zip
2026-05-11 12:09:34,358 [ERROR] FileExtend:471 - File entry not found
2026-05-11 12:09:34,359 [INFO] FileExtend:248 - Unzip File : stm32cube_fw_l0_v1120.zip
2026-05-11 12:09:34,360 [INFO] FileExtend:263 - Standard Zip Deflate
2026-05-11 12:09:50,542 [INFO] ServerAccessManage:452 - Complete download http(s) 200
2026-05-11 12:09:50,543 [INFO] ServerAccessManage:509 - Download File stm32cube_fw_l0_v1124.zip
2026-05-11 12:09:52,741 [INFO] FileExtend:248 - Unzip File : stm32cube_fw_l0_v1124.zip
2026-05-11 12:09:52,741 [INFO] FileExtend:263 - Standard Zip Deflate
2026-05-11 12:10:06,145 [INFO] LoadServerPackagesThread:196 - End of LoadServerPackages Thread
2026-05-11 12:10:06,410 [INFO] CheckServerUpdateThread:120 - End of CheckServer Thread
2026-05-11 12:10:11,464 [INFO] ServerAccessManage:452 - Complete download http(s) 200
2026-05-11 12:10:11,465 [INFO] ServerAccessManage:509 - Download File updaters.zip
2026-05-11 12:10:11,581 [INFO] FileExtend:248 - Unzip File : updaters.zip
2026-05-11 12:10:11,581 [INFO] FileExtend:263 - Standard Zip Deflate
2026-05-11 12:10:12,058 [INFO] ServerAccessManage:452 - Complete download http(s) 200
2026-05-11 12:10:12,059 [INFO] ServerAccessManage:509 - Download File PacksControlFlags.xml
2026-05-11 12:10:12,121 [INFO] ServerAccessManage:452 - Complete download http(s) 200
2026-05-11 12:10:12,121 [INFO] ServerAccessManage:509 - Download File cubemx.pidx
2026-05-11 12:10:12,451 [INFO] ServerAccessManage:452 - Complete download http(s) 200
2026-05-11 12:10:12,452 [INFO] ServerAccessManage:509 - Download File STMicroelectronics.FP-ATR-ASTRA1.pdsc
2026-05-11 12:10:12,795 [INFO] ServerAccessManage:452 - Complete download http(s) 200
2026-05-11 12:10:12,796 [INFO] ServerAccessManage:509 - Download File STMicroelectronics.FP-ATR-SIGFOX1.pdsc
2026-05-11 12:10:12,963 [INFO] ServerAccessManage:452 - Complete download http(s) 200
2026-05-11 12:10:12,963 [INFO] ServerAccessManage:509 - Download File STMicroelectronics.FP-SNS-STBOX1.pdsc
2026-05-11 12:10:13,141 [INFO] ServerAccessManage:452 - Complete download http(s) 200
2026-05-11 12:10:13,142 [INFO] ServerAccessManage:509 - Download File STMicroelectronics.FP-SNS-FLIGHT1.pdsc
2026-05-11 12:10:13,380 [INFO] ServerAccessManage:452 - Complete download http(s) 200
2026-05-11 12:10:13,380 [INFO] ServerAccessManage:509 - Download File STMicroelectronics.FP-SNS-MOTENV1.pdsc
2026-05-11 12:10:13,654 [INFO] ServerAccessManage:452 - Complete download http(s) 200
2026-05-11 12:10:13,654 [INFO] ServerAccessManage:509 - Download File STMicroelectronics.FP-SNS-MOTENVWB1.pdsc
2026-05-11 12:10:13,897 [INFO] ServerAccessManage:452 - Complete download http(s) 200
2026-05-11 12:10:13,898 [INFO] ServerAccessManage:509 - Download File STMicroelectronics.FP-SNS-SMARTAG2.pdsc
2026-05-11 12:10:14,019 [INFO] ServerAccessManage:452 - Complete download http(s) 200
2026-05-11 12:10:14,019 [INFO] ServerAccessManage:509 - Download File STMicroelectronics.FP-SNS-STAIOTCFT.pdsc
2026-05-11 12:10:14,169 [INFO] ServerAccessManage:452 - Complete download http(s) 200
2026-05-11 12:10:14,169 [INFO] ServerAccessManage:509 - Download File STMicroelectronics.X-CUBE-AI.pdsc
2026-05-11 12:10:15,078 [INFO] ServerAccessManage:452 - Complete download http(s) 200
2026-05-11 12:10:15,078 [INFO] ServerAccessManage:509 - Download File STMicroelectronics.X-CUBE-ALS.pdsc
2026-05-11 12:10:15,292 [INFO] ServerAccessManage:452 - Complete download http(s) 200
2026-05-11 12:10:15,292 [INFO] ServerAccessManage:509 - Download File STMicroelectronics.X-CUBE-BLE1.pdsc
2026-05-11 12:10:16,134 [ERROR] ServerAccessManage:1212 - Problem, file not found on Server
2026-05-11 12:10:16,199 [INFO] ServerAccessManage:452 - Complete download http(s) 200
2026-05-11 12:10:16,199 [INFO] ServerAccessManage:509 - Download File STMicroelectronics.X-CUBE-BLE2.pdsc
2026-05-11 12:10:16,589 [INFO] ServerAccessManage:452 - Complete download http(s) 200
2026-05-11 12:10:16,590 [INFO] ServerAccessManage:509 - Download File STMicroelectronics.X-CUBE-BLEMGR.pdsc
2026-05-11 12:10:17,061 [ERROR] ServerAccessManage:1212 - Problem, file not found on Server
2026-05-11 12:10:17,417 [INFO] ServerAccessManage:452 - Complete download http(s) 200
2026-05-11 12:10:17,418 [INFO] ServerAccessManage:509 - Download File STMicroelectronics.X-CUBE-DISPLAY.pdsc
2026-05-11 12:10:17,747 [INFO] ServerAccessManage:452 - Complete download http(s) 200
2026-05-11 12:10:17,748 [INFO] ServerAccessManage:509 - Download File STMicroelectronics.X-CUBE-DPOWER.pdsc
2026-05-11 12:10:18,198 [ERROR] ServerAccessManage:1212 - Problem, file not found on Server
2026-05-11 12:10:18,494 [ERROR] ServerAccessManage:1212 - Problem, file not found on Server
2026-05-11 12:10:19,105 [ERROR] ServerAccessManage:1212 - Problem, file not found on Server
2026-05-11 12:10:19,525 [ERROR] ServerAccessManage:1212 - Problem, file not found on Server
2026-05-11 12:10:19,827 [ERROR] ServerAccessManage:1212 - Problem, file not found on Server
2026-05-11 12:10:20,136 [ERROR] ServerAccessManage:1212 - Problem, file not found on Server
2026-05-11 12:10:20,739 [ERROR] ServerAccessManage:1212 - Problem, file not found on Server
2026-05-11 12:10:20,987 [ERROR] ServerAccessManage:1212 - Problem, file not found on Server
2026-05-11 12:10:21,262 [ERROR] ServerAccessManage:1212 - Problem, file not found on Server
2026-05-11 12:10:21,567 [ERROR] ServerAccessManage:1212 - Problem, file not found on Server
2026-05-11 12:10:22,185 [ERROR] ServerAccessManage:1212 - Problem, file not found on Server
2026-05-11 12:10:22,255 [INFO] ServerAccessManage:452 - Complete download http(s) 200
2026-05-11 12:10:22,255 [INFO] ServerAccessManage:509 - Download File STMicroelectronics.X-CUBE-EEPRMA1.pdsc
2026-05-11 12:10:22,954 [ERROR] ServerAccessManage:1212 - Problem, file not found on Server
2026-05-11 12:10:23,717 [ERROR] ServerAccessManage:1212 - Problem, file not found on Server
2026-05-11 12:10:23,921 [INFO] ServerAccessManage:452 - Complete download http(s) 200
2026-05-11 12:10:23,921 [INFO] ServerAccessManage:509 - Download File STMicroelectronics.X-CUBE-FREERTOS.pdsc
2026-05-11 12:10:24,324 [INFO] ServerAccessManage:452 - Complete download http(s) 200
2026-05-11 12:10:24,324 [INFO] ServerAccessManage:509 - Download File STMicroelectronics.X-CUBE-GNSS1.pdsc
2026-05-11 12:10:25,554 [ERROR] ServerAccessManage:1212 - Problem, file not found on Server
2026-05-11 12:10:25,782 [ERROR] ServerAccessManage:1212 - Problem, file not found on Server
2026-05-11 12:10:26,483 [ERROR] ServerAccessManage:1212 - Problem, file not found on Server
2026-05-11 12:10:26,794 [ERROR] ServerAccessManage:1212 - Problem, file not found on Server
2026-05-11 12:10:27,411 [ERROR] ServerAccessManage:1212 - Problem, file not found on Server
2026-05-11 12:10:27,719 [ERROR] ServerAccessManage:1212 - Problem, file not found on Server
2026-05-11 12:10:27,790 [INFO] ServerAccessManage:452 - Complete download http(s) 200
2026-05-11 12:10:27,790 [INFO] ServerAccessManage:509 - Download File STMicroelectronics.X-CUBE-ISPU.pdsc
2026-05-11 12:10:28,110 [INFO] ServerAccessManage:452 - Complete download http(s) 200
2026-05-11 12:10:28,111 [INFO] ServerAccessManage:509 - Download File STMicroelectronics.X-CUBE-IPS.pdsc
2026-05-11 12:10:28,406 [INFO] ServerAccessManage:452 - Complete download http(s) 200
2026-05-11 12:10:28,406 [INFO] ServerAccessManage:509 - Download File STMicroelectronics.X-CUBE-MEMS1.pdsc
2026-05-11 12:10:29,974 [INFO] ServerAccessManage:452 - Complete download http(s) 200
2026-05-11 12:10:29,974 [INFO] ServerAccessManage:509 - Download File STMicroelectronics.X-CUBE-NFC4.pdsc
2026-05-11 12:10:30,715 [INFO] ServerAccessManage:452 - Complete download http(s) 200
2026-05-11 12:10:30,715 [INFO] ServerAccessManage:509 - Download File STMicroelectronics.X-CUBE-NFC6.pdsc
2026-05-11 12:10:30,930 [INFO] ServerAccessManage:452 - Complete download http(s) 200
2026-05-11 12:10:30,931 [INFO] ServerAccessManage:509 - Download File STMicroelectronics.X-CUBE-NFC7.pdsc
2026-05-11 12:10:31,151 [INFO] ServerAccessManage:452 - Complete download http(s) 200
2026-05-11 12:10:31,151 [INFO] ServerAccessManage:509 - Download File STMicroelectronics.X-CUBE-NFC9.pdsc
2026-05-11 12:10:31,289 [INFO] ServerAccessManage:452 - Complete download http(s) 200
2026-05-11 12:10:31,289 [INFO] ServerAccessManage:509 - Download File STMicroelectronics.X-CUBE-NFC10.pdsc
2026-05-11 12:10:31,492 [INFO] ServerAccessManage:452 - Complete download http(s) 200
2026-05-11 12:10:31,493 [INFO] ServerAccessManage:509 - Download File STMicroelectronics.X-CUBE-NFC12.pdsc
2026-05-11 12:10:31,647 [INFO] ServerAccessManage:452 - Complete download http(s) 200
2026-05-11 12:10:31,648 [INFO] ServerAccessManage:509 - Download File STMicroelectronics.X-CUBE-SFXS2LP1.pdsc
2026-05-11 12:10:31,950 [INFO] ServerAccessManage:452 - Complete download http(s) 200
2026-05-11 12:10:31,950 [INFO] ServerAccessManage:509 - Download File STMicroelectronics.X-CUBE-SUBG2.pdsc
2026-05-11 12:10:32,502 [INFO] ServerAccessManage:452 - Complete download http(s) 200
2026-05-11 12:10:32,502 [INFO] ServerAccessManage:509 - Download File STMicroelectronics.X-CUBE-SMBUS.pdsc
2026-05-11 12:10:33,247 [ERROR] ServerAccessManage:1212 - Problem, file not found on Server
2026-05-11 12:10:33,303 [INFO] ServerAccessManage:452 - Complete download http(s) 200
2026-05-11 12:10:33,303 [INFO] ServerAccessManage:509 - Download File STMicroelectronics.X-CUBE-ST60.pdsc
2026-05-11 12:10:33,457 [INFO] ServerAccessManage:452 - Complete download http(s) 200
2026-05-11 12:10:33,457 [INFO] ServerAccessManage:509 - Download File STMicroelectronics.X-CUBE-ST67W61.pdsc
2026-05-11 12:10:33,575 [INFO] ServerAccessManage:452 - Complete download http(s) 200
2026-05-11 12:10:33,576 [INFO] ServerAccessManage:509 - Download File STMicroelectronics.X-CUBE-STSE01.pdsc
2026-05-11 12:10:33,715 [INFO] ServerAccessManage:452 - Complete download http(s) 200
2026-05-11 12:10:33,716 [INFO] ServerAccessManage:509 - Download File STMicroelectronics.X-CUBE-PM33A1.pdsc
2026-05-11 12:10:33,818 [INFO] ServerAccessManage:452 - Complete download http(s) 200
2026-05-11 12:10:33,820 [INFO] ServerAccessManage:509 - Download File STMicroelectronics.X-CUBE-TCPP.pdsc
2026-05-11 12:10:33,971 [INFO] ServerAccessManage:452 - Complete download http(s) 200
2026-05-11 12:10:33,971 [INFO] ServerAccessManage:509 - Download File STMicroelectronics.X-CUBE-TOF1.pdsc
2026-05-11 12:10:34,980 [ERROR] ServerAccessManage:1212 - Problem, file not found on Server
2026-05-11 12:10:35,074 [INFO] ServerAccessManage:452 - Complete download http(s) 200
2026-05-11 12:10:35,074 [INFO] ServerAccessManage:509 - Download File STMicroelectronics.X-CUBE-TOUCHGFX.pdsc
2026-05-11 12:10:36,478 [INFO] ServerAccessManage:452 - Complete download http(s) 200
2026-05-11 12:10:36,479 [INFO] ServerAccessManage:509 - Download File STMicroelectronics.X-CUBE-ALGOBUILD.pdsc
2026-05-11 12:10:36,804 [INFO] ServerAccessManage:452 - Complete download http(s) 200
2026-05-11 12:10:36,805 [INFO] ServerAccessManage:509 - Download File STMicroelectronics.X-CUBE-AZRTOS-H7.pdsc
2026-05-11 12:10:37,366 [INFO] ServerAccessManage:452 - Complete download http(s) 200
2026-05-11 12:10:37,368 [INFO] ServerAccessManage:509 - Download File STMicroelectronics.X-CUBE-AZRTOS-H7RS.pdsc
2026-05-11 12:10:37,577 [INFO] ServerAccessManage:452 - Complete download http(s) 200
2026-05-11 12:10:37,578 [INFO] ServerAccessManage:509 - Download File STMicroelectronics.X-CUBE-AZRTOS-F4.pdsc
2026-05-11 12:10:37,760 [INFO] ServerAccessManage:452 - Complete download http(s) 200
2026-05-11 12:10:37,760 [INFO] ServerAccessManage:509 - Download File STMicroelectronics.X-CUBE-AZRTOS-F7.pdsc
2026-05-11 12:10:37,962 [INFO] ServerAccessManage:452 - Complete download http(s) 200
2026-05-11 12:10:37,962 [INFO] ServerAccessManage:509 - Download File STMicroelectronics.X-CUBE-AZRTOS-L4.pdsc
2026-05-11 12:10:38,165 [INFO] ServerAccessManage:452 - Complete download http(s) 200
2026-05-11 12:10:38,165 [INFO] ServerAccessManage:509 - Download File STMicroelectronics.X-CUBE-AZRTOS-L5.pdsc
2026-05-11 12:10:38,440 [INFO] ServerAccessManage:452 - Complete download http(s) 200
2026-05-11 12:10:38,440 [INFO] ServerAccessManage:509 - Download File STMicroelectronics.X-CUBE-AZRTOS-G0.pdsc
2026-05-11 12:10:38,649 [INFO] ServerAccessManage:452 - Complete download http(s) 200
2026-05-11 12:10:38,650 [INFO] ServerAccessManage:509 - Download File STMicroelectronics.X-CUBE-AZRTOS-G4.pdsc
2026-05-11 12:10:38,873 [INFO] ServerAccessManage:452 - Complete download http(s) 200
2026-05-11 12:10:38,873 [INFO] ServerAccessManage:509 - Download File STMicroelectronics.X-CUBE-AZRTOS-WB.pdsc
2026-05-11 12:10:39,085 [INFO] ServerAccessManage:452 - Complete download http(s) 200
2026-05-11 12:10:39,085 [INFO] ServerAccessManage:509 - Download File STMicroelectronics.X-CUBE-AZRTOS-WL.pdsc
2026-05-11 12:10:39,286 [INFO] ServerAccessManage:452 - Complete download http(s) 200
2026-05-11 12:10:39,287 [INFO] ServerAccessManage:509 - Download File STMicroelectronics.X-CUBE-WB05N.pdsc
2026-05-11 12:10:39,433 [INFO] ServerAccessManage:452 - Complete download http(s) 200
2026-05-11 12:10:39,434 [INFO] ServerAccessManage:509 - Download File STMicroelectronics.eDS-WB_DPC_VIENNA.pdsc
2026-05-11 12:10:40,315 [ERROR] ServerAccessManage:1212 - Problem, file not found on Server
2026-05-11 12:10:40,929 [ERROR] ServerAccessManage:1212 - Problem, file not found on Server
2026-05-11 12:10:41,584 [ERROR] ServerAccessManage:1212 - Problem, file not found on Server
2026-05-11 12:10:41,845 [ERROR] ServerAccessManage:1212 - Problem, file not found on Server
2026-05-11 12:10:42,250 [ERROR] ServerAccessManage:1212 - Problem, file not found on Server
2026-05-11 12:10:42,311 [INFO] ServerAccessManage:452 - Complete download http(s) 200
2026-05-11 12:10:42,312 [INFO] ServerAccessManage:509 - Download File STMicroelectronics.eDS-WB_DPC_TT-BIDIR.pdsc
2026-05-11 12:10:42,940 [ERROR] ServerAccessManage:1212 - Problem, file not found on Server
2026-05-11 12:10:43,583 [ERROR] ServerAccessManage:1212 - Problem, file not found on Server
2026-05-11 12:10:43,788 [ERROR] ServerAccessManage:1212 - Problem, file not found on Server
2026-05-11 12:10:44,001 [ERROR] ServerAccessManage:1212 - Problem, file not found on Server
2026-05-11 12:10:44,058 [INFO] ServerAccessManage:452 - Complete download http(s) 200
2026-05-11 12:10:44,058 [INFO] ServerAccessManage:509 - Download File STMicroelectronics.eDS-WB_DPC_3PH2L-BIDIR.pdsc
2026-05-11 12:10:44,304 [ERROR] ServerAccessManage:1212 - Problem, file not found on Server
2026-05-11 12:10:45,433 [INFO] ServerAccessManage:452 - Complete download http(s) 200
2026-05-11 12:10:45,433 [INFO] ServerAccessManage:509 - Download File wolfSSL.I-CUBE-wolfSSL.pdsc
2026-05-11 12:10:53,249 [ERROR] ServerAccessManage:1212 - Problem, file not found on Server
2026-05-11 12:10:53,540 [ERROR] ServerAccessManage:1212 - Problem, file not found on Server
2026-05-11 12:10:53,834 [ERROR] ServerAccessManage:1212 - Problem, file not found on Server
2026-05-11 12:10:54,101 [INFO] ServerAccessManage:452 - Complete download http(s) 200
2026-05-11 12:10:54,102 [INFO] ServerAccessManage:509 - Download File wolfSSL.I-CUBE-wolfMQTT.pdsc
2026-05-11 12:10:55,769 [ERROR] ServerAccessManage:1212 - Problem, file not found on Server
2026-05-11 12:10:56,075 [INFO] ServerAccessManage:452 - Complete download http(s) 200
2026-05-11 12:10:56,076 [INFO] ServerAccessManage:509 - Download File wolfSSL.I-CUBE-wolfTPM.pdsc
2026-05-11 12:10:58,238 [INFO] ServerAccessManage:452 - Complete download http(s) 200
2026-05-11 12:10:58,238 [INFO] ServerAccessManage:509 - Download File wolfSSL.I-CUBE-wolfSSH.pdsc
2026-05-11 12:11:00,129 [INFO] ServerAccessManage:452 - Complete download http(s) 200
2026-05-11 12:11:00,129 [INFO] ServerAccessManage:509 - Download File RealThread.X-CUBE-RT-Thread_Nano.pdsc
2026-05-11 12:11:01,300 [INFO] ServerAccessManage:452 - Complete download http(s) 200
2026-05-11 12:11:01,301 [INFO] ServerAccessManage:509 - Download File SEGGER.I-CUBE-embOS.pdsc
2026-05-11 12:11:04,891 [INFO] ServerAccessManage:452 - Complete download http(s) 200
2026-05-11 12:11:04,892 [INFO] ServerAccessManage:509 - Download File emotas.I-CUBE-CANOPEN.pdsc
2026-05-11 12:11:07,466 [INFO] ServerAccessManage:452 - Complete download http(s) 200
2026-05-11 12:11:07,466 [INFO] ServerAccessManage:509 - Download File WES.I-CUBE-Cesium.pdsc
2026-05-11 12:11:08,835 [ERROR] ServerAccessManage:1212 - Problem, file not found on Server
2026-05-11 12:11:09,209 [ERROR] ServerAccessManage:1212 - Problem, file not found on Server
2026-05-11 12:11:10,516 [INFO] ServerAccessManage:452 - Complete download http(s) 200
2026-05-11 12:11:10,516 [INFO] ServerAccessManage:509 - Download File ITTIA_DB.I-CUBE-ITTIADB.pdsc
2026-05-11 12:11:17,352 [INFO] ServerAccessManage:452 - Complete download http(s) 200
2026-05-11 12:11:17,352 [INFO] ServerAccessManage:509 - Download File Infineon.AIROC-Wi-Fi-Bluetooth-STM32.pdsc
2026-05-11 12:11:21,571 [INFO] ServerAccessManage:452 - Complete download http(s) 200
2026-05-11 12:11:21,571 [INFO] ServerAccessManage:509 - Download File Cesanta.I-CUBE-Mongoose.pdsc
2026-05-11 12:11:28,033 [INFO] ServerAccessManage:452 - Complete download http(s) 200
2026-05-11 12:11:28,034 [INFO] ServerAccessManage:509 - Download File EmbeddedOffice.I-CUBE-FS-RTOS.pdsc
2026-05-11 12:11:29,669 [INFO] ServerAccessManage:452 - Complete download http(s) 200
2026-05-11 12:11:29,670 [INFO] ServerAccessManage:509 - Download File quantropi.X-CUBE-qispace-sdk-base.pdsc
2026-05-11 12:11:30,683 [INFO] ServerAccessManage:452 - Complete download http(s) 200
2026-05-11 12:11:30,683 [INFO] ServerAccessManage:509 - Download File Avnet-IOTCONNECT.X-CUBE-iotc-st67-sdk.pdsc
2026-05-11 12:11:30,781 [WARN] Engine:547 - Do no try to populate pack already in database: STMicroelectronics.FP-ATR-ASTRA1.2.0.2
2026-05-11 12:11:30,783 [WARN] Engine:547 - Do no try to populate pack already in database: STMicroelectronics.FP-ATR-SIGFOX1.3.2.0
2026-05-11 12:11:30,787 [WARN] Engine:547 - Do no try to populate pack already in database: STMicroelectronics.FP-SNS-STBOX1.2.1.0
2026-05-11 12:11:30,789 [WARN] Engine:547 - Do no try to populate pack already in database: STMicroelectronics.FP-SNS-FLIGHT1.5.1.0
2026-05-11 12:11:30,791 [WARN] Engine:547 - Do no try to populate pack already in database: STMicroelectronics.FP-SNS-MOTENV1.5.1.0
2026-05-11 12:11:30,793 [WARN] Engine:547 - Do no try to populate pack already in database: STMicroelectronics.FP-SNS-MOTENVWB1.1.5.0
2026-05-11 12:11:30,795 [WARN] Engine:547 - Do no try to populate pack already in database: STMicroelectronics.FP-SNS-SMARTAG2.1.2.0
2026-05-11 12:11:30,800 [WARN] Engine:547 - Do no try to populate pack already in database: STMicroelectronics.FP-SNS-STAIOTCFT.1.1.0
2026-05-11 12:11:30,803 [WARN] Engine:547 - Do no try to populate pack already in database: STMicroelectronics.X-CUBE-AI.10.2.0
2026-05-11 12:11:30,806 [WARN] Engine:547 - Do no try to populate pack already in database: STMicroelectronics.X-CUBE-ALS.1.0.2
2026-05-11 12:11:30,809 [WARN] Engine:547 - Do no try to populate pack already in database: STMicroelectronics.X-CUBE-BLE1.7.1.0
2026-05-11 12:11:30,811 [WARN] Engine:547 - Do no try to populate pack already in database: STMicroelectronics.X-CUBE-BLE2.3.3.0
2026-05-11 12:11:30,815 [WARN] Engine:547 - Do no try to populate pack already in database: STMicroelectronics.X-CUBE-BLEMGR.4.1.0
2026-05-11 12:11:30,820 [WARN] Engine:547 - Do no try to populate pack already in database: STMicroelectronics.X-CUBE-DISPLAY.3.0.0
2026-05-11 12:11:30,822 [WARN] Engine:547 - Do no try to populate pack already in database: STMicroelectronics.X-CUBE-DPower.1.3.0
2026-05-11 12:11:30,824 [WARN] Engine:547 - Do no try to populate pack already in database: STMicroelectronics.X-CUBE-EEPRMA1.5.2.0
2026-05-11 12:11:30,826 [WARN] Engine:547 - Do no try to populate pack already in database: STMicroelectronics.X-CUBE-FREERTOS.1.5.0
2026-05-11 12:11:30,828 [WARN] Engine:547 - Do no try to populate pack already in database: STMicroelectronics.X-CUBE-GNSS1.7.1.1
2026-05-11 12:11:30,830 [WARN] Engine:547 - Do no try to populate pack already in database: STMicroelectronics.X-CUBE-ISPU.2.1.0
2026-05-11 12:11:30,834 [WARN] Engine:547 - Do no try to populate pack already in database: STMicroelectronics.X-CUBE-IPS.3.2.0
2026-05-11 12:11:30,845 [WARN] Engine:547 - Do no try to populate pack already in database: STMicroelectronics.X-CUBE-MEMS1.12.1.0
2026-05-11 12:11:30,847 [WARN] Engine:547 - Do no try to populate pack already in database: STMicroelectronics.X-CUBE-NFC4.3.0.0
2026-05-11 12:11:30,849 [WARN] Engine:547 - Do no try to populate pack already in database: STMicroelectronics.X-CUBE-NFC6.3.2.0
2026-05-11 12:11:30,851 [WARN] Engine:547 - Do no try to populate pack already in database: STMicroelectronics.X-CUBE-NFC7.2.0.0
2026-05-11 12:11:30,853 [WARN] Engine:547 - Do no try to populate pack already in database: STMicroelectronics.X-CUBE-NFC9.1.0.0
2026-05-11 12:11:30,855 [WARN] Engine:547 - Do no try to populate pack already in database: STMicroelectronics.X-CUBE-NFC10.1.0.0
2026-05-11 12:11:30,857 [WARN] Engine:547 - Do no try to populate pack already in database: STMicroelectronics.X-CUBE-NFC12.1.0.0
2026-05-11 12:11:30,860 [WARN] Engine:547 - Do no try to populate pack already in database: STMicroelectronics.X-CUBE-SFXS2LP1.4.0.0
2026-05-11 12:11:30,867 [WARN] Engine:547 - Do no try to populate pack already in database: STMicroelectronics.X-CUBE-SUBG2.5.0.0
2026-05-11 12:11:30,869 [WARN] Engine:547 - Do no try to populate pack already in database: STMicroelectronics.X-CUBE-SMBUS.2.1.0
2026-05-11 12:11:30,871 [WARN] Engine:547 - Do no try to populate pack already in database: STMicroelectronics.X-CUBE-ST60.1.1.0
2026-05-11 12:11:30,874 [WARN] PopulateThirdPartyThread:106 - Error when creating pack: C:/Users/jahna/.stm32cubemx/thirdparties/pdsc/STMicroelectronics.X-CUBE-ST67W61.pdsc
2026-05-11 12:11:30,877 [WARN] Engine:547 - Do no try to populate pack already in database: STMicroelectronics.X-CUBE-STSE01.2.0.0
2026-05-11 12:11:30,878 [WARN] Engine:547 - Do no try to populate pack already in database: STMicroelectronics.X-CUBE-PM33A1.1.0.0
2026-05-11 12:11:30,881 [WARN] Engine:547 - Do no try to populate pack already in database: STMicroelectronics.X-CUBE-TCPP.4.2.0
2026-05-11 12:11:30,886 [WARN] Engine:547 - Do no try to populate pack already in database: STMicroelectronics.X-CUBE-TOF1.3.4.3
2026-05-11 12:11:30,888 [WARN] Engine:547 - Do no try to populate pack already in database: STMicroelectronics.X-CUBE-TOUCHGFX.4.26.1
2026-05-11 12:11:30,891 [WARN] Engine:547 - Do no try to populate pack already in database: STMicroelectronics.X-CUBE-ALGOBUILD.1.4.0
2026-05-11 12:11:30,901 [WARN] Engine:547 - Do no try to populate pack already in database: STMicroelectronics.X-CUBE-AZRTOS-H7.3.5.0
2026-05-11 12:11:30,910 [WARN] Engine:547 - Do no try to populate pack already in database: STMicroelectronics.X-CUBE-AZRTOS-H7RS.1.2.0
2026-05-11 12:11:30,925 [WARN] Engine:547 - Do no try to populate pack already in database: STMicroelectronics.X-CUBE-AZRTOS-F4.1.1.0
2026-05-11 12:11:30,942 [WARN] Engine:547 - Do no try to populate pack already in database: STMicroelectronics.X-CUBE-AZRTOS-F7.1.1.0
2026-05-11 12:11:30,956 [WARN] Engine:547 - Do no try to populate pack already in database: STMicroelectronics.X-CUBE-AZRTOS-L4.2.0.0
2026-05-11 12:11:30,965 [WARN] Engine:547 - Do no try to populate pack already in database: STMicroelectronics.X-CUBE-AZRTOS-L5.2.0.0
2026-05-11 12:11:30,976 [WARN] Engine:547 - Do no try to populate pack already in database: STMicroelectronics.X-CUBE-AZRTOS-G0.1.1.0
2026-05-11 12:11:30,994 [WARN] Engine:547 - Do no try to populate pack already in database: STMicroelectronics.X-CUBE-AZRTOS-G4.2.0.0
2026-05-11 12:11:31,005 [INFO] CheckServerUpdateThread:120 - End of CheckServer Thread
2026-05-11 12:11:31,009 [WARN] Engine:547 - Do no try to populate pack already in database: STMicroelectronics.X-CUBE-AZRTOS-WB.2.0.0
2026-05-11 12:11:31,016 [WARN] Engine:547 - Do no try to populate pack already in database: STMicroelectronics.X-CUBE-AZRTOS-WL.2.0.0
2026-05-11 12:11:31,019 [WARN] Engine:547 - Do no try to populate pack already in database: STMicroelectronics.X-CUBE-WB05N.2.1.0
2026-05-11 12:11:31,023 [WARN] Engine:547 - Do no try to populate pack already in database: STMicroelectronics.eDS-WB_DPC_VIENNA.1.2.0
2026-05-11 12:11:31,025 [WARN] Engine:547 - Do no try to populate pack already in database: STMicroelectronics.eDS-WB_DPC_TT-BIDIR.2.1.1
2026-05-11 12:11:31,027 [WARN] Engine:547 - Do no try to populate pack already in database: STMicroelectronics.eDS-WB_DPC_3PH2L-BIDIR.1.1.1
2026-05-11 12:11:31,039 [WARN] PackLoader:240 - Cannot read IP mode file for wolfSSL.I-CUBE-wolfSSL.5.9.1
2026-05-11 12:11:31,046 [WARN] Engine:547 - Do no try to populate pack already in database: wolfSSL.I-CUBE-wolfMQTT.1.19.2
2026-05-11 12:11:31,048 [WARN] Engine:547 - Do no try to populate pack already in database: wolfSSL.I-CUBE-wolfTPM.3.8.0
2026-05-11 12:11:31,051 [WARN] Engine:547 - Do no try to populate pack already in database: wolfSSL.I-CUBE-wolfSSH.1.4.20
2026-05-11 12:11:31,055 [WARN] Engine:547 - Do no try to populate pack already in database: RealThread.X-CUBE-RT-Thread_Nano.4.1.1
2026-05-11 12:11:31,064 [WARN] Engine:547 - Do no try to populate pack already in database: SEGGER.I-CUBE-embOS.1.3.1
2026-05-11 12:11:31,068 [WARN] Engine:547 - Do no try to populate pack already in database: emotas.I-CUBE-CANOPEN.1.3.0
2026-05-11 12:11:31,073 [WARN] Engine:547 - Do no try to populate pack already in database: WES.I-CUBE-Cesium.1.4.0
2026-05-11 12:11:31,076 [WARN] Engine:547 - Do no try to populate pack already in database: ITTIA_DB.I-CUBE-ITTIADB.8.9.0
2026-05-11 12:11:31,083 [WARN] Engine:547 - Do no try to populate pack already in database: Infineon.AIROC-Wi-Fi-Bluetooth-STM32.1.8.0
2026-05-11 12:11:31,090 [WARN] PackLoader:240 - Cannot read IP mode file for Cesanta.I-CUBE-Mongoose.7.21.6
2026-05-11 12:11:31,093 [WARN] Engine:547 - Do no try to populate pack already in database: EmbeddedOffice.I-CUBE-FS-RTOS.1.0.1
2026-05-11 12:11:31,095 [WARN] Engine:547 - Do no try to populate pack already in database: quantropi.X-CUBE-qispace-sdk-base.2.1.0
2026-05-11 12:11:31,097 [WARN] Engine:547 - Do no try to populate pack already in database: Avnet-IOTCONNECT.X-CUBE-iotc-st67-sdk.1.0.0
2026-05-11 12:11:31,097 [INFO] PopulateThirdPartyThread:66 - Ending populate Thread
2026-05-11 12:11:31,100 [INFO] ThirdParty:1030 - CMSIS Pack Vendor :wolfSSL I-CUBE-wolfSSL 5.9.1
2026-05-11 12:11:31,100 [INFO] ThirdParty:1030 - CMSIS Pack Vendor :Cesanta I-CUBE-Mongoose 7.21.6
2026-05-11 12:11:31,101 [INFO] LoadServerUpdatesThread:375 - End of LoadServerUpdate Thread
2026-05-11 12:11:39,162 [INFO] MainUpdater:2872 - connection check result : 10
2026-05-11 12:11:39,163 [INFO] McuFinderGlobals:76 - Set McuFinderConnectedMode to true
2026-05-11 12:11:39,432 [INFO] ServerAccessManage:452 - Complete download http(s) 200
2026-05-11 12:11:39,433 [INFO] ServerAccessManage:509 - Download File mcusAds.json._tmp_
2026-05-11 12:11:39,562 [INFO] LoadUrlFilesThread:156 - End of LoadUrlFiles Thread
2026-05-11 12:11:39,692 [INFO] ServerAccessManage:452 - Complete download http(s) 200
2026-05-11 12:11:39,693 [INFO] ServerAccessManage:509 - Download File cube-finder-db.zip
2026-05-11 12:11:41,891 [INFO] FileExtend:248 - Unzip File : cube-finder-db.zip
2026-05-11 12:11:41,891 [INFO] FileExtend:263 - Standard Zip Deflate
2026-05-11 12:11:43,080 [INFO] LoadUrlFilesThread:156 - End of LoadUrlFiles Thread
2026-05-11 12:11:43,971 [INFO] ServerAccessManage:452 - Complete download http(s) 200
2026-05-11 12:11:43,972 [INFO] ServerAccessManage:509 - Download File crdb.zip
2026-05-11 12:11:45,087 [INFO] FileExtend:248 - Unzip File : crdb.zip
2026-05-11 12:11:45,088 [INFO] FileExtend:263 - Standard Zip Deflate
2026-05-11 12:11:45,222 [INFO] LoadUrlFilesThread:156 - End of LoadUrlFiles Thread
2026-05-11 12:11:45,305 [INFO] ServerAccessManage:452 - Complete download http(s) 200
2026-05-11 12:11:45,305 [INFO] ServerAccessManage:509 - Download File tutoVideoDB.zip
2026-05-11 12:11:45,316 [INFO] FileExtend:248 - Unzip File : tutoVideoDB.zip
2026-05-11 12:11:45,316 [INFO] FileExtend:263 - Standard Zip Deflate
2026-05-11 12:11:45,440 [INFO] LoadUrlFilesThread:156 - End of LoadUrlFiles Thread
2026-05-11 12:11:45,441 [WARN] DbFile:41 - Overriding database path with different value: C:\Users\jahna\.stmcufinder\plugins\mcufinder/ => C:\Users\jahna\.stmcufinder\plugins\mcufinder
2026-05-11 12:11:46,129 [ERROR] ServerAccessManage:1212 - Problem, file not found on Server
2026-05-11 12:11:46,130 [ERROR] ServerAccessManage:740 - Problem, file not found on Server : api_config.json.
2026-05-11 12:12:14,049 [INFO] LoadUrlFilesThread:156 - End of LoadUrlFiles Thread
2026-05-11 12:12:15,466 [INFO] DbMcusAds:53 - JSON generation date=Mon Apr 27 13:44:29 IST 2026 (1777277669683)
2026-05-11 12:12:15,482 [INFO] ApiDb:448 - Save user favorites file C:\Users\jahna/.stm32cubeide/favorites.mcus.txt: 0 item(s)
2026-05-11 12:12:15,482 [INFO] ApiDb:452 - User favorites MCUs=[]
2026-05-11 12:12:15,575 [INFO] ApiDb:581 - Connected to CubeFinder SQLite database (C:\Users\jahna\.stmcufinder\plugins\mcufinder\mcu\cube-finder-db.db)
2026-05-11 12:12:15,727 [INFO] ApiDb:668 - CubeFinder database Data Model version=2.1
2026-05-11 12:12:15,727 [INFO] ApiDb:669 - CubeFinder database Configuration version=3.0.42
2026-05-11 12:12:15,727 [INFO] ApiDb:670 - CubeFinder database generation date=2026-05-06 (1778060171)
2026-05-11 12:12:15,728 [INFO] ApiDb:671 - CubeFinder database FW Pack versions=[FP-ATR-ASTRA1_V2.0.0, FP-SNS-FLIGHT1_V5.1.0, FP-SNS-MOTENV1_V5.1.0, FP-SNS-MOTENVWB1_V1.5.0, FP-SNS-SMARTAG2_V1.2.0, FP-SNS-STBOX1_V2.1.0, STM32Cube_FW_C0_V1.4.0, STM32Cube_FW_F4_V1.28.3, STM32Cube_FW_F7_V1.17.4, STM32Cube_FW_G0_V1.6.3, STM32Cube_FW_G4_V1.6.2, STM32Cube_FW_H5_V1.6.0, STM32Cube_FW_H7RS_V1.3.0, STM32Cube_FW_H7_V1.13.0, STM32Cube_FW_L0_V1.12.2, STM32Cube_FW_L4_V1.18.2, STM32Cube_FW_L5_V1.6.0, STM32Cube_FW_N6_V1.3.0, STM32Cube_FW_U0_V1.3.0, STM32Cube_FW_U3_V1.3.0, STM32Cube_FW_U5_V1.8.0, STM32Cube_FW_WB0_V1.4.0, STM32Cube_FW_WBA_V1.9.0, STM32Cube_FW_WB_V1.24.0, STM32Cube_FW_WL3_V1.4.0, STM32Cube_FW_WL_V1.5.0, X-CUBE-ALGOBUILD_V1.4.0, X-CUBE-ALS_V1.0.2, X-CUBE-AZRTOS-F4_V1.1.0, X-CUBE-AZRTOS-F7_V1.1.0, X-CUBE-AZRTOS-G0_V1.1.0, X-CUBE-AZRTOS-G4_V2.0.0, X-CUBE-AZRTOS-H7RS_V1.1.0, X-CUBE-AZRTOS-H7_V3.5.0, X-CUBE-AZRTOS-L4_V2.0.0, X-CUBE-AZRTOS-L5_V2.0.0, X-CUBE-AZRTOS-WB_V2.0.0, X-CUBE-AZRTOS-WL_V2.0.0, X-CUBE-BLE1_V7.1.0, X-CUBE-BLE2_V3.3.0, X-CUBE-BLEMGR_V4.1.0, X-CUBE-EEPRMA1_V5.2.0, X-CUBE-FREERTOS_V1.5.0, X-CUBE-GNSS1_V6.0.0, X-CUBE-MEMS1_V12.0.0, X-CUBE-NFC4_V3.0.0, X-CUBE-NFC7_V2.0.0, X-CUBE-SFXS2LP1_V4.0.0, X-CUBE-ST67W61_V1.2.0, X-CUBE-SUBG2_V5.0.0, X-CUBE-TOF1_V3.4.3]
2026-05-11 12:12:18,139 [INFO] ApiDb:240 - Found 880 in-development CPN: [B-G473E-ZEST1S, B-WB1M-WPAN1, B-WBA5M-WPAN, B-WL5M-SUBG1, NUCLEO-C031C6, NUCLEO-C051C8, NUCLEO-C071RB, NUCLEO-C092RC, NUCLEO-H503RB, NUCLEO-H533RE, NUCLEO-H563ZI, NUCLEO-H7S3L8, NUCLEO-N657X0-Q, NUCLEO-U031R8, NUCLEO-U083RC, NUCLEO-U385RG-Q, NUCLEO-U545RE-Q, NUCLEO-U5A5ZJ-Q, NUCLEO-WB05KZ, NUCLEO-WB07CC, NUCLEO-WB09KE, NUCLEO-WBA52CG, NUCLEO-WBA55CG, NUCLEO-WL33CC1, NUCLEO-WL33CC2, STEVAL-PROTEUS1, STEVAL-SMARTAG2, STEVAL-STWINBX1, STM320518-EVAL, STM32C0116-DK, STM32C011D6Y3TR, STM32C011D6Y6TR, STM32C011F4P3, STM32C011F4P6, STM32C011F4U3, STM32C011F4U6TR, STM32C011F6P3, STM32C011F6P6, STM32C011F6U3, STM32C011F6U6TR, STM32C011J4M3, STM32C011J4M6, STM32C011J6M3, STM32C011J6M6, STM32C0316-DK, STM32C031C4T3, STM32C031C4T6, STM32C031C4U3, STM32C031C4U6, STM32C031C6T3, STM32C031C6T6, STM32C031C6U3, STM32C031C6U6, STM32C031F4P3, STM32C031F4P6, STM32C031F6P3, STM32C031F6P6, STM32C031G4U3, STM32C031G4U6, STM32C031G6U3, STM32C031G6U6, STM32C031K4T3, STM32C031K4T6, STM32C031K4U3, STM32C031K4U6, STM32C031K6T3, STM32C031K6T6, STM32C031K6U3, STM32C031K6U6, STM32C051C6T6, STM32C051C6U6, STM32C051C8T6, STM32C051C8U6, STM32C051D8Y6TR, STM32C051F6P6, STM32C051F8P6, STM32C051G6U6, STM32C051G8U6, STM32C051K6T6, STM32C051K6U6, STM32C051K8T6, STM32C071C8T6, STM32C071C8T6N, STM32C071C8U6, STM32C071C8U6N, STM32C071CBT6, STM32C071CBT6N, STM32C071CBU6, STM32C071CBU6N, STM32C071F8P6, STM32C071F8P6N, STM32C071FBP6, STM32C071FBP6N, STM32C071FBY6TR, STM32C071G8U6, STM32C071G8U6N, STM32C071GBU6, STM32C071GBU6N, STM32C071K8T6, STM32C071K8T6N, STM32C071K8U6, STM32C071K8U6N, STM32C071KBT6, STM32C071KBT6N, STM32C071KBU6, STM32C071KBU6N, STM32C071R8T6, STM32C071R8T6N, STM32C071RBI6N, STM32C071RBT6, STM32C071RBT6N, STM32C091CBT6, STM32C091CBU6, STM32C091CCT6, STM32C091CCU6, STM32C091ECY6TR, STM32C091FBP6, STM32C091FCP6, STM32C091GBU6, STM32C091GCU6, STM32C091KBT6, STM32C091KBU6, STM32C091KCT6, STM32C091KCU6, STM32C091RBT6, STM32C091RCI6, STM32C091RCT6, STM32C092CBT6, STM32C092CBU6, STM32C092CCT6, STM32C092CCU6, STM32C092ECY6TR, STM32C092FBP6, STM32C092FCP6, STM32C092GBU6, STM32C092GCU6, STM32C092KBT6, STM32C092KBU6, STM32C092KCT6, STM32C092KCU6, STM32C092RBT6, STM32C092RCI6, STM32C092RCT6, STM32G071K8TXN, STM32G071K8UXN, STM32G081GBU6N, STM32G081KBT6N, STM32G081KBUXN, STM32G0B1CCT6N, STM32G0B1KCT6, STM32G0B1NEY6TR, STM32G0B1RCT6N, STM32G0C1CCT6, STM32G0C1CCT6N, STM32G0C1CCU6N, STM32G0C1CET6N, STM32G0C1CEU6N, STM32G0C1KCT6, STM32G0C1NEY6TR, STM32G0C1RCI6N, STM32G0C1RCT6N, STM32G0C1REI6N, STM32G0C1RET6N, STM32G0C1VCI6, STM32G0C1VEI6, STM32G411C6T3, STM32G411C6T6, STM32G411C6U3, STM32G411C6U6, STM32G411C8T3, STM32G411C8T6, STM32G411C8U3, STM32G411C8U6, STM32G411CBT3, STM32G411CBT6, STM32G411CBU3, STM32G411CBU6, STM32G411K6T3, STM32G411K6T6, STM32G411K6U3, STM32G411K6U6, STM32G411K8T3, STM32G411K8T6, STM32G411K8U3, STM32G411K8U6, STM32G411KBT3, STM32G411KBT6, STM32G411KBU3, STM32G411KBU6, STM32G411M6T3, STM32G411M6T6, STM32G411M8T3, STM32G411M8T6, STM32G411MBT3, STM32G411MBT6, STM32G411R6T3, STM32G411R6T6, STM32G411R8T3, STM32G411R8T6, STM32G411RBT3, STM32G411RBT6, STM32G414CBT3, STM32G414CBT6, STM32G414CBU3, STM32G414CBU6, STM32G414CCT3, STM32G414CCT6, STM32G414CCU3, STM32G414CCU6, STM32G414MBT3, STM32G414MBT6, STM32G414MCT3, STM32G414MCT6, STM32G414RBT3, STM32G414RBT6, STM32G414RCT3, STM32G414RCT6, STM32G414VBT3, STM32G414VBT6, STM32G414VCT3, STM32G414VCT6, STM32G431CBT3Z, STM32G431RBT3Z, STM32G471CCT6, STM32G471CCU6, STM32G471CET3, STM32G471CET6, STM32G471CEU3, STM32G471CEU6, STM32G471MCT6, STM32G471MET3, STM32G471MET6, STM32G471MEY6TR, STM32G471QCT6, STM32G471QET3, STM32G471RCT6, STM32G471RET3, STM32G471RET6, STM32G471VCH6, STM32G471VCI6, STM32G471VCT6, STM32G471VEH3, STM32G471VEH6, STM32G471VEI3, STM32G471VEI6, STM32G471VET3, STM32G471VET6, STM32G473QET3Z, STM32G473RET3Z, STM32G474CCT6, STM32G491RET3Z, STM32H503CBT6, STM32H503CBU6, STM32H503EBY6TR, STM32H503KBU6, STM32H503RBT6, STM32H523CCT6, STM32H523CCU6, STM32H523CET6, STM32H523CEU6, STM32H523HEY6TR, STM32H523RCT6, STM32H523RET6, STM32H523VCI6, STM32H523VCT6, STM32H523VEI6, STM32H523VET6, STM32H523ZCJ6, STM32H523ZCT6, STM32H523ZEJ6, STM32H523ZET6, STM32H533CET6, STM32H533CEU6, STM32H533HEY6TR, STM32H533RET6, STM32H533VEI6, STM32H533VET6, STM32H533ZEJ6, STM32H533ZET6, STM32H562AGI6, STM32H562AII6, STM32H562IGK6, STM32H562IGT6, STM32H562IIK6, STM32H562IIT6, STM32H562RGT6, STM32H562RGV6, STM32H562RIT6, STM32H562RIV6, STM32H562VGT6, STM32H562VIT6, STM32H562ZGT6, STM32H562ZIT6, STM32H563AGI6, STM32H563AII3Q, STM32H563AII6, STM32H563IGK6, STM32H563IGT6, STM32H563IIK3Q, STM32H563IIK6, STM32H563IIT3Q, STM32H563IIT6, STM32H563MIY3QTR, STM32H563RGT6, STM32H563RGV6, STM32H563RIT6, STM32H563RIV6, STM32H563VGT6, STM32H563VIT3Q, STM32H563VIT6, STM32H563ZGT6, STM32H563ZIT3Q, STM32H563ZIT6, STM32H573AII3Q, STM32H573AII6, STM32H573I-DK, STM32H573IIK3Q, STM32H573IIK6, STM32H573IIT3Q, STM32H573IIT6, STM32H573MIY3QTR, STM32H573RIT6, STM32H573RIV6, STM32H573VIT3Q, STM32H573VIT6, STM32H573ZIT3Q, STM32H573ZIT6, STM32H7R3A8I6, STM32H7R3I8K6, STM32H7R3I8T6, STM32H7R3L8H6, STM32H7R3L8H6H, STM32H7R3R8V6, STM32H7R3V8H6, STM32H7R3V8T6, STM32H7R3V8Y6TR, STM32H7R3Z8J6, STM32H7R3Z8T6, STM32H7R7A8I6, STM32H7R7I8K6, STM32H7R7I8T6, STM32H7R7L8H6, STM32H7R7L8H6H, STM32H7R7Z8J6, STM32H7S3A8I6, STM32H7S3I8K6, STM32H7S3I8T6, STM32H7S3L8H6, STM32H7S3L8H6H, STM32H7S3R8V6, STM32H7S3V8H6, STM32H7S3V8T6, STM32H7S3V8Y6TR, STM32H7S3Z8J6, STM32H7S3Z8T6, STM32H7S78-DK, STM32H7S7A8I6, STM32H7S7I8K6, STM32H7S7I8T6, STM32H7S7L8H6, STM32H7S7L8H6H, STM32H7S7Z8J6, STM32L4R5QGI6STR, STM32MP131AAE3, STM32MP131AAF3, STM32MP131AAG3, STM32MP131CAE3, STM32MP131CAF3, STM32MP131CAG3, STM32MP131DAE7, STM32MP131DAF7, STM32MP131DAG7, STM32MP131FAE7, STM32MP131FAF7, STM32MP131FAG7, STM32MP133AAE3, STM32MP133AAF3, STM32MP133AAG3, STM32MP133CAE3, STM32MP133CAF3, STM32MP133CAG3, STM32MP133DAE7, STM32MP133DAF7, STM32MP133DAG7, STM32MP133FAE7, STM32MP133FAF7, STM32MP133FAG7, STM32MP135AAE3, STM32MP135AAF3, STM32MP135AAG3, STM32MP135CAE3, STM32MP135CAF3, STM32MP135CAG3, STM32MP135DAE7, STM32MP135DAF7, STM32MP135DAG7, STM32MP135F-DK, STM32MP135FAE7, STM32MP135FAF7, STM32MP135FAF7T, STM32MP135FAF7U, STM32MP135FAG7, STM32MP211AAL3, STM32MP211AAM3, STM32MP211AAN3, STM32MP211AAO3, STM32MP211CAL3, STM32MP211CAM3, STM32MP211CAN3, STM32MP211CAO3, STM32MP211DAL3, STM32MP211DAM3, STM32MP211DAN3, STM32MP211DAO3, STM32MP211FAL3, STM32MP211FAM3, STM32MP211FAN3, STM32MP211FAO3, STM32MP213AAL3, STM32MP213AAM3, STM32MP213AAN3, STM32MP213AAO3, STM32MP213CAL3, STM32MP213CAM3, STM32MP213CAN3, STM32MP213CAO3, STM32MP213DAL3, STM32MP213DAM3, STM32MP213DAN3, STM32MP213DAO3, STM32MP213FAL3, STM32MP213FAM3, STM32MP213FAN3, STM32MP213FAO3, STM32MP215AAL3, STM32MP215AAM3, STM32MP215AAN3, STM32MP215AAO3, STM32MP215CAL3, STM32MP215CAM3, STM32MP215CAN3, STM32MP215CAO3, STM32MP215DAL3, STM32MP215DAM3, STM32MP215DAN3, STM32MP215DAO3, STM32MP215F-DK, STM32MP215FAL3, STM32MP215FAM3, STM32MP215FAN3, STM32MP215FAO3, STM32MP231AAJ3, STM32MP231AAK3, STM32MP231AAL3, STM32MP231CAJ3, STM32MP231CAK3, STM32MP231CAL3, STM32MP231DAJ3, STM32MP231DAK3, STM32MP231DAL3, STM32MP231FAJ3, STM32MP231FAK3, STM32MP231FAL3, STM32MP233AAJ3, STM32MP233AAK3, STM32MP233AAL3, STM32MP233CAJ3, STM32MP233CAK3, STM32MP233CAL3, STM32MP233DAJ3, STM32MP233DAK3, STM32MP233DAL3, STM32MP233FAJ3, STM32MP233FAK3, STM32MP233FAL3, STM32MP235AAJ3, STM32MP235AAK3, STM32MP235AAL3, STM32MP235CAJ3, STM32MP235CAK3, STM32MP235CAL3, STM32MP235DAJ3, STM32MP235DAK3, STM32MP235DAL3, STM32MP235FAJ3, STM32MP235FAK3, STM32MP235FAL3, STM32MP251AAI3, STM32MP251AAK3, STM32MP251AAL3, STM32MP251CAI3, STM32MP251CAK3, STM32MP251CAL3, STM32MP251DAI3, STM32MP251DAK3, STM32MP251DAL3, STM32MP251FAI3, STM32MP251FAK3, STM32MP251FAL3, STM32MP253AAI3, STM32MP253AAK3, STM32MP253AAL3, STM32MP253CAI3, STM32MP253CAK3, STM32MP253CAL3, STM32MP253DAI3, STM32MP253DAK3, STM32MP253DAL3, STM32MP253FAI3, STM32MP253FAK3, STM32MP253FAL3, STM32MP255AAI3, STM32MP255AAK3, STM32MP255AAL3, STM32MP255CAI3, STM32MP255CAK3, STM32MP255CAL3, STM32MP255DAI3, STM32MP255DAK3, STM32MP255DAL3, STM32MP255FAI3, STM32MP255FAK3, STM32MP255FAL3, STM32MP257AAI3, STM32MP257AAK3, STM32MP257AAL3, STM32MP257CAI3, STM32MP257CAK3, STM32MP257CAL3, STM32MP257DAI3, STM32MP257DAK3, STM32MP257DAL3, STM32MP257F-DK, STM32MP257F-EV1, STM32MP257FAI3, STM32MP257FAK3, STM32MP257FAL3, STM32N645A0H3Q, STM32N645B0H3Q, STM32N645I0H3Q, STM32N645L0H3Q, STM32N645X0H3Q, STM32N645Z0H3Q, STM32N647A0H3Q, STM32N647B0H3Q, STM32N647I0H3Q, STM32N647L0H3Q, STM32N647X0H3Q, STM32N647Z0H3Q, STM32N655A0H3Q, STM32N655B0H3Q, STM32N655I0H3Q, STM32N655L0H3Q, STM32N655X0H3Q, STM32N655Z0H3Q, STM32N6570-DK, STM32N657A0H3Q, STM32N657B0H3Q, STM32N657I0H3Q, STM32N657L0H3Q, STM32N657X0H3Q, STM32N657Z0H3Q, STM32U031C6T6, STM32U031C6U6, STM32U031C8T6, STM32U031C8U6, STM32U031F4P6, STM32U031F6P6, STM32U031F8P6, STM32U031G6Y6TR, STM32U031G8Y6TR, STM32U031K4U6, STM32U031K6U6, STM32U031K8U6, STM32U031R6I6, STM32U031R6T6, STM32U031R8I6, STM32U031R8T6, STM32U073C8T6, STM32U073C8U6, STM32U073CBT6, STM32U073CBU6, STM32U073CCT6, STM32U073CCU6, STM32U073H8Y6TR, STM32U073HBY6TR, STM32U073HCY6TR, STM32U073K8U6, STM32U073KBU6, STM32U073KCU6, STM32U073M8I6, STM32U073M8T6, STM32U073MBI6, STM32U073MBT6, STM32U073MCI6, STM32U073MCT6, STM32U073R8I6, STM32U073R8T6, STM32U073RBI6, STM32U073RBT6, STM32U073RCI6, STM32U073RCT6, STM32U083C-DK, STM32U083CCT6, STM32U083CCU6, STM32U083HCY6TR, STM32U083KCU6, STM32U083MCI6, STM32U083MCT6, STM32U083RCI6, STM32U083RCT6, STM32U375CET6, STM32U375CET6Q, STM32U375CEU6, STM32U375CEU6Q, STM32U375CEY6QTR, STM32U375CGT6, STM32U375CGT6Q, STM32U375CGU6, STM32U375CGU6Q, STM32U375CGY6QTR, STM32U375KEU6, STM32U375KGU6, STM32U375REI6, STM32U375REI6Q, STM32U375RET6, STM32U375RET6Q, STM32U375REY6GTR, STM32U375REY6QTR, STM32U375RGI6, STM32U375RGI6Q, STM32U375RGT6, STM32U375RGT6Q, STM32U375RGY6GTR, STM32U375RGY6QTR, STM32U375VEI6, STM32U375VEI6Q, STM32U375VET6, STM32U375VET6Q, STM32U375VGI6, STM32U375VGI6Q, STM32U375VGT6, STM32U375VGT6Q, STM32U385CGT6, STM32U385CGT6Q, STM32U385CGU6, STM32U385CGU6Q, STM32U385CGY6QTR, STM32U385KGU6, STM32U385RGI6, STM32U385RGI6Q, STM32U385RGT6, STM32U385RGT6Q, STM32U385RGY6GTR, STM32U385RGY6QTR, STM32U385VGI6, STM32U385VGI6Q, STM32U385VGT6, STM32U385VGT6Q, STM32U535CBT6, STM32U535CBT6Q, STM32U535CBU6, STM32U535CBU6Q, STM32U535CCT6, STM32U535CCT6Q, STM32U535CCU6, STM32U535CCU6Q, STM32U535CET6, STM32U535CET6Q, STM32U535CEU6, STM32U535CEU6Q, STM32U535JEY6QTR, STM32U535NCY6QTR, STM32U535NEY6QTR, STM32U535RBI6, STM32U535RBI6Q, STM32U535RBT6, STM32U535RBT6Q, STM32U535RCI6, STM32U535RCI6Q, STM32U535RCT6, STM32U535RCT6Q, STM32U535REI6, STM32U535REI6Q, STM32U535RET6, STM32U535RET6Q, STM32U535VCI6, STM32U535VCI6Q, STM32U535VCT6, STM32U535VCT6Q, STM32U535VEI6, STM32U535VEI6Q, STM32U535VET6, STM32U535VET6Q, STM32U545CET6, STM32U545CET6Q, STM32U545CEU6, STM32U545CEU6Q, STM32U545JEY6QTR, STM32U545NEY6QTR, STM32U545REI6, STM32U545REI6Q, STM32U545RET6, STM32U545RET6Q, STM32U545VEI6, STM32U545VEI6Q, STM32U545VET6, STM32U545VET6Q, STM32U595AIH6, STM32U595AIH6Q, STM32U595AJH6, STM32U595AJH6Q, STM32U595QII6, STM32U595QII6Q, STM32U595QJI6, STM32U595QJI6Q, STM32U595RIT6, STM32U595RIT6Q, STM32U595RJT6, STM32U595RJT6Q, STM32U595VIT6, STM32U595VIT6Q, STM32U595VJT6, STM32U595VJT6Q, STM32U595ZIT6, STM32U595ZIT6Q, STM32U595ZIY6QTR, STM32U595ZJT6, STM32U595ZJT6Q, STM32U595ZJY6QTR, STM32U599BJY6QTR, STM32U599NIH6Q, STM32U599NJH6Q, STM32U599VIT6Q, STM32U599VJT6, STM32U599VJT6Q, STM32U599ZIT6Q, STM32U599ZIY6QTR, STM32U599ZJT6Q, STM32U599ZJY6QTR, STM32U5A5AJH6, STM32U5A5AJH6Q, STM32U5A5QII3Q , STM32U5A5QJI6, STM32U5A5QJI6Q, STM32U5A5RJT6, STM32U5A5RJT6Q, STM32U5A5VJT6, STM32U5A5VJT6Q, STM32U5A5ZJT6, STM32U5A5ZJT6Q, STM32U5A5ZJY6QTR, STM32U5A9BJY6QTR, STM32U5A9J-DK, STM32U5A9NJH6Q, STM32U5A9VJT6Q, STM32U5A9ZJT6Q, STM32U5A9ZJY6QTR, STM32U5F7VIT6, STM32U5F7VIT6Q, STM32U5F7VJT6, STM32U5F7VJT6Q, STM32U5F9BJY6QTR, STM32U5F9NJH6Q, STM32U5F9VIT6Q, STM32U5F9VJT6Q, STM32U5F9ZIJ6QTR, STM32U5F9ZIT6Q, STM32U5F9ZJJ6QTR, STM32U5F9ZJT6Q, STM32U5G7VJT6, STM32U5G7VJT6Q, STM32U5G9BJY6QTR, STM32U5G9J-DK1, STM32U5G9J-DK2, STM32U5G9NJH6Q, STM32U5G9VJT6Q, STM32U5G9ZJJ6QTR, STM32U5G9ZJT6Q, STM32WB05KZV6TR, STM32WB05KZV7TR, STM32WB05TZF6TR, STM32WB05TZF7TR, STM32WB06CCF6TR, STM32WB06CCF7TR, STM32WB06CCV6TR, STM32WB06CCV7TR, STM32WB06KCV6TR, STM32WB06KCV7TR, STM32WB07CCF6TR, STM32WB07CCF7TR, STM32WB07CCV6TR, STM32WB07CCV7TR, STM32WB07KCV6TR, STM32WB07KCV7TR, STM32WB09KEV6TR, STM32WB09KEV7TR, STM32WB09TEF6TR, STM32WB09TEF7TR, STM32WB1MMCH6, STM32WBA50KGU6, STM32WBA50KGU6TR, STM32WBA52CEU6, STM32WBA52CEU6TR, STM32WBA52CEU7, STM32WBA52CEU7TR, STM32WBA52CGU6, STM32WBA52CGU6TR, STM32WBA52CGU6U, STM32WBA52CGU7, STM32WBA52CGU7TR, STM32WBA52KEU6, STM32WBA52KEU6TR, STM32WBA52KGU6, STM32WBA52KGU6TR, STM32WBA54CEU6, STM32WBA54CEU6TR, STM32WBA54CEU7, STM32WBA54CEU7TR, STM32WBA54CGU6, STM32WBA54CGU6TR, STM32WBA54CGU7, STM32WBA54CGU7TR, STM32WBA54KEU6, STM32WBA54KEU6TR, STM32WBA54KEU7, STM32WBA54KEU7TR, STM32WBA54KGU6, STM32WBA54KGU6TR, STM32WBA54KGU7, STM32WBA54KGU7TR, STM32WBA55CEU6, STM32WBA55CEU6TR, STM32WBA55CEU7, STM32WBA55CEU7TR, STM32WBA55CGU6, STM32WBA55CGU6TR, STM32WBA55CGU6U, STM32WBA55CGU7, STM32WBA55CGU7TR, STM32WBA55G-DK1, STM32WBA55HEF6, STM32WBA55HEF7, STM32WBA55HGF6, STM32WBA55HGF7, STM32WBA55UEI6, STM32WBA55UEI6TR, STM32WBA55UEI7, STM32WBA55UEI7TR, STM32WBA55UGI6, STM32WBA55UGI6TR, STM32WBA55UGI7, STM32WBA55UGI7TR, STM32WBA5MMGH6TR, STM32WBA62MGF6, STM32WBA62MIF6, STM32WBA65MGF7, STM32WBA65MIF6, STM32WBA65MIF7, STM32WL30K8V6, STM32WL30KBV6, STM32WL31C8V6, STM32WL31CBV6, STM32WL31K8V6, STM32WL31KBV6, STM32WL33C8V6, STM32WL33C8V6X, STM32WL33CBV6, STM32WL33CBV6X, STM32WL33CCV6, STM32WL33CCV6A, STM32WL33CCV6X, STM32WL33K8V7, STM32WL33K8V7X, STM32WL33KBV7 , STM32WL33KBV7X, STM32WL33KCV7, STM32WL33KCV7X, STM32WL5MOCH6, STM32WL5MOCH6TR]
2026-05-11 12:12:18,147 [INFO] DbMcus:218 - Found 5086 MCUs, 4968 are supported
2026-05-11 12:12:18,148 [INFO] ApiDb:423 - Load user favorites file C:\Users\jahna/.stm32cubeide/favorites.mcus.txt: 0 item(s)
2026-05-11 12:12:18,148 [INFO] ApiDb:427 - User favorites MCUs=[]
2026-05-11 12:12:18,148 [INFO] DbMcus:224 - Set 0 / 0 favorites MCUs
2026-05-11 12:12:19,075 [INFO] ApiDb:448 - Save user favorites file C:\Users\jahna/.stm32cubeide/favorites.boards.txt: 0 item(s)
2026-05-11 12:12:19,075 [INFO] ApiDb:452 - User favorites Boards=[]
2026-05-11 12:12:19,078 [INFO] ApiDb:581 - Connected to CubeFinder SQLite database (C:\Users\jahna\.stmcufinder\plugins\mcufinder\mcu\cube-finder-db.db)
2026-05-11 12:12:19,200 [INFO] ApiDb:668 - CubeFinder database Data Model version=2.1
2026-05-11 12:12:19,200 [INFO] ApiDb:669 - CubeFinder database Configuration version=3.0.42
2026-05-11 12:12:19,200 [INFO] ApiDb:670 - CubeFinder database generation date=2026-05-06 (1778060171)
2026-05-11 12:12:19,200 [INFO] ApiDb:671 - CubeFinder database FW Pack versions=[FP-ATR-ASTRA1_V2.0.0, FP-SNS-FLIGHT1_V5.1.0, FP-SNS-MOTENV1_V5.1.0, FP-SNS-MOTENVWB1_V1.5.0, FP-SNS-SMARTAG2_V1.2.0, FP-SNS-STBOX1_V2.1.0, STM32Cube_FW_C0_V1.4.0, STM32Cube_FW_F4_V1.28.3, STM32Cube_FW_F7_V1.17.4, STM32Cube_FW_G0_V1.6.3, STM32Cube_FW_G4_V1.6.2, STM32Cube_FW_H5_V1.6.0, STM32Cube_FW_H7RS_V1.3.0, STM32Cube_FW_H7_V1.13.0, STM32Cube_FW_L0_V1.12.2, STM32Cube_FW_L4_V1.18.2, STM32Cube_FW_L5_V1.6.0, STM32Cube_FW_N6_V1.3.0, STM32Cube_FW_U0_V1.3.0, STM32Cube_FW_U3_V1.3.0, STM32Cube_FW_U5_V1.8.0, STM32Cube_FW_WB0_V1.4.0, STM32Cube_FW_WBA_V1.9.0, STM32Cube_FW_WB_V1.24.0, STM32Cube_FW_WL3_V1.4.0, STM32Cube_FW_WL_V1.5.0, X-CUBE-ALGOBUILD_V1.4.0, X-CUBE-ALS_V1.0.2, X-CUBE-AZRTOS-F4_V1.1.0, X-CUBE-AZRTOS-F7_V1.1.0, X-CUBE-AZRTOS-G0_V1.1.0, X-CUBE-AZRTOS-G4_V2.0.0, X-CUBE-AZRTOS-H7RS_V1.1.0, X-CUBE-AZRTOS-H7_V3.5.0, X-CUBE-AZRTOS-L4_V2.0.0, X-CUBE-AZRTOS-L5_V2.0.0, X-CUBE-AZRTOS-WB_V2.0.0, X-CUBE-AZRTOS-WL_V2.0.0, X-CUBE-BLE1_V7.1.0, X-CUBE-BLE2_V3.3.0, X-CUBE-BLEMGR_V4.1.0, X-CUBE-EEPRMA1_V5.2.0, X-CUBE-FREERTOS_V1.5.0, X-CUBE-GNSS1_V6.0.0, X-CUBE-MEMS1_V12.0.0, X-CUBE-NFC4_V3.0.0, X-CUBE-NFC7_V2.0.0, X-CUBE-SFXS2LP1_V4.0.0, X-CUBE-ST67W61_V1.2.0, X-CUBE-SUBG2_V5.0.0, X-CUBE-TOF1_V3.4.3]
2026-05-11 12:12:19,263 [INFO] DbBoardsSqlite:226 - include board P-NUCLEO-WB55-NUCLEO as a kit item of type 'Nucleo-64'
2026-05-11 12:12:19,264 [INFO] DbBoardsSqlite:226 - include board P-NUCLEO-WB55-USBDONGLE as a kit item of type 'Nucleo USB Dongle'
2026-05-11 12:12:19,264 [INFO] DbBoardsSqlite:226 - include board STEVAL-IDP005V1 as a kit item of type 'Evaluation Board'
2026-05-11 12:12:19,264 [INFO] DbBoardsSqlite:226 - include board STEVAL-IDP005V2 as a kit item of type 'Evaluation Board'
2026-05-11 12:12:19,406 [INFO] ApiDb:240 - Found 880 in-development CPN: [B-G473E-ZEST1S, B-WB1M-WPAN1, B-WBA5M-WPAN, B-WL5M-SUBG1, NUCLEO-C031C6, NUCLEO-C051C8, NUCLEO-C071RB, NUCLEO-C092RC, NUCLEO-H503RB, NUCLEO-H533RE, NUCLEO-H563ZI, NUCLEO-H7S3L8, NUCLEO-N657X0-Q, NUCLEO-U031R8, NUCLEO-U083RC, NUCLEO-U385RG-Q, NUCLEO-U545RE-Q, NUCLEO-U5A5ZJ-Q, NUCLEO-WB05KZ, NUCLEO-WB07CC, NUCLEO-WB09KE, NUCLEO-WBA52CG, NUCLEO-WBA55CG, NUCLEO-WL33CC1, NUCLEO-WL33CC2, STEVAL-PROTEUS1, STEVAL-SMARTAG2, STEVAL-STWINBX1, STM320518-EVAL, STM32C0116-DK, STM32C011D6Y3TR, STM32C011D6Y6TR, STM32C011F4P3, STM32C011F4P6, STM32C011F4U3, STM32C011F4U6TR, STM32C011F6P3, STM32C011F6P6, STM32C011F6U3, STM32C011F6U6TR, STM32C011J4M3, STM32C011J4M6, STM32C011J6M3, STM32C011J6M6, STM32C0316-DK, STM32C031C4T3, STM32C031C4T6, STM32C031C4U3, STM32C031C4U6, STM32C031C6T3, STM32C031C6T6, STM32C031C6U3, STM32C031C6U6, STM32C031F4P3, STM32C031F4P6, STM32C031F6P3, STM32C031F6P6, STM32C031G4U3, STM32C031G4U6, STM32C031G6U3, STM32C031G6U6, STM32C031K4T3, STM32C031K4T6, STM32C031K4U3, STM32C031K4U6, STM32C031K6T3, STM32C031K6T6, STM32C031K6U3, STM32C031K6U6, STM32C051C6T6, STM32C051C6U6, STM32C051C8T6, STM32C051C8U6, STM32C051D8Y6TR, STM32C051F6P6, STM32C051F8P6, STM32C051G6U6, STM32C051G8U6, STM32C051K6T6, STM32C051K6U6, STM32C051K8T6, STM32C071C8T6, STM32C071C8T6N, STM32C071C8U6, STM32C071C8U6N, STM32C071CBT6, STM32C071CBT6N, STM32C071CBU6, STM32C071CBU6N, STM32C071F8P6, STM32C071F8P6N, STM32C071FBP6, STM32C071FBP6N, STM32C071FBY6TR, STM32C071G8U6, STM32C071G8U6N, STM32C071GBU6, STM32C071GBU6N, STM32C071K8T6, STM32C071K8T6N, STM32C071K8U6, STM32C071K8U6N, STM32C071KBT6, STM32C071KBT6N, STM32C071KBU6, STM32C071KBU6N, STM32C071R8T6, STM32C071R8T6N, STM32C071RBI6N, STM32C071RBT6, STM32C071RBT6N, STM32C091CBT6, STM32C091CBU6, STM32C091CCT6, STM32C091CCU6, STM32C091ECY6TR, STM32C091FBP6, STM32C091FCP6, STM32C091GBU6, STM32C091GCU6, STM32C091KBT6, STM32C091KBU6, STM32C091KCT6, STM32C091KCU6, STM32C091RBT6, STM32C091RCI6, STM32C091RCT6, STM32C092CBT6, STM32C092CBU6, STM32C092CCT6, STM32C092CCU6, STM32C092ECY6TR, STM32C092FBP6, STM32C092FCP6, STM32C092GBU6, STM32C092GCU6, STM32C092KBT6, STM32C092KBU6, STM32C092KCT6, STM32C092KCU6, STM32C092RBT6, STM32C092RCI6, STM32C092RCT6, STM32G071K8TXN, STM32G071K8UXN, STM32G081GBU6N, STM32G081KBT6N, STM32G081KBUXN, STM32G0B1CCT6N, STM32G0B1KCT6, STM32G0B1NEY6TR, STM32G0B1RCT6N, STM32G0C1CCT6, STM32G0C1CCT6N, STM32G0C1CCU6N, STM32G0C1CET6N, STM32G0C1CEU6N, STM32G0C1KCT6, STM32G0C1NEY6TR, STM32G0C1RCI6N, STM32G0C1RCT6N, STM32G0C1REI6N, STM32G0C1RET6N, STM32G0C1VCI6, STM32G0C1VEI6, STM32G411C6T3, STM32G411C6T6, STM32G411C6U3, STM32G411C6U6, STM32G411C8T3, STM32G411C8T6, STM32G411C8U3, STM32G411C8U6, STM32G411CBT3, STM32G411CBT6, STM32G411CBU3, STM32G411CBU6, STM32G411K6T3, STM32G411K6T6, STM32G411K6U3, STM32G411K6U6, STM32G411K8T3, STM32G411K8T6, STM32G411K8U3, STM32G411K8U6, STM32G411KBT3, STM32G411KBT6, STM32G411KBU3, STM32G411KBU6, STM32G411M6T3, STM32G411M6T6, STM32G411M8T3, STM32G411M8T6, STM32G411MBT3, STM32G411MBT6, STM32G411R6T3, STM32G411R6T6, STM32G411R8T3, STM32G411R8T6, STM32G411RBT3, STM32G411RBT6, STM32G414CBT3, STM32G414CBT6, STM32G414CBU3, STM32G414CBU6, STM32G414CCT3, STM32G414CCT6, STM32G414CCU3, STM32G414CCU6, STM32G414MBT3, STM32G414MBT6, STM32G414MCT3, STM32G414MCT6, STM32G414RBT3, STM32G414RBT6, STM32G414RCT3, STM32G414RCT6, STM32G414VBT3, STM32G414VBT6, STM32G414VCT3, STM32G414VCT6, STM32G431CBT3Z, STM32G431RBT3Z, STM32G471CCT6, STM32G471CCU6, STM32G471CET3, STM32G471CET6, STM32G471CEU3, STM32G471CEU6, STM32G471MCT6, STM32G471MET3, STM32G471MET6, STM32G471MEY6TR, STM32G471QCT6, STM32G471QET3, STM32G471RCT6, STM32G471RET3, STM32G471RET6, STM32G471VCH6, STM32G471VCI6, STM32G471VCT6, STM32G471VEH3, STM32G471VEH6, STM32G471VEI3, STM32G471VEI6, STM32G471VET3, STM32G471VET6, STM32G473QET3Z, STM32G473RET3Z, STM32G474CCT6, STM32G491RET3Z, STM32H503CBT6, STM32H503CBU6, STM32H503EBY6TR, STM32H503KBU6, STM32H503RBT6, STM32H523CCT6, STM32H523CCU6, STM32H523CET6, STM32H523CEU6, STM32H523HEY6TR, STM32H523RCT6, STM32H523RET6, STM32H523VCI6, STM32H523VCT6, STM32H523VEI6, STM32H523VET6, STM32H523ZCJ6, STM32H523ZCT6, STM32H523ZEJ6, STM32H523ZET6, STM32H533CET6, STM32H533CEU6, STM32H533HEY6TR, STM32H533RET6, STM32H533VEI6, STM32H533VET6, STM32H533ZEJ6, STM32H533ZET6, STM32H562AGI6, STM32H562AII6, STM32H562IGK6, STM32H562IGT6, STM32H562IIK6, STM32H562IIT6, STM32H562RGT6, STM32H562RGV6, STM32H562RIT6, STM32H562RIV6, STM32H562VGT6, STM32H562VIT6, STM32H562ZGT6, STM32H562ZIT6, STM32H563AGI6, STM32H563AII3Q, STM32H563AII6, STM32H563IGK6, STM32H563IGT6, STM32H563IIK3Q, STM32H563IIK6, STM32H563IIT3Q, STM32H563IIT6, STM32H563MIY3QTR, STM32H563RGT6, STM32H563RGV6, STM32H563RIT6, STM32H563RIV6, STM32H563VGT6, STM32H563VIT3Q, STM32H563VIT6, STM32H563ZGT6, STM32H563ZIT3Q, STM32H563ZIT6, STM32H573AII3Q, STM32H573AII6, STM32H573I-DK, STM32H573IIK3Q, STM32H573IIK6, STM32H573IIT3Q, STM32H573IIT6, STM32H573MIY3QTR, STM32H573RIT6, STM32H573RIV6, STM32H573VIT3Q, STM32H573VIT6, STM32H573ZIT3Q, STM32H573ZIT6, STM32H7R3A8I6, STM32H7R3I8K6, STM32H7R3I8T6, STM32H7R3L8H6, STM32H7R3L8H6H, STM32H7R3R8V6, STM32H7R3V8H6, STM32H7R3V8T6, STM32H7R3V8Y6TR, STM32H7R3Z8J6, STM32H7R3Z8T6, STM32H7R7A8I6, STM32H7R7I8K6, STM32H7R7I8T6, STM32H7R7L8H6, STM32H7R7L8H6H, STM32H7R7Z8J6, STM32H7S3A8I6, STM32H7S3I8K6, STM32H7S3I8T6, STM32H7S3L8H6, STM32H7S3L8H6H, STM32H7S3R8V6, STM32H7S3V8H6, STM32H7S3V8T6, STM32H7S3V8Y6TR, STM32H7S3Z8J6, STM32H7S3Z8T6, STM32H7S78-DK, STM32H7S7A8I6, STM32H7S7I8K6, STM32H7S7I8T6, STM32H7S7L8H6, STM32H7S7L8H6H, STM32H7S7Z8J6, STM32L4R5QGI6STR, STM32MP131AAE3, STM32MP131AAF3, STM32MP131AAG3, STM32MP131CAE3, STM32MP131CAF3, STM32MP131CAG3, STM32MP131DAE7, STM32MP131DAF7, STM32MP131DAG7, STM32MP131FAE7, STM32MP131FAF7, STM32MP131FAG7, STM32MP133AAE3, STM32MP133AAF3, STM32MP133AAG3, STM32MP133CAE3, STM32MP133CAF3, STM32MP133CAG3, STM32MP133DAE7, STM32MP133DAF7, STM32MP133DAG7, STM32MP133FAE7, STM32MP133FAF7, STM32MP133FAG7, STM32MP135AAE3, STM32MP135AAF3, STM32MP135AAG3, STM32MP135CAE3, STM32MP135CAF3, STM32MP135CAG3, STM32MP135DAE7, STM32MP135DAF7, STM32MP135DAG7, STM32MP135F-DK, STM32MP135FAE7, STM32MP135FAF7, STM32MP135FAF7T, STM32MP135FAF7U, STM32MP135FAG7, STM32MP211AAL3, STM32MP211AAM3, STM32MP211AAN3, STM32MP211AAO3, STM32MP211CAL3, STM32MP211CAM3, STM32MP211CAN3, STM32MP211CAO3, STM32MP211DAL3, STM32MP211DAM3, STM32MP211DAN3, STM32MP211DAO3, STM32MP211FAL3, STM32MP211FAM3, STM32MP211FAN3, STM32MP211FAO3, STM32MP213AAL3, STM32MP213AAM3, STM32MP213AAN3, STM32MP213AAO3, STM32MP213CAL3, STM32MP213CAM3, STM32MP213CAN3, STM32MP213CAO3, STM32MP213DAL3, STM32MP213DAM3, STM32MP213DAN3, STM32MP213DAO3, STM32MP213FAL3, STM32MP213FAM3, STM32MP213FAN3, STM32MP213FAO3, STM32MP215AAL3, STM32MP215AAM3, STM32MP215AAN3, STM32MP215AAO3, STM32MP215CAL3, STM32MP215CAM3, STM32MP215CAN3, STM32MP215CAO3, STM32MP215DAL3, STM32MP215DAM3, STM32MP215DAN3, STM32MP215DAO3, STM32MP215F-DK, STM32MP215FAL3, STM32MP215FAM3, STM32MP215FAN3, STM32MP215FAO3, STM32MP231AAJ3, STM32MP231AAK3, STM32MP231AAL3, STM32MP231CAJ3, STM32MP231CAK3, STM32MP231CAL3, STM32MP231DAJ3, STM32MP231DAK3, STM32MP231DAL3, STM32MP231FAJ3, STM32MP231FAK3, STM32MP231FAL3, STM32MP233AAJ3, STM32MP233AAK3, STM32MP233AAL3, STM32MP233CAJ3, STM32MP233CAK3, STM32MP233CAL3, STM32MP233DAJ3, STM32MP233DAK3, STM32MP233DAL3, STM32MP233FAJ3, STM32MP233FAK3, STM32MP233FAL3, STM32MP235AAJ3, STM32MP235AAK3, STM32MP235AAL3, STM32MP235CAJ3, STM32MP235CAK3, STM32MP235CAL3, STM32MP235DAJ3, STM32MP235DAK3, STM32MP235DAL3, STM32MP235FAJ3, STM32MP235FAK3, STM32MP235FAL3, STM32MP251AAI3, STM32MP251AAK3, STM32MP251AAL3, STM32MP251CAI3, STM32MP251CAK3, STM32MP251CAL3, STM32MP251DAI3, STM32MP251DAK3, STM32MP251DAL3, STM32MP251FAI3, STM32MP251FAK3, STM32MP251FAL3, STM32MP253AAI3, STM32MP253AAK3, STM32MP253AAL3, STM32MP253CAI3, STM32MP253CAK3, STM32MP253CAL3, STM32MP253DAI3, STM32MP253DAK3, STM32MP253DAL3, STM32MP253FAI3, STM32MP253FAK3, STM32MP253FAL3, STM32MP255AAI3, STM32MP255AAK3, STM32MP255AAL3, STM32MP255CAI3, STM32MP255CAK3, STM32MP255CAL3, STM32MP255DAI3, STM32MP255DAK3, STM32MP255DAL3, STM32MP255FAI3, STM32MP255FAK3, STM32MP255FAL3, STM32MP257AAI3, STM32MP257AAK3, STM32MP257AAL3, STM32MP257CAI3, STM32MP257CAK3, STM32MP257CAL3, STM32MP257DAI3, STM32MP257DAK3, STM32MP257DAL3, STM32MP257F-DK, STM32MP257F-EV1, STM32MP257FAI3, STM32MP257FAK3, STM32MP257FAL3, STM32N645A0H3Q, STM32N645B0H3Q, STM32N645I0H3Q, STM32N645L0H3Q, STM32N645X0H3Q, STM32N645Z0H3Q, STM32N647A0H3Q, STM32N647B0H3Q, STM32N647I0H3Q, STM32N647L0H3Q, STM32N647X0H3Q, STM32N647Z0H3Q, STM32N655A0H3Q, STM32N655B0H3Q, STM32N655I0H3Q, STM32N655L0H3Q, STM32N655X0H3Q, STM32N655Z0H3Q, STM32N6570-DK, STM32N657A0H3Q, STM32N657B0H3Q, STM32N657I0H3Q, STM32N657L0H3Q, STM32N657X0H3Q, STM32N657Z0H3Q, STM32U031C6T6, STM32U031C6U6, STM32U031C8T6, STM32U031C8U6, STM32U031F4P6, STM32U031F6P6, STM32U031F8P6, STM32U031G6Y6TR, STM32U031G8Y6TR, STM32U031K4U6, STM32U031K6U6, STM32U031K8U6, STM32U031R6I6, STM32U031R6T6, STM32U031R8I6, STM32U031R8T6, STM32U073C8T6, STM32U073C8U6, STM32U073CBT6, STM32U073CBU6, STM32U073CCT6, STM32U073CCU6, STM32U073H8Y6TR, STM32U073HBY6TR, STM32U073HCY6TR, STM32U073K8U6, STM32U073KBU6, STM32U073KCU6, STM32U073M8I6, STM32U073M8T6, STM32U073MBI6, STM32U073MBT6, STM32U073MCI6, STM32U073MCT6, STM32U073R8I6, STM32U073R8T6, STM32U073RBI6, STM32U073RBT6, STM32U073RCI6, STM32U073RCT6, STM32U083C-DK, STM32U083CCT6, STM32U083CCU6, STM32U083HCY6TR, STM32U083KCU6, STM32U083MCI6, STM32U083MCT6, STM32U083RCI6, STM32U083RCT6, STM32U375CET6, STM32U375CET6Q, STM32U375CEU6, STM32U375CEU6Q, STM32U375CEY6QTR, STM32U375CGT6, STM32U375CGT6Q, STM32U375CGU6, STM32U375CGU6Q, STM32U375CGY6QTR, STM32U375KEU6, STM32U375KGU6, STM32U375REI6, STM32U375REI6Q, STM32U375RET6, STM32U375RET6Q, STM32U375REY6GTR, STM32U375REY6QTR, STM32U375RGI6, STM32U375RGI6Q, STM32U375RGT6, STM32U375RGT6Q, STM32U375RGY6GTR, STM32U375RGY6QTR, STM32U375VEI6, STM32U375VEI6Q, STM32U375VET6, STM32U375VET6Q, STM32U375VGI6, STM32U375VGI6Q, STM32U375VGT6, STM32U375VGT6Q, STM32U385CGT6, STM32U385CGT6Q, STM32U385CGU6, STM32U385CGU6Q, STM32U385CGY6QTR, STM32U385KGU6, STM32U385RGI6, STM32U385RGI6Q, STM32U385RGT6, STM32U385RGT6Q, STM32U385RGY6GTR, STM32U385RGY6QTR, STM32U385VGI6, STM32U385VGI6Q, STM32U385VGT6, STM32U385VGT6Q, STM32U535CBT6, STM32U535CBT6Q, STM32U535CBU6, STM32U535CBU6Q, STM32U535CCT6, STM32U535CCT6Q, STM32U535CCU6, STM32U535CCU6Q, STM32U535CET6, STM32U535CET6Q, STM32U535CEU6, STM32U535CEU6Q, STM32U535JEY6QTR, STM32U535NCY6QTR, STM32U535NEY6QTR, STM32U535RBI6, STM32U535RBI6Q, STM32U535RBT6, STM32U535RBT6Q, STM32U535RCI6, STM32U535RCI6Q, STM32U535RCT6, STM32U535RCT6Q, STM32U535REI6, STM32U535REI6Q, STM32U535RET6, STM32U535RET6Q, STM32U535VCI6, STM32U535VCI6Q, STM32U535VCT6, STM32U535VCT6Q, STM32U535VEI6, STM32U535VEI6Q, STM32U535VET6, STM32U535VET6Q, STM32U545CET6, STM32U545CET6Q, STM32U545CEU6, STM32U545CEU6Q, STM32U545JEY6QTR, STM32U545NEY6QTR, STM32U545REI6, STM32U545REI6Q, STM32U545RET6, STM32U545RET6Q, STM32U545VEI6, STM32U545VEI6Q, STM32U545VET6, STM32U545VET6Q, STM32U595AIH6, STM32U595AIH6Q, STM32U595AJH6, STM32U595AJH6Q, STM32U595QII6, STM32U595QII6Q, STM32U595QJI6, STM32U595QJI6Q, STM32U595RIT6, STM32U595RIT6Q, STM32U595RJT6, STM32U595RJT6Q, STM32U595VIT6, STM32U595VIT6Q, STM32U595VJT6, STM32U595VJT6Q, STM32U595ZIT6, STM32U595ZIT6Q, STM32U595ZIY6QTR, STM32U595ZJT6, STM32U595ZJT6Q, STM32U595ZJY6QTR, STM32U599BJY6QTR, STM32U599NIH6Q, STM32U599NJH6Q, STM32U599VIT6Q, STM32U599VJT6, STM32U599VJT6Q, STM32U599ZIT6Q, STM32U599ZIY6QTR, STM32U599ZJT6Q, STM32U599ZJY6QTR, STM32U5A5AJH6, STM32U5A5AJH6Q, STM32U5A5QII3Q , STM32U5A5QJI6, STM32U5A5QJI6Q, STM32U5A5RJT6, STM32U5A5RJT6Q, STM32U5A5VJT6, STM32U5A5VJT6Q, STM32U5A5ZJT6, STM32U5A5ZJT6Q, STM32U5A5ZJY6QTR, STM32U5A9BJY6QTR, STM32U5A9J-DK, STM32U5A9NJH6Q, STM32U5A9VJT6Q, STM32U5A9ZJT6Q, STM32U5A9ZJY6QTR, STM32U5F7VIT6, STM32U5F7VIT6Q, STM32U5F7VJT6, STM32U5F7VJT6Q, STM32U5F9BJY6QTR, STM32U5F9NJH6Q, STM32U5F9VIT6Q, STM32U5F9VJT6Q, STM32U5F9ZIJ6QTR, STM32U5F9ZIT6Q, STM32U5F9ZJJ6QTR, STM32U5F9ZJT6Q, STM32U5G7VJT6, STM32U5G7VJT6Q, STM32U5G9BJY6QTR, STM32U5G9J-DK1, STM32U5G9J-DK2, STM32U5G9NJH6Q, STM32U5G9VJT6Q, STM32U5G9ZJJ6QTR, STM32U5G9ZJT6Q, STM32WB05KZV6TR, STM32WB05KZV7TR, STM32WB05TZF6TR, STM32WB05TZF7TR, STM32WB06CCF6TR, STM32WB06CCF7TR, STM32WB06CCV6TR, STM32WB06CCV7TR, STM32WB06KCV6TR, STM32WB06KCV7TR, STM32WB07CCF6TR, STM32WB07CCF7TR, STM32WB07CCV6TR, STM32WB07CCV7TR, STM32WB07KCV6TR, STM32WB07KCV7TR, STM32WB09KEV6TR, STM32WB09KEV7TR, STM32WB09TEF6TR, STM32WB09TEF7TR, STM32WB1MMCH6, STM32WBA50KGU6, STM32WBA50KGU6TR, STM32WBA52CEU6, STM32WBA52CEU6TR, STM32WBA52CEU7, STM32WBA52CEU7TR, STM32WBA52CGU6, STM32WBA52CGU6TR, STM32WBA52CGU6U, STM32WBA52CGU7, STM32WBA52CGU7TR, STM32WBA52KEU6, STM32WBA52KEU6TR, STM32WBA52KGU6, STM32WBA52KGU6TR, STM32WBA54CEU6, STM32WBA54CEU6TR, STM32WBA54CEU7, STM32WBA54CEU7TR, STM32WBA54CGU6, STM32WBA54CGU6TR, STM32WBA54CGU7, STM32WBA54CGU7TR, STM32WBA54KEU6, STM32WBA54KEU6TR, STM32WBA54KEU7, STM32WBA54KEU7TR, STM32WBA54KGU6, STM32WBA54KGU6TR, STM32WBA54KGU7, STM32WBA54KGU7TR, STM32WBA55CEU6, STM32WBA55CEU6TR, STM32WBA55CEU7, STM32WBA55CEU7TR, STM32WBA55CGU6, STM32WBA55CGU6TR, STM32WBA55CGU6U, STM32WBA55CGU7, STM32WBA55CGU7TR, STM32WBA55G-DK1, STM32WBA55HEF6, STM32WBA55HEF7, STM32WBA55HGF6, STM32WBA55HGF7, STM32WBA55UEI6, STM32WBA55UEI6TR, STM32WBA55UEI7, STM32WBA55UEI7TR, STM32WBA55UGI6, STM32WBA55UGI6TR, STM32WBA55UGI7, STM32WBA55UGI7TR, STM32WBA5MMGH6TR, STM32WBA62MGF6, STM32WBA62MIF6, STM32WBA65MGF7, STM32WBA65MIF6, STM32WBA65MIF7, STM32WL30K8V6, STM32WL30KBV6, STM32WL31C8V6, STM32WL31CBV6, STM32WL31K8V6, STM32WL31KBV6, STM32WL33C8V6, STM32WL33C8V6X, STM32WL33CBV6, STM32WL33CBV6X, STM32WL33CCV6, STM32WL33CCV6A, STM32WL33CCV6X, STM32WL33K8V7, STM32WL33K8V7X, STM32WL33KBV7 , STM32WL33KBV7X, STM32WL33KCV7, STM32WL33KCV7X, STM32WL5MOCH6, STM32WL5MOCH6TR]
2026-05-11 12:12:19,610 [INFO] BoardInfo:889 - No configuration file found for board NUCLEO-H5E5ZJ
2026-05-11 12:12:19,612 [INFO] DbBoards:161 - Board is not supported: NUCLEO-H5E5ZJ
2026-05-11 12:12:19,692 [INFO] BoardInfo:889 - No configuration file found for board NUCLEO-U3C5ZI-Q
2026-05-11 12:12:19,694 [INFO] DbBoards:161 - Board is not supported: NUCLEO-U3C5ZI-Q
2026-05-11 12:12:19,714 [INFO] BoardInfo:889 - No configuration file found for board NUCLEO-WBA25CE1
2026-05-11 12:12:19,716 [INFO] DbBoards:161 - Board is not supported: NUCLEO-WBA25CE1
2026-05-11 12:12:19,730 [INFO] BoardInfo:889 - No configuration file found for board NUCLEO-WL3RKB1
2026-05-11 12:12:19,732 [INFO] DbBoards:161 - Board is not supported: NUCLEO-WL3RKB1
2026-05-11 12:12:19,733 [INFO] BoardInfo:889 - No configuration file found for board NUCLEO-WL3RKB2
2026-05-11 12:12:19,734 [INFO] DbBoards:161 - Board is not supported: NUCLEO-WL3RKB2
2026-05-11 12:12:19,749 [INFO] BoardInfo:889 - No configuration file found for board P-NUCLEO-WB55
2026-05-11 12:12:19,750 [INFO] DbBoards:161 - Kit is not supported: P-NUCLEO-WB55
2026-05-11 12:12:19,766 [INFO] BoardInfo:889 - No configuration file found for board STEVAL-BFA001V1B
2026-05-11 12:12:19,768 [INFO] DbBoards:161 - Kit is not supported: STEVAL-BFA001V1B
2026-05-11 12:12:19,781 [INFO] BoardInfo:889 - No configuration file found for board STEVAL-BFA001V2B
2026-05-11 12:12:19,785 [INFO] DbBoards:161 - Kit is not supported: STEVAL-BFA001V2B
2026-05-11 12:12:19,996 [INFO] BoardInfo:889 - No configuration file found for board STM32H5F5J-DK
2026-05-11 12:12:19,998 [INFO] DbBoards:161 - Board is not supported: STM32H5F5J-DK
2026-05-11 12:12:20,119 [INFO] DbBoards:168 - Found 218 boards, 209 are supported
2026-05-11 12:12:20,119 [INFO] DbBoards:169 - Found 218 boards, 43 of them is supported for  Bsp
2026-05-11 12:12:20,125 [INFO] ApiDb:423 - Load user favorites file C:\Users\jahna/.stm32cubeide/favorites.boards.txt: 0 item(s)
2026-05-11 12:12:20,125 [INFO] ApiDb:427 - User favorites Boards=[]
2026-05-11 12:12:20,125 [INFO] DbBoards:198 - Set 0 / 0 favorites Boards
2026-05-11 12:12:20,161 [ERROR] TargetSelectorAdapter:267 - Unable to refresh data
2026-05-11 12:12:20,284 [INFO] McuFinderGlobals:76 - Set McuFinderConnectedMode to true
2026-05-11 12:12:20,286 [INFO] MultiScanPanel:200 - Auto-refresh data requested => check proxy status ongoing
2026-05-11 12:12:20,287 [INFO] FinderPluginLoader:96 - Searching for filters in installed packs
2026-05-11 12:12:23,058 [INFO] LoadUrlFilesThread:185 - End of LoadServerUrlFiles without Thread
2026-05-11 12:12:23,059 [INFO] DetailPanel:341 - Set advertising image to C:/Users/jahna/STM32Cube/Repository/\en.prom-stm32wba2-stm32-nucleo-board-0426.png
2026-05-11 12:12:28,072 [INFO] MultiScanPanel:200 - Auto-refresh data requested => check proxy status ongoing
2026-05-11 12:12:28,182 [INFO] LoadUrlFilesThread:185 - End of LoadServerUrlFiles without Thread
2026-05-11 12:12:28,182 [INFO] DetailPanel:341 - Set advertising image to C:/Users/jahna/STM32Cube/Repository/\en.prom-stm32wba2-stm32-nucleo-board-0426.png
2026-05-11 12:12:28,191 [INFO] DbBoards:642 - Loading board mini-images...
2026-05-11 12:12:30,893 [INFO] DbBoards:665 - Loaded 218 board mini-images
2026-05-11 12:12:57,678 [INFO] MainUpdater:2872 - connection check result : 10
2026-05-11 12:12:57,678 [INFO] MainUpdater:2872 - connection check result : 10
2026-05-11 12:12:57,759 [INFO] MicroXplorer:468 - Change Database Path : 
2026-05-11 12:12:57,759 [INFO] MicroXplorer:498 - Change Database Version : DB.6.0.150
2026-05-11 12:12:57,773 [WARN] ThirdParty:871 - waiting for thirdparty lock release [close project]
2026-05-11 12:12:57,773 [INFO] ThirdParty:873 - entering critical section [close project]
2026-05-11 12:12:57,775 [INFO] ThirdParty:883 - exiting critical section [close project]
2026-05-11 12:12:57,779 [INFO] PinOutPanel:1589 - setPackage(No Configuration,No Configuration)
2026-05-11 12:12:57,785 [INFO] UtilMem:75 - Begin LoadConfig() Used Memory: 765671808 Bytes (1073741824)
2026-05-11 12:12:57,794 [INFO] OpenFileManager:355 - Change cursor
2026-05-11 12:12:57,848 [INFO] ProjectFactory:514 - No CPN specified for board STM32L0538-DISCO => set CPN to STM32L053C8T6
2026-05-11 12:12:57,849 [INFO] Mcu:2029 - Initializing MCU STM32L053C(6-8)Tx STM32L053C8Tx STM32L053C8T6
2026-05-11 12:12:59,182 [INFO] Context:786 - Trying to add GPIOservice into a context  which must be forbidden
2026-05-11 12:12:59,570 [INFO] Rule:233 - rule 117617 - U5Cobra4M][GTZC] default value MPCBB3 and MPCBB5 - Not Secured memory - MPCBB1 is applicable
2026-05-11 12:12:59,570 [INFO] Rule:233 - rule 117617 - U5Cobra4M][GTZC] default value MPCBB3 and MPCBB5 - Not Secured memory - MPCBB1 is applicable
2026-05-11 12:12:59,570 [INFO] Rule:233 - rule 117617 - U5Cobra4M][GTZC] default value MPCBB3 and MPCBB5 - Not Secured memory - MPCBB2 is applicable
2026-05-11 12:12:59,570 [INFO] Rule:233 - rule 117617 - U5Cobra4M][GTZC] default value MPCBB3 and MPCBB5 - Not Secured memory - MPCBB2 is applicable
2026-05-11 12:12:59,571 [INFO] Rule:233 - rule 117617 - U5Cobra4M][GTZC] default value MPCBB3 and MPCBB5 - Not Secured memory - MPCBB3 is applicable
2026-05-11 12:12:59,571 [INFO] Rule:233 - rule 117617 - U5Cobra4M][GTZC] default value MPCBB3 and MPCBB5 - Not Secured memory - MPCBB3 is applicable
2026-05-11 12:12:59,571 [INFO] Rule:233 - rule 117617 - U5Cobra4M][GTZC] default value MPCBB3 and MPCBB5 - Not Secured memory - MPCBB4 is applicable
2026-05-11 12:12:59,571 [INFO] Rule:233 - rule 117617 - U5Cobra4M][GTZC] default value MPCBB3 and MPCBB5 - Not Secured memory - MPCBB4 is applicable
2026-05-11 12:12:59,571 [INFO] Rule:233 - rule 117617 - U5Cobra4M][GTZC] default value MPCBB3 and MPCBB5 - Secured memory - MPCBB1 is applicable
2026-05-11 12:12:59,571 [INFO] Rule:233 - rule 117617 - U5Cobra4M][GTZC] default value MPCBB3 and MPCBB5 - Secured memory - MPCBB2 is applicable
2026-05-11 12:12:59,571 [INFO] Rule:233 - rule 117617 - U5Cobra4M][GTZC] default value MPCBB3 and MPCBB5 - Secured memory - MPCBB3 is applicable
2026-05-11 12:12:59,571 [INFO] Rule:233 - rule 117617 - U5Cobra4M][GTZC] default value MPCBB3 and MPCBB5 - Secured memory - MPCBB4 is applicable
2026-05-11 12:12:59,571 [INFO] Rule:233 - rule 117617 - U5Cobra4M][GTZC] default value MPCBB3 and MPCBB5 - Privileged memory - MPCBB1 is applicable
2026-05-11 12:12:59,571 [INFO] Rule:233 - rule 117617 - U5Cobra4M][GTZC] default value MPCBB3 and MPCBB5 - Privileged memory - MPCBB2 is applicable
2026-05-11 12:12:59,571 [INFO] Rule:233 - rule 117617 - U5Cobra4M][GTZC] default value MPCBB3 and MPCBB5 - Privileged memory - MPCBB3 is applicable
2026-05-11 12:12:59,571 [INFO] Rule:233 - rule 117617 - U5Cobra4M][GTZC] default value MPCBB3 and MPCBB5 - Privileged memory - MPCBB4 is applicable
2026-05-11 12:12:59,571 [INFO] Rule:233 - rule 117617 - U5Cobra4M][GTZC] default value MPCBB3 and MPCBB5 - Not Privileged memory - MPCBB1 is applicable
2026-05-11 12:12:59,571 [INFO] Rule:233 - rule 117617 - U5Cobra4M][GTZC] default value MPCBB3 and MPCBB5 - Not Privileged memory - MPCBB2 is applicable
2026-05-11 12:12:59,571 [INFO] Rule:233 - rule 117617 - U5Cobra4M][GTZC] default value MPCBB3 and MPCBB5 - Not Privileged memory - MPCBB3 is applicable
2026-05-11 12:12:59,571 [INFO] Rule:233 - rule 117617 - U5Cobra4M][GTZC] default value MPCBB3 and MPCBB5 - Not Privileged memory - MPCBB4 is applicable
2026-05-11 12:12:59,571 [INFO] Rule:233 - rule 117617 - U5Cobra4M][GTZC] default value MPCBB3 and MPCBB5 - Privileged memory - MPCBB1 is applicable
2026-05-11 12:12:59,571 [INFO] Rule:233 - rule 117617 - U5Cobra4M][GTZC] default value MPCBB3 and MPCBB5 - Privileged memory - MPCBB2 is applicable
2026-05-11 12:12:59,571 [INFO] Rule:233 - rule 117617 - U5Cobra4M][GTZC] default value MPCBB3 and MPCBB5 - Privileged memory - MPCBB3 is applicable
2026-05-11 12:12:59,571 [INFO] Rule:233 - rule 117617 - U5Cobra4M][GTZC] default value MPCBB3 and MPCBB5 - Privileged memory - MPCBB4 is applicable
2026-05-11 12:12:59,571 [INFO] Rule:233 - rule 117617 - U5Cobra4M][GTZC] default value MPCBB3 and MPCBB5 - Privileged memory - MPCBB1 is applicable
2026-05-11 12:12:59,571 [INFO] Rule:233 - rule 117617 - U5Cobra4M][GTZC] default value MPCBB3 and MPCBB5 - Privileged memory - MPCBB2 is applicable
2026-05-11 12:12:59,571 [INFO] Rule:233 - rule 117617 - U5Cobra4M][GTZC] default value MPCBB3 and MPCBB5 - Privileged memory - MPCBB3 is applicable
2026-05-11 12:12:59,572 [INFO] Rule:233 - rule 117617 - U5Cobra4M][GTZC] default value MPCBB3 and MPCBB5 - Privileged memory - MPCBB4 is applicable
2026-05-11 12:12:59,572 [INFO] Rule:233 - rule 117617 - U5Cobra4M][GTZC] default value MPCBB3 and MPCBB5 - Not Privileged memory - MPCBB1 is applicable
2026-05-11 12:12:59,572 [INFO] Rule:233 - rule 117617 - U5Cobra4M][GTZC] default value MPCBB3 and MPCBB5 - Not Privileged memory - MPCBB2 is applicable
2026-05-11 12:12:59,572 [INFO] Rule:233 - rule 117617 - U5Cobra4M][GTZC] default value MPCBB3 and MPCBB5 - Not Privileged memory - MPCBB3 is applicable
2026-05-11 12:12:59,572 [INFO] Rule:233 - rule 117617 - U5Cobra4M][GTZC] default value MPCBB3 and MPCBB5 - Not Privileged memory - MPCBB4 is applicable
2026-05-11 12:12:59,572 [INFO] Rule:233 - rule 117617 - U5Cobra4M][GTZC] default value MPCBB3 and MPCBB5 - Privileged memory - MPCBB1 is applicable
2026-05-11 12:12:59,572 [INFO] Rule:233 - rule 117617 - U5Cobra4M][GTZC] default value MPCBB3 and MPCBB5 - Privileged memory - MPCBB2 is applicable
2026-05-11 12:12:59,572 [INFO] Rule:233 - rule 117617 - U5Cobra4M][GTZC] default value MPCBB3 and MPCBB5 - Privileged memory - MPCBB3 is applicable
2026-05-11 12:12:59,572 [INFO] Rule:233 - rule 117617 - U5Cobra4M][GTZC] default value MPCBB3 and MPCBB5 - Privileged memory - MPCBB4 is applicable
2026-05-11 12:12:59,572 [INFO] Rule:233 - rule Rename SubGHz_Phy SUBGHZ_APPLICATION SUBGHZ_PINGPONG to SUBGHZ_ADV_APPLICATION is applicable
2026-05-11 12:12:59,572 [INFO] Rule:233 - rule Rename Enabled to IBEACON is applicable
2026-05-11 12:12:59,572 [INFO] Rule:233 - rule GTZC_S instance for project manager is applicable
2026-05-11 12:12:59,572 [INFO] Rule:233 - rule GTZC_S instance for context M33S is applicable
2026-05-11 12:12:59,572 [INFO] Rule:233 - rule GTZC_S instance value for IP GTZC is applicable
2026-05-11 12:12:59,572 [INFO] Rule:233 - rule GTZC_S instance for mcu.IP is applicable
2026-05-11 12:12:59,572 [INFO] Rule:233 - rule GTZC_S instance for VP is applicable
2026-05-11 12:12:59,572 [INFO] Rule:233 - rule GTZC_S instance for signal is applicable
2026-05-11 12:12:59,573 [INFO] Rule:233 - rule GTZC_S instance for mcu.Pin is applicable
2026-05-11 12:12:59,573 [INFO] Rule:233 - rule GTZC_S instance for VP is applicable
2026-05-11 12:12:59,573 [INFO] Rule:233 - rule GTZC_S instance for signal is applicable
2026-05-11 12:12:59,573 [INFO] Rule:233 - rule GTZC_S instance for mcu is applicable
2026-05-11 12:12:59,573 [INFO] Rule:233 - rule GTZC_S instance for mcu.Pin is applicable
2026-05-11 12:12:59,573 [INFO] Rule:233 - rule GTZC_S instance value for IP GTZC is applicable
2026-05-11 12:12:59,573 [INFO] Rule:233 - rule GTZC_S instance for project manager is applicable
2026-05-11 12:12:59,573 [INFO] Rule:233 - rule GTZC_S instance for context M33S is applicable
2026-05-11 12:12:59,573 [INFO] Rule:233 - rule GTZC_S instance for VP is applicable
2026-05-11 12:12:59,573 [INFO] Rule:233 - rule GTZC_S instance for signal is applicable
2026-05-11 12:12:59,573 [INFO] Rule:233 - rule SPDIFRX instance for mcu is applicable
2026-05-11 12:12:59,573 [INFO] Rule:233 - rule Rename Tracer Mode is applicable
2026-05-11 12:12:59,573 [INFO] Rule:233 - rule SPDIFRX instance value for IP SPDIFRX is applicable
2026-05-11 12:12:59,573 [INFO] Rule:233 - rule SPDIFRX instance for signal is applicable
2026-05-11 12:12:59,573 [INFO] Rule:233 - rule SPDIFRX instance for project manager is applicable
2026-05-11 12:12:59,573 [INFO] Rule:233 - rule SPDIFRX instance for project manager is applicable
2026-05-11 12:12:59,573 [INFO] Rule:233 - rule ADC Scan  fix with FW F7 is applicable
2026-05-11 12:12:59,573 [INFO] Rule:233 - rule ADC Scan  fix with FW F7 is applicable
2026-05-11 12:12:59,573 [INFO] Rule:233 - rule DMA-DAC mode for DIE422 is applicable
2026-05-11 12:12:59,574 [INFO] Rule:233 - rule DMA-DAC mode for DIE438 is applicable
2026-05-11 12:12:59,574 [INFO] Rule:233 - rule DMA-DAC mode for DIE432 or DIE446 is applicable
2026-05-11 12:12:59,574 [INFO] Rule:233 - rule DFSDM instance value for IP DFSDM is applicable
2026-05-11 12:12:59,574 [INFO] Rule:233 - rule DFSDM instance for mcu is applicable
2026-05-11 12:12:59,574 [INFO] Rule:233 - rule DFSDM instance for VP is applicable
2026-05-11 12:12:59,574 [INFO] Rule:233 - rule DFSDM instance for signal is applicable
2026-05-11 12:12:59,574 [INFO] Rule:233 - rule DFSDM instance for shared is applicable
2026-05-11 12:12:59,574 [INFO] Rule:233 - rule BreakInputSource parameter for IP Timer is applicable
2026-05-11 12:12:59,574 [INFO] Rule:233 - rule Sourcebreak parameter for IP Timer is applicable
2026-05-11 12:12:59,574 [INFO] Rule:233 - rule Sourcebreak parameter for IP Timer is applicable
2026-05-11 12:12:59,574 [INFO] Rule:233 - rule DFSDM for PCC is applicable
2026-05-11 12:12:59,574 [INFO] Rule:233 - rule Serial_Wire Mode is applicable
2026-05-11 12:12:59,574 [INFO] Rule:233 - rule JTAG_4_pins Mode is applicable
2026-05-11 12:12:59,574 [INFO] Rule:233 - rule JTAG_5_pins Mode is applicable
2026-05-11 12:12:59,574 [INFO] Rule:233 - rule Trace_Asynchronous_SW Mode is applicable
2026-05-11 12:12:59,574 [INFO] Rule:233 - rule Trace_Synchro_1bit_JTAG Mode is applicable
2026-05-11 12:12:59,574 [INFO] Rule:233 - rule Trace_Synchro_2bits_JTAG Mode is applicable
2026-05-11 12:12:59,574 [INFO] Rule:233 - rule Trace_Synchro_4bits_JTAG Mode is applicable
2026-05-11 12:12:59,574 [INFO] Rule:233 - rule Trace_Synchro_1bit_SW Mode is applicable
2026-05-11 12:12:59,575 [INFO] Rule:233 - rule Trace_Synchro_2bits_SW Mode is applicable
2026-05-11 12:12:59,575 [INFO] Rule:233 - rule Trace_Synchro_4bits_SW Mode is applicable
2026-05-11 12:12:59,575 [INFO] Rule:233 - rule SYS_WakeUp0 Mode is applicable
2026-05-11 12:12:59,575 [INFO] Rule:233 - rule SYS_WakeUp0 Mode for STM32F446 is applicable
2026-05-11 12:12:59,575 [INFO] Rule:233 - rule SYS_WakeUp1 Mode is applicable
2026-05-11 12:12:59,575 [INFO] Rule:233 - rule SYS_WakeUp1 Mode for STM32F446 is applicable
2026-05-11 12:12:59,575 [INFO] Rule:233 - rule SYS_WakeUp2 Mode is applicable
2026-05-11 12:12:59,575 [INFO] Rule:233 - rule SYS_WakeUp3 Mode is applicable
2026-05-11 12:12:59,575 [INFO] Rule:233 - rule SYS_WakeUp4 Mode is applicable
2026-05-11 12:12:59,575 [INFO] Rule:233 - rule SYS_WakeUp5 Mode is applicable
2026-05-11 12:12:59,575 [INFO] Rule:233 - rule SYS_WakeUp6 Mode is applicable
2026-05-11 12:12:59,575 [INFO] Rule:233 - rule SYS_WakeUp7 Mode is applicable
2026-05-11 12:12:59,575 [INFO] Rule:233 - rule WakeUp0 Mode is applicable
2026-05-11 12:12:59,575 [INFO] Rule:233 - rule WakeUp0 SIGNAL is applicable
2026-05-11 12:12:59,575 [INFO] Rule:233 - rule WakeUp1 Mode is applicable
2026-05-11 12:12:59,575 [INFO] Rule:233 - rule WakeUp1 SIGNAL is applicable
2026-05-11 12:12:59,575 [INFO] Rule:233 - rule WakeUp2 Mode is applicable
2026-05-11 12:12:59,575 [INFO] Rule:233 - rule WakeUp2 SIGNAL is applicable
2026-05-11 12:12:59,575 [INFO] Rule:233 - rule WakeUp4 Mode is applicable
2026-05-11 12:12:59,576 [INFO] Rule:233 - rule WakeUp4 SIGNAL is applicable
2026-05-11 12:12:59,576 [INFO] Rule:233 - rule WakeUp5 Mode is applicable
2026-05-11 12:12:59,576 [INFO] Rule:233 - rule WakeUp5 SIGNAL is applicable
2026-05-11 12:12:59,576 [INFO] Rule:233 - rule Mode_PVD_Ext is applicable
2026-05-11 12:12:59,576 [INFO] Rule:233 - rule Mode_PVD_Int is applicable
2026-05-11 12:12:59,576 [INFO] Rule:233 - rule Add RTC Activate Clock Source is applicable
2026-05-11 12:12:59,576 [INFO] Rule:233 - rule Add RTC Activate Calendar 1 is applicable
2026-05-11 12:12:59,576 [INFO] Rule:233 - rule Add RTC Activate Calendar 2 is applicable
2026-05-11 12:12:59,576 [INFO] Rule:233 - rule Add RTC Activate Calendar 3 is applicable
2026-05-11 12:12:59,576 [INFO] Rule:233 - rule UART/USART TX Mode is applicable
2026-05-11 12:12:59,576 [INFO] Rule:233 - rule UART/USART RX Mode is applicable
2026-05-11 12:12:59,576 [INFO] Rule:233 - rule UART/USART RX TX Mode is applicable
2026-05-11 12:12:59,576 [INFO] Rule:233 - rule UART/USART PARITY NONE is applicable
2026-05-11 12:12:59,576 [INFO] Rule:233 - rule UART/USART PARITY EVEN is applicable
2026-05-11 12:12:59,576 [INFO] Rule:233 - rule UART/USART PARITY ODD is applicable
2026-05-11 12:12:59,576 [INFO] Rule:233 - rule USART StopBits 1 is applicable
2026-05-11 12:12:59,576 [INFO] Rule:233 - rule USART StopBits 2 is applicable
2026-05-11 12:12:59,576 [INFO] Rule:233 - rule USART StopBits 1.5 is applicable
2026-05-11 12:12:59,577 [INFO] Rule:233 - rule USART StopBits 0.5 is applicable
2026-05-11 12:12:59,577 [INFO] Rule:233 - rule UART/USART WORD LENGTH 7 is applicable
2026-05-11 12:12:59,577 [INFO] Rule:233 - rule UART/USART WORD LENGTH 8 is applicable
2026-05-11 12:12:59,577 [INFO] Rule:233 - rule UART/USART WORD LENGTH 9 is applicable
2026-05-11 12:12:59,577 [INFO] Rule:233 - rule Rename FMC NAND NCE signal is applicable
2026-05-11 12:12:59,577 [INFO] Rule:233 - rule Rename FMC NAND INT signal is applicable
2026-05-11 12:12:59,577 [INFO] Rule:233 - rule Change Default Value for LSE Drive Capability for WB family is applicable
2026-05-11 12:12:59,577 [INFO] Rule:233 - rule Change Default Value for ADC Clock Prescaler G0 family is applicable
2026-05-11 12:12:59,577 [INFO] Rule:233 - rule Change Default Value for ADC ExternalTrigConv L4 family is applicable
2026-05-11 12:12:59,577 [INFO] Rule:233 - rule Change Default Value for ADC ExternalTrigInjecConv L4 family is applicable
2026-05-11 12:12:59,577 [INFO] Rule:233 - rule Change Default Value for ADC ExternalTrigConv F3 family is applicable
2026-05-11 12:12:59,577 [INFO] Rule:233 - rule Change Default Value for ADC ExternalTrigInjecConv F3 family is applicable
2026-05-11 12:12:59,577 [INFO] Rule:233 - rule Change Default Value for ADC ExternalTrigConv Goldfish serie is applicable
2026-05-11 12:12:59,577 [INFO] Rule:233 - rule Change Default Value for ADC ExternalTrigInjecConv Goldfish serie is applicable
2026-05-11 12:12:59,577 [INFO] Rule:233 - rule Change Default Value for ADC ExternalTrigConv L0 family is applicable
2026-05-11 12:12:59,578 [INFO] Rule:233 - rule Change Default Value for ADC ExternalTrigConv F0 family is applicable
2026-05-11 12:12:59,578 [INFO] Rule:233 - rule Change Default Value for ADC ExternalTrigConvn L1 family is applicable
2026-05-11 12:12:59,578 [INFO] Rule:233 - rule Change Default Value for ADC ExternalTrigInjecConv L1 family is applicable
2026-05-11 12:12:59,578 [INFO] Rule:233 - rule Change Default Value for ADC ExternalTrigConv F1 family is applicable
2026-05-11 12:12:59,578 [INFO] Rule:233 - rule Change Default Value for ADC ExternalTrigInjecConv F1 family is applicable
2026-05-11 12:12:59,578 [INFO] Rule:233 - rule Change Default Value for ADC ExternalTrigConv F7 family is applicable
2026-05-11 12:12:59,578 [INFO] Rule:233 - rule Change Default Value for ADC ExternalTrigInjecConv F7 family is applicable
2026-05-11 12:12:59,578 [INFO] Rule:233 - rule Change Default Value for ADC ExternalTrigConv F4 and F2 family is applicable
2026-05-11 12:12:59,578 [INFO] Rule:233 - rule Change Default Value for ADC ExternalTrigInjecConv F4 and F2 family is applicable
2026-05-11 12:12:59,578 [INFO] Rule:233 - rule ADC SamplingTime fix with FW L0  is applicable
2026-05-11 12:12:59,578 [INFO] Rule:233 - rule ADC SamplingTime fix with FW L0  is applicable
2026-05-11 12:12:59,578 [INFO] Rule:233 - rule ADC SamplingTime fix with FW L0 is applicable
2026-05-11 12:12:59,578 [INFO] Rule:233 - rule ADC SamplingTime fix with FW L0 is applicable
2026-05-11 12:12:59,578 [INFO] Rule:233 - rule ADC SamplingTime fix with FW L0  is applicable
2026-05-11 12:12:59,578 [INFO] Rule:233 - rule ADC SamplingTime fix with FW L0 is applicable
2026-05-11 12:12:59,578 [INFO] Rule:233 - rule Rename USB_OE Signal is applicable
2026-05-11 12:12:59,578 [INFO] Rule:233 - rule Rename Activate_OE Mode is applicable
2026-05-11 12:12:59,578 [INFO] Rule:233 - rule Rename DIE462/DIE415 pin PC14/OSC32_IN -> PC14-OSC32_IN (PC14) is applicable
2026-05-11 12:12:59,579 [INFO] Rule:233 - rule Rename DIE462/DIE415 pin PC15/OSC32_OUT -> PC15-OSC32_OUT (PC15) is applicable
2026-05-11 12:12:59,579 [INFO] Rule:233 - rule Rename DIE462/DIE415 pin PH0/OSC_IN -> PH0-OSC_IN (PH0) is applicable
2026-05-11 12:12:59,579 [INFO] Rule:233 - rule Rename DIE462/DIE415 pin PH1/OSC_OUT -> PH1-OSC_OUT (PH1) is applicable
2026-05-11 12:12:59,579 [INFO] Rule:233 - rule Rename DIE462 pin PA13 -> PA13 (JTMS/SWDIO) is applicable
2026-05-11 12:12:59,579 [INFO] Rule:233 - rule Rename DIE415 pin PA13 -> PA13 (JTMS/SWDIO) is applicable
2026-05-11 12:12:59,579 [INFO] Rule:233 - rule Rename DIE462 pin PA14 -> PA14 (JTCK/SWCLK) is applicable
2026-05-11 12:12:59,579 [INFO] Rule:233 - rule Rename DIE415 pin PA14 -> PA14 (JTCK/SWCLK) is applicable
2026-05-11 12:12:59,579 [INFO] Rule:233 - rule Rename DIE462/DIE415 pin PA15 -> PA15 (JTDI) is applicable
2026-05-11 12:12:59,579 [INFO] Rule:233 - rule Rename DIE462 pin PB3 -> PB3 (JTD0/TRACESWO) is applicable
2026-05-11 12:12:59,579 [INFO] Rule:233 - rule Rename DIE415 pin PB3 -> PB3 (JTD0-TRACESWO) is applicable
2026-05-11 12:12:59,579 [INFO] Rule:233 - rule Rename DIE462/DIE415 pin PB4 -> PB4 (NJTRST) is applicable
2026-05-11 12:12:59,579 [INFO] Rule:233 - rule Rename DIE462 pin PH3/BOOT0 -> PH3-BOOT0 (BOOT0) is applicable
2026-05-11 12:12:59,579 [INFO] Rule:233 - rule Rename CRYP DataEncryptionTypesList to Algorithm is applicable
2026-05-11 12:12:59,579 [INFO] Rule:233 - rule Rename AES DataEncryptionTypesList to Algorithm is applicable
2026-05-11 12:12:59,579 [INFO] Rule:233 - rule Rename TDESECB to CRYP_TDES_ECB is applicable
2026-05-11 12:12:59,579 [INFO] Rule:233 - rule Rename TDESCBC to CRYP_TDES_CBC is applicable
2026-05-11 12:12:59,579 [INFO] Rule:233 - rule Rename DESECB to CRYP_DES_ECB is applicable
2026-05-11 12:12:59,579 [INFO] Rule:233 - rule Rename DESCBC to CRYP_DES_CBC is applicable
2026-05-11 12:12:59,579 [INFO] Rule:233 - rule Rename AESECB to CRYP_AES_ECB is applicable
2026-05-11 12:12:59,579 [INFO] Rule:233 - rule Rename AESCBC to CRYP_AES_CBC is applicable
2026-05-11 12:12:59,579 [INFO] Rule:233 - rule Rename AESCTR to CRYP_AES_CTR is applicable
2026-05-11 12:12:59,579 [INFO] Rule:233 - rule Rename AESGCM to CRYP_AES_GCM is applicable
2026-05-11 12:12:59,580 [INFO] Rule:233 - rule Rename AESCCM to CRYP_AES_CCM is applicable
2026-05-11 12:12:59,580 [INFO] Rule:233 - rule Rename CAN TimeSeg1 to BS1 is applicable
2026-05-11 12:12:59,580 [INFO] Rule:233 - rule Rename CAN TimeSeg2 to BS2 is applicable
2026-05-11 12:12:59,580 [INFO] Rule:233 - rule Rename CAN SyncJumpWidth to SJW is applicable
2026-05-11 12:12:59,580 [INFO] Rule:233 - rule TimeTriggeredMode to TTCM is applicable
2026-05-11 12:12:59,580 [INFO] Rule:233 - rule Rename CAN AutoBusOff to ABOM is applicable
2026-05-11 12:12:59,580 [INFO] Rule:233 - rule Rename CAN AutoWakeUp to AWUM is applicable
2026-05-11 12:12:59,580 [INFO] Rule:233 - rule Rename CAN AutoRetransmission to NART is applicable
2026-05-11 12:12:59,580 [INFO] Rule:233 - rule Rename CAN ReceiveFifoLocked to RFLM is applicable
2026-05-11 12:12:59,580 [INFO] Rule:233 - rule Rename CAN TransmitFifoPriority to TXFP is applicable
2026-05-11 12:12:59,580 [INFO] Rule:233 - rule Rename HRTIMER HRTIM_OUTPUTFAULTLEVEL_HIGH in HRTIMER HRTIM_OUTPUTFAULTLEVEL_HIGHZ is applicable
2026-05-11 12:12:59,580 [INFO] Rule:233 - rule Rename TIMER TIM_CLEARINPUTSOURCE_OCREFCLR in  TIMER TIM_CLEARINPUTSOURCE_NONE for F7 family is applicable
2026-05-11 12:12:59,580 [INFO] Rule:233 - rule FDCAN_R1 - Rename FDCAN mode Master into Classic is applicable
2026-05-11 12:12:59,580 [INFO] Rule:233 - rule FDCAN_R2 - Rename FDCAN mode Slave into Classic is applicable
2026-05-11 12:12:59,580 [INFO] Rule:233 - rule FDCAN1_R3 - if PA10.Mode=FullDuplex, add Pin PA12 is applicable
2026-05-11 12:12:59,580 [INFO] Rule:233 - rule FDCAN1_R3 - if PA9.Mode=FullDuplex, add Pin PA11 is applicable
2026-05-11 12:12:59,580 [INFO] Rule:233 - rule FDCAN1_R3 - Alternatepin_1 - if PE1.Mode=FullDuplex, add Pin PB9 is applicable
2026-05-11 12:12:59,581 [INFO] Rule:233 - rule FDCAN1_R3 - Alternatepin_1 - if PE0.Mode=FullDuplex, add Pin PB8 is applicable
2026-05-11 12:12:59,581 [INFO] Rule:233 - rule FDCAN1_R3 - Alternatepin_2 - if PD5.Mode=FullDuplex, add Pin PD1 is applicable
2026-05-11 12:12:59,581 [INFO] Rule:233 - rule FDCAN1_R3 - Alternatepin_2 - if PD4.Mode=FullDuplex, add Pin PD0 is applicable
2026-05-11 12:12:59,581 [INFO] Rule:233 - rule FDCAN1_R4 - Rename Mode FullDuplex into Enable FDCAN_TXFD for pin PA10 is applicable
2026-05-11 12:12:59,581 [INFO] Rule:233 - rule FDCAN1_R4 - Rename Mode FullDuplex into Enable FDCAN_TXFD for pin PA9 is applicable
2026-05-11 12:12:59,581 [INFO] Rule:233 - rule FDCAN1_R4 - Alternatepin_1 - Rename Mode FullDuplex into Enable FDCAN_TXFD for pin PE1 is applicable
2026-05-11 12:12:59,581 [INFO] Rule:233 - rule FDCAN1_R4 - Alternatepin_1 - Rename Mode FullDuplex into Enable FDCAN_TXFD for pin PE0 is applicable
2026-05-11 12:12:59,581 [INFO] Rule:233 - rule FDCAN1_R4 - Alternatepin_2 - Rename Mode FullDuplex into Enable FDCAN_TXFD for pin PD5 is applicable
2026-05-11 12:12:59,581 [INFO] Rule:233 - rule FDCAN1_R4 - Alternatepin_2 - Rename Mode FullDuplex into Enable FDCAN_TXFD for pin PD4 is applicable
2026-05-11 12:12:59,581 [INFO] Rule:233 - rule FDCAN2_R3 - if PD10.Mode=FullDuplex, add Pin PB13 is applicable
2026-05-11 12:12:59,581 [INFO] Rule:233 - rule FDCAN2_R3 - if PD9.Mode=FullDuplex, add Pin PB12 is applicable
2026-05-11 12:12:59,582 [INFO] Rule:233 - rule FDCAN2_R3 - Alternatepin_1 - if PB7.Mode=FullDuplex, add Pin PB6 is applicable
2026-05-11 12:12:59,582 [INFO] Rule:233 - rule FDCAN2_R3 - Alternatepin_1 - if PD9.Mode=FullDuplex, add Pin PB12 is applicable
2026-05-11 12:12:59,582 [INFO] Rule:233 - rule FDCAN2_R4 - Rename Mode FullDuplex into Enable FDCAN_TXFD for pin PD10 is applicable
2026-05-11 12:12:59,582 [INFO] Rule:233 - rule FDCAN2_R4 - Rename Mode FullDuplex into Enable FDCAN_TXFD for pin PD9 is applicable
2026-05-11 12:12:59,582 [INFO] Rule:233 - rule FDCAN2_R4 - Alternatepin_1 - Rename Mode FullDuplex into Enable FDCAN_TXFD for pin PB7 is applicable
2026-05-11 12:12:59,582 [INFO] Rule:233 - rule FDCAN2_R4 - Alternatepin_1 - Rename Mode FullDuplex into Enable FDCAN_TXFD for pin PD6 is applicable
2026-05-11 12:12:59,582 [INFO] Rule:233 - rule USART TxPinLevelInvertParam Mode is applicable
2026-05-11 12:12:59,582 [INFO] Rule:233 - rule USART RxPinLevelInvertParam Mode is applicable
2026-05-11 12:12:59,582 [INFO] Rule:233 - rule USART DataInvertParam Mode is applicable
2026-05-11 12:12:59,582 [INFO] Rule:233 - rule USART SwapParam Mode is applicable
2026-05-11 12:12:59,582 [INFO] Rule:233 - rule USART OverrunDisableParam Mode is applicable
2026-05-11 12:12:59,582 [INFO] Rule:233 - rule USART DMADisableonRxErrorParam Mode is applicable
2026-05-11 12:12:59,583 [INFO] Rule:233 - rule USART MSBFirstParam Mode is applicable
2026-05-11 12:12:59,583 [INFO] Rule:233 - rule Update MwName for USB_DEVICE is applicable
2026-05-11 12:12:59,583 [INFO] Rule:233 - rule Change PWR_Regulator_Voltage_Scale Default Value for RCC  H7 family is applicable
2026-05-11 12:12:59,583 [INFO] Rule:233 - rule UART/USART IPParameter rename Prescaler parameter to ClockPrescaler is applicable
2026-05-11 12:12:59,583 [INFO] Rule:233 - rule UART/USART Prescaler rename Prescaler parameter to ClockPrescaler is applicable
2026-05-11 12:12:59,583 [INFO] Rule:233 - rule TIM1CLockSelection is applicable
2026-05-11 12:12:59,583 [INFO] Rule:233 - rule TIM15CLockSelection is applicable
2026-05-11 12:12:59,584 [INFO] Rule:233 - rule align RCC SDMMC3CLockSelection default value on MP1 is applicable
2026-05-11 12:12:59,584 [INFO] Rule:233 - rule align RCC SDMMC12CLockSelection default value on MP1 is applicable
2026-05-11 12:12:59,584 [INFO] Rule:233 - rule align RCC QSPICLockSelection default value on MP1 is applicable
2026-05-11 12:12:59,584 [INFO] Rule:233 - rule align RCC QSPICLockSelection default value on MP1 is applicable
2026-05-11 12:12:59,584 [INFO] Rule:233 - rule align RCC SPI6CLockSelection default value on MP1 is applicable
2026-05-11 12:12:59,584 [INFO] Rule:233 - rule align RCC LPTIM23CLockSelection default value on MP1 is applicable
2026-05-11 12:12:59,584 [INFO] Rule:233 - rule align RCC LPTIM1CLockSelection default value on MP1 is applicable
2026-05-11 12:12:59,584 [INFO] Rule:233 - rule align RCC USART1CLockSelection default value on MP1 is applicable
2026-05-11 12:12:59,584 [INFO] Rule:233 - rule align RCC USART24CLockSelection default value on MP1 is applicable
2026-05-11 12:12:59,584 [INFO] Rule:233 - rule align RCC USART6CLockSelection default value on MP1 is applicable
2026-05-11 12:12:59,584 [INFO] Rule:233 - rule align RCC UART78CLockSelection default value on MP1 is applicable
2026-05-11 12:12:59,585 [INFO] Rule:233 - rule align RCC USART35CLockSelection default value on MP1 is applicable
2026-05-11 12:12:59,585 [INFO] Rule:233 - rule align RCC SPI45CLockSelection default value on MP1 is applicable
2026-05-11 12:12:59,585 [INFO] Rule:233 - rule align RCC I2C46CLockSelection BCLK value on MP1 is applicable
2026-05-11 12:12:59,585 [INFO] Rule:233 - rule align RCC SPI45CLockSelection default value on MP1 is applicable
2026-05-11 12:12:59,585 [INFO] Rule:233 - rule align RCC I2C12CLockSelection default value on MP1 is applicable
2026-05-11 12:12:59,585 [INFO] Rule:233 - rule align RCC I2C35CLockSelection default value on MP1 is applicable
2026-05-11 12:12:59,585 [INFO] Rule:233 - rule align RCC LPTIM45CLockSelection default value on MP1 is applicable
2026-05-11 12:12:59,585 [INFO] Rule:233 - rule Rename DCMI PIXCK signal is applicable
2026-05-11 12:12:59,585 [INFO] Rule:233 - rule Change Default Value for I2C46CLockSelection MP1 family is applicable
2026-05-11 12:12:59,585 [INFO] Rule:233 - rule Change Default Value for UART for G4, G0 and WB families is applicable
2026-05-11 12:12:59,585 [INFO] Rule:233 - rule Change Default Value for USART for G4, G0 and WB families is applicable
2026-05-11 12:12:59,585 [INFO] Rule:233 - rule Change Default Value for USART for G4 family is applicable
2026-05-11 12:12:59,585 [INFO] Rule:233 - rule Change USART1CLockSelection refparam name for MP1 is applicable
2026-05-11 12:12:59,585 [INFO] Rule:233 - rule Change USART2CLockSelection refparam name for MP1 is applicable
2026-05-11 12:12:59,585 [INFO] Rule:233 - rule Change USART3CLockSelection refparam name for MP1 is applicable
2026-05-11 12:12:59,586 [INFO] Rule:233 - rule Change UART4CLockSelection refparam name for MP1 is applicable
2026-05-11 12:12:59,586 [INFO] Rule:233 - rule Change UART5CLockSelection refparam name for MP1 is applicable
2026-05-11 12:12:59,586 [INFO] Rule:233 - rule Change LPUART1CLockSelection refparam name for MP1 is applicable
2026-05-11 12:12:59,586 [INFO] Rule:233 - rule Change LPTIM1CLockSelection refparam name for MP1 is applicable
2026-05-11 12:12:59,586 [INFO] Rule:233 - rule Change LPTIM2CLockSelection refparam name for MP1 is applicable
2026-05-11 12:12:59,586 [INFO] Rule:233 - rule Change RCC_MCO1Source refparam name for MP1 is applicable
2026-05-11 12:12:59,586 [INFO] Rule:233 - rule Change LSCOSource1 refparam name for MP1 is applicable
2026-05-11 12:12:59,586 [INFO] Rule:233 - rule Change SMPSCLockSelection refparam name for MP1 is applicable
2026-05-11 12:12:59,586 [INFO] Rule:233 - rule Change LPTIM3CLockSelection refparam name for MP1 is applicable
2026-05-11 12:12:59,586 [INFO] Rule:233 - rule Change MPCBB* Default Template Mode to Parameters is applicable
2026-05-11 12:12:59,586 [INFO] Rule:233 - rule Change MPCWM* or MPCBB* Secure Mode to Parameters is applicable
2026-05-11 12:12:59,586 [INFO] Rule:233 - rule Change MPCWM* or MPCBB* No Secure Mode to Parameters is applicable
2026-05-11 12:12:59,586 [INFO] Rule:233 - rule Change TZSC IP Secure Mode to Parameters is applicable
2026-05-11 12:12:59,586 [INFO] Rule:233 - rule Change TZSC IP No Secure Mode to Parameters is applicable
2026-05-11 12:12:59,586 [INFO] Rule:233 - rule Change TZSC IP Privilege Mode to Parameters is applicable
2026-05-11 12:12:59,587 [INFO] Rule:233 - rule Change TZSC IP No Privilege Mode to Parameters is applicable
2026-05-11 12:12:59,587 [INFO] Rule:233 - rule Change TZIC IT Secure Mode to Parameters is applicable
2026-05-11 12:12:59,587 [INFO] Rule:233 - rule Change TZIC IT No Secure Mode to Parameters is applicable
2026-05-11 12:12:59,587 [INFO] Rule:233 - rule Add MPCBB1_NonSecureArea_Start_Address value with referenced to MPCBB1_NonSecureArea_Start value is applicable
2026-05-11 12:12:59,587 [INFO] Rule:233 - rule Add MPCBB2_NonSecureArea_Start_Address value with referenced to MPCBB2_NonSecureArea_Start value is applicable
2026-05-11 12:12:59,587 [INFO] Rule:233 - rule Add MPCWM1_NonSecureArea*_Start_Address value with referenced to MPCWM1_NonSecureArea*_Start value is applicable
2026-05-11 12:12:59,587 [INFO] Rule:233 - rule Add MPCWM2_NonSecureArea*_Start_Address value with referenced to MPCWM2_NonSecureArea*_Start value is applicable
2026-05-11 12:12:59,587 [INFO] Rule:233 - rule Add MPCWM3_NonSecureArea_Start_Address value with referenced to MPCWM3_NonSecureArea_Start value is applicable
2026-05-11 12:12:59,587 [INFO] Rule:233 - rule Change Default Value for PLL1UserDefinedConfig is applicable
2026-05-11 12:12:59,587 [INFO] Rule:233 - rule Change GPIO_PuPd Default Value for USART in async mode is applicable
2026-05-11 12:12:59,587 [INFO] Rule:233 - rule Change SMPSDivider Default Value is applicable
2026-05-11 12:12:59,587 [INFO] Rule:233 - rule OPAMP is applicable
2026-05-11 12:12:59,587 [INFO] Rule:233 - rule LPUART IPParameter rename Prescaler parameter to ClockPrescaler for STM32H7 is applicable
2026-05-11 12:12:59,587 [INFO] Rule:233 - rule LPUART IPParameter rename Prescaler parameter to ClockPrescaler for STM32H7 is applicable
2026-05-11 12:12:59,587 [INFO] Rule:233 - rule LPUART IPParameter rename Prescaler parameter to ClockPrescaler for STM32WB is applicable
2026-05-11 12:12:59,587 [INFO] Rule:233 - rule LPUART IPParameter rename Prescaler parameter to ClockPrescaler for STM32WB is applicable
2026-05-11 12:12:59,587 [INFO] Rule:233 - rule LPUART IPParameter rename Prescaler parameter to ClockPrescaler for STM32G4 is applicable
2026-05-11 12:12:59,588 [INFO] Rule:233 - rule LPUART IPParameter rename Prescaler parameter to ClockPrescaler for STM32G4 is applicable
2026-05-11 12:12:59,588 [INFO] Rule:233 - rule LPUART IPParameter rename Prescaler parameter to ClockPrescaler for STM32L5 is applicable
2026-05-11 12:12:59,588 [INFO] Rule:233 - rule LPUART IPParameter rename Prescaler parameter to ClockPrescaler for STM32L5 is applicable
2026-05-11 12:12:59,588 [INFO] Rule:233 - rule LPUART IPParameter rename Prescaler parameter to ClockPrescaler for STM32G4 is applicable
2026-05-11 12:12:59,588 [INFO] Rule:233 - rule LPUART IPParameter rename Prescaler parameter to ClockPrescaler for STM32G4 is applicable
2026-05-11 12:12:59,588 [INFO] Rule:233 - rule USB device lib V2.5.3 for L0 rename USBD_SUPPORT_USER_STRING parameter to USBD_SUPPORT_USER_STRING_DESC4 is applicable
2026-05-11 12:12:59,588 [INFO] Rule:233 - rule I2SCLockSelection clock entry align is applicable
2026-05-11 12:12:59,588 [INFO] Rule:233 - rule Assign TIMx context if used as SYS timebase is applicable
2026-05-11 12:12:59,588 [INFO] Rule:233 - rule Change GPIO_Pu Default Value for I2C is applicable
2026-05-11 12:12:59,588 [INFO] Rule:233 - rule Change GPIO_Pu Default Value for SMBus is applicable
2026-05-11 12:12:59,588 [INFO] Rule:233 - rule change FDCAN default value is applicable
2026-05-11 12:12:59,588 [INFO] Rule:233 - rule Change mode sai is applicable
2026-05-11 12:12:59,588 [INFO] Rule:233 - rule **Change sai mode is applicable
2026-05-11 12:12:59,588 [INFO] Rule:233 - rule Rename STM32WPAN CFG_BLE_IRK to CFG_BLE_IR is applicable
2026-05-11 12:12:59,588 [INFO] Rule:233 - rule Rename STM32WPAN CFG_BLE_ERK to CFG_BLE_ER is applicable
2026-05-11 12:12:59,589 [INFO] Rule:233 - rule Rename STM32WPAN CFG_BLE_IRK_HEX to CFG_BLE_IR_HEX is applicable
2026-05-11 12:12:59,589 [INFO] Rule:233 - rule Rename STM32WPAN CFG_BLE_ERK_HEX to CFG_BLE_ER_HEX is applicable
2026-05-11 12:12:59,589 [INFO] Rule:233 - rule Adapt Old IOC before rework replace old CORTEX_M33/CORTEX_M55 attributes by the new one. is applicable
2026-05-11 12:12:59,589 [INFO] Rule:233 - rule Rename parametre of RCC RCC_APBDBG_DIV2 to RCC_TIMPRES_DIV2 is applicable
2026-05-11 12:12:59,589 [INFO] Rule:233 - rule Rename DIE493 pin PA10 [PA12] -> PA10 is applicable
2026-05-11 12:12:59,589 [INFO] Rule:233 - rule Rename DIE493 pin PA9 [PA11] -> PA9 is applicable
2026-05-11 12:12:59,589 [INFO] Rule:233 - rule Rename DIE492 PartNumber CPN STM32WBA5MJGHx -> STM32WBA5MMGHx is applicable
2026-05-11 12:12:59,589 [INFO] Rule:233 - rule Rename DIE492 PartNumber  Name STM32WBA5MJGHx -> STM32WBA5MMGHx is applicable
2026-05-11 12:12:59,589 [INFO] Rule:233 - rule Rename DIE492 PartNumber UserName STM32WBA5MJGHx -> STM32WBA5MMGHx is applicable
2026-05-11 12:12:59,589 [INFO] Rule:233 - rule Rename DIE492 PartNumber DeviceId STM32WBA5MJGHx -> STM32WBA5MMGHx is applicable
2026-05-11 12:12:59,589 [INFO] Rule:233 - rule Adapt Old IOC CSI. is applicable
2026-05-11 12:12:59,589 [INFO] Rule:233 - rule Adapt Old IOC DCMIPP. is applicable
2026-05-11 12:12:59,589 [INFO] Rule:233 - rule Adapt Old IOC DCMIPP Mode Parallel. is applicable
2026-05-11 12:12:59,589 [INFO] Rule:233 - rule Adapt Old IOC LTDC. is applicable
2026-05-11 12:12:59,589 [INFO] Rule:233 - rule Rename STM32MP2 RIF Peripheral LTDC RIF.RISUP.LTDC_L0L1.Privilege -> RIF.RISUP.LTDC_L1L2.Privilege is applicable
2026-05-11 12:12:59,589 [INFO] Rule:233 - rule Rename STM32MP2 RIF Peripheral LTDC RIF.RISUP.LTDC_L0L1.Privilege -> RIF.RISUP.LTDC_L1L2.Privilege is applicable
2026-05-11 12:12:59,590 [INFO] Rule:233 - rule Rename STM32MP2 RIF Peripheral LTDC RIF.RISUP.LTDC_L0L1.Lock -> RIF.RISUP.LTDC_L1L2.Lock is applicable
2026-05-11 12:12:59,590 [INFO] Rule:233 - rule Rename STM32MP2 RIF Peripheral LTDC RIF.RISUP.LTDC_L2.Lock -> RIF.RISUP.LTDC_L3.Lock is applicable
2026-05-11 12:12:59,590 [INFO] Rule:233 - rule Adapt the old IOC example for updating the SYS when it is misconfigured. is applicable
2026-05-11 12:12:59,590 [INFO] Rule:233 - rule Rename STM32C09 Mcu.Package LQFP64 -> LQFP48 is applicable
2026-05-11 12:12:59,590 [INFO] Rule:233 - rule Adapt the old IOC example for updating the SYS when it is misconfigured. is applicable
2026-05-11 12:12:59,590 [INFO] Rule:233 - rule Adapt the old IOC example for updating the SYS when it is misconfigured. is applicable
2026-05-11 12:12:59,650 [INFO] DbConfProperties:307 - Apply Compatibility (81/316 Rules)
2026-05-11 12:13:01,424 [INFO] ImportTextPane:234 - (OptionalMessage_ERROR) Unable to find key (Mcu.ThirdPartyNb) in loaded IOC file
2026-05-11 12:13:01,428 [INFO] ImportTextPane:234 - (OptionalMessage_WARN) Unknown mode (NSS_Signal_Hard) for pin (PB12)
2026-05-11 12:13:01,428 [INFO] ImportTextPane:234 - (OptionalMessage_WARN) Unknown mode (NSS_Signal_Hard) for pin (PA15)
2026-05-11 12:13:01,431 [INFO] ImportTextPane:234 - (OptionalMessage_ERROR) Pin33 (VP_RIF_VS_RIF1) cannot be retrieved for this MCU
2026-05-11 12:13:01,479 [INFO] ImportTextPane:234 - (OptionalMessage_INFO) Successful Mode recovery for pin (PB12) with mode (Hardware NSS Input Signal)
2026-05-11 12:13:01,522 [INFO] ImportTextPane:234 - (OptionalMessage_INFO) Successful Mode recovery for pin (PA15) with mode (Hardware NSS Input Signal)
2026-05-11 12:13:01,826 [INFO] RtosManager:558 - Registered RTOS mode: class=CMSIS, group=RTOS, mode=CMSIS_V1, owner=FREERTOS
2026-05-11 12:13:01,826 [INFO] RtosManager:558 - Registered RTOS mode: class=CMSIS, group=RTOS2, mode=CMSIS_V2, owner=FREERTOS
2026-05-11 12:13:01,827 [INFO] RtosManager:558 - Registered RTOS mode: class=RTOS, group=Core, mode=CMSIS_V1, owner=FREERTOS
2026-05-11 12:13:01,827 [INFO] RtosManager:558 - Registered RTOS mode: class=RTOS, group=Core, mode=CMSIS_V2, owner=FREERTOS
2026-05-11 12:13:01,827 [WARN] ModelIntegratedComponent:184 - Missing modes for component STMicroelectronics:FreeRTOS:0.0.1:STMicroelectronics:RTOS:FreeRTOS:Core:::10.2.0:
2026-05-11 12:13:01,849 [WARN] ModelIntegratedComponent:63 - No mode defined for component null
2026-05-11 12:13:01,849 [WARN] ModelIntegratedComponent:63 - No mode defined for component null
2026-05-11 12:13:01,849 [WARN] ModelIntegratedComponent:63 - No mode defined for component null
2026-05-11 12:13:01,849 [WARN] ModelIntegratedComponent:63 - No mode defined for component null
2026-05-11 12:13:01,849 [WARN] ModelIntegratedComponent:63 - No mode defined for component null
2026-05-11 12:13:01,849 [WARN] ModelIntegratedComponent:63 - No mode defined for component null
2026-05-11 12:13:01,849 [WARN] ModelIntegratedComponent:63 - No mode defined for component null
2026-05-11 12:13:01,849 [WARN] ModelIntegratedComponent:63 - No mode defined for component null
2026-05-11 12:13:01,849 [WARN] ModelIntegratedComponent:63 - No mode defined for component null
2026-05-11 12:13:01,849 [WARN] ModelIntegratedComponent:63 - No mode defined for component null
2026-05-11 12:13:01,849 [WARN] ModelIntegratedComponent:63 - No mode defined for component null
2026-05-11 12:13:01,849 [WARN] ModelIntegratedComponent:63 - No mode defined for component null
2026-05-11 12:13:01,849 [WARN] ModelIntegratedComponent:63 - No mode defined for component null
2026-05-11 12:13:01,849 [WARN] ModelIntegratedComponent:63 - No mode defined for component null
2026-05-11 12:13:01,849 [WARN] ModelIntegratedComponent:63 - No mode defined for component null
2026-05-11 12:13:01,849 [WARN] ModelIntegratedComponent:63 - No mode defined for component null
2026-05-11 12:13:01,849 [WARN] ModelIntegratedComponent:63 - No mode defined for component null
2026-05-11 12:13:01,849 [WARN] ModelIntegratedComponent:63 - No mode defined for component null
2026-05-11 12:13:01,849 [WARN] ModelIntegratedComponent:63 - No mode defined for component null
2026-05-11 12:13:01,850 [WARN] ModelIntegratedComponent:63 - No mode defined for component null
2026-05-11 12:13:01,850 [WARN] ModelIntegratedComponent:63 - No mode defined for component null
2026-05-11 12:13:01,850 [WARN] ModelIntegratedComponent:63 - No mode defined for component null
2026-05-11 12:13:01,850 [WARN] ModelIntegratedComponent:63 - No mode defined for component null
2026-05-11 12:13:01,850 [WARN] ModelIntegratedComponent:63 - No mode defined for component null
2026-05-11 12:13:01,850 [WARN] ModelIntegratedComponent:63 - No mode defined for component null
2026-05-11 12:13:01,850 [WARN] ModelIntegratedComponent:63 - No mode defined for component null
2026-05-11 12:13:01,850 [WARN] ModelIntegratedComponent:63 - No mode defined for component null
2026-05-11 12:13:01,850 [WARN] ModelIntegratedComponent:63 - No mode defined for component null
2026-05-11 12:13:01,850 [WARN] ModelIntegratedComponent:63 - No mode defined for component null
2026-05-11 12:13:01,850 [WARN] ModelIntegratedComponent:63 - No mode defined for component null
2026-05-11 12:13:01,850 [WARN] ModelIntegratedComponent:63 - No mode defined for component null
2026-05-11 12:13:01,850 [WARN] ModelIntegratedComponent:63 - No mode defined for component null
2026-05-11 12:13:01,850 [WARN] ModelIntegratedComponent:63 - No mode defined for component null
2026-05-11 12:13:01,850 [WARN] ModelIntegratedComponent:63 - No mode defined for component null
2026-05-11 12:13:01,850 [WARN] ModelIntegratedComponent:63 - No mode defined for component null
2026-05-11 12:13:01,850 [WARN] ModelPack:524 - Component already loaded: STMicroelectronics:HAL Drivers:0.0.0:STMicroelectronics:Device:STMicro_Driver:XSPI:HAL::0.0.1:HAL_XSPI
2026-05-11 12:13:01,967 [INFO] ThirdPartyModel:298 - Start build external matchings
2026-05-11 12:13:02,878 [INFO] ThirdPartyModel:316 - End build external matchings
2026-05-11 12:13:02,908 [INFO] ImportTextPane:234 - (OptionalMessage_ERROR) IP (RCC) : Invalid parameter (FamilyName)
2026-05-11 12:13:02,908 [INFO] ImportTextPane:234 - (OptionalMessage_ERROR) IP (RCC) : Parameter (RTCHSEDivFreq_Value) has invalid value (4000000)
2026-05-11 12:13:02,909 [INFO] ImportTextPane:234 - (OptionalMessage_ERROR) IP (RCC) : Invalid parameter (PWRFreq_Value)
2026-05-11 12:13:02,909 [INFO] ImportTextPane:234 - (OptionalMessage_ERROR) IP (RCC) : Invalid parameter (TIMFreq_Value)
2026-05-11 12:13:03,145 [INFO] UtilMem:75 - End LoadConfig() Used Memory: 841244880 Bytes (1073741824)
2026-05-11 12:13:03,400 [WARN] ThirdParty:833 - waiting for thirdparty lock release [change project]
2026-05-11 12:13:03,401 [INFO] ThirdParty:835 - entering critical section [change project]
2026-05-11 12:13:03,401 [INFO] ThirdParty:1030 - CMSIS Pack Vendor :STMicroelectronics X-CUBE-AZRTOS-H7 3.5.0
2026-05-11 12:13:03,401 [INFO] ThirdParty:1030 - CMSIS Pack Vendor :STMicroelectronics X-CUBE-PM33A1 1.0.0
2026-05-11 12:13:03,401 [INFO] ThirdParty:1030 - CMSIS Pack Vendor :STMicroelectronics USBPD 4.1
2026-05-11 12:13:03,401 [INFO] ThirdParty:1030 - CMSIS Pack Vendor :STMicroelectronics X-CUBE-NFC9 1.0.0
2026-05-11 12:13:03,401 [INFO] ThirdParty:1030 - CMSIS Pack Vendor :STMicroelectronics USB_HOST 2.0.0
2026-05-11 12:13:03,401 [INFO] ThirdParty:1030 - CMSIS Pack Vendor :STMicroelectronics X-CUBE-AZRTOS-F4 1.1.0
2026-05-11 12:13:03,401 [INFO] ThirdParty:1030 - CMSIS Pack Vendor :STMicroelectronics LIBJPEG 8.0.0
2026-05-11 12:13:03,401 [INFO] ThirdParty:1030 - CMSIS Pack Vendor :STMicroelectronics FP-ATR-ASTRA1 2.0.2
2026-05-11 12:13:03,401 [INFO] ThirdParty:1030 - CMSIS Pack Vendor :STMicroelectronics X-CUBE-BLE1 7.1.0
2026-05-11 12:13:03,401 [INFO] ThirdParty:1030 - CMSIS Pack Vendor :STMicroelectronics X-CUBE-SMBUS 2.1.0
2026-05-11 12:13:03,401 [INFO] ThirdParty:1030 - CMSIS Pack Vendor :wolfSSL I-CUBE-wolfMQTT 1.19.2
2026-05-11 12:13:03,401 [INFO] ThirdParty:1030 - CMSIS Pack Vendor :STMicroelectronics USB_DEVICE 3.0.0
2026-05-11 12:13:03,401 [INFO] ThirdParty:1030 - CMSIS Pack Vendor :STMicroelectronics X-CUBE-ISPU 2.1.0
2026-05-11 12:13:03,401 [INFO] ThirdParty:1030 - CMSIS Pack Vendor :STMicroelectronics X-CUBE-EEPRMA1 5.2.0
2026-05-11 12:13:03,401 [INFO] ThirdParty:1030 - CMSIS Pack Vendor :STMicroelectronics X-CUBE-IPS 3.2.0
2026-05-11 12:13:03,401 [INFO] ThirdParty:1030 - CMSIS Pack Vendor :STMicroelectronics X-CUBE-BLEMGR 4.1.0
2026-05-11 12:13:03,401 [INFO] ThirdParty:1030 - CMSIS Pack Vendor :STMicroelectronics eDS-WB_DPC_TT-BIDIR 2.1.1
2026-05-11 12:13:03,401 [INFO] ThirdParty:1030 - CMSIS Pack Vendor :STMicroelectronics X-CUBE-AZRTOS-WB 2.0.0
2026-05-11 12:13:03,401 [INFO] ThirdParty:1030 - CMSIS Pack Vendor :wolfSSL I-CUBE-wolfSSL 5.8.4
2026-05-11 12:13:03,401 [INFO] ThirdParty:1030 - CMSIS Pack Vendor :Cesanta I-CUBE-Mongoose 7.20.0
2026-05-11 12:13:03,401 [INFO] ThirdParty:1030 - CMSIS Pack Vendor :STMicroelectronics X-CUBE-NFC12 1.0.0
2026-05-11 12:13:03,401 [INFO] ThirdParty:1030 - CMSIS Pack Vendor :STMicroelectronics X-CUBE-AZRTOS-F7 1.1.0
2026-05-11 12:13:03,401 [INFO] ThirdParty:1030 - CMSIS Pack Vendor :STMicroelectronics X-CUBE-AZRTOS-L5 2.0.0
2026-05-11 12:13:03,401 [INFO] ThirdParty:1030 - CMSIS Pack Vendor :STMicroelectronics USB_DEVICE 2.0.0
2026-05-11 12:13:03,402 [INFO] ThirdParty:1030 - CMSIS Pack Vendor :STMicroelectronics FP-SNS-STAIOTCFT 1.1.0
2026-05-11 12:13:03,402 [INFO] ThirdParty:1030 - CMSIS Pack Vendor :quantropi X-CUBE-qispace-sdk-base 2.1.0
2026-05-11 12:13:03,402 [INFO] ThirdParty:1030 - CMSIS Pack Vendor :STMicroelectronics X-CUBE-MEMS1 12.0.0
2026-05-11 12:13:03,402 [INFO] ThirdParty:1030 - CMSIS Pack Vendor :STMicroelectronics X-CUBE-STSE01 2.0.0
2026-05-11 12:13:03,402 [INFO] ThirdParty:1030 - CMSIS Pack Vendor :STMicroelectronics FP-SNS-MOTENV1 5.1.0
2026-05-11 12:13:03,402 [INFO] ThirdParty:1030 - CMSIS Pack Vendor :STMicroelectronics FreeRTOS 0.0.1
2026-05-11 12:13:03,402 [INFO] ThirdParty:1030 - CMSIS Pack Vendor :STMicroelectronics X-CUBE-AZRTOS-G0 1.1.0
2026-05-11 12:13:03,402 [INFO] ThirdParty:1030 - CMSIS Pack Vendor :STMicroelectronics X-CUBE-NFC4 3.0.0
2026-05-11 12:13:03,402 [INFO] ThirdParty:1030 - CMSIS Pack Vendor :STMicroelectronics X-CUBE-SUBG2 5.0.0
2026-05-11 12:13:03,402 [INFO] ThirdParty:1030 - CMSIS Pack Vendor :STMicroelectronics STM32_WPAN 1.0.0
2026-05-11 12:13:03,402 [INFO] ThirdParty:1030 - CMSIS Pack Vendor :STMicroelectronics eDS-WB_DPC_VIENNA 1.2.0
2026-05-11 12:13:03,402 [INFO] ThirdParty:1030 - CMSIS Pack Vendor :EmbeddedOffice I-CUBE-FS-RTOS 1.0.1
2026-05-11 12:13:03,402 [INFO] ThirdParty:1030 - CMSIS Pack Vendor :STMicroelectronics lwIP 2.0.3
2026-05-11 12:13:03,402 [INFO] ThirdParty:1030 - CMSIS Pack Vendor :WES I-CUBE-Cesium 1.4.0
2026-05-11 12:13:03,402 [INFO] ThirdParty:1030 - CMSIS Pack Vendor :STMicroelectronics eDS-WB_DPC_3PH2L-BIDIR 1.1.1
2026-05-11 12:13:03,402 [INFO] ThirdParty:1030 - CMSIS Pack Vendor :STMicroelectronics USB_HOST 1.0.0
2026-05-11 12:13:03,402 [INFO] ThirdParty:1030 - CMSIS Pack Vendor :STMicroelectronics X-CUBE-AZRTOS-G4 2.0.0
2026-05-11 12:13:03,402 [INFO] ThirdParty:1030 - CMSIS Pack Vendor :STMicroelectronics X-CUBE-WB05N 2.0.0
2026-05-11 12:13:03,402 [INFO] ThirdParty:1030 - CMSIS Pack Vendor :STMicroelectronics PDM2PCM 3.1.0
2026-05-11 12:13:03,402 [INFO] ThirdParty:1030 - CMSIS Pack Vendor :STMicroelectronics PDM2PCM 3.3.0
2026-05-11 12:13:03,402 [INFO] ThirdParty:1030 - CMSIS Pack Vendor :wolfSSL I-CUBE-wolfTPM 3.8.0
2026-05-11 12:13:03,402 [INFO] ThirdParty:1030 - CMSIS Pack Vendor :STMicroelectronics X-CUBE-DISPLAY 3.0.0
2026-05-11 12:13:03,402 [INFO] ThirdParty:1030 - CMSIS Pack Vendor :wolfSSL I-CUBE-wolfSSH 1.4.20
2026-05-11 12:13:03,402 [INFO] ThirdParty:1030 - CMSIS Pack Vendor :STMicroelectronics X-CUBE-NFC7 2.0.0
2026-05-11 12:13:03,402 [INFO] ThirdParty:1030 - CMSIS Pack Vendor :STMicroelectronics X-CUBE-GNSS1 7.1.1
2026-05-11 12:13:03,402 [INFO] ThirdParty:1030 - CMSIS Pack Vendor :STMicroelectronics FP-SNS-MOTENVWB1 1.5.0
2026-05-11 12:13:03,402 [INFO] ThirdParty:1030 - CMSIS Pack Vendor :STMicroelectronics X-CUBE-TCPP 4.2.0
2026-05-11 12:13:03,402 [INFO] ThirdParty:1030 - CMSIS Pack Vendor :RealThread X-CUBE-RT-Thread_Nano 4.1.1
2026-05-11 12:13:03,402 [INFO] ThirdParty:1030 - CMSIS Pack Vendor :STMicroelectronics FP-ATR-SIGFOX1 3.2.0
2026-05-11 12:13:03,402 [INFO] ThirdParty:1030 - CMSIS Pack Vendor :wolfSSL I-CUBE-wolfSSL 5.9.1
2026-05-11 12:13:03,402 [INFO] ThirdParty:1030 - CMSIS Pack Vendor :STMicroelectronics X-CUBE-NFC10 1.0.0
2026-05-11 12:13:03,402 [INFO] ThirdParty:1030 - CMSIS Pack Vendor :STMicroelectronics HAL Drivers 0.0.0
2026-05-11 12:13:03,402 [INFO] ThirdParty:1030 - CMSIS Pack Vendor :STMicroelectronics X-CUBE-FREERTOS 1.5.0
2026-05-11 12:13:03,402 [INFO] ThirdParty:1030 - CMSIS Pack Vendor :STMicroelectronics MBEDTLS 2.16.2
2026-05-11 12:13:03,402 [INFO] ThirdParty:1030 - CMSIS Pack Vendor :STMicroelectronics X-CUBE-ST60 1.1.0
2026-05-11 12:13:03,402 [INFO] ThirdParty:1030 - CMSIS Pack Vendor :STMicroelectronics X-CUBE-ALS 1.0.2
2026-05-11 12:13:03,402 [INFO] ThirdParty:1030 - CMSIS Pack Vendor :emotas I-CUBE-CANOPEN 1.3.0
2026-05-11 12:13:03,402 [INFO] ThirdParty:1030 - CMSIS Pack Vendor :STMicroelectronics MBEDTLS 2.14.1
2026-05-11 12:13:03,402 [INFO] ThirdParty:1030 - CMSIS Pack Vendor :STMicroelectronics X-CUBE-GNSS1 7.1.0
2026-05-11 12:13:03,402 [INFO] ThirdParty:1030 - CMSIS Pack Vendor :ITTIA_DB I-CUBE-ITTIADB 8.9.0
2026-05-11 12:13:03,402 [INFO] ThirdParty:1030 - CMSIS Pack Vendor :STMicroelectronics X-CUBE-TOUCHGFX 4.26.1
2026-05-11 12:13:03,402 [INFO] ThirdParty:1030 - CMSIS Pack Vendor :Cesanta I-CUBE-Mongoose 7.21.6
2026-05-11 12:13:03,402 [INFO] ThirdParty:1030 - CMSIS Pack Vendor :STMicroelectronics X-CUBE-NFC6 3.2.0
2026-05-11 12:13:03,403 [INFO] ThirdParty:1030 - CMSIS Pack Vendor :STMicroelectronics FP-SNS-STBOX1 2.1.0
2026-05-11 12:13:03,403 [INFO] ThirdParty:1030 - CMSIS Pack Vendor :STMicroelectronics X-CUBE-AI 10.2.0
2026-05-11 12:13:03,403 [INFO] ThirdParty:1030 - CMSIS Pack Vendor :STMicroelectronics FP-SNS-STAIOTCFT 1.0.0
2026-05-11 12:13:03,403 [INFO] ThirdParty:1030 - CMSIS Pack Vendor :STMicroelectronics ThreadX 1.0.0
2026-05-11 12:13:03,403 [INFO] ThirdParty:1030 - CMSIS Pack Vendor :STMicroelectronics FP-SNS-SMARTAG2 1.2.0
2026-05-11 12:13:03,403 [INFO] ThirdParty:1030 - CMSIS Pack Vendor :STMicroelectronics X-CUBE-MEMS1 12.1.0
2026-05-11 12:13:03,403 [INFO] ThirdParty:1030 - CMSIS Pack Vendor :STMicroelectronics FP-SNS-FLIGHT1 5.1.0
2026-05-11 12:13:03,403 [INFO] ThirdParty:1030 - CMSIS Pack Vendor :STMicroelectronics X-CUBE-AZRTOS-WL 2.0.0
2026-05-11 12:13:03,403 [INFO] ThirdParty:1030 - CMSIS Pack Vendor :SEGGER I-CUBE-embOS 1.3.1
2026-05-11 12:13:03,403 [INFO] ThirdParty:1030 - CMSIS Pack Vendor :STMicroelectronics X-CUBE-ALGOBUILD 1.4.0
2026-05-11 12:13:03,403 [INFO] ThirdParty:1030 - CMSIS Pack Vendor :STMicroelectronics X-CUBE-DPower 1.3.0
2026-05-11 12:13:03,403 [INFO] ThirdParty:1030 - CMSIS Pack Vendor :STMicroelectronics USB_DEVICE 1.0.0
2026-05-11 12:13:03,403 [INFO] ThirdParty:1030 - CMSIS Pack Vendor :STMicroelectronics X-CUBE-AZRTOS-H7RS 1.2.0
2026-05-11 12:13:03,403 [INFO] ThirdParty:1030 - CMSIS Pack Vendor :STMicroelectronics X-CUBE-AZRTOS-L4 2.0.0
2026-05-11 12:13:03,403 [INFO] ThirdParty:1030 - CMSIS Pack Vendor :STMicroelectronics ThreadX 0.0.2
2026-05-11 12:13:03,403 [INFO] ThirdParty:1030 - CMSIS Pack Vendor :STMicroelectronics lwIP 2.1.2
2026-05-11 12:13:03,403 [INFO] ThirdParty:1030 - CMSIS Pack Vendor :STMicroelectronics X-CUBE-SFXS2LP1 4.0.0
2026-05-11 12:13:03,403 [INFO] ThirdParty:1030 - CMSIS Pack Vendor :STMicroelectronics X-CUBE-BLE2 3.3.0
2026-05-11 12:13:03,403 [INFO] ThirdParty:1030 - CMSIS Pack Vendor :Avnet-IOTCONNECT X-CUBE-iotc-st67-sdk 1.0.0
2026-05-11 12:13:03,403 [INFO] ThirdParty:1030 - CMSIS Pack Vendor :STMicroelectronics X-CUBE-TOF1 3.4.3
2026-05-11 12:13:03,403 [INFO] ThirdParty:1030 - CMSIS Pack Vendor :Infineon AIROC-Wi-Fi-Bluetooth-STM32 1.8.0
2026-05-11 12:13:03,403 [INFO] ThirdParty:1030 - CMSIS Pack Vendor :STMicroelectronics PDM2PCM 3.2.0
2026-05-11 12:13:03,403 [INFO] ThirdParty:1030 - CMSIS Pack Vendor :STMicroelectronics X-CUBE-WB05N 2.1.0
2026-05-11 12:13:03,403 [INFO] ThirdParty:1030 - CMSIS Pack Vendor :STMicroelectronics X-CUBE-ST67W61 1.2.0
2026-05-11 12:13:03,403 [INFO] ThirdParty:841 - exiting critical section [change project]
2026-05-11 12:13:03,763 [INFO] PinOutPanel:1589 - setPackage(No Configuration,No Configuration)
2026-05-11 12:13:03,767 [INFO] PinOutPanel:1589 - setPackage(STM32L053C8Tx,LQFP48)
2026-05-11 12:13:04,448 [INFO] UtilMem:75 - Before build in PCC Used Memory: 820745760 Bytes (1073741824)
2026-05-11 12:13:05,615 [INFO] UtilMem:75 - After build in PCC Used Memory: 899388960 Bytes (1073741824)
2026-05-11 12:13:05,652 [INFO] IPUIPlugin:80 - create IPUIPlugin
2026-05-11 12:13:05,652 [INFO] IPUIPlugin:80 - create IPUIPlugin
2026-05-11 12:13:05,652 [INFO] IPUIPlugin:80 - create IPUIPlugin
2026-05-11 12:13:05,653 [INFO] IPUIPlugin:80 - create IPUIPlugin
2026-05-11 12:13:05,653 [INFO] IPUIPlugin:80 - create IPUIPlugin
2026-05-11 12:13:05,653 [INFO] IPUIPlugin:80 - create IPUIPlugin
2026-05-11 12:13:05,653 [INFO] IPUIPlugin:80 - create IPUIPlugin
2026-05-11 12:13:05,654 [INFO] IPUIPlugin:80 - create IPUIPlugin
2026-05-11 12:13:05,654 [INFO] IPUIPlugin:80 - create IPUIPlugin
2026-05-11 12:13:05,654 [INFO] IPUIPlugin:80 - create IPUIPlugin
2026-05-11 12:13:05,654 [INFO] IPUIPlugin:80 - create IPUIPlugin
2026-05-11 12:13:05,655 [INFO] IPUIPlugin:80 - create IPUIPlugin
2026-05-11 12:13:05,655 [INFO] IPUIPlugin:80 - create IPUIPlugin
2026-05-11 12:13:05,655 [INFO] IPUIPlugin:80 - create IPUIPlugin
2026-05-11 12:13:05,655 [INFO] IPUIPlugin:80 - create IPUIPlugin
2026-05-11 12:13:05,656 [INFO] IPUIPlugin:80 - create IPUIPlugin
2026-05-11 12:13:05,656 [INFO] IPUIPlugin:80 - create IPUIPlugin
2026-05-11 12:13:05,656 [INFO] IPUIPlugin:80 - create IPUIPlugin
2026-05-11 12:13:05,657 [INFO] IPUIPlugin:80 - create IPUIPlugin
2026-05-11 12:13:05,657 [INFO] IPUIPlugin:80 - create IPUIPlugin
2026-05-11 12:13:05,657 [INFO] IPUIPlugin:80 - create IPUIPlugin
2026-05-11 12:13:05,658 [INFO] IPUIPlugin:80 - create IPUIPlugin
2026-05-11 12:13:05,658 [INFO] IPUIPlugin:80 - create IPUIPlugin
2026-05-11 12:13:05,658 [INFO] IPUIPlugin:80 - create IPUIPlugin
2026-05-11 12:13:05,658 [INFO] IPUIPlugin:80 - create IPUIPlugin
2026-05-11 12:13:05,658 [INFO] IPUIPlugin:80 - create IPUIPlugin
2026-05-11 12:13:05,659 [INFO] IPUIPlugin:80 - create IPUIPlugin
2026-05-11 12:13:05,659 [INFO] IPUIPlugin:80 - create IPUIPlugin
2026-05-11 12:13:05,660 [INFO] IPUIPlugin:80 - create IPUIPlugin
2026-05-11 12:13:05,660 [INFO] IPUIPlugin:80 - create IPUIPlugin
2026-05-11 12:13:05,660 [INFO] IPUIPlugin:80 - create IPUIPlugin
2026-05-11 12:13:05,661 [INFO] IPUIPlugin:80 - create IPUIPlugin
2026-05-11 12:13:05,661 [INFO] IPUIPlugin:80 - create IPUIPlugin
2026-05-11 12:13:05,661 [INFO] IPUIPlugin:80 - create IPUIPlugin
2026-05-11 12:13:05,995 [INFO] CADModel:165 - CPN selected for project levelSTM32L053C8T6
2026-05-11 12:13:05,995 [INFO] CADModel:114 - Register for checkConnection events
2026-05-11 12:13:06,050 [INFO] OpenFileManager:386 - Restore cursor
2026-05-11 12:13:06,292 [WARN] IP:2250 - TSC_G4_IO1 not found: check if there is a RefParameter without a condition.
2026-05-11 12:13:06,292 [WARN] IP:2250 - TSC_G6_IO1 not found: check if there is a RefParameter without a condition.
2026-05-11 12:13:06,292 [WARN] IP:2250 - TSC_G7_IO2 not found: check if there is a RefParameter without a condition.
2026-05-11 12:13:06,292 [WARN] IP:2250 - TSC_G2_IO1 not found: check if there is a RefParameter without a condition.
2026-05-11 12:13:06,292 [WARN] IP:2250 - TSC_G2_IO3 not found: check if there is a RefParameter without a condition.
2026-05-11 12:13:06,293 [WARN] IP:2250 - TSC_G4_IO1 not found: check if there is a RefParameter without a condition.
2026-05-11 12:13:06,293 [WARN] IP:2250 - TSC_G6_IO1 not found: check if there is a RefParameter without a condition.
2026-05-11 12:13:06,293 [WARN] IP:2250 - TSC_G7_IO2 not found: check if there is a RefParameter without a condition.
2026-05-11 12:13:06,293 [WARN] IP:2250 - TSC_G2_IO1 not found: check if there is a RefParameter without a condition.
2026-05-11 12:13:06,293 [WARN] IP:2250 - TSC_G2_IO3 not found: check if there is a RefParameter without a condition.
2026-05-11 12:13:06,294 [WARN] IP:2250 - TSC_G4_IO1 not found: check if there is a RefParameter without a condition.
2026-05-11 12:13:06,294 [WARN] IP:2250 - TSC_G6_IO1 not found: check if there is a RefParameter without a condition.
2026-05-11 12:13:06,294 [WARN] IP:2250 - TSC_G7_IO2 not found: check if there is a RefParameter without a condition.
2026-05-11 12:13:06,294 [WARN] IP:2250 - TSC_G2_IO1 not found: check if there is a RefParameter without a condition.
2026-05-11 12:13:06,294 [WARN] IP:2250 - TSC_G2_IO3 not found: check if there is a RefParameter without a condition.
2026-05-11 12:13:06,294 [WARN] IP:2250 - TSC_G4_IO1 not found: check if there is a RefParameter without a condition.
2026-05-11 12:13:06,294 [WARN] IP:2250 - TSC_G6_IO1 not found: check if there is a RefParameter without a condition.
2026-05-11 12:13:06,294 [WARN] IP:2250 - TSC_G7_IO2 not found: check if there is a RefParameter without a condition.
2026-05-11 12:13:06,295 [WARN] IP:2250 - TSC_G2_IO1 not found: check if there is a RefParameter without a condition.
2026-05-11 12:13:06,295 [WARN] IP:2250 - TSC_G2_IO3 not found: check if there is a RefParameter without a condition.
2026-05-11 12:13:06,295 [WARN] IP:2250 - TSC_G4_IO1 not found: check if there is a RefParameter without a condition.
2026-05-11 12:13:06,295 [WARN] IP:2250 - TSC_G6_IO1 not found: check if there is a RefParameter without a condition.
2026-05-11 12:13:06,295 [WARN] IP:2250 - TSC_G7_IO2 not found: check if there is a RefParameter without a condition.
2026-05-11 12:13:06,295 [WARN] IP:2250 - TSC_G2_IO1 not found: check if there is a RefParameter without a condition.
2026-05-11 12:13:06,295 [WARN] IP:2250 - TSC_G2_IO3 not found: check if there is a RefParameter without a condition.
2026-05-11 12:13:06,296 [WARN] IP:2250 - TSC_G4_IO1 not found: check if there is a RefParameter without a condition.
2026-05-11 12:13:06,296 [WARN] IP:2250 - TSC_G6_IO1 not found: check if there is a RefParameter without a condition.
2026-05-11 12:13:06,296 [WARN] IP:2250 - TSC_G7_IO2 not found: check if there is a RefParameter without a condition.
2026-05-11 12:13:06,296 [WARN] IP:2250 - TSC_G2_IO1 not found: check if there is a RefParameter without a condition.
2026-05-11 12:13:06,296 [WARN] IP:2250 - TSC_G2_IO3 not found: check if there is a RefParameter without a condition.
2026-05-11 12:13:07,350 [INFO] UtilMem:75 - End SaveConfig() Used Memory: 783740384 Bytes (1073741824)
2026-05-11 12:13:07,468 [INFO] UtilMem:75 - End SaveConfig() Used Memory: 794752480 Bytes (1073741824)
2026-05-11 12:13:07,702 [INFO] BlockDiagram:2775 - set Specific Code input for plugin: SPI
2026-05-11 12:13:07,702 [INFO] BlockDiagram:2775 - set Specific Code input for plugin: SPI
2026-05-11 12:13:07,702 [INFO] BlockDiagram:2775 - set Specific Code input for plugin: NVIC
2026-05-11 12:13:07,702 [INFO] BlockDiagram:2775 - set Specific Code input for plugin: USART
2026-05-11 12:13:07,702 [INFO] BlockDiagram:2775 - set Specific Code input for plugin: TSC
2026-05-11 12:13:07,702 [INFO] BlockDiagram:2775 - set Specific Code input for plugin: USB
2026-05-11 12:13:07,702 [INFO] BlockDiagram:2775 - set Specific Code input for plugin: SYS
2026-05-11 12:13:07,703 [INFO] BlockDiagram:2775 - set Specific Code input for plugin: GPIO
2026-05-11 12:13:07,703 [INFO] BlockDiagram:2775 - set Specific Code input for plugin: RCC
2026-05-11 12:13:07,703 [INFO] BlockDiagram:2775 - set Specific Code input for plugin: I2C
2026-05-11 12:13:07,705 [INFO] CodeGenerator:892 - code generatio: config db path: C:\ST\STM32CubeIDE_1.19.0\STM32CubeIDE\plugins\com.st.stm32cube.common.mx_6.15.0.202507011659\\db\
2026-05-11 12:13:07,748 [WARN] IP:2250 - TSC_G4_IO1 not found: check if there is a RefParameter without a condition.
2026-05-11 12:13:07,748 [WARN] IP:2250 - TSC_G6_IO1 not found: check if there is a RefParameter without a condition.
2026-05-11 12:13:07,749 [WARN] IP:2250 - TSC_G7_IO2 not found: check if there is a RefParameter without a condition.
2026-05-11 12:13:07,749 [WARN] IP:2250 - TSC_G2_IO1 not found: check if there is a RefParameter without a condition.
2026-05-11 12:13:07,749 [WARN] IP:2250 - TSC_G2_IO3 not found: check if there is a RefParameter without a condition.
2026-05-11 12:13:07,749 [WARN] IP:2250 - TSC_G4_IO1 not found: check if there is a RefParameter without a condition.
2026-05-11 12:13:07,749 [WARN] IP:2250 - TSC_G6_IO1 not found: check if there is a RefParameter without a condition.
2026-05-11 12:13:07,749 [WARN] IP:2250 - TSC_G7_IO2 not found: check if there is a RefParameter without a condition.
2026-05-11 12:13:07,749 [WARN] IP:2250 - TSC_G2_IO1 not found: check if there is a RefParameter without a condition.
2026-05-11 12:13:07,749 [WARN] IP:2250 - TSC_G2_IO3 not found: check if there is a RefParameter without a condition.
2026-05-11 12:13:07,750 [WARN] IP:2250 - TSC_G4_IO1 not found: check if there is a RefParameter without a condition.
2026-05-11 12:13:07,750 [WARN] IP:2250 - TSC_G6_IO1 not found: check if there is a RefParameter without a condition.
2026-05-11 12:13:07,750 [WARN] IP:2250 - TSC_G7_IO2 not found: check if there is a RefParameter without a condition.
2026-05-11 12:13:07,750 [WARN] IP:2250 - TSC_G2_IO1 not found: check if there is a RefParameter without a condition.
2026-05-11 12:13:07,750 [WARN] IP:2250 - TSC_G2_IO3 not found: check if there is a RefParameter without a condition.
2026-05-11 12:13:07,751 [WARN] IP:2250 - TSC_G4_IO1 not found: check if there is a RefParameter without a condition.
2026-05-11 12:13:07,751 [WARN] IP:2250 - TSC_G6_IO1 not found: check if there is a RefParameter without a condition.
2026-05-11 12:13:07,751 [WARN] IP:2250 - TSC_G7_IO2 not found: check if there is a RefParameter without a condition.
2026-05-11 12:13:07,751 [WARN] IP:2250 - TSC_G2_IO1 not found: check if there is a RefParameter without a condition.
2026-05-11 12:13:07,751 [WARN] IP:2250 - TSC_G2_IO3 not found: check if there is a RefParameter without a condition.
2026-05-11 12:13:07,751 [WARN] IP:2250 - TSC_G4_IO1 not found: check if there is a RefParameter without a condition.
2026-05-11 12:13:07,752 [WARN] IP:2250 - TSC_G6_IO1 not found: check if there is a RefParameter without a condition.
2026-05-11 12:13:07,752 [WARN] IP:2250 - TSC_G7_IO2 not found: check if there is a RefParameter without a condition.
2026-05-11 12:13:07,752 [WARN] IP:2250 - TSC_G2_IO1 not found: check if there is a RefParameter without a condition.
2026-05-11 12:13:07,752 [WARN] IP:2250 - TSC_G2_IO3 not found: check if there is a RefParameter without a condition.
2026-05-11 12:13:07,752 [WARN] IP:2250 - TSC_G4_IO1 not found: check if there is a RefParameter without a condition.
2026-05-11 12:13:07,753 [WARN] IP:2250 - TSC_G6_IO1 not found: check if there is a RefParameter without a condition.
2026-05-11 12:13:07,753 [WARN] IP:2250 - TSC_G7_IO2 not found: check if there is a RefParameter without a condition.
2026-05-11 12:13:07,753 [WARN] IP:2250 - TSC_G2_IO1 not found: check if there is a RefParameter without a condition.
2026-05-11 12:13:07,753 [WARN] IP:2250 - TSC_G2_IO3 not found: check if there is a RefParameter without a condition.
2026-05-11 12:13:07,983 [INFO] CodeEngine:265 - oldGeneratedFile, D:\stm32L0\first\MXTmpFiles\license.tmp_save
2026-05-11 12:13:08,597 [INFO] CodeEngine:289 - Generated code: D:\stm32L0\first\MXTmpFiles\license.tmp
2026-05-11 12:13:08,860 [INFO] CodeEngine:265 - oldGeneratedFile, D:\stm32L0\first\MXTmpFiles\gpio.tmp_save
2026-05-11 12:13:09,091 [INFO] CodeEngine:289 - Generated code: D:\stm32L0\first\MXTmpFiles\gpio.tmp
2026-05-11 12:13:09,632 [WARN] IP:2250 - TSC_G4_IO1 not found: check if there is a RefParameter without a condition.
2026-05-11 12:13:09,632 [WARN] IP:2250 - TSC_G6_IO1 not found: check if there is a RefParameter without a condition.
2026-05-11 12:13:09,632 [WARN] IP:2250 - TSC_G7_IO2 not found: check if there is a RefParameter without a condition.
2026-05-11 12:13:09,633 [WARN] IP:2250 - TSC_G2_IO1 not found: check if there is a RefParameter without a condition.
2026-05-11 12:13:09,633 [WARN] IP:2250 - TSC_G2_IO3 not found: check if there is a RefParameter without a condition.
2026-05-11 12:13:09,633 [WARN] IP:2250 - TSC_G4_IO1 not found: check if there is a RefParameter without a condition.
2026-05-11 12:13:09,633 [WARN] IP:2250 - TSC_G6_IO1 not found: check if there is a RefParameter without a condition.
2026-05-11 12:13:09,633 [WARN] IP:2250 - TSC_G7_IO2 not found: check if there is a RefParameter without a condition.
2026-05-11 12:13:09,633 [WARN] IP:2250 - TSC_G2_IO1 not found: check if there is a RefParameter without a condition.
2026-05-11 12:13:09,633 [WARN] IP:2250 - TSC_G2_IO3 not found: check if there is a RefParameter without a condition.
2026-05-11 12:13:09,634 [WARN] IP:2250 - TSC_G4_IO1 not found: check if there is a RefParameter without a condition.
2026-05-11 12:13:09,634 [WARN] IP:2250 - TSC_G6_IO1 not found: check if there is a RefParameter without a condition.
2026-05-11 12:13:09,634 [WARN] IP:2250 - TSC_G7_IO2 not found: check if there is a RefParameter without a condition.
2026-05-11 12:13:09,634 [WARN] IP:2250 - TSC_G2_IO1 not found: check if there is a RefParameter without a condition.
2026-05-11 12:13:09,634 [WARN] IP:2250 - TSC_G2_IO3 not found: check if there is a RefParameter without a condition.
2026-05-11 12:13:09,634 [WARN] IP:2250 - TSC_G4_IO1 not found: check if there is a RefParameter without a condition.
2026-05-11 12:13:09,634 [WARN] IP:2250 - TSC_G6_IO1 not found: check if there is a RefParameter without a condition.
2026-05-11 12:13:09,634 [WARN] IP:2250 - TSC_G7_IO2 not found: check if there is a RefParameter without a condition.
2026-05-11 12:13:09,634 [WARN] IP:2250 - TSC_G2_IO1 not found: check if there is a RefParameter without a condition.
2026-05-11 12:13:09,634 [WARN] IP:2250 - TSC_G2_IO3 not found: check if there is a RefParameter without a condition.
2026-05-11 12:13:09,634 [WARN] IP:2250 - TSC_G4_IO1 not found: check if there is a RefParameter without a condition.
2026-05-11 12:13:09,634 [WARN] IP:2250 - TSC_G6_IO1 not found: check if there is a RefParameter without a condition.
2026-05-11 12:13:09,634 [WARN] IP:2250 - TSC_G7_IO2 not found: check if there is a RefParameter without a condition.
2026-05-11 12:13:09,634 [WARN] IP:2250 - TSC_G2_IO1 not found: check if there is a RefParameter without a condition.
2026-05-11 12:13:09,634 [WARN] IP:2250 - TSC_G2_IO3 not found: check if there is a RefParameter without a condition.
2026-05-11 12:13:09,984 [INFO] CodeEngine:265 - oldGeneratedFile, D:\stm32L0\first\Core\Src\stm32l0xx_it.c_save
2026-05-11 12:13:10,148 [INFO] CodeEngine:289 - Generated code: D:\stm32L0\first\Core\Src\stm32l0xx_it.c
2026-05-11 12:13:10,157 [INFO] CodeEngine:265 - oldGeneratedFile, D:\stm32L0\first\Core\Inc\stm32l0xx_it.h_save
2026-05-11 12:13:10,256 [INFO] CodeEngine:289 - Generated code: D:\stm32L0\first\Core\Inc\stm32l0xx_it.h
2026-05-11 12:13:10,277 [INFO] CodeEngine:265 - oldGeneratedFile, D:\stm32L0\first\Core\Src\stm32l0xx_hal_msp.c_save
2026-05-11 12:13:10,483 [INFO] CodeEngine:289 - Generated code: D:\stm32L0\first\Core\Src\stm32l0xx_hal_msp.c
2026-05-11 12:13:10,490 [INFO] CodeEngine:265 - oldGeneratedFile, D:\stm32L0\first\MXTmpFiles\system.tmp_save
2026-05-11 12:13:10,579 [INFO] CodeEngine:289 - Generated code: D:\stm32L0\first\MXTmpFiles\system.tmp
2026-05-11 12:13:10,598 [INFO] CodeEngine:321 - oldGeneratedFile, D:\stm32L0\first\Core\Inc\stm32l0xx_hal_conf.h_save
2026-05-11 12:13:10,688 [INFO] CodeEngine:345 - Generated code: D:\stm32L0\first\Core\Inc\stm32l0xx_hal_conf.h
2026-05-11 12:13:10,734 [INFO] ApiDbMcu:532 - Load IP Config File for I2C1
2026-05-11 12:13:10,739 [INFO] ApiDbMcu:532 - Load IP Config File for SPI1
2026-05-11 12:13:10,743 [INFO] ApiDbMcu:532 - Load IP Config File for SPI2
2026-05-11 12:13:10,746 [INFO] ApiDbMcu:532 - Load IP Config File for TSC
2026-05-11 12:13:10,755 [INFO] ApiDbMcu:532 - Load IP Config File for USART1
2026-05-11 12:13:10,760 [INFO] ApiDbMcu:532 - Load IP Config File for USB
2026-05-11 12:13:10,765 [INFO] ApiDbMcu:532 - Load IP Config File for RCC
2026-05-11 12:13:10,792 [INFO] CodeEngine:265 - oldGeneratedFile, D:\stm32L0\first\Core\Inc\main.h_save
2026-05-11 12:13:10,910 [INFO] CodeEngine:289 - Generated code: D:\stm32L0\first\Core\Inc\main.h
2026-05-11 12:13:10,919 [INFO] CodeEngine:265 - oldGeneratedFile, D:\stm32L0\first\Core\Src\main.c_save
2026-05-11 12:13:11,117 [INFO] CodeEngine:289 - Generated code: D:\stm32L0\first\Core\Src\main.c
2026-05-11 12:13:11,668 [INFO] ProjectBuilder:3606 - Time for Copy HAL[1] : 255mS.
2026-05-11 12:13:11,679 [INFO] ProjectBuilder:5216 - Project Generator version: 4.7.0-B52
2026-05-11 12:13:11,878 [INFO] ConfigFileManager:1595 - The Die is : DIE417
2026-05-11 12:13:11,897 [INFO] ApiDbMcu:532 - Load IP Config File for FATFS
2026-05-11 12:13:11,904 [INFO] ApiDbMcu:532 - Load IP Config File for FREERTOS
2026-05-11 12:13:11,923 [INFO] ApiDbMcu:532 - Load IP Config File for TOUCHSENSING
2026-05-11 12:13:11,931 [INFO] ApiDbMcu:532 - Load IP Config File for USB_DEVICE
2026-05-11 12:13:12,504 [INFO] LogOutputStream:77 - [STDOUT_REDIRECT] 
2026-05-11 12:13:19,522 [INFO] ProjectBuilder:5496 - Time for Generating toolchain IDE Files: 7842mS.
2026-05-11 12:13:19,523 [INFO] ProjectBuilder:3463 - Time for Copy CMSIS : 1mS.
2026-05-11 12:13:19,525 [INFO] ProjectBuilder:3463 - Time for Copy CMSIS : 0mS.
2026-05-11 12:13:21,897 [INFO] McuFinderGlobals:76 - Set McuFinderConnectedMode to true
2026-05-11 12:13:21,904 [INFO] ApiDb:448 - Save user favorites file C:\Users\jahna/.stm32cubeide/favorites.mcus.txt: 0 item(s)
2026-05-11 12:13:21,904 [INFO] ApiDb:452 - User favorites MCUs=[]
2026-05-11 12:13:21,907 [INFO] ApiDb:448 - Save user favorites file C:\Users\jahna/.stm32cubeide/favorites.boards.txt: 0 item(s)
2026-05-11 12:13:21,907 [INFO] ApiDb:452 - User favorites Boards=[]
2026-05-11 12:13:30,108 [INFO] I2cTimingTraitement:330 - 0x00B07CB4
2026-05-11 12:13:30,174 [WARN] IP:2250 - TSC_G4_IO1 not found: check if there is a RefParameter without a condition.
2026-05-11 12:13:30,174 [WARN] IP:2250 - TSC_G6_IO1 not found: check if there is a RefParameter without a condition.
2026-05-11 12:13:30,174 [WARN] IP:2250 - TSC_G7_IO2 not found: check if there is a RefParameter without a condition.
2026-05-11 12:13:30,174 [WARN] IP:2250 - TSC_G2_IO1 not found: check if there is a RefParameter without a condition.
2026-05-11 12:13:30,174 [WARN] IP:2250 - TSC_G2_IO3 not found: check if there is a RefParameter without a condition.
2026-05-11 12:13:30,175 [WARN] IP:2250 - TSC_G4_IO1 not found: check if there is a RefParameter without a condition.
2026-05-11 12:13:30,175 [WARN] IP:2250 - TSC_G6_IO1 not found: check if there is a RefParameter without a condition.
2026-05-11 12:13:30,175 [WARN] IP:2250 - TSC_G7_IO2 not found: check if there is a RefParameter without a condition.
2026-05-11 12:13:30,175 [WARN] IP:2250 - TSC_G2_IO1 not found: check if there is a RefParameter without a condition.
2026-05-11 12:13:30,175 [WARN] IP:2250 - TSC_G2_IO3 not found: check if there is a RefParameter without a condition.
2026-05-11 12:13:30,175 [WARN] IP:2250 - TSC_G4_IO1 not found: check if there is a RefParameter without a condition.
2026-05-11 12:13:30,175 [WARN] IP:2250 - TSC_G6_IO1 not found: check if there is a RefParameter without a condition.
2026-05-11 12:13:30,175 [WARN] IP:2250 - TSC_G7_IO2 not found: check if there is a RefParameter without a condition.
2026-05-11 12:13:30,175 [WARN] IP:2250 - TSC_G2_IO1 not found: check if there is a RefParameter without a condition.
2026-05-11 12:13:30,175 [WARN] IP:2250 - TSC_G2_IO3 not found: check if there is a RefParameter without a condition.
2026-05-11 12:13:30,176 [WARN] IP:2250 - TSC_G4_IO1 not found: check if there is a RefParameter without a condition.
2026-05-11 12:13:30,176 [WARN] IP:2250 - TSC_G6_IO1 not found: check if there is a RefParameter without a condition.
2026-05-11 12:13:30,176 [WARN] IP:2250 - TSC_G7_IO2 not found: check if there is a RefParameter without a condition.
2026-05-11 12:13:30,176 [WARN] IP:2250 - TSC_G2_IO1 not found: check if there is a RefParameter without a condition.
2026-05-11 12:13:30,176 [WARN] IP:2250 - TSC_G2_IO3 not found: check if there is a RefParameter without a condition.
2026-05-11 12:13:30,176 [WARN] IP:2250 - TSC_G4_IO1 not found: check if there is a RefParameter without a condition.
2026-05-11 12:13:30,176 [WARN] IP:2250 - TSC_G6_IO1 not found: check if there is a RefParameter without a condition.
2026-05-11 12:13:30,176 [WARN] IP:2250 - TSC_G7_IO2 not found: check if there is a RefParameter without a condition.
2026-05-11 12:13:30,176 [WARN] IP:2250 - TSC_G2_IO1 not found: check if there is a RefParameter without a condition.
2026-05-11 12:13:30,176 [WARN] IP:2250 - TSC_G2_IO3 not found: check if there is a RefParameter without a condition.
2026-05-11 12:13:30,176 [WARN] IP:2250 - TSC_G4_IO1 not found: check if there is a RefParameter without a condition.
2026-05-11 12:13:30,177 [WARN] IP:2250 - TSC_G6_IO1 not found: check if there is a RefParameter without a condition.
2026-05-11 12:13:30,177 [WARN] IP:2250 - TSC_G7_IO2 not found: check if there is a RefParameter without a condition.
2026-05-11 12:13:30,177 [WARN] IP:2250 - TSC_G2_IO1 not found: check if there is a RefParameter without a condition.
2026-05-11 12:13:30,177 [WARN] IP:2250 - TSC_G2_IO3 not found: check if there is a RefParameter without a condition.
2026-05-11 12:13:36,708 [INFO] UtilMem:75 - End SaveConfig() Used Memory: 713081920 Bytes (1073741824)
2026-05-11 12:13:38,191 [INFO] UtilMem:75 - End SaveConfig() Used Memory: 734579776 Bytes (1073741824)
2026-05-11 12:13:41,845 [INFO] UtilMem:75 - End SaveConfig() Used Memory: 867767504 Bytes (1073741824)
2026-05-11 12:13:42,292 [INFO] BlockDiagram:2775 - set Specific Code input for plugin: SPI
2026-05-11 12:13:42,292 [INFO] BlockDiagram:2775 - set Specific Code input for plugin: SPI
2026-05-11 12:13:42,292 [INFO] BlockDiagram:2775 - set Specific Code input for plugin: NVIC
2026-05-11 12:13:42,292 [INFO] BlockDiagram:2775 - set Specific Code input for plugin: USART
2026-05-11 12:13:42,292 [INFO] BlockDiagram:2775 - set Specific Code input for plugin: TSC
2026-05-11 12:13:42,292 [INFO] BlockDiagram:2775 - set Specific Code input for plugin: USB
2026-05-11 12:13:42,292 [INFO] BlockDiagram:2775 - set Specific Code input for plugin: SYS
2026-05-11 12:13:42,293 [INFO] BlockDiagram:2775 - set Specific Code input for plugin: GPIO
2026-05-11 12:13:42,293 [INFO] BlockDiagram:2775 - set Specific Code input for plugin: RCC
2026-05-11 12:13:42,293 [INFO] BlockDiagram:2775 - set Specific Code input for plugin: I2C
2026-05-11 12:13:42,294 [INFO] CodeGenerator:892 - code generatio: config db path: C:\ST\STM32CubeIDE_1.19.0\STM32CubeIDE\plugins\com.st.stm32cube.common.mx_6.15.0.202507011659\\db\
2026-05-11 12:13:42,328 [WARN] IP:2250 - TSC_G4_IO1 not found: check if there is a RefParameter without a condition.
2026-05-11 12:13:42,329 [WARN] IP:2250 - TSC_G6_IO1 not found: check if there is a RefParameter without a condition.
2026-05-11 12:13:42,329 [WARN] IP:2250 - TSC_G7_IO2 not found: check if there is a RefParameter without a condition.
2026-05-11 12:13:42,329 [WARN] IP:2250 - TSC_G2_IO1 not found: check if there is a RefParameter without a condition.
2026-05-11 12:13:42,329 [WARN] IP:2250 - TSC_G2_IO3 not found: check if there is a RefParameter without a condition.
2026-05-11 12:13:42,329 [WARN] IP:2250 - TSC_G4_IO1 not found: check if there is a RefParameter without a condition.
2026-05-11 12:13:42,329 [WARN] IP:2250 - TSC_G6_IO1 not found: check if there is a RefParameter without a condition.
2026-05-11 12:13:42,329 [WARN] IP:2250 - TSC_G7_IO2 not found: check if there is a RefParameter without a condition.
2026-05-11 12:13:42,329 [WARN] IP:2250 - TSC_G2_IO1 not found: check if there is a RefParameter without a condition.
2026-05-11 12:13:42,329 [WARN] IP:2250 - TSC_G2_IO3 not found: check if there is a RefParameter without a condition.
2026-05-11 12:13:42,330 [WARN] IP:2250 - TSC_G4_IO1 not found: check if there is a RefParameter without a condition.
2026-05-11 12:13:42,330 [WARN] IP:2250 - TSC_G6_IO1 not found: check if there is a RefParameter without a condition.
2026-05-11 12:13:42,330 [WARN] IP:2250 - TSC_G7_IO2 not found: check if there is a RefParameter without a condition.
2026-05-11 12:13:42,330 [WARN] IP:2250 - TSC_G2_IO1 not found: check if there is a RefParameter without a condition.
2026-05-11 12:13:42,330 [WARN] IP:2250 - TSC_G2_IO3 not found: check if there is a RefParameter without a condition.
2026-05-11 12:13:42,331 [WARN] IP:2250 - TSC_G4_IO1 not found: check if there is a RefParameter without a condition.
2026-05-11 12:13:42,331 [WARN] IP:2250 - TSC_G6_IO1 not found: check if there is a RefParameter without a condition.
2026-05-11 12:13:42,331 [WARN] IP:2250 - TSC_G7_IO2 not found: check if there is a RefParameter without a condition.
2026-05-11 12:13:42,331 [WARN] IP:2250 - TSC_G2_IO1 not found: check if there is a RefParameter without a condition.
2026-05-11 12:13:42,331 [WARN] IP:2250 - TSC_G2_IO3 not found: check if there is a RefParameter without a condition.
2026-05-11 12:13:42,331 [WARN] IP:2250 - TSC_G4_IO1 not found: check if there is a RefParameter without a condition.
2026-05-11 12:13:42,331 [WARN] IP:2250 - TSC_G6_IO1 not found: check if there is a RefParameter without a condition.
2026-05-11 12:13:42,332 [WARN] IP:2250 - TSC_G7_IO2 not found: check if there is a RefParameter without a condition.
2026-05-11 12:13:42,332 [WARN] IP:2250 - TSC_G2_IO1 not found: check if there is a RefParameter without a condition.
2026-05-11 12:13:42,332 [WARN] IP:2250 - TSC_G2_IO3 not found: check if there is a RefParameter without a condition.
2026-05-11 12:13:42,332 [WARN] IP:2250 - TSC_G4_IO1 not found: check if there is a RefParameter without a condition.
2026-05-11 12:13:42,333 [WARN] IP:2250 - TSC_G6_IO1 not found: check if there is a RefParameter without a condition.
2026-05-11 12:13:42,333 [WARN] IP:2250 - TSC_G7_IO2 not found: check if there is a RefParameter without a condition.
2026-05-11 12:13:42,333 [WARN] IP:2250 - TSC_G2_IO1 not found: check if there is a RefParameter without a condition.
2026-05-11 12:13:42,333 [WARN] IP:2250 - TSC_G2_IO3 not found: check if there is a RefParameter without a condition.
2026-05-11 12:13:42,430 [INFO] CodeEngine:265 - oldGeneratedFile, D:\stm32L0\first\MXTmpFiles\license.tmp_save
2026-05-11 12:13:42,531 [INFO] CodeEngine:289 - Generated code: D:\stm32L0\first\MXTmpFiles\license.tmp
2026-05-11 12:13:42,646 [INFO] CodeEngine:265 - oldGeneratedFile, D:\stm32L0\first\MXTmpFiles\gpio.tmp_save
2026-05-11 12:13:42,725 [INFO] CodeEngine:289 - Generated code: D:\stm32L0\first\MXTmpFiles\gpio.tmp
2026-05-11 12:13:43,089 [WARN] IP:2250 - TSC_G4_IO1 not found: check if there is a RefParameter without a condition.
2026-05-11 12:13:43,089 [WARN] IP:2250 - TSC_G6_IO1 not found: check if there is a RefParameter without a condition.
2026-05-11 12:13:43,089 [WARN] IP:2250 - TSC_G7_IO2 not found: check if there is a RefParameter without a condition.
2026-05-11 12:13:43,089 [WARN] IP:2250 - TSC_G2_IO1 not found: check if there is a RefParameter without a condition.
2026-05-11 12:13:43,089 [WARN] IP:2250 - TSC_G2_IO3 not found: check if there is a RefParameter without a condition.
2026-05-11 12:13:43,089 [WARN] IP:2250 - TSC_G4_IO1 not found: check if there is a RefParameter without a condition.
2026-05-11 12:13:43,089 [WARN] IP:2250 - TSC_G6_IO1 not found: check if there is a RefParameter without a condition.
2026-05-11 12:13:43,089 [WARN] IP:2250 - TSC_G7_IO2 not found: check if there is a RefParameter without a condition.
2026-05-11 12:13:43,089 [WARN] IP:2250 - TSC_G2_IO1 not found: check if there is a RefParameter without a condition.
2026-05-11 12:13:43,089 [WARN] IP:2250 - TSC_G2_IO3 not found: check if there is a RefParameter without a condition.
2026-05-11 12:13:43,089 [WARN] IP:2250 - TSC_G4_IO1 not found: check if there is a RefParameter without a condition.
2026-05-11 12:13:43,089 [WARN] IP:2250 - TSC_G6_IO1 not found: check if there is a RefParameter without a condition.
2026-05-11 12:13:43,089 [WARN] IP:2250 - TSC_G7_IO2 not found: check if there is a RefParameter without a condition.
2026-05-11 12:13:43,089 [WARN] IP:2250 - TSC_G2_IO1 not found: check if there is a RefParameter without a condition.
2026-05-11 12:13:43,089 [WARN] IP:2250 - TSC_G2_IO3 not found: check if there is a RefParameter without a condition.
2026-05-11 12:13:43,090 [WARN] IP:2250 - TSC_G4_IO1 not found: check if there is a RefParameter without a condition.
2026-05-11 12:13:43,090 [WARN] IP:2250 - TSC_G6_IO1 not found: check if there is a RefParameter without a condition.
2026-05-11 12:13:43,090 [WARN] IP:2250 - TSC_G7_IO2 not found: check if there is a RefParameter without a condition.
2026-05-11 12:13:43,090 [WARN] IP:2250 - TSC_G2_IO1 not found: check if there is a RefParameter without a condition.
2026-05-11 12:13:43,090 [WARN] IP:2250 - TSC_G2_IO3 not found: check if there is a RefParameter without a condition.
2026-05-11 12:13:43,090 [WARN] IP:2250 - TSC_G4_IO1 not found: check if there is a RefParameter without a condition.
2026-05-11 12:13:43,090 [WARN] IP:2250 - TSC_G6_IO1 not found: check if there is a RefParameter without a condition.
2026-05-11 12:13:43,090 [WARN] IP:2250 - TSC_G7_IO2 not found: check if there is a RefParameter without a condition.
2026-05-11 12:13:43,090 [WARN] IP:2250 - TSC_G2_IO1 not found: check if there is a RefParameter without a condition.
2026-05-11 12:13:43,090 [WARN] IP:2250 - TSC_G2_IO3 not found: check if there is a RefParameter without a condition.
2026-05-11 12:13:43,404 [INFO] CodeEngine:265 - oldGeneratedFile, D:\stm32L0\first\Core\Src\stm32l0xx_it.c_save
2026-05-11 12:13:43,538 [INFO] CodeEngine:289 - Generated code: D:\stm32L0\first\Core\Src\stm32l0xx_it.c
2026-05-11 12:13:43,548 [INFO] CodeEngine:265 - oldGeneratedFile, D:\stm32L0\first\Core\Inc\stm32l0xx_it.h_save
2026-05-11 12:13:43,657 [INFO] CodeEngine:289 - Generated code: D:\stm32L0\first\Core\Inc\stm32l0xx_it.h
2026-05-11 12:13:43,678 [INFO] CodeEngine:265 - oldGeneratedFile, D:\stm32L0\first\Core\Src\stm32l0xx_hal_msp.c_save
2026-05-11 12:13:43,844 [INFO] CodeEngine:289 - Generated code: D:\stm32L0\first\Core\Src\stm32l0xx_hal_msp.c
2026-05-11 12:13:43,854 [INFO] CodeEngine:265 - oldGeneratedFile, D:\stm32L0\first\MXTmpFiles\system.tmp_save
2026-05-11 12:13:43,944 [INFO] CodeEngine:289 - Generated code: D:\stm32L0\first\MXTmpFiles\system.tmp
2026-05-11 12:13:43,967 [INFO] CodeEngine:321 - oldGeneratedFile, D:\stm32L0\first\Core\Inc\stm32l0xx_hal_conf.h_save
2026-05-11 12:13:44,084 [INFO] CodeEngine:345 - Generated code: D:\stm32L0\first\Core\Inc\stm32l0xx_hal_conf.h
2026-05-11 12:13:44,118 [INFO] CodeEngine:265 - oldGeneratedFile, D:\stm32L0\first\Core\Inc\main.h_save
2026-05-11 12:13:44,212 [INFO] CodeEngine:289 - Generated code: D:\stm32L0\first\Core\Inc\main.h
2026-05-11 12:13:44,218 [INFO] CodeEngine:265 - oldGeneratedFile, D:\stm32L0\first\Core\Src\main.c_save
2026-05-11 12:13:44,340 [INFO] CodeEngine:289 - Generated code: D:\stm32L0\first\Core\Src\main.c
2026-05-11 12:13:44,711 [INFO] ProjectBuilder:3606 - Time for Copy HAL[1] : 206mS.
2026-05-11 12:13:44,716 [INFO] ProjectBuilder:5216 - Project Generator version: 4.7.0-B52
2026-05-11 12:13:44,816 [INFO] ConfigFileManager:1595 - The Die is : DIE417
2026-05-11 12:13:45,861 [INFO] ProjectBuilder:5496 - Time for Generating toolchain IDE Files: 1145mS.
2026-05-11 12:13:45,863 [INFO] ProjectBuilder:3463 - Time for Copy CMSIS : 0mS.
2026-05-11 12:13:45,865 [INFO] ProjectBuilder:3463 - Time for Copy CMSIS : 0mS.
2026-05-11 12:25:57,240 [INFO] WebApp:194 - Connection lost
2026-05-11 12:25:58,124 [INFO] WebApp:191 - Connection restablished
2026-05-11 12:48:15,263 [INFO] I2cTimingTraitement:330 - 0x00B07CB4
2026-05-11 12:48:15,831 [WARN] IP:2250 - TSC_G4_IO1 not found: check if there is a RefParameter without a condition.
2026-05-11 12:48:15,832 [WARN] IP:2250 - TSC_G6_IO1 not found: check if there is a RefParameter without a condition.
2026-05-11 12:48:15,833 [WARN] IP:2250 - TSC_G7_IO2 not found: check if there is a RefParameter without a condition.
2026-05-11 12:48:15,833 [WARN] IP:2250 - TSC_G2_IO1 not found: check if there is a RefParameter without a condition.
2026-05-11 12:48:15,834 [WARN] IP:2250 - TSC_G2_IO3 not found: check if there is a RefParameter without a condition.
2026-05-11 12:48:15,836 [WARN] IP:2250 - TSC_G4_IO1 not found: check if there is a RefParameter without a condition.
2026-05-11 12:48:15,836 [WARN] IP:2250 - TSC_G6_IO1 not found: check if there is a RefParameter without a condition.
2026-05-11 12:48:15,837 [WARN] IP:2250 - TSC_G7_IO2 not found: check if there is a RefParameter without a condition.
2026-05-11 12:48:15,837 [WARN] IP:2250 - TSC_G2_IO1 not found: check if there is a RefParameter without a condition.
2026-05-11 12:48:15,837 [WARN] IP:2250 - TSC_G2_IO3 not found: check if there is a RefParameter without a condition.
2026-05-11 12:48:15,839 [WARN] IP:2250 - TSC_G4_IO1 not found: check if there is a RefParameter without a condition.
2026-05-11 12:48:15,839 [WARN] IP:2250 - TSC_G6_IO1 not found: check if there is a RefParameter without a condition.
2026-05-11 12:48:15,840 [WARN] IP:2250 - TSC_G7_IO2 not found: check if there is a RefParameter without a condition.
2026-05-11 12:48:15,840 [WARN] IP:2250 - TSC_G2_IO1 not found: check if there is a RefParameter without a condition.
2026-05-11 12:48:15,840 [WARN] IP:2250 - TSC_G2_IO3 not found: check if there is a RefParameter without a condition.
2026-05-11 12:48:15,842 [WARN] IP:2250 - TSC_G4_IO1 not found: check if there is a RefParameter without a condition.
2026-05-11 12:48:15,843 [WARN] IP:2250 - TSC_G6_IO1 not found: check if there is a RefParameter without a condition.
2026-05-11 12:48:15,843 [WARN] IP:2250 - TSC_G7_IO2 not found: check if there is a RefParameter without a condition.
2026-05-11 12:48:15,844 [WARN] IP:2250 - TSC_G2_IO1 not found: check if there is a RefParameter without a condition.
2026-05-11 12:48:15,844 [WARN] IP:2250 - TSC_G2_IO3 not found: check if there is a RefParameter without a condition.
2026-05-11 12:48:15,846 [WARN] IP:2250 - TSC_G4_IO1 not found: check if there is a RefParameter without a condition.
2026-05-11 12:48:15,846 [WARN] IP:2250 - TSC_G6_IO1 not found: check if there is a RefParameter without a condition.
2026-05-11 12:48:15,848 [WARN] IP:2250 - TSC_G7_IO2 not found: check if there is a RefParameter without a condition.
2026-05-11 12:48:15,849 [WARN] IP:2250 - TSC_G2_IO1 not found: check if there is a RefParameter without a condition.
2026-05-11 12:48:15,849 [WARN] IP:2250 - TSC_G2_IO3 not found: check if there is a RefParameter without a condition.
2026-05-11 12:48:15,851 [WARN] IP:2250 - TSC_G4_IO1 not found: check if there is a RefParameter without a condition.
2026-05-11 12:48:15,852 [WARN] IP:2250 - TSC_G6_IO1 not found: check if there is a RefParameter without a condition.
2026-05-11 12:48:15,852 [WARN] IP:2250 - TSC_G7_IO2 not found: check if there is a RefParameter without a condition.
2026-05-11 12:48:15,852 [WARN] IP:2250 - TSC_G2_IO1 not found: check if there is a RefParameter without a condition.
2026-05-11 12:48:15,852 [WARN] IP:2250 - TSC_G2_IO3 not found: check if there is a RefParameter without a condition.
2026-05-11 12:49:24,889 [INFO] UtilMem:75 - End SaveConfig() Used Memory: 830079664 Bytes (1073741824)
2026-05-11 12:49:26,647 [INFO] UtilMem:75 - End SaveConfig() Used Memory: 884236552 Bytes (1073741824)
2026-05-11 12:49:30,753 [INFO] UtilMem:75 - End SaveConfig() Used Memory: 950651680 Bytes (1073741824)
2026-05-11 12:49:31,086 [INFO] ProjectBuilder:2380 - IP not ready for code generation: Clock
2026-05-11 12:49:36,214 [INFO] BlockDiagram:2775 - set Specific Code input for plugin: NVIC
2026-05-11 12:49:36,215 [INFO] BlockDiagram:2775 - set Specific Code input for plugin: RCC
2026-05-11 12:49:36,227 [INFO] CodeGenerator:892 - code generatio: config db path: C:\ST\STM32CubeIDE_1.19.0\STM32CubeIDE\plugins\com.st.stm32cube.common.mx_6.15.0.202507011659\\db\
2026-05-11 12:49:36,434 [INFO] CodeEngine:265 - oldGeneratedFile, D:\stm32L0\first\MXTmpFiles\license.tmp_save
2026-05-11 12:49:36,774 [INFO] CodeEngine:289 - Generated code: D:\stm32L0\first\MXTmpFiles\license.tmp
2026-05-11 12:49:36,805 [INFO] CodeEngine:265 - oldGeneratedFile, D:\stm32L0\first\Core\Src\stm32l0xx_it.c_save
2026-05-11 12:49:37,173 [INFO] CodeEngine:289 - Generated code: D:\stm32L0\first\Core\Src\stm32l0xx_it.c
2026-05-11 12:49:37,187 [INFO] CodeEngine:265 - oldGeneratedFile, D:\stm32L0\first\Core\Inc\stm32l0xx_it.h_save
2026-05-11 12:49:37,311 [INFO] CodeEngine:289 - Generated code: D:\stm32L0\first\Core\Inc\stm32l0xx_it.h
2026-05-11 12:49:37,434 [INFO] CodeEngine:265 - oldGeneratedFile, D:\stm32L0\first\Core\Src\stm32l0xx_hal_msp.c_save
2026-05-11 12:49:37,607 [INFO] CodeEngine:289 - Generated code: D:\stm32L0\first\Core\Src\stm32l0xx_hal_msp.c
2026-05-11 12:49:37,621 [INFO] CodeEngine:265 - oldGeneratedFile, D:\stm32L0\first\MXTmpFiles\system.tmp_save
2026-05-11 12:49:37,720 [INFO] CodeEngine:289 - Generated code: D:\stm32L0\first\MXTmpFiles\system.tmp
2026-05-11 12:49:37,744 [INFO] CodeEngine:321 - oldGeneratedFile, D:\stm32L0\first\Core\Inc\stm32l0xx_hal_conf.h_save
2026-05-11 12:49:37,869 [INFO] CodeEngine:345 - Generated code: D:\stm32L0\first\Core\Inc\stm32l0xx_hal_conf.h
2026-05-11 12:49:37,964 [INFO] CodeEngine:265 - oldGeneratedFile, D:\stm32L0\first\Core\Inc\main.h_save
2026-05-11 12:49:38,139 [INFO] CodeEngine:289 - Generated code: D:\stm32L0\first\Core\Inc\main.h
2026-05-11 12:49:38,151 [INFO] CodeEngine:265 - oldGeneratedFile, D:\stm32L0\first\Core\Src\main.c_save
2026-05-11 12:49:38,336 [INFO] CodeEngine:289 - Generated code: D:\stm32L0\first\Core\Src\main.c
2026-05-11 12:49:39,267 [INFO] ProjectBuilder:3606 - Time for Copy HAL[1] : 450mS.
2026-05-11 12:49:39,277 [INFO] ProjectBuilder:5216 - Project Generator version: 4.7.0-B52
2026-05-11 12:49:39,428 [INFO] ConfigFileManager:1595 - The Die is : DIE417
2026-05-11 12:49:41,328 [INFO] ProjectBuilder:5496 - Time for Generating toolchain IDE Files: 2052mS.
2026-05-11 12:49:41,330 [INFO] ProjectBuilder:3463 - Time for Copy CMSIS : 0mS.
2026-05-11 12:49:41,331 [INFO] ProjectBuilder:3463 - Time for Copy CMSIS : 0mS.
2026-05-11 13:11:58,389 [WARN] IpParametersView:155 - Warning: This peripheral hasn't parameters
2026-05-11 13:12:51,662 [INFO] Mcu:1682 - InternalPropertyChange: try BijectiveRequest:1/2 Duty Cycle
2026-05-11 13:13:00,209 [INFO] Mcu:1682 - InternalPropertyChange: try BijectiveRequest:1/3 Duty Cycle
2026-05-11 13:13:17,208 [INFO] UtilMem:75 - End SaveConfig() Used Memory: 693342960 Bytes (1073741824)
2026-05-11 13:13:18,195 [INFO] UtilMem:75 - End SaveConfig() Used Memory: 718822032 Bytes (1073741824)
2026-05-11 13:13:21,305 [INFO] UtilMem:75 - End SaveConfig() Used Memory: 785968472 Bytes (1073741824)
2026-05-11 13:13:21,708 [INFO] ProjectBuilder:2380 - IP not ready for code generation: Clock
2026-05-11 13:13:23,632 [INFO] BlockDiagram:2775 - set Specific Code input for plugin: NVIC
2026-05-11 13:13:23,633 [INFO] BlockDiagram:2775 - set Specific Code input for plugin: USART
2026-05-11 13:13:23,633 [INFO] BlockDiagram:2775 - set Specific Code input for plugin: LCD
2026-05-11 13:13:23,633 [INFO] BlockDiagram:2775 - set Specific Code input for plugin: SYS
2026-05-11 13:13:23,634 [INFO] BlockDiagram:2775 - set Specific Code input for plugin: GPIO
2026-05-11 13:13:23,634 [INFO] BlockDiagram:2775 - set Specific Code input for plugin: RCC
2026-05-11 13:13:23,665 [INFO] CodeGenerator:892 - code generatio: config db path: C:\ST\STM32CubeIDE_1.19.0\STM32CubeIDE\plugins\com.st.stm32cube.common.mx_6.15.0.202507011659\\db\
2026-05-11 13:13:23,819 [INFO] CodeEngine:265 - oldGeneratedFile, D:\stm32L0\first\MXTmpFiles\license.tmp_save
2026-05-11 13:13:24,221 [INFO] CodeEngine:289 - Generated code: D:\stm32L0\first\MXTmpFiles\license.tmp
2026-05-11 13:13:24,335 [INFO] CodeEngine:265 - oldGeneratedFile, D:\stm32L0\first\MXTmpFiles\gpio.tmp_save
2026-05-11 13:13:24,543 [INFO] CodeEngine:289 - Generated code: D:\stm32L0\first\MXTmpFiles\gpio.tmp
2026-05-11 13:13:24,762 [INFO] CodeEngine:265 - oldGeneratedFile, D:\stm32L0\first\Core\Src\stm32l0xx_it.c_save
2026-05-11 13:13:25,238 [INFO] CodeEngine:289 - Generated code: D:\stm32L0\first\Core\Src\stm32l0xx_it.c
2026-05-11 13:13:25,263 [INFO] CodeEngine:265 - oldGeneratedFile, D:\stm32L0\first\Core\Inc\stm32l0xx_it.h_save
2026-05-11 13:13:25,436 [INFO] CodeEngine:289 - Generated code: D:\stm32L0\first\Core\Inc\stm32l0xx_it.h
2026-05-11 13:13:25,467 [INFO] CodeEngine:265 - oldGeneratedFile, D:\stm32L0\first\Core\Src\stm32l0xx_hal_msp.c_save
2026-05-11 13:13:25,792 [INFO] CodeEngine:289 - Generated code: D:\stm32L0\first\Core\Src\stm32l0xx_hal_msp.c
2026-05-11 13:13:25,810 [INFO] CodeEngine:265 - oldGeneratedFile, D:\stm32L0\first\MXTmpFiles\system.tmp_save
2026-05-11 13:13:25,945 [INFO] CodeEngine:289 - Generated code: D:\stm32L0\first\MXTmpFiles\system.tmp
2026-05-11 13:13:25,982 [INFO] CodeEngine:321 - oldGeneratedFile, D:\stm32L0\first\Core\Inc\stm32l0xx_hal_conf.h_save
2026-05-11 13:13:26,129 [INFO] CodeEngine:345 - Generated code: D:\stm32L0\first\Core\Inc\stm32l0xx_hal_conf.h
2026-05-11 13:13:26,177 [INFO] ApiDbMcu:532 - Load IP Config File for LCD
2026-05-11 13:13:26,198 [INFO] CodeEngine:265 - oldGeneratedFile, D:\stm32L0\first\Core\Inc\main.h_save
2026-05-11 13:13:26,409 [INFO] CodeEngine:289 - Generated code: D:\stm32L0\first\Core\Inc\main.h
2026-05-11 13:13:26,423 [INFO] CodeEngine:265 - oldGeneratedFile, D:\stm32L0\first\Core\Src\main.c_save
2026-05-11 13:13:26,635 [INFO] CodeEngine:289 - Generated code: D:\stm32L0\first\Core\Src\main.c
2026-05-11 13:13:27,696 [INFO] ProjectBuilder:3606 - Time for Copy HAL[1] : 577mS.
2026-05-11 13:13:27,703 [INFO] ProjectBuilder:5216 - Project Generator version: 4.7.0-B52
2026-05-11 13:13:27,883 [INFO] ConfigFileManager:1595 - The Die is : DIE417
2026-05-11 13:13:30,130 [INFO] ProjectBuilder:5496 - Time for Generating toolchain IDE Files: 2427mS.
2026-05-11 13:13:30,132 [INFO] ProjectBuilder:3463 - Time for Copy CMSIS : 0mS.
2026-05-11 13:13:30,136 [INFO] ProjectBuilder:3463 - Time for Copy CMSIS : 0mS.
2026-05-11 13:17:45,310 [INFO] UtilMem:75 - End SaveConfig() Used Memory: 888174752 Bytes (1073741824)
2026-05-11 13:17:46,740 [INFO] UtilMem:75 - End SaveConfig() Used Memory: 910548200 Bytes (1073741824)
2026-05-11 13:17:50,136 [INFO] UtilMem:75 - End SaveConfig() Used Memory: 958431392 Bytes (1073741824)
2026-05-11 13:17:50,434 [INFO] ProjectBuilder:2380 - IP not ready for code generation: Clock
2026-05-11 13:17:51,968 [INFO] BlockDiagram:2775 - set Specific Code input for plugin: NVIC
2026-05-11 13:17:51,968 [INFO] BlockDiagram:2775 - set Specific Code input for plugin: USART
2026-05-11 13:17:51,968 [INFO] BlockDiagram:2775 - set Specific Code input for plugin: LCD
2026-05-11 13:17:51,968 [INFO] BlockDiagram:2775 - set Specific Code input for plugin: SYS
2026-05-11 13:17:51,970 [INFO] BlockDiagram:2775 - set Specific Code input for plugin: GPIO
2026-05-11 13:17:51,970 [INFO] BlockDiagram:2775 - set Specific Code input for plugin: RCC
2026-05-11 13:17:51,994 [INFO] CodeGenerator:892 - code generatio: config db path: C:\ST\STM32CubeIDE_1.19.0\STM32CubeIDE\plugins\com.st.stm32cube.common.mx_6.15.0.202507011659\\db\
2026-05-11 13:17:52,138 [INFO] CodeEngine:265 - oldGeneratedFile, D:\stm32L0\first\MXTmpFiles\license.tmp_save
2026-05-11 13:17:52,235 [INFO] CodeEngine:289 - Generated code: D:\stm32L0\first\MXTmpFiles\license.tmp
2026-05-11 13:17:52,277 [INFO] CodeEngine:265 - oldGeneratedFile, D:\stm32L0\first\MXTmpFiles\gpio.tmp_save
2026-05-11 13:17:52,341 [INFO] CodeEngine:289 - Generated code: D:\stm32L0\first\MXTmpFiles\gpio.tmp
2026-05-11 13:17:52,447 [INFO] CodeEngine:265 - oldGeneratedFile, D:\stm32L0\first\Core\Src\stm32l0xx_it.c_save
2026-05-11 13:17:52,600 [INFO] CodeEngine:289 - Generated code: D:\stm32L0\first\Core\Src\stm32l0xx_it.c
2026-05-11 13:17:52,608 [INFO] CodeEngine:265 - oldGeneratedFile, D:\stm32L0\first\Core\Inc\stm32l0xx_it.h_save
2026-05-11 13:17:52,686 [INFO] CodeEngine:289 - Generated code: D:\stm32L0\first\Core\Inc\stm32l0xx_it.h
2026-05-11 13:17:52,706 [INFO] CodeEngine:265 - oldGeneratedFile, D:\stm32L0\first\Core\Src\stm32l0xx_hal_msp.c_save
2026-05-11 13:17:52,874 [INFO] CodeEngine:289 - Generated code: D:\stm32L0\first\Core\Src\stm32l0xx_hal_msp.c
2026-05-11 13:17:52,881 [INFO] CodeEngine:265 - oldGeneratedFile, D:\stm32L0\first\MXTmpFiles\system.tmp_save
2026-05-11 13:17:52,964 [INFO] CodeEngine:289 - Generated code: D:\stm32L0\first\MXTmpFiles\system.tmp
2026-05-11 13:17:53,019 [INFO] CodeEngine:321 - oldGeneratedFile, D:\stm32L0\first\Core\Inc\stm32l0xx_hal_conf.h_save
2026-05-11 13:17:53,095 [INFO] CodeEngine:345 - Generated code: D:\stm32L0\first\Core\Inc\stm32l0xx_hal_conf.h
2026-05-11 13:17:53,128 [INFO] CodeEngine:265 - oldGeneratedFile, D:\stm32L0\first\Core\Inc\main.h_save
2026-05-11 13:17:53,226 [INFO] CodeEngine:289 - Generated code: D:\stm32L0\first\Core\Inc\main.h
2026-05-11 13:17:53,236 [INFO] CodeEngine:265 - oldGeneratedFile, D:\stm32L0\first\Core\Src\main.c_save
2026-05-11 13:17:53,352 [INFO] CodeEngine:289 - Generated code: D:\stm32L0\first\Core\Src\main.c
2026-05-11 13:17:54,001 [INFO] ProjectBuilder:3606 - Time for Copy HAL[1] : 396mS.
2026-05-11 13:17:54,006 [INFO] ProjectBuilder:5216 - Project Generator version: 4.7.0-B52
2026-05-11 13:17:54,179 [INFO] ConfigFileManager:1595 - The Die is : DIE417
2026-05-11 13:17:55,205 [INFO] ProjectBuilder:5496 - Time for Generating toolchain IDE Files: 1197mS.
2026-05-11 13:17:55,206 [INFO] ProjectBuilder:3463 - Time for Copy CMSIS : 1mS.
2026-05-11 13:17:55,209 [INFO] ProjectBuilder:3463 - Time for Copy CMSIS : 0mS.
2026-05-11 13:25:09,734 [ERROR] LogOutputStream:75 - [STDERR_REDIRECT] Exception in thread "AWT-EventQueue-0" java.lang.ClassCastException: class sun.awt.windows.WEmbeddedFrame cannot be cast to class javax.swing.JFrame (sun.awt.windows.WEmbeddedFrame and javax.swing.JFrame are in module java.desktop of loader 'bootstrap')
2026-05-11 13:25:09,738 [ERROR] LogOutputStream:75 - [STDERR_REDIRECT] 	at com.st.microxplorer.plugins.clock.ClockConfigurationView.activatePlugin(ClockConfigurationView.java:424)
2026-05-11 13:25:09,739 [ERROR] LogOutputStream:75 - [STDERR_REDIRECT] 	at com.st.microxplorer.maingui.MainPanel$1.stateChanged(MainPanel.java:385)
2026-05-11 13:25:09,740 [ERROR] LogOutputStream:75 - [STDERR_REDIRECT] 	at java.desktop/javax.swing.JTabbedPane.fireStateChanged(JTabbedPane.java:446)
2026-05-11 13:25:09,741 [ERROR] LogOutputStream:75 - [STDERR_REDIRECT] 	at java.desktop/javax.swing.JTabbedPane$ModelListener.stateChanged(JTabbedPane.java:297)
2026-05-11 13:25:09,743 [ERROR] LogOutputStream:75 - [STDERR_REDIRECT] 	at java.desktop/javax.swing.DefaultSingleSelectionModel.fireStateChanged(DefaultSingleSelectionModel.java:148)
2026-05-11 13:25:09,746 [ERROR] LogOutputStream:75 - [STDERR_REDIRECT] 	at java.desktop/javax.swing.DefaultSingleSelectionModel.setSelectedIndex(DefaultSingleSelectionModel.java:79)
2026-05-11 13:25:09,748 [ERROR] LogOutputStream:75 - [STDERR_REDIRECT] 	at java.desktop/javax.swing.JTabbedPane.setSelectedIndexImpl(JTabbedPane.java:650)
2026-05-11 13:25:09,749 [ERROR] LogOutputStream:75 - [STDERR_REDIRECT] 	at java.desktop/javax.swing.JTabbedPane.setSelectedIndex(JTabbedPane.java:625)
2026-05-11 13:25:09,750 [ERROR] LogOutputStream:75 - [STDERR_REDIRECT] 	at java.desktop/javax.swing.plaf.basic.BasicTabbedPaneUI$Handler.mousePressed(BasicTabbedPaneUI.java:4140)
2026-05-11 13:25:09,751 [ERROR] LogOutputStream:75 - [STDERR_REDIRECT] 	at java.desktop/java.awt.Component.processMouseEvent(Component.java:6618)
2026-05-11 13:25:09,752 [ERROR] LogOutputStream:75 - [STDERR_REDIRECT] 	at java.desktop/javax.swing.JComponent.processMouseEvent(JComponent.java:3398)
2026-05-11 13:25:09,753 [ERROR] LogOutputStream:75 - [STDERR_REDIRECT] 	at java.desktop/java.awt.Component.processEvent(Component.java:6386)
2026-05-11 13:25:09,754 [ERROR] LogOutputStream:75 - [STDERR_REDIRECT] 	at java.desktop/java.awt.Container.processEvent(Container.java:2266)
2026-05-11 13:25:09,755 [ERROR] LogOutputStream:75 - [STDERR_REDIRECT] 	at java.desktop/java.awt.Component.dispatchEventImpl(Component.java:4996)
2026-05-11 13:25:09,755 [ERROR] LogOutputStream:75 - [STDERR_REDIRECT] 	at java.desktop/java.awt.Container.dispatchEventImpl(Container.java:2324)
2026-05-11 13:25:09,756 [ERROR] LogOutputStream:75 - [STDERR_REDIRECT] 	at java.desktop/java.awt.Component.dispatchEvent(Component.java:4828)
2026-05-11 13:25:09,758 [ERROR] LogOutputStream:75 - [STDERR_REDIRECT] 	at java.desktop/java.awt.LightweightDispatcher.retargetMouseEvent(Container.java:4948)
2026-05-11 13:25:09,759 [ERROR] LogOutputStream:75 - [STDERR_REDIRECT] 	at java.desktop/java.awt.LightweightDispatcher.processMouseEvent(Container.java:4572)
2026-05-11 13:25:09,760 [ERROR] LogOutputStream:75 - [STDERR_REDIRECT] 	at java.desktop/java.awt.LightweightDispatcher.dispatchEvent(Container.java:4516)
2026-05-11 13:25:09,762 [ERROR] LogOutputStream:75 - [STDERR_REDIRECT] 	at java.desktop/java.awt.Container.dispatchEventImpl(Container.java:2310)
2026-05-11 13:25:09,763 [ERROR] LogOutputStream:75 - [STDERR_REDIRECT] 	at java.desktop/java.awt.Component.dispatchEvent(Component.java:4828)
2026-05-11 13:25:09,765 [ERROR] LogOutputStream:75 - [STDERR_REDIRECT] 	at java.desktop/java.awt.EventQueue.dispatchEventImpl(EventQueue.java:775)
2026-05-11 13:25:09,766 [ERROR] LogOutputStream:75 - [STDERR_REDIRECT] 	at java.desktop/java.awt.EventQueue$4.run(EventQueue.java:720)
2026-05-11 13:25:09,768 [ERROR] LogOutputStream:75 - [STDERR_REDIRECT] 	at java.desktop/java.awt.EventQueue$4.run(EventQueue.java:714)
2026-05-11 13:25:09,769 [ERROR] LogOutputStream:75 - [STDERR_REDIRECT] 	at java.base/java.security.AccessController.doPrivileged(AccessController.java:400)
2026-05-11 13:25:09,770 [ERROR] LogOutputStream:75 - [STDERR_REDIRECT] 	at java.base/java.security.ProtectionDomain$JavaSecurityAccessImpl.doIntersectionPrivilege(ProtectionDomain.java:87)
2026-05-11 13:25:09,771 [ERROR] LogOutputStream:75 - [STDERR_REDIRECT] 	at java.base/java.security.ProtectionDomain$JavaSecurityAccessImpl.doIntersectionPrivilege(ProtectionDomain.java:98)
2026-05-11 13:25:09,772 [ERROR] LogOutputStream:75 - [STDERR_REDIRECT] 	at java.desktop/java.awt.EventQueue$5.run(EventQueue.java:747)
2026-05-11 13:25:09,772 [ERROR] LogOutputStream:75 - [STDERR_REDIRECT] 	at java.desktop/java.awt.EventQueue$5.run(EventQueue.java:745)
2026-05-11 13:25:09,773 [ERROR] LogOutputStream:75 - [STDERR_REDIRECT] 	at java.base/java.security.AccessController.doPrivileged(AccessController.java:400)
2026-05-11 13:25:09,774 [ERROR] LogOutputStream:75 - [STDERR_REDIRECT] 	at java.base/java.security.ProtectionDomain$JavaSecurityAccessImpl.doIntersectionPrivilege(ProtectionDomain.java:87)
2026-05-11 13:25:09,775 [ERROR] LogOutputStream:75 - [STDERR_REDIRECT] 	at java.desktop/java.awt.EventQueue.dispatchEvent(EventQueue.java:744)
2026-05-11 13:25:09,776 [ERROR] LogOutputStream:75 - [STDERR_REDIRECT] 	at java.desktop/java.awt.EventDispatchThread.pumpOneEventForFilters(EventDispatchThread.java:203)
2026-05-11 13:25:09,777 [ERROR] LogOutputStream:75 - [STDERR_REDIRECT] 	at java.desktop/java.awt.EventDispatchThread.pumpEventsForFilter(EventDispatchThread.java:124)
2026-05-11 13:25:09,778 [ERROR] LogOutputStream:75 - [STDERR_REDIRECT] 	at java.desktop/java.awt.EventDispatchThread.pumpEventsForHierarchy(EventDispatchThread.java:113)
2026-05-11 13:25:09,778 [ERROR] LogOutputStream:75 - [STDERR_REDIRECT] 	at java.desktop/java.awt.EventDispatchThread.pumpEvents(EventDispatchThread.java:109)
2026-05-11 13:25:09,780 [ERROR] LogOutputStream:75 - [STDERR_REDIRECT] 	at java.desktop/java.awt.EventDispatchThread.pumpEvents(EventDispatchThread.java:101)
2026-05-11 13:25:09,781 [ERROR] LogOutputStream:75 - [STDERR_REDIRECT] 	at java.desktop/java.awt.EventDispatchThread.run(EventDispatchThread.java:90)
2026-05-11 13:25:56,431 [INFO] WebApp:194 - Connection lost
2026-05-11 13:25:57,249 [INFO] WebApp:191 - Connection restablished
2026-05-11 13:26:15,422 [ERROR] LogOutputStream:75 - [STDERR_REDIRECT] Exception in thread "AWT-EventQueue-0" java.lang.ClassCastException: class sun.awt.windows.WEmbeddedFrame cannot be cast to class javax.swing.JFrame (sun.awt.windows.WEmbeddedFrame and javax.swing.JFrame are in module java.desktop of loader 'bootstrap')
2026-05-11 13:26:15,425 [ERROR] LogOutputStream:75 - [STDERR_REDIRECT] 	at com.st.microxplorer.plugins.clock.ClockConfigurationView.activatePlugin(ClockConfigurationView.java:424)
2026-05-11 13:26:15,426 [ERROR] LogOutputStream:75 - [STDERR_REDIRECT] 	at com.st.microxplorer.maingui.MainPanel$1.stateChanged(MainPanel.java:385)
2026-05-11 13:26:15,427 [ERROR] LogOutputStream:75 - [STDERR_REDIRECT] 	at java.desktop/javax.swing.JTabbedPane.fireStateChanged(JTabbedPane.java:446)
2026-05-11 13:26:15,429 [ERROR] LogOutputStream:75 - [STDERR_REDIRECT] 	at java.desktop/javax.swing.JTabbedPane$ModelListener.stateChanged(JTabbedPane.java:297)
2026-05-11 13:26:15,431 [ERROR] LogOutputStream:75 - [STDERR_REDIRECT] 	at java.desktop/javax.swing.DefaultSingleSelectionModel.fireStateChanged(DefaultSingleSelectionModel.java:148)
2026-05-11 13:26:15,433 [ERROR] LogOutputStream:75 - [STDERR_REDIRECT] 	at java.desktop/javax.swing.DefaultSingleSelectionModel.setSelectedIndex(DefaultSingleSelectionModel.java:79)
2026-05-11 13:26:15,435 [ERROR] LogOutputStream:75 - [STDERR_REDIRECT] 	at java.desktop/javax.swing.JTabbedPane.setSelectedIndexImpl(JTabbedPane.java:650)
2026-05-11 13:26:15,437 [ERROR] LogOutputStream:75 - [STDERR_REDIRECT] 	at java.desktop/javax.swing.JTabbedPane.setSelectedIndex(JTabbedPane.java:625)
2026-05-11 13:26:15,439 [ERROR] LogOutputStream:75 - [STDERR_REDIRECT] 	at java.desktop/javax.swing.plaf.basic.BasicTabbedPaneUI$Handler.mousePressed(BasicTabbedPaneUI.java:4140)
2026-05-11 13:26:15,441 [ERROR] LogOutputStream:75 - [STDERR_REDIRECT] 	at java.desktop/java.awt.Component.processMouseEvent(Component.java:6618)
2026-05-11 13:26:15,443 [ERROR] LogOutputStream:75 - [STDERR_REDIRECT] 	at java.desktop/javax.swing.JComponent.processMouseEvent(JComponent.java:3398)
2026-05-11 13:26:15,444 [ERROR] LogOutputStream:75 - [STDERR_REDIRECT] 	at java.desktop/java.awt.Component.processEvent(Component.java:6386)
2026-05-11 13:26:15,446 [ERROR] LogOutputStream:75 - [STDERR_REDIRECT] 	at java.desktop/java.awt.Container.processEvent(Container.java:2266)
2026-05-11 13:26:15,448 [ERROR] LogOutputStream:75 - [STDERR_REDIRECT] 	at java.desktop/java.awt.Component.dispatchEventImpl(Component.java:4996)
2026-05-11 13:26:15,450 [ERROR] LogOutputStream:75 - [STDERR_REDIRECT] 	at java.desktop/java.awt.Container.dispatchEventImpl(Container.java:2324)
2026-05-11 13:26:15,453 [ERROR] LogOutputStream:75 - [STDERR_REDIRECT] 	at java.desktop/java.awt.Component.dispatchEvent(Component.java:4828)
2026-05-11 13:26:15,455 [ERROR] LogOutputStream:75 - [STDERR_REDIRECT] 	at java.desktop/java.awt.LightweightDispatcher.retargetMouseEvent(Container.java:4948)
2026-05-11 13:26:15,456 [ERROR] LogOutputStream:75 - [STDERR_REDIRECT] 	at java.desktop/java.awt.LightweightDispatcher.processMouseEvent(Container.java:4572)
2026-05-11 13:26:15,457 [ERROR] LogOutputStream:75 - [STDERR_REDIRECT] 	at java.desktop/java.awt.LightweightDispatcher.dispatchEvent(Container.java:4516)
2026-05-11 13:26:15,458 [ERROR] LogOutputStream:75 - [STDERR_REDIRECT] 	at java.desktop/java.awt.Container.dispatchEventImpl(Container.java:2310)
2026-05-11 13:26:15,459 [ERROR] LogOutputStream:75 - [STDERR_REDIRECT] 	at java.desktop/java.awt.Component.dispatchEvent(Component.java:4828)
2026-05-11 13:26:15,460 [ERROR] LogOutputStream:75 - [STDERR_REDIRECT] 	at java.desktop/java.awt.EventQueue.dispatchEventImpl(EventQueue.java:775)
2026-05-11 13:26:15,461 [ERROR] LogOutputStream:75 - [STDERR_REDIRECT] 	at java.desktop/java.awt.EventQueue$4.run(EventQueue.java:720)
2026-05-11 13:26:15,462 [ERROR] LogOutputStream:75 - [STDERR_REDIRECT] 	at java.desktop/java.awt.EventQueue$4.run(EventQueue.java:714)
2026-05-11 13:26:15,463 [ERROR] LogOutputStream:75 - [STDERR_REDIRECT] 	at java.base/java.security.AccessController.doPrivileged(AccessController.java:400)
2026-05-11 13:26:15,465 [ERROR] LogOutputStream:75 - [STDERR_REDIRECT] 	at java.base/java.security.ProtectionDomain$JavaSecurityAccessImpl.doIntersectionPrivilege(ProtectionDomain.java:87)
2026-05-11 13:26:15,467 [ERROR] LogOutputStream:75 - [STDERR_REDIRECT] 	at java.base/java.security.ProtectionDomain$JavaSecurityAccessImpl.doIntersectionPrivilege(ProtectionDomain.java:98)
2026-05-11 13:26:15,468 [ERROR] LogOutputStream:75 - [STDERR_REDIRECT] 	at java.desktop/java.awt.EventQueue$5.run(EventQueue.java:747)
2026-05-11 13:26:15,469 [ERROR] LogOutputStream:75 - [STDERR_REDIRECT] 	at java.desktop/java.awt.EventQueue$5.run(EventQueue.java:745)
2026-05-11 13:26:15,470 [ERROR] LogOutputStream:75 - [STDERR_REDIRECT] 	at java.base/java.security.AccessController.doPrivileged(AccessController.java:400)
2026-05-11 13:26:15,472 [ERROR] LogOutputStream:75 - [STDERR_REDIRECT] 	at java.base/java.security.ProtectionDomain$JavaSecurityAccessImpl.doIntersectionPrivilege(ProtectionDomain.java:87)
2026-05-11 13:26:15,473 [ERROR] LogOutputStream:75 - [STDERR_REDIRECT] 	at java.desktop/java.awt.EventQueue.dispatchEvent(EventQueue.java:744)
2026-05-11 13:26:15,475 [ERROR] LogOutputStream:75 - [STDERR_REDIRECT] 	at java.desktop/java.awt.EventDispatchThread.pumpOneEventForFilters(EventDispatchThread.java:203)
2026-05-11 13:26:15,476 [ERROR] LogOutputStream:75 - [STDERR_REDIRECT] 	at java.desktop/java.awt.EventDispatchThread.pumpEventsForFilter(EventDispatchThread.java:124)
2026-05-11 13:26:15,478 [ERROR] LogOutputStream:75 - [STDERR_REDIRECT] 	at java.desktop/java.awt.EventDispatchThread.pumpEventsForHierarchy(EventDispatchThread.java:113)
2026-05-11 13:26:15,479 [ERROR] LogOutputStream:75 - [STDERR_REDIRECT] 	at java.desktop/java.awt.EventDispatchThread.pumpEvents(EventDispatchThread.java:109)
2026-05-11 13:26:15,481 [ERROR] LogOutputStream:75 - [STDERR_REDIRECT] 	at java.desktop/java.awt.EventDispatchThread.pumpEvents(EventDispatchThread.java:101)
2026-05-11 13:26:15,482 [ERROR] LogOutputStream:75 - [STDERR_REDIRECT] 	at java.desktop/java.awt.EventDispatchThread.run(EventDispatchThread.java:90)
2026-05-11 13:26:27,118 [INFO] UtilMem:75 - End SaveConfig() Used Memory: 843240552 Bytes (1073741824)
2026-05-11 13:26:28,221 [INFO] UtilMem:75 - End SaveConfig() Used Memory: 830076200 Bytes (1073741824)
2026-05-11 13:26:31,126 [INFO] UtilMem:75 - End SaveConfig() Used Memory: 703464392 Bytes (1073741824)
2026-05-11 13:26:31,778 [INFO] ProjectBuilder:2380 - IP not ready for code generation: Clock
2026-05-11 13:26:36,144 [INFO] BlockDiagram:2775 - set Specific Code input for plugin: NVIC
2026-05-11 13:26:36,144 [INFO] BlockDiagram:2775 - set Specific Code input for plugin: USART
2026-05-11 13:26:36,145 [INFO] BlockDiagram:2775 - set Specific Code input for plugin: LCD
2026-05-11 13:26:36,145 [INFO] BlockDiagram:2775 - set Specific Code input for plugin: SYS
2026-05-11 13:26:36,145 [INFO] BlockDiagram:2775 - set Specific Code input for plugin: GPIO
2026-05-11 13:26:36,145 [INFO] BlockDiagram:2775 - set Specific Code input for plugin: RCC
2026-05-11 13:26:36,147 [INFO] CodeGenerator:892 - code generatio: config db path: C:\ST\STM32CubeIDE_1.19.0\STM32CubeIDE\plugins\com.st.stm32cube.common.mx_6.15.0.202507011659\\db\
2026-05-11 13:26:36,312 [INFO] CodeEngine:265 - oldGeneratedFile, D:\stm32L0\first\MXTmpFiles\license.tmp_save
2026-05-11 13:26:36,717 [INFO] CodeEngine:289 - Generated code: D:\stm32L0\first\MXTmpFiles\license.tmp
2026-05-11 13:26:36,810 [INFO] CodeEngine:265 - oldGeneratedFile, D:\stm32L0\first\MXTmpFiles\gpio.tmp_save
2026-05-11 13:26:37,339 [INFO] CodeEngine:289 - Generated code: D:\stm32L0\first\MXTmpFiles\gpio.tmp
2026-05-11 13:26:37,535 [INFO] CodeEngine:265 - oldGeneratedFile, D:\stm32L0\first\Core\Src\stm32l0xx_it.c_save
2026-05-11 13:26:37,792 [INFO] CodeEngine:289 - Generated code: D:\stm32L0\first\Core\Src\stm32l0xx_it.c
2026-05-11 13:26:37,805 [INFO] CodeEngine:265 - oldGeneratedFile, D:\stm32L0\first\Core\Inc\stm32l0xx_it.h_save
2026-05-11 13:26:37,893 [INFO] CodeEngine:289 - Generated code: D:\stm32L0\first\Core\Inc\stm32l0xx_it.h
2026-05-11 13:26:37,921 [INFO] CodeEngine:265 - oldGeneratedFile, D:\stm32L0\first\Core\Src\stm32l0xx_hal_msp.c_save
2026-05-11 13:26:38,058 [INFO] CodeEngine:289 - Generated code: D:\stm32L0\first\Core\Src\stm32l0xx_hal_msp.c
2026-05-11 13:26:38,066 [INFO] CodeEngine:265 - oldGeneratedFile, D:\stm32L0\first\MXTmpFiles\system.tmp_save
2026-05-11 13:26:38,135 [INFO] CodeEngine:289 - Generated code: D:\stm32L0\first\MXTmpFiles\system.tmp
2026-05-11 13:26:38,154 [INFO] CodeEngine:321 - oldGeneratedFile, D:\stm32L0\first\Core\Inc\stm32l0xx_hal_conf.h_save
2026-05-11 13:26:38,227 [INFO] CodeEngine:345 - Generated code: D:\stm32L0\first\Core\Inc\stm32l0xx_hal_conf.h
2026-05-11 13:26:38,271 [INFO] CodeEngine:265 - oldGeneratedFile, D:\stm32L0\first\Core\Inc\main.h_save
2026-05-11 13:26:38,366 [INFO] CodeEngine:289 - Generated code: D:\stm32L0\first\Core\Inc\main.h
2026-05-11 13:26:38,377 [INFO] CodeEngine:265 - oldGeneratedFile, D:\stm32L0\first\Core\Src\main.c_save
2026-05-11 13:26:38,536 [INFO] CodeEngine:289 - Generated code: D:\stm32L0\first\Core\Src\main.c
2026-05-11 13:26:39,050 [INFO] ProjectBuilder:3606 - Time for Copy HAL[1] : 308mS.
2026-05-11 13:26:39,053 [INFO] ProjectBuilder:5216 - Project Generator version: 4.7.0-B52
2026-05-11 13:26:39,163 [INFO] ConfigFileManager:1595 - The Die is : DIE417
2026-05-11 13:26:40,453 [INFO] ProjectBuilder:5496 - Time for Generating toolchain IDE Files: 1400mS.
2026-05-11 13:26:40,455 [INFO] ProjectBuilder:3463 - Time for Copy CMSIS : 1mS.
2026-05-11 13:26:40,457 [INFO] ProjectBuilder:3463 - Time for Copy CMSIS : 0mS.
2026-05-11 14:25:58,112 [INFO] WebApp:194 - Connection lost
2026-05-11 14:25:59,110 [INFO] WebApp:191 - Connection restablished
2026-05-11 14:26:01,181 [INFO] WebApp:194 - Connection lost
2026-05-11 14:26:01,440 [INFO] WebApp:191 - Connection restablished
2026-05-11 14:42:51,593 [INFO] UtilMem:75 - End SaveConfig() Used Memory: 904453848 Bytes (1073741824)
2026-05-11 14:42:52,527 [INFO] UtilMem:75 - End SaveConfig() Used Memory: 925773648 Bytes (1073741824)
2026-05-11 14:42:56,001 [INFO] UtilMem:75 - End SaveConfig() Used Memory: 978902744 Bytes (1073741824)
2026-05-11 14:42:56,317 [INFO] ProjectBuilder:2380 - IP not ready for code generation: Clock
2026-05-11 14:42:58,805 [INFO] BlockDiagram:2775 - set Specific Code input for plugin: SPI
2026-05-11 14:42:58,806 [INFO] BlockDiagram:2775 - set Specific Code input for plugin: NVIC
2026-05-11 14:42:58,806 [INFO] BlockDiagram:2775 - set Specific Code input for plugin: USART
2026-05-11 14:42:58,806 [INFO] BlockDiagram:2775 - set Specific Code input for plugin: LCD
2026-05-11 14:42:58,806 [INFO] BlockDiagram:2775 - set Specific Code input for plugin: SYS
2026-05-11 14:42:58,806 [INFO] BlockDiagram:2775 - set Specific Code input for plugin: GPIO
2026-05-11 14:42:58,806 [INFO] BlockDiagram:2775 - set Specific Code input for plugin: RCC
2026-05-11 14:42:58,808 [INFO] CodeGenerator:892 - code generatio: config db path: C:\ST\STM32CubeIDE_1.19.0\STM32CubeIDE\plugins\com.st.stm32cube.common.mx_6.15.0.202507011659\\db\
2026-05-11 14:42:58,916 [INFO] CodeEngine:265 - oldGeneratedFile, D:\stm32L0\first\MXTmpFiles\license.tmp_save
2026-05-11 14:42:59,293 [INFO] CodeEngine:289 - Generated code: D:\stm32L0\first\MXTmpFiles\license.tmp
2026-05-11 14:42:59,366 [INFO] CodeEngine:265 - oldGeneratedFile, D:\stm32L0\first\MXTmpFiles\gpio.tmp_save
2026-05-11 14:42:59,497 [INFO] CodeEngine:289 - Generated code: D:\stm32L0\first\MXTmpFiles\gpio.tmp
2026-05-11 14:42:59,705 [INFO] CodeEngine:265 - oldGeneratedFile, D:\stm32L0\first\Core\Src\stm32l0xx_it.c_save
2026-05-11 14:42:59,939 [INFO] CodeEngine:289 - Generated code: D:\stm32L0\first\Core\Src\stm32l0xx_it.c
2026-05-11 14:42:59,947 [INFO] CodeEngine:265 - oldGeneratedFile, D:\stm32L0\first\Core\Inc\stm32l0xx_it.h_save
2026-05-11 14:43:00,064 [INFO] CodeEngine:289 - Generated code: D:\stm32L0\first\Core\Inc\stm32l0xx_it.h
2026-05-11 14:43:00,094 [INFO] CodeEngine:265 - oldGeneratedFile, D:\stm32L0\first\Core\Src\stm32l0xx_hal_msp.c_save
2026-05-11 14:43:00,261 [INFO] CodeEngine:289 - Generated code: D:\stm32L0\first\Core\Src\stm32l0xx_hal_msp.c
2026-05-11 14:43:00,268 [INFO] CodeEngine:265 - oldGeneratedFile, D:\stm32L0\first\MXTmpFiles\system.tmp_save
2026-05-11 14:43:00,330 [INFO] CodeEngine:289 - Generated code: D:\stm32L0\first\MXTmpFiles\system.tmp
2026-05-11 14:43:00,345 [INFO] CodeEngine:321 - oldGeneratedFile, D:\stm32L0\first\Core\Inc\stm32l0xx_hal_conf.h_save
2026-05-11 14:43:00,408 [INFO] CodeEngine:345 - Generated code: D:\stm32L0\first\Core\Inc\stm32l0xx_hal_conf.h
2026-05-11 14:43:00,445 [INFO] CodeEngine:265 - oldGeneratedFile, D:\stm32L0\first\Core\Inc\main.h_save
2026-05-11 14:43:00,533 [INFO] CodeEngine:289 - Generated code: D:\stm32L0\first\Core\Inc\main.h
2026-05-11 14:43:00,541 [INFO] CodeEngine:265 - oldGeneratedFile, D:\stm32L0\first\Core\Src\main.c_save
2026-05-11 14:43:00,644 [INFO] CodeEngine:289 - Generated code: D:\stm32L0\first\Core\Src\main.c
2026-05-11 14:43:01,134 [INFO] ProjectBuilder:3606 - Time for Copy HAL[1] : 308mS.
2026-05-11 14:43:01,139 [INFO] ProjectBuilder:5216 - Project Generator version: 4.7.0-B52
2026-05-11 14:43:01,227 [INFO] ConfigFileManager:1595 - The Die is : DIE417
2026-05-11 14:43:02,251 [INFO] ProjectBuilder:5496 - Time for Generating toolchain IDE Files: 1112mS.
2026-05-11 14:43:02,252 [INFO] ProjectBuilder:3463 - Time for Copy CMSIS : 1mS.
2026-05-11 14:43:02,254 [INFO] ProjectBuilder:3463 - Time for Copy CMSIS : 0mS.
2026-05-11 15:08:04,470 [WARN] IP:2250 - TSC_G4_IO1 not found: check if there is a RefParameter without a condition.
2026-05-11 15:08:04,574 [WARN] IP:2250 - TSC_G6_IO1 not found: check if there is a RefParameter without a condition.
2026-05-11 15:08:04,575 [WARN] IP:2250 - TSC_G7_IO2 not found: check if there is a RefParameter without a condition.
2026-05-11 15:08:04,575 [WARN] IP:2250 - TSC_G2_IO1 not found: check if there is a RefParameter without a condition.
2026-05-11 15:08:04,575 [WARN] IP:2250 - TSC_G2_IO3 not found: check if there is a RefParameter without a condition.
2026-05-11 15:08:04,575 [WARN] IP:2250 - TSC_G4_IO1 not found: check if there is a RefParameter without a condition.
2026-05-11 15:08:04,575 [WARN] IP:2250 - TSC_G6_IO1 not found: check if there is a RefParameter without a condition.
2026-05-11 15:08:04,575 [WARN] IP:2250 - TSC_G7_IO2 not found: check if there is a RefParameter without a condition.
2026-05-11 15:08:04,575 [WARN] IP:2250 - TSC_G2_IO1 not found: check if there is a RefParameter without a condition.
2026-05-11 15:08:04,575 [WARN] IP:2250 - TSC_G2_IO3 not found: check if there is a RefParameter without a condition.
2026-05-11 15:08:04,610 [WARN] IP:2250 - TSC_G4_IO1 not found: check if there is a RefParameter without a condition.
2026-05-11 15:08:04,610 [WARN] IP:2250 - TSC_G6_IO1 not found: check if there is a RefParameter without a condition.
2026-05-11 15:08:04,610 [WARN] IP:2250 - TSC_G7_IO2 not found: check if there is a RefParameter without a condition.
2026-05-11 15:08:04,610 [WARN] IP:2250 - TSC_G2_IO1 not found: check if there is a RefParameter without a condition.
2026-05-11 15:08:04,610 [WARN] IP:2250 - TSC_G2_IO3 not found: check if there is a RefParameter without a condition.
2026-05-11 15:08:04,610 [WARN] IP:2250 - TSC_G4_IO1 not found: check if there is a RefParameter without a condition.
2026-05-11 15:08:04,610 [WARN] IP:2250 - TSC_G6_IO1 not found: check if there is a RefParameter without a condition.
2026-05-11 15:08:04,611 [WARN] IP:2250 - TSC_G7_IO2 not found: check if there is a RefParameter without a condition.
2026-05-11 15:08:04,611 [WARN] IP:2250 - TSC_G2_IO1 not found: check if there is a RefParameter without a condition.
2026-05-11 15:08:04,611 [WARN] IP:2250 - TSC_G2_IO3 not found: check if there is a RefParameter without a condition.
2026-05-11 15:08:06,382 [WARN] IP:2250 - TSC_G4_IO1 not found: check if there is a RefParameter without a condition.
2026-05-11 15:08:06,382 [WARN] IP:2250 - TSC_G6_IO1 not found: check if there is a RefParameter without a condition.
2026-05-11 15:08:06,382 [WARN] IP:2250 - TSC_G7_IO2 not found: check if there is a RefParameter without a condition.
2026-05-11 15:08:06,382 [WARN] IP:2250 - TSC_G2_IO1 not found: check if there is a RefParameter without a condition.
2026-05-11 15:08:06,382 [WARN] IP:2250 - TSC_G2_IO3 not found: check if there is a RefParameter without a condition.
2026-05-11 15:08:06,382 [WARN] IP:2250 - TSC_G4_IO1 not found: check if there is a RefParameter without a condition.
2026-05-11 15:08:06,382 [WARN] IP:2250 - TSC_G6_IO1 not found: check if there is a RefParameter without a condition.
2026-05-11 15:08:06,382 [WARN] IP:2250 - TSC_G7_IO2 not found: check if there is a RefParameter without a condition.
2026-05-11 15:08:06,382 [WARN] IP:2250 - TSC_G2_IO1 not found: check if there is a RefParameter without a condition.
2026-05-11 15:08:06,383 [WARN] IP:2250 - TSC_G2_IO3 not found: check if there is a RefParameter without a condition.
2026-05-11 15:08:06,383 [WARN] IP:2250 - TSC_G4_IO1 not found: check if there is a RefParameter without a condition.
2026-05-11 15:08:06,383 [WARN] IP:2250 - TSC_G6_IO1 not found: check if there is a RefParameter without a condition.
2026-05-11 15:08:06,383 [WARN] IP:2250 - TSC_G7_IO2 not found: check if there is a RefParameter without a condition.
2026-05-11 15:08:06,383 [WARN] IP:2250 - TSC_G2_IO1 not found: check if there is a RefParameter without a condition.
2026-05-11 15:08:06,383 [WARN] IP:2250 - TSC_G2_IO3 not found: check if there is a RefParameter without a condition.
2026-05-11 15:08:06,409 [WARN] IP:2250 - TSC_G4_IO1 not found: check if there is a RefParameter without a condition.
2026-05-11 15:08:06,409 [WARN] IP:2250 - TSC_G6_IO1 not found: check if there is a RefParameter without a condition.
2026-05-11 15:08:06,409 [WARN] IP:2250 - TSC_G7_IO2 not found: check if there is a RefParameter without a condition.
2026-05-11 15:08:06,409 [WARN] IP:2250 - TSC_G2_IO1 not found: check if there is a RefParameter without a condition.
2026-05-11 15:08:06,409 [WARN] IP:2250 - TSC_G2_IO3 not found: check if there is a RefParameter without a condition.
2026-05-11 15:08:06,410 [WARN] IP:2250 - TSC_G4_IO1 not found: check if there is a RefParameter without a condition.
2026-05-11 15:08:06,410 [WARN] IP:2250 - TSC_G6_IO1 not found: check if there is a RefParameter without a condition.
2026-05-11 15:08:06,410 [WARN] IP:2250 - TSC_G7_IO2 not found: check if there is a RefParameter without a condition.
2026-05-11 15:08:06,410 [WARN] IP:2250 - TSC_G2_IO1 not found: check if there is a RefParameter without a condition.
2026-05-11 15:08:06,410 [WARN] IP:2250 - TSC_G2_IO3 not found: check if there is a RefParameter without a condition.
2026-05-11 15:08:06,410 [WARN] IP:2250 - TSC_G4_IO1 not found: check if there is a RefParameter without a condition.
2026-05-11 15:08:06,410 [WARN] IP:2250 - TSC_G6_IO1 not found: check if there is a RefParameter without a condition.
2026-05-11 15:08:06,410 [WARN] IP:2250 - TSC_G7_IO2 not found: check if there is a RefParameter without a condition.
2026-05-11 15:08:06,411 [WARN] IP:2250 - TSC_G2_IO1 not found: check if there is a RefParameter without a condition.
2026-05-11 15:08:06,411 [WARN] IP:2250 - TSC_G2_IO3 not found: check if there is a RefParameter without a condition.
2026-05-11 15:08:06,439 [WARN] IP:2250 - TSC_G4_IO1 not found: check if there is a RefParameter without a condition.
2026-05-11 15:08:06,440 [WARN] IP:2250 - TSC_G6_IO1 not found: check if there is a RefParameter without a condition.
2026-05-11 15:08:06,440 [WARN] IP:2250 - TSC_G7_IO2 not found: check if there is a RefParameter without a condition.
2026-05-11 15:08:06,440 [WARN] IP:2250 - TSC_G2_IO1 not found: check if there is a RefParameter without a condition.
2026-05-11 15:08:06,440 [WARN] IP:2250 - TSC_G2_IO3 not found: check if there is a RefParameter without a condition.
2026-05-11 15:08:06,440 [WARN] IP:2250 - TSC_G4_IO1 not found: check if there is a RefParameter without a condition.
2026-05-11 15:08:06,440 [WARN] IP:2250 - TSC_G6_IO1 not found: check if there is a RefParameter without a condition.
2026-05-11 15:08:06,440 [WARN] IP:2250 - TSC_G7_IO2 not found: check if there is a RefParameter without a condition.
2026-05-11 15:08:06,440 [WARN] IP:2250 - TSC_G2_IO1 not found: check if there is a RefParameter without a condition.
2026-05-11 15:08:06,440 [WARN] IP:2250 - TSC_G2_IO3 not found: check if there is a RefParameter without a condition.
2026-05-11 15:08:06,440 [WARN] IP:2250 - TSC_G4_IO1 not found: check if there is a RefParameter without a condition.
2026-05-11 15:08:06,440 [WARN] IP:2250 - TSC_G6_IO1 not found: check if there is a RefParameter without a condition.
2026-05-11 15:08:06,440 [WARN] IP:2250 - TSC_G7_IO2 not found: check if there is a RefParameter without a condition.
2026-05-11 15:08:06,440 [WARN] IP:2250 - TSC_G2_IO1 not found: check if there is a RefParameter without a condition.
2026-05-11 15:08:06,440 [WARN] IP:2250 - TSC_G2_IO3 not found: check if there is a RefParameter without a condition.
2026-05-11 15:08:06,524 [WARN] IP:2250 - TSC_G4_IO1 not found: check if there is a RefParameter without a condition.
2026-05-11 15:08:06,524 [WARN] IP:2250 - TSC_G6_IO1 not found: check if there is a RefParameter without a condition.
2026-05-11 15:08:06,524 [WARN] IP:2250 - TSC_G7_IO2 not found: check if there is a RefParameter without a condition.
2026-05-11 15:08:06,525 [WARN] IP:2250 - TSC_G2_IO1 not found: check if there is a RefParameter without a condition.
2026-05-11 15:08:06,525 [WARN] IP:2250 - TSC_G2_IO3 not found: check if there is a RefParameter without a condition.
2026-05-11 15:08:06,525 [WARN] IP:2250 - TSC_G4_IO1 not found: check if there is a RefParameter without a condition.
2026-05-11 15:08:06,525 [WARN] IP:2250 - TSC_G6_IO1 not found: check if there is a RefParameter without a condition.
2026-05-11 15:08:06,525 [WARN] IP:2250 - TSC_G7_IO2 not found: check if there is a RefParameter without a condition.
2026-05-11 15:08:06,525 [WARN] IP:2250 - TSC_G2_IO1 not found: check if there is a RefParameter without a condition.
2026-05-11 15:08:06,525 [WARN] IP:2250 - TSC_G2_IO3 not found: check if there is a RefParameter without a condition.
2026-05-11 15:08:06,525 [WARN] IP:2250 - TSC_G4_IO1 not found: check if there is a RefParameter without a condition.
2026-05-11 15:08:06,525 [WARN] IP:2250 - TSC_G6_IO1 not found: check if there is a RefParameter without a condition.
2026-05-11 15:08:06,525 [WARN] IP:2250 - TSC_G7_IO2 not found: check if there is a RefParameter without a condition.
2026-05-11 15:08:06,525 [WARN] IP:2250 - TSC_G2_IO1 not found: check if there is a RefParameter without a condition.
2026-05-11 15:08:06,525 [WARN] IP:2250 - TSC_G2_IO3 not found: check if there is a RefParameter without a condition.
2026-05-11 15:08:06,563 [WARN] IP:2250 - TSC_G4_IO1 not found: check if there is a RefParameter without a condition.
2026-05-11 15:08:06,563 [WARN] IP:2250 - TSC_G6_IO1 not found: check if there is a RefParameter without a condition.
2026-05-11 15:08:06,563 [WARN] IP:2250 - TSC_G7_IO2 not found: check if there is a RefParameter without a condition.
2026-05-11 15:08:06,563 [WARN] IP:2250 - TSC_G2_IO1 not found: check if there is a RefParameter without a condition.
2026-05-11 15:08:06,563 [WARN] IP:2250 - TSC_G2_IO3 not found: check if there is a RefParameter without a condition.
2026-05-11 15:08:06,564 [WARN] IP:2250 - TSC_G4_IO1 not found: check if there is a RefParameter without a condition.
2026-05-11 15:08:06,564 [WARN] IP:2250 - TSC_G6_IO1 not found: check if there is a RefParameter without a condition.
2026-05-11 15:08:06,564 [WARN] IP:2250 - TSC_G7_IO2 not found: check if there is a RefParameter without a condition.
2026-05-11 15:08:06,564 [WARN] IP:2250 - TSC_G2_IO1 not found: check if there is a RefParameter without a condition.
2026-05-11 15:08:06,564 [WARN] IP:2250 - TSC_G2_IO3 not found: check if there is a RefParameter without a condition.
2026-05-11 15:08:06,564 [WARN] IP:2250 - TSC_G4_IO1 not found: check if there is a RefParameter without a condition.
2026-05-11 15:08:06,564 [WARN] IP:2250 - TSC_G6_IO1 not found: check if there is a RefParameter without a condition.
2026-05-11 15:08:06,564 [WARN] IP:2250 - TSC_G7_IO2 not found: check if there is a RefParameter without a condition.
2026-05-11 15:08:06,564 [WARN] IP:2250 - TSC_G2_IO1 not found: check if there is a RefParameter without a condition.
2026-05-11 15:08:06,564 [WARN] IP:2250 - TSC_G2_IO3 not found: check if there is a RefParameter without a condition.
2026-05-11 15:08:07,941 [WARN] IP:2250 - TSC_G4_IO1 not found: check if there is a RefParameter without a condition.
2026-05-11 15:08:07,942 [WARN] IP:2250 - TSC_G6_IO1 not found: check if there is a RefParameter without a condition.
2026-05-11 15:08:07,942 [WARN] IP:2250 - TSC_G7_IO2 not found: check if there is a RefParameter without a condition.
2026-05-11 15:08:07,942 [WARN] IP:2250 - TSC_G2_IO1 not found: check if there is a RefParameter without a condition.
2026-05-11 15:08:07,942 [WARN] IP:2250 - TSC_G2_IO3 not found: check if there is a RefParameter without a condition.
2026-05-11 15:08:07,942 [WARN] IP:2250 - TSC_G4_IO1 not found: check if there is a RefParameter without a condition.
2026-05-11 15:08:07,942 [WARN] IP:2250 - TSC_G6_IO1 not found: check if there is a RefParameter without a condition.
2026-05-11 15:08:07,942 [WARN] IP:2250 - TSC_G7_IO2 not found: check if there is a RefParameter without a condition.
2026-05-11 15:08:07,942 [WARN] IP:2250 - TSC_G2_IO1 not found: check if there is a RefParameter without a condition.
2026-05-11 15:08:07,942 [WARN] IP:2250 - TSC_G2_IO3 not found: check if there is a RefParameter without a condition.
2026-05-11 15:08:07,942 [WARN] IP:2250 - TSC_G4_IO1 not found: check if there is a RefParameter without a condition.
2026-05-11 15:08:07,942 [WARN] IP:2250 - TSC_G6_IO1 not found: check if there is a RefParameter without a condition.
2026-05-11 15:08:07,942 [WARN] IP:2250 - TSC_G7_IO2 not found: check if there is a RefParameter without a condition.
2026-05-11 15:08:07,942 [WARN] IP:2250 - TSC_G2_IO1 not found: check if there is a RefParameter without a condition.
2026-05-11 15:08:07,942 [WARN] IP:2250 - TSC_G2_IO3 not found: check if there is a RefParameter without a condition.
2026-05-11 15:08:07,943 [WARN] IP:2250 - TSC_G4_IO1 not found: check if there is a RefParameter without a condition.
2026-05-11 15:08:07,943 [WARN] IP:2250 - TSC_G6_IO1 not found: check if there is a RefParameter without a condition.
2026-05-11 15:08:07,943 [WARN] IP:2250 - TSC_G7_IO2 not found: check if there is a RefParameter without a condition.
2026-05-11 15:08:07,943 [WARN] IP:2250 - TSC_G2_IO1 not found: check if there is a RefParameter without a condition.
2026-05-11 15:08:07,943 [WARN] IP:2250 - TSC_G2_IO3 not found: check if there is a RefParameter without a condition.
2026-05-11 15:08:07,967 [WARN] IP:2250 - TSC_G4_IO1 not found: check if there is a RefParameter without a condition.
2026-05-11 15:08:07,968 [WARN] IP:2250 - TSC_G6_IO1 not found: check if there is a RefParameter without a condition.
2026-05-11 15:08:07,968 [WARN] IP:2250 - TSC_G7_IO2 not found: check if there is a RefParameter without a condition.
2026-05-11 15:08:07,968 [WARN] IP:2250 - TSC_G2_IO1 not found: check if there is a RefParameter without a condition.
2026-05-11 15:08:07,968 [WARN] IP:2250 - TSC_G2_IO3 not found: check if there is a RefParameter without a condition.
2026-05-11 15:08:07,968 [WARN] IP:2250 - TSC_G4_IO1 not found: check if there is a RefParameter without a condition.
2026-05-11 15:08:07,968 [WARN] IP:2250 - TSC_G6_IO1 not found: check if there is a RefParameter without a condition.
2026-05-11 15:08:07,968 [WARN] IP:2250 - TSC_G7_IO2 not found: check if there is a RefParameter without a condition.
2026-05-11 15:08:07,968 [WARN] IP:2250 - TSC_G2_IO1 not found: check if there is a RefParameter without a condition.
2026-05-11 15:08:07,968 [WARN] IP:2250 - TSC_G2_IO3 not found: check if there is a RefParameter without a condition.
2026-05-11 15:08:07,968 [WARN] IP:2250 - TSC_G4_IO1 not found: check if there is a RefParameter without a condition.
2026-05-11 15:08:07,968 [WARN] IP:2250 - TSC_G6_IO1 not found: check if there is a RefParameter without a condition.
2026-05-11 15:08:07,968 [WARN] IP:2250 - TSC_G7_IO2 not found: check if there is a RefParameter without a condition.
2026-05-11 15:08:07,968 [WARN] IP:2250 - TSC_G2_IO1 not found: check if there is a RefParameter without a condition.
2026-05-11 15:08:07,968 [WARN] IP:2250 - TSC_G2_IO3 not found: check if there is a RefParameter without a condition.
2026-05-11 15:08:07,968 [WARN] IP:2250 - TSC_G4_IO1 not found: check if there is a RefParameter without a condition.
2026-05-11 15:08:07,968 [WARN] IP:2250 - TSC_G6_IO1 not found: check if there is a RefParameter without a condition.
2026-05-11 15:08:07,968 [WARN] IP:2250 - TSC_G7_IO2 not found: check if there is a RefParameter without a condition.
2026-05-11 15:08:07,968 [WARN] IP:2250 - TSC_G2_IO1 not found: check if there is a RefParameter without a condition.
2026-05-11 15:08:07,968 [WARN] IP:2250 - TSC_G2_IO3 not found: check if there is a RefParameter without a condition.
2026-05-11 15:08:08,000 [WARN] IP:2250 - TSC_G4_IO1 not found: check if there is a RefParameter without a condition.
2026-05-11 15:08:08,000 [WARN] IP:2250 - TSC_G6_IO1 not found: check if there is a RefParameter without a condition.
2026-05-11 15:08:08,000 [WARN] IP:2250 - TSC_G7_IO2 not found: check if there is a RefParameter without a condition.
2026-05-11 15:08:08,001 [WARN] IP:2250 - TSC_G2_IO1 not found: check if there is a RefParameter without a condition.
2026-05-11 15:08:08,001 [WARN] IP:2250 - TSC_G2_IO3 not found: check if there is a RefParameter without a condition.
2026-05-11 15:08:08,001 [WARN] IP:2250 - TSC_G4_IO1 not found: check if there is a RefParameter without a condition.
2026-05-11 15:08:08,001 [WARN] IP:2250 - TSC_G6_IO1 not found: check if there is a RefParameter without a condition.
2026-05-11 15:08:08,001 [WARN] IP:2250 - TSC_G7_IO2 not found: check if there is a RefParameter without a condition.
2026-05-11 15:08:08,001 [WARN] IP:2250 - TSC_G2_IO1 not found: check if there is a RefParameter without a condition.
2026-05-11 15:08:08,001 [WARN] IP:2250 - TSC_G2_IO3 not found: check if there is a RefParameter without a condition.
2026-05-11 15:08:08,001 [WARN] IP:2250 - TSC_G4_IO1 not found: check if there is a RefParameter without a condition.
2026-05-11 15:08:08,001 [WARN] IP:2250 - TSC_G6_IO1 not found: check if there is a RefParameter without a condition.
2026-05-11 15:08:08,001 [WARN] IP:2250 - TSC_G7_IO2 not found: check if there is a RefParameter without a condition.
2026-05-11 15:08:08,002 [WARN] IP:2250 - TSC_G2_IO1 not found: check if there is a RefParameter without a condition.
2026-05-11 15:08:08,002 [WARN] IP:2250 - TSC_G2_IO3 not found: check if there is a RefParameter without a condition.
2026-05-11 15:08:08,002 [WARN] IP:2250 - TSC_G4_IO1 not found: check if there is a RefParameter without a condition.
2026-05-11 15:08:08,002 [WARN] IP:2250 - TSC_G6_IO1 not found: check if there is a RefParameter without a condition.
2026-05-11 15:08:08,002 [WARN] IP:2250 - TSC_G7_IO2 not found: check if there is a RefParameter without a condition.
2026-05-11 15:08:08,002 [WARN] IP:2250 - TSC_G2_IO1 not found: check if there is a RefParameter without a condition.
2026-05-11 15:08:08,002 [WARN] IP:2250 - TSC_G2_IO3 not found: check if there is a RefParameter without a condition.
2026-05-11 15:08:08,070 [WARN] IP:2250 - TSC_G4_IO1 not found: check if there is a RefParameter without a condition.
2026-05-11 15:08:08,070 [WARN] IP:2250 - TSC_G6_IO1 not found: check if there is a RefParameter without a condition.
2026-05-11 15:08:08,070 [WARN] IP:2250 - TSC_G7_IO2 not found: check if there is a RefParameter without a condition.
2026-05-11 15:08:08,070 [WARN] IP:2250 - TSC_G2_IO1 not found: check if there is a RefParameter without a condition.
2026-05-11 15:08:08,070 [WARN] IP:2250 - TSC_G2_IO3 not found: check if there is a RefParameter without a condition.
2026-05-11 15:08:08,070 [WARN] IP:2250 - TSC_G4_IO1 not found: check if there is a RefParameter without a condition.
2026-05-11 15:08:08,071 [WARN] IP:2250 - TSC_G6_IO1 not found: check if there is a RefParameter without a condition.
2026-05-11 15:08:08,071 [WARN] IP:2250 - TSC_G7_IO2 not found: check if there is a RefParameter without a condition.
2026-05-11 15:08:08,071 [WARN] IP:2250 - TSC_G2_IO1 not found: check if there is a RefParameter without a condition.
2026-05-11 15:08:08,071 [WARN] IP:2250 - TSC_G2_IO3 not found: check if there is a RefParameter without a condition.
2026-05-11 15:08:08,071 [WARN] IP:2250 - TSC_G4_IO1 not found: check if there is a RefParameter without a condition.
2026-05-11 15:08:08,071 [WARN] IP:2250 - TSC_G6_IO1 not found: check if there is a RefParameter without a condition.
2026-05-11 15:08:08,071 [WARN] IP:2250 - TSC_G7_IO2 not found: check if there is a RefParameter without a condition.
2026-05-11 15:08:08,071 [WARN] IP:2250 - TSC_G2_IO1 not found: check if there is a RefParameter without a condition.
2026-05-11 15:08:08,071 [WARN] IP:2250 - TSC_G2_IO3 not found: check if there is a RefParameter without a condition.
2026-05-11 15:08:08,071 [WARN] IP:2250 - TSC_G4_IO1 not found: check if there is a RefParameter without a condition.
2026-05-11 15:08:08,071 [WARN] IP:2250 - TSC_G6_IO1 not found: check if there is a RefParameter without a condition.
2026-05-11 15:08:08,071 [WARN] IP:2250 - TSC_G7_IO2 not found: check if there is a RefParameter without a condition.
2026-05-11 15:08:08,071 [WARN] IP:2250 - TSC_G2_IO1 not found: check if there is a RefParameter without a condition.
2026-05-11 15:08:08,071 [WARN] IP:2250 - TSC_G2_IO3 not found: check if there is a RefParameter without a condition.
2026-05-11 15:08:08,117 [WARN] IP:2250 - TSC_G4_IO1 not found: check if there is a RefParameter without a condition.
2026-05-11 15:08:08,117 [WARN] IP:2250 - TSC_G6_IO1 not found: check if there is a RefParameter without a condition.
2026-05-11 15:08:08,118 [WARN] IP:2250 - TSC_G7_IO2 not found: check if there is a RefParameter without a condition.
2026-05-11 15:08:08,118 [WARN] IP:2250 - TSC_G2_IO1 not found: check if there is a RefParameter without a condition.
2026-05-11 15:08:08,118 [WARN] IP:2250 - TSC_G2_IO3 not found: check if there is a RefParameter without a condition.
2026-05-11 15:08:08,118 [WARN] IP:2250 - TSC_G4_IO1 not found: check if there is a RefParameter without a condition.
2026-05-11 15:08:08,118 [WARN] IP:2250 - TSC_G6_IO1 not found: check if there is a RefParameter without a condition.
2026-05-11 15:08:08,118 [WARN] IP:2250 - TSC_G7_IO2 not found: check if there is a RefParameter without a condition.
2026-05-11 15:08:08,118 [WARN] IP:2250 - TSC_G2_IO1 not found: check if there is a RefParameter without a condition.
2026-05-11 15:08:08,118 [WARN] IP:2250 - TSC_G2_IO3 not found: check if there is a RefParameter without a condition.
2026-05-11 15:08:08,119 [WARN] IP:2250 - TSC_G4_IO1 not found: check if there is a RefParameter without a condition.
2026-05-11 15:08:08,119 [WARN] IP:2250 - TSC_G6_IO1 not found: check if there is a RefParameter without a condition.
2026-05-11 15:08:08,119 [WARN] IP:2250 - TSC_G7_IO2 not found: check if there is a RefParameter without a condition.
2026-05-11 15:08:08,119 [WARN] IP:2250 - TSC_G2_IO1 not found: check if there is a RefParameter without a condition.
2026-05-11 15:08:08,119 [WARN] IP:2250 - TSC_G2_IO3 not found: check if there is a RefParameter without a condition.
2026-05-11 15:08:08,119 [WARN] IP:2250 - TSC_G4_IO1 not found: check if there is a RefParameter without a condition.
2026-05-11 15:08:08,119 [WARN] IP:2250 - TSC_G6_IO1 not found: check if there is a RefParameter without a condition.
2026-05-11 15:08:08,119 [WARN] IP:2250 - TSC_G7_IO2 not found: check if there is a RefParameter without a condition.
2026-05-11 15:08:08,119 [WARN] IP:2250 - TSC_G2_IO1 not found: check if there is a RefParameter without a condition.
2026-05-11 15:08:08,119 [WARN] IP:2250 - TSC_G2_IO3 not found: check if there is a RefParameter without a condition.
2026-05-11 15:08:56,819 [WARN] IP:2250 - TSC_G4_IO1 not found: check if there is a RefParameter without a condition.
2026-05-11 15:08:56,819 [WARN] IP:2250 - TSC_G6_IO1 not found: check if there is a RefParameter without a condition.
2026-05-11 15:08:56,819 [WARN] IP:2250 - TSC_G7_IO2 not found: check if there is a RefParameter without a condition.
2026-05-11 15:08:56,819 [WARN] IP:2250 - TSC_G2_IO1 not found: check if there is a RefParameter without a condition.
2026-05-11 15:08:56,819 [WARN] IP:2250 - TSC_G2_IO3 not found: check if there is a RefParameter without a condition.
2026-05-11 15:08:56,819 [WARN] IP:2250 - TSC_G4_IO1 not found: check if there is a RefParameter without a condition.
2026-05-11 15:08:56,819 [WARN] IP:2250 - TSC_G6_IO1 not found: check if there is a RefParameter without a condition.
2026-05-11 15:08:56,819 [WARN] IP:2250 - TSC_G7_IO2 not found: check if there is a RefParameter without a condition.
2026-05-11 15:08:56,819 [WARN] IP:2250 - TSC_G2_IO1 not found: check if there is a RefParameter without a condition.
2026-05-11 15:08:56,820 [WARN] IP:2250 - TSC_G2_IO3 not found: check if there is a RefParameter without a condition.
2026-05-11 15:08:56,820 [WARN] IP:2250 - TSC_G4_IO1 not found: check if there is a RefParameter without a condition.
2026-05-11 15:08:56,820 [WARN] IP:2250 - TSC_G6_IO1 not found: check if there is a RefParameter without a condition.
2026-05-11 15:08:56,820 [WARN] IP:2250 - TSC_G7_IO2 not found: check if there is a RefParameter without a condition.
2026-05-11 15:08:56,820 [WARN] IP:2250 - TSC_G2_IO1 not found: check if there is a RefParameter without a condition.
2026-05-11 15:08:56,820 [WARN] IP:2250 - TSC_G2_IO3 not found: check if there is a RefParameter without a condition.
2026-05-11 15:09:33,831 [WARN] IP:2250 - TSC_G4_IO1 not found: check if there is a RefParameter without a condition.
2026-05-11 15:09:33,831 [WARN] IP:2250 - TSC_G6_IO1 not found: check if there is a RefParameter without a condition.
2026-05-11 15:09:33,831 [WARN] IP:2250 - TSC_G7_IO2 not found: check if there is a RefParameter without a condition.
2026-05-11 15:09:33,831 [WARN] IP:2250 - TSC_G2_IO1 not found: check if there is a RefParameter without a condition.
2026-05-11 15:09:33,831 [WARN] IP:2250 - TSC_G2_IO3 not found: check if there is a RefParameter without a condition.
2026-05-11 15:09:33,831 [WARN] IP:2250 - TSC_G4_IO1 not found: check if there is a RefParameter without a condition.
2026-05-11 15:09:33,831 [WARN] IP:2250 - TSC_G6_IO1 not found: check if there is a RefParameter without a condition.
2026-05-11 15:09:33,831 [WARN] IP:2250 - TSC_G7_IO2 not found: check if there is a RefParameter without a condition.
2026-05-11 15:09:33,831 [WARN] IP:2250 - TSC_G2_IO1 not found: check if there is a RefParameter without a condition.
2026-05-11 15:09:33,831 [WARN] IP:2250 - TSC_G2_IO3 not found: check if there is a RefParameter without a condition.
2026-05-11 15:09:33,831 [WARN] IP:2250 - TSC_G4_IO1 not found: check if there is a RefParameter without a condition.
2026-05-11 15:09:33,831 [WARN] IP:2250 - TSC_G6_IO1 not found: check if there is a RefParameter without a condition.
2026-05-11 15:09:33,831 [WARN] IP:2250 - TSC_G7_IO2 not found: check if there is a RefParameter without a condition.
2026-05-11 15:09:33,831 [WARN] IP:2250 - TSC_G2_IO1 not found: check if there is a RefParameter without a condition.
2026-05-11 15:09:33,831 [WARN] IP:2250 - TSC_G2_IO3 not found: check if there is a RefParameter without a condition.
2026-05-11 15:09:33,831 [WARN] IP:2250 - TSC_G4_IO1 not found: check if there is a RefParameter without a condition.
2026-05-11 15:09:33,831 [WARN] IP:2250 - TSC_G6_IO1 not found: check if there is a RefParameter without a condition.
2026-05-11 15:09:33,831 [WARN] IP:2250 - TSC_G7_IO2 not found: check if there is a RefParameter without a condition.
2026-05-11 15:09:33,831 [WARN] IP:2250 - TSC_G2_IO1 not found: check if there is a RefParameter without a condition.
2026-05-11 15:09:33,832 [WARN] IP:2250 - TSC_G2_IO3 not found: check if there is a RefParameter without a condition.
2026-05-11 15:09:35,040 [WARN] IP:2250 - TSC_G4_IO1 not found: check if there is a RefParameter without a condition.
2026-05-11 15:09:35,040 [WARN] IP:2250 - TSC_G6_IO1 not found: check if there is a RefParameter without a condition.
2026-05-11 15:09:35,040 [WARN] IP:2250 - TSC_G7_IO2 not found: check if there is a RefParameter without a condition.
2026-05-11 15:09:35,040 [WARN] IP:2250 - TSC_G2_IO1 not found: check if there is a RefParameter without a condition.
2026-05-11 15:09:35,040 [WARN] IP:2250 - TSC_G2_IO3 not found: check if there is a RefParameter without a condition.
2026-05-11 15:09:35,040 [WARN] IP:2250 - TSC_G4_IO1 not found: check if there is a RefParameter without a condition.
2026-05-11 15:09:35,040 [WARN] IP:2250 - TSC_G6_IO1 not found: check if there is a RefParameter without a condition.
2026-05-11 15:09:35,040 [WARN] IP:2250 - TSC_G7_IO2 not found: check if there is a RefParameter without a condition.
2026-05-11 15:09:35,040 [WARN] IP:2250 - TSC_G2_IO1 not found: check if there is a RefParameter without a condition.
2026-05-11 15:09:35,040 [WARN] IP:2250 - TSC_G2_IO3 not found: check if there is a RefParameter without a condition.
2026-05-11 15:09:35,040 [WARN] IP:2250 - TSC_G4_IO1 not found: check if there is a RefParameter without a condition.
2026-05-11 15:09:35,040 [WARN] IP:2250 - TSC_G6_IO1 not found: check if there is a RefParameter without a condition.
2026-05-11 15:09:35,041 [WARN] IP:2250 - TSC_G7_IO2 not found: check if there is a RefParameter without a condition.
2026-05-11 15:09:35,041 [WARN] IP:2250 - TSC_G2_IO1 not found: check if there is a RefParameter without a condition.
2026-05-11 15:09:35,041 [WARN] IP:2250 - TSC_G2_IO3 not found: check if there is a RefParameter without a condition.
2026-05-11 15:09:52,718 [WARN] IP:2250 - TSC_G4_IO1 not found: check if there is a RefParameter without a condition.
2026-05-11 15:09:52,718 [WARN] IP:2250 - TSC_G6_IO1 not found: check if there is a RefParameter without a condition.
2026-05-11 15:09:52,718 [WARN] IP:2250 - TSC_G7_IO2 not found: check if there is a RefParameter without a condition.
2026-05-11 15:09:52,718 [WARN] IP:2250 - TSC_G2_IO1 not found: check if there is a RefParameter without a condition.
2026-05-11 15:09:52,719 [WARN] IP:2250 - TSC_G2_IO3 not found: check if there is a RefParameter without a condition.
2026-05-11 15:09:52,719 [WARN] IP:2250 - TSC_G4_IO1 not found: check if there is a RefParameter without a condition.
2026-05-11 15:09:52,719 [WARN] IP:2250 - TSC_G6_IO1 not found: check if there is a RefParameter without a condition.
2026-05-11 15:09:52,719 [WARN] IP:2250 - TSC_G7_IO2 not found: check if there is a RefParameter without a condition.
2026-05-11 15:09:52,719 [WARN] IP:2250 - TSC_G2_IO1 not found: check if there is a RefParameter without a condition.
2026-05-11 15:09:52,719 [WARN] IP:2250 - TSC_G2_IO3 not found: check if there is a RefParameter without a condition.
2026-05-11 15:09:52,719 [WARN] IP:2250 - TSC_G4_IO1 not found: check if there is a RefParameter without a condition.
2026-05-11 15:09:52,719 [WARN] IP:2250 - TSC_G6_IO1 not found: check if there is a RefParameter without a condition.
2026-05-11 15:09:52,719 [WARN] IP:2250 - TSC_G7_IO2 not found: check if there is a RefParameter without a condition.
2026-05-11 15:09:52,719 [WARN] IP:2250 - TSC_G2_IO1 not found: check if there is a RefParameter without a condition.
2026-05-11 15:09:52,719 [WARN] IP:2250 - TSC_G2_IO3 not found: check if there is a RefParameter without a condition.
2026-05-11 15:09:52,719 [WARN] IP:2250 - TSC_G4_IO1 not found: check if there is a RefParameter without a condition.
2026-05-11 15:09:52,719 [WARN] IP:2250 - TSC_G6_IO1 not found: check if there is a RefParameter without a condition.
2026-05-11 15:09:52,719 [WARN] IP:2250 - TSC_G7_IO2 not found: check if there is a RefParameter without a condition.
2026-05-11 15:09:52,719 [WARN] IP:2250 - TSC_G2_IO1 not found: check if there is a RefParameter without a condition.
2026-05-11 15:09:52,719 [WARN] IP:2250 - TSC_G2_IO3 not found: check if there is a RefParameter without a condition.
2026-05-11 15:10:34,546 [INFO] ParamManager:905 - [Generic UI] PropertyChangeEvent: TAB_STATUS_CHANGED , "dont care", "never mind"
2026-05-11 15:20:10,958 [INFO] UtilMem:75 - End SaveConfig() Used Memory: 919695880 Bytes (1073741824)
2026-05-11 15:20:12,222 [INFO] UtilMem:75 - End SaveConfig() Used Memory: 946841568 Bytes (1073741824)
2026-05-11 15:20:15,607 [INFO] UtilMem:75 - End SaveConfig() Used Memory: 694085536 Bytes (1073741824)
2026-05-11 15:20:16,328 [INFO] ProjectBuilder:2380 - IP not ready for code generation: Clock
2026-05-11 15:20:16,328 [INFO] ProjectBuilder:2395 - IP not ready for code generation: TOUCHSENSING
2026-05-11 15:20:16,328 [INFO] ProjectBuilder:2395 - IP not ready for code generation: TSC
2026-05-11 15:20:19,133 [INFO] BlockDiagram:2775 - set Specific Code input for plugin: SPI
2026-05-11 15:20:19,134 [INFO] BlockDiagram:2775 - set Specific Code input for plugin: NVIC
2026-05-11 15:20:19,134 [INFO] BlockDiagram:2775 - set Specific Code input for plugin: USART
2026-05-11 15:20:19,134 [INFO] BlockDiagram:2775 - set Specific Code input for plugin: TOUCHSENSING
2026-05-11 15:20:19,134 [INFO] BlockDiagram:2775 - set Specific Code input for plugin: TSC
2026-05-11 15:20:19,134 [INFO] BlockDiagram:2775 - set Specific Code input for plugin: LCD
2026-05-11 15:20:19,134 [INFO] BlockDiagram:2775 - set Specific Code input for plugin: SYS
2026-05-11 15:20:19,135 [INFO] BlockDiagram:2775 - set Specific Code input for plugin: GPIO
2026-05-11 15:20:19,135 [INFO] BlockDiagram:2775 - set Specific Code input for plugin: RCC
2026-05-11 15:20:19,165 [INFO] CodeGenerator:892 - code generatio: config db path: C:\ST\STM32CubeIDE_1.19.0\STM32CubeIDE\plugins\com.st.stm32cube.common.mx_6.15.0.202507011659\\db\
2026-05-11 15:20:19,239 [WARN] IP:2250 - TSC_G4_IO1 not found: check if there is a RefParameter without a condition.
2026-05-11 15:20:19,239 [WARN] IP:2250 - TSC_G6_IO1 not found: check if there is a RefParameter without a condition.
2026-05-11 15:20:19,239 [WARN] IP:2250 - TSC_G7_IO2 not found: check if there is a RefParameter without a condition.
2026-05-11 15:20:19,239 [WARN] IP:2250 - TSC_G2_IO1 not found: check if there is a RefParameter without a condition.
2026-05-11 15:20:19,239 [WARN] IP:2250 - TSC_G2_IO3 not found: check if there is a RefParameter without a condition.
2026-05-11 15:20:19,239 [WARN] IP:2250 - TSC_G4_IO1 not found: check if there is a RefParameter without a condition.
2026-05-11 15:20:19,240 [WARN] IP:2250 - TSC_G6_IO1 not found: check if there is a RefParameter without a condition.
2026-05-11 15:20:19,240 [WARN] IP:2250 - TSC_G7_IO2 not found: check if there is a RefParameter without a condition.
2026-05-11 15:20:19,240 [WARN] IP:2250 - TSC_G2_IO1 not found: check if there is a RefParameter without a condition.
2026-05-11 15:20:19,240 [WARN] IP:2250 - TSC_G2_IO3 not found: check if there is a RefParameter without a condition.
2026-05-11 15:20:19,240 [WARN] IP:2250 - TSC_G4_IO1 not found: check if there is a RefParameter without a condition.
2026-05-11 15:20:19,240 [WARN] IP:2250 - TSC_G6_IO1 not found: check if there is a RefParameter without a condition.
2026-05-11 15:20:19,240 [WARN] IP:2250 - TSC_G7_IO2 not found: check if there is a RefParameter without a condition.
2026-05-11 15:20:19,240 [WARN] IP:2250 - TSC_G2_IO1 not found: check if there is a RefParameter without a condition.
2026-05-11 15:20:19,240 [WARN] IP:2250 - TSC_G2_IO3 not found: check if there is a RefParameter without a condition.
2026-05-11 15:20:19,240 [WARN] IP:2250 - TSC_G4_IO1 not found: check if there is a RefParameter without a condition.
2026-05-11 15:20:19,240 [WARN] IP:2250 - TSC_G6_IO1 not found: check if there is a RefParameter without a condition.
2026-05-11 15:20:19,240 [WARN] IP:2250 - TSC_G7_IO2 not found: check if there is a RefParameter without a condition.
2026-05-11 15:20:19,240 [WARN] IP:2250 - TSC_G2_IO1 not found: check if there is a RefParameter without a condition.
2026-05-11 15:20:19,240 [WARN] IP:2250 - TSC_G2_IO3 not found: check if there is a RefParameter without a condition.
2026-05-11 15:20:19,361 [INFO] CodeEngine:265 - oldGeneratedFile, D:\stm32L0\first\MXTmpFiles\license.tmp_save
2026-05-11 15:20:19,711 [INFO] CodeEngine:289 - Generated code: D:\stm32L0\first\MXTmpFiles\license.tmp
2026-05-11 15:20:19,811 [INFO] CodeEngine:265 - oldGeneratedFile, D:\stm32L0\first\MXTmpFiles\gpio.tmp_save
2026-05-11 15:20:19,951 [INFO] CodeEngine:289 - Generated code: D:\stm32L0\first\MXTmpFiles\gpio.tmp
2026-05-11 15:20:20,276 [WARN] IP:2250 - TSC_G4_IO1 not found: check if there is a RefParameter without a condition.
2026-05-11 15:20:20,276 [WARN] IP:2250 - TSC_G6_IO1 not found: check if there is a RefParameter without a condition.
2026-05-11 15:20:20,276 [WARN] IP:2250 - TSC_G7_IO2 not found: check if there is a RefParameter without a condition.
2026-05-11 15:20:20,276 [WARN] IP:2250 - TSC_G2_IO1 not found: check if there is a RefParameter without a condition.
2026-05-11 15:20:20,276 [WARN] IP:2250 - TSC_G2_IO3 not found: check if there is a RefParameter without a condition.
2026-05-11 15:20:20,277 [WARN] IP:2250 - TSC_G4_IO1 not found: check if there is a RefParameter without a condition.
2026-05-11 15:20:20,277 [WARN] IP:2250 - TSC_G6_IO1 not found: check if there is a RefParameter without a condition.
2026-05-11 15:20:20,277 [WARN] IP:2250 - TSC_G7_IO2 not found: check if there is a RefParameter without a condition.
2026-05-11 15:20:20,277 [WARN] IP:2250 - TSC_G2_IO1 not found: check if there is a RefParameter without a condition.
2026-05-11 15:20:20,277 [WARN] IP:2250 - TSC_G2_IO3 not found: check if there is a RefParameter without a condition.
2026-05-11 15:20:20,277 [WARN] IP:2250 - TSC_G4_IO1 not found: check if there is a RefParameter without a condition.
2026-05-11 15:20:20,277 [WARN] IP:2250 - TSC_G6_IO1 not found: check if there is a RefParameter without a condition.
2026-05-11 15:20:20,277 [WARN] IP:2250 - TSC_G7_IO2 not found: check if there is a RefParameter without a condition.
2026-05-11 15:20:20,277 [WARN] IP:2250 - TSC_G2_IO1 not found: check if there is a RefParameter without a condition.
2026-05-11 15:20:20,277 [WARN] IP:2250 - TSC_G2_IO3 not found: check if there is a RefParameter without a condition.
2026-05-11 15:20:20,475 [ERROR] RefParameter:1406 - [ERROR] Cannot retrieve the initial parameter value
2026-05-11 15:20:20,493 [INFO] Middleware:1452 - No code input for Bsp Dependency
2026-05-11 15:20:20,506 [ERROR] RefParameter:1406 - [ERROR] Cannot retrieve the initial parameter value
2026-05-11 15:20:20,519 [INFO] Middleware:1452 - No code input for Bsp Dependency
2026-05-11 15:20:20,536 [INFO] CodeEngine:265 - oldGeneratedFile, D:\stm32L0\first\TOUCHSENSING\App\touchsensing.c_save
2026-05-11 15:20:20,698 [INFO] CodeEngine:289 - Generated code: D:\stm32L0\first\TOUCHSENSING\App\touchsensing.c
2026-05-11 15:20:20,708 [INFO] CodeEngine:265 - oldGeneratedFile, D:\stm32L0\first\TOUCHSENSING\App\touchsensing.h_save
2026-05-11 15:20:20,834 [INFO] CodeEngine:289 - Generated code: D:\stm32L0\first\TOUCHSENSING\App\touchsensing.h
2026-05-11 15:20:20,841 [INFO] CodeEngine:265 - oldGeneratedFile, D:\stm32L0\first\TOUCHSENSING\App\tsl_user.c_save
2026-05-11 15:20:21,044 [INFO] CodeEngine:289 - Generated code: D:\stm32L0\first\TOUCHSENSING\App\tsl_user.c
2026-05-11 15:20:21,050 [INFO] CodeEngine:265 - oldGeneratedFile, D:\stm32L0\first\TOUCHSENSING\App\tsl_user.h_save
2026-05-11 15:20:21,178 [INFO] CodeEngine:289 - Generated code: D:\stm32L0\first\TOUCHSENSING\App\tsl_user.h
2026-05-11 15:20:21,186 [INFO] CodeEngine:265 - oldGeneratedFile, D:\stm32L0\first\TOUCHSENSING\App\tsl_conf.h_save
2026-05-11 15:20:21,298 [INFO] CodeEngine:289 - Generated code: D:\stm32L0\first\TOUCHSENSING\App\tsl_conf.h
2026-05-11 15:20:21,306 [INFO] CodeEngine:265 - oldGeneratedFile, D:\stm32L0\first\TOUCHSENSING\App\stmCriticalSection.c_save
2026-05-11 15:20:21,379 [INFO] CodeEngine:289 - Generated code: D:\stm32L0\first\TOUCHSENSING\App\stmCriticalSection.c
2026-05-11 15:20:21,388 [INFO] CodeEngine:265 - oldGeneratedFile, D:\stm32L0\first\TOUCHSENSING\App\stmCriticalSection.h_save
2026-05-11 15:20:21,456 [INFO] CodeEngine:289 - Generated code: D:\stm32L0\first\TOUCHSENSING\App\stmCriticalSection.h
2026-05-11 15:20:21,475 [INFO] CodeEngine:265 - oldGeneratedFile, D:\stm32L0\first\Core\Src\stm32l0xx_it.c_save
2026-05-11 15:20:21,686 [INFO] CodeEngine:289 - Generated code: D:\stm32L0\first\Core\Src\stm32l0xx_it.c
2026-05-11 15:20:21,717 [INFO] CodeEngine:265 - oldGeneratedFile, D:\stm32L0\first\Core\Inc\stm32l0xx_it.h_save
2026-05-11 15:20:21,801 [INFO] CodeEngine:289 - Generated code: D:\stm32L0\first\Core\Inc\stm32l0xx_it.h
2026-05-11 15:20:21,818 [INFO] CodeEngine:265 - oldGeneratedFile, D:\stm32L0\first\Core\Src\stm32l0xx_hal_msp.c_save
2026-05-11 15:20:21,976 [INFO] CodeEngine:289 - Generated code: D:\stm32L0\first\Core\Src\stm32l0xx_hal_msp.c
2026-05-11 15:20:21,984 [INFO] CodeEngine:265 - oldGeneratedFile, D:\stm32L0\first\MXTmpFiles\system.tmp_save
2026-05-11 15:20:22,031 [INFO] CodeEngine:289 - Generated code: D:\stm32L0\first\MXTmpFiles\system.tmp
2026-05-11 15:20:22,044 [INFO] CodeEngine:321 - oldGeneratedFile, D:\stm32L0\first\Core\Inc\stm32l0xx_hal_conf.h_save
2026-05-11 15:20:22,116 [INFO] CodeEngine:345 - Generated code: D:\stm32L0\first\Core\Inc\stm32l0xx_hal_conf.h
2026-05-11 15:20:22,151 [INFO] CodeEngine:265 - oldGeneratedFile, D:\stm32L0\first\Core\Inc\main.h_save
2026-05-11 15:20:22,278 [INFO] CodeEngine:289 - Generated code: D:\stm32L0\first\Core\Inc\main.h
2026-05-11 15:20:22,289 [INFO] CodeEngine:265 - oldGeneratedFile, D:\stm32L0\first\Core\Src\main.c_save
2026-05-11 15:20:22,418 [INFO] CodeEngine:289 - Generated code: D:\stm32L0\first\Core\Src\main.c
2026-05-11 15:20:23,131 [INFO] ProjectBuilder:3606 - Time for Copy HAL[1] : 432mS.
2026-05-11 15:20:23,137 [INFO] ProjectBuilder:5216 - Project Generator version: 4.7.0-B52
2026-05-11 15:20:23,213 [INFO] ConfigFileManager:1595 - The Die is : DIE417
2026-05-11 15:20:25,932 [INFO] ProjectBuilder:5496 - Time for Generating toolchain IDE Files: 2795mS.
2026-05-11 15:20:25,933 [INFO] ProjectBuilder:3463 - Time for Copy CMSIS : 0mS.
2026-05-11 15:20:25,937 [INFO] ProjectBuilder:3463 - Time for Copy CMSIS : 0mS.
2026-05-11 15:26:02,907 [INFO] WebApp:194 - Connection lost
2026-05-11 15:26:04,588 [INFO] WebApp:191 - Connection restablished
2026-05-11 15:29:58,731 [INFO] UtilMem:75 - End SaveConfig() Used Memory: 964317936 Bytes (1073741824)
2026-05-11 15:30:00,704 [INFO] UtilMem:75 - End SaveConfig() Used Memory: 991580912 Bytes (1073741824)
2026-05-11 15:30:04,094 [INFO] UtilMem:75 - End SaveConfig() Used Memory: 730771096 Bytes (1073741824)
2026-05-11 15:30:04,302 [INFO] ProjectBuilder:2380 - IP not ready for code generation: Clock
2026-05-11 15:30:04,303 [INFO] ProjectBuilder:2395 - IP not ready for code generation: TOUCHSENSING
2026-05-11 15:30:04,303 [INFO] ProjectBuilder:2395 - IP not ready for code generation: TSC
2026-05-11 15:34:04,179 [WARN] IP:2250 - TSC_G4_IO1 not found: check if there is a RefParameter without a condition.
2026-05-11 15:34:04,183 [WARN] IP:2250 - TSC_G6_IO1 not found: check if there is a RefParameter without a condition.
2026-05-11 15:34:04,183 [WARN] IP:2250 - TSC_G7_IO2 not found: check if there is a RefParameter without a condition.
2026-05-11 15:34:04,183 [WARN] IP:2250 - TSC_G2_IO1 not found: check if there is a RefParameter without a condition.
2026-05-11 15:34:04,183 [WARN] IP:2250 - TSC_G2_IO3 not found: check if there is a RefParameter without a condition.
2026-05-11 15:34:04,183 [WARN] IP:2250 - TSC_G4_IO1 not found: check if there is a RefParameter without a condition.
2026-05-11 15:34:04,183 [WARN] IP:2250 - TSC_G6_IO1 not found: check if there is a RefParameter without a condition.
2026-05-11 15:34:04,183 [WARN] IP:2250 - TSC_G7_IO2 not found: check if there is a RefParameter without a condition.
2026-05-11 15:34:04,183 [WARN] IP:2250 - TSC_G2_IO1 not found: check if there is a RefParameter without a condition.
2026-05-11 15:34:04,184 [WARN] IP:2250 - TSC_G2_IO3 not found: check if there is a RefParameter without a condition.
2026-05-11 15:34:04,184 [WARN] IP:2250 - TSC_G4_IO1 not found: check if there is a RefParameter without a condition.
2026-05-11 15:34:04,184 [WARN] IP:2250 - TSC_G6_IO1 not found: check if there is a RefParameter without a condition.
2026-05-11 15:34:04,184 [WARN] IP:2250 - TSC_G7_IO2 not found: check if there is a RefParameter without a condition.
2026-05-11 15:34:04,184 [WARN] IP:2250 - TSC_G2_IO1 not found: check if there is a RefParameter without a condition.
2026-05-11 15:34:04,184 [WARN] IP:2250 - TSC_G2_IO3 not found: check if there is a RefParameter without a condition.
2026-05-11 15:34:06,007 [WARN] IP:2250 - TSC_G4_IO1 not found: check if there is a RefParameter without a condition.
2026-05-11 15:34:06,007 [WARN] IP:2250 - TSC_G6_IO1 not found: check if there is a RefParameter without a condition.
2026-05-11 15:34:06,007 [WARN] IP:2250 - TSC_G7_IO2 not found: check if there is a RefParameter without a condition.
2026-05-11 15:34:06,007 [WARN] IP:2250 - TSC_G2_IO1 not found: check if there is a RefParameter without a condition.
2026-05-11 15:34:06,007 [WARN] IP:2250 - TSC_G2_IO3 not found: check if there is a RefParameter without a condition.
2026-05-11 15:34:06,008 [WARN] IP:2250 - TSC_G4_IO1 not found: check if there is a RefParameter without a condition.
2026-05-11 15:34:06,008 [WARN] IP:2250 - TSC_G6_IO1 not found: check if there is a RefParameter without a condition.
2026-05-11 15:34:06,008 [WARN] IP:2250 - TSC_G7_IO2 not found: check if there is a RefParameter without a condition.
2026-05-11 15:34:06,008 [WARN] IP:2250 - TSC_G2_IO1 not found: check if there is a RefParameter without a condition.
2026-05-11 15:34:06,008 [WARN] IP:2250 - TSC_G2_IO3 not found: check if there is a RefParameter without a condition.
2026-05-11 15:34:06,008 [WARN] IP:2250 - TSC_G4_IO1 not found: check if there is a RefParameter without a condition.
2026-05-11 15:34:06,008 [WARN] IP:2250 - TSC_G6_IO1 not found: check if there is a RefParameter without a condition.
2026-05-11 15:34:06,008 [WARN] IP:2250 - TSC_G7_IO2 not found: check if there is a RefParameter without a condition.
2026-05-11 15:34:06,008 [WARN] IP:2250 - TSC_G2_IO1 not found: check if there is a RefParameter without a condition.
2026-05-11 15:34:06,008 [WARN] IP:2250 - TSC_G2_IO3 not found: check if there is a RefParameter without a condition.
2026-05-11 15:34:06,009 [WARN] IP:2250 - TSC_G4_IO1 not found: check if there is a RefParameter without a condition.
2026-05-11 15:34:06,009 [WARN] IP:2250 - TSC_G6_IO1 not found: check if there is a RefParameter without a condition.
2026-05-11 15:34:06,009 [WARN] IP:2250 - TSC_G7_IO2 not found: check if there is a RefParameter without a condition.
2026-05-11 15:34:06,009 [WARN] IP:2250 - TSC_G2_IO1 not found: check if there is a RefParameter without a condition.
2026-05-11 15:34:06,009 [WARN] IP:2250 - TSC_G2_IO3 not found: check if there is a RefParameter without a condition.
2026-05-11 15:34:10,350 [WARN] IP:2250 - TSC_G4_IO1 not found: check if there is a RefParameter without a condition.
2026-05-11 15:34:10,350 [WARN] IP:2250 - TSC_G6_IO1 not found: check if there is a RefParameter without a condition.
2026-05-11 15:34:10,350 [WARN] IP:2250 - TSC_G7_IO2 not found: check if there is a RefParameter without a condition.
2026-05-11 15:34:10,350 [WARN] IP:2250 - TSC_G2_IO1 not found: check if there is a RefParameter without a condition.
2026-05-11 15:34:10,350 [WARN] IP:2250 - TSC_G2_IO3 not found: check if there is a RefParameter without a condition.
2026-05-11 15:34:10,351 [WARN] IP:2250 - TSC_G4_IO1 not found: check if there is a RefParameter without a condition.
2026-05-11 15:34:10,351 [WARN] IP:2250 - TSC_G6_IO1 not found: check if there is a RefParameter without a condition.
2026-05-11 15:34:10,351 [WARN] IP:2250 - TSC_G7_IO2 not found: check if there is a RefParameter without a condition.
2026-05-11 15:34:10,351 [WARN] IP:2250 - TSC_G2_IO1 not found: check if there is a RefParameter without a condition.
2026-05-11 15:34:10,351 [WARN] IP:2250 - TSC_G2_IO3 not found: check if there is a RefParameter without a condition.
2026-05-11 15:34:10,351 [WARN] IP:2250 - TSC_G4_IO1 not found: check if there is a RefParameter without a condition.
2026-05-11 15:34:10,351 [WARN] IP:2250 - TSC_G6_IO1 not found: check if there is a RefParameter without a condition.
2026-05-11 15:34:10,351 [WARN] IP:2250 - TSC_G7_IO2 not found: check if there is a RefParameter without a condition.
2026-05-11 15:34:10,351 [WARN] IP:2250 - TSC_G2_IO1 not found: check if there is a RefParameter without a condition.
2026-05-11 15:34:10,351 [WARN] IP:2250 - TSC_G2_IO3 not found: check if there is a RefParameter without a condition.
2026-05-11 15:34:10,351 [WARN] IP:2250 - TSC_G4_IO1 not found: check if there is a RefParameter without a condition.
2026-05-11 15:34:10,351 [WARN] IP:2250 - TSC_G6_IO1 not found: check if there is a RefParameter without a condition.
2026-05-11 15:34:10,351 [WARN] IP:2250 - TSC_G7_IO2 not found: check if there is a RefParameter without a condition.
2026-05-11 15:34:10,351 [WARN] IP:2250 - TSC_G2_IO1 not found: check if there is a RefParameter without a condition.
2026-05-11 15:34:10,351 [WARN] IP:2250 - TSC_G2_IO3 not found: check if there is a RefParameter without a condition.
2026-05-11 15:34:10,351 [WARN] IP:2250 - TSC_G4_IO1 not found: check if there is a RefParameter without a condition.
2026-05-11 15:34:10,351 [WARN] IP:2250 - TSC_G6_IO1 not found: check if there is a RefParameter without a condition.
2026-05-11 15:34:10,351 [WARN] IP:2250 - TSC_G7_IO2 not found: check if there is a RefParameter without a condition.
2026-05-11 15:34:10,351 [WARN] IP:2250 - TSC_G2_IO1 not found: check if there is a RefParameter without a condition.
2026-05-11 15:34:10,351 [WARN] IP:2250 - TSC_G2_IO3 not found: check if there is a RefParameter without a condition.
2026-05-11 15:34:27,713 [INFO] Mcu:1682 - InternalPropertyChange: try BijectiveRequest:G2_IO2
2026-05-11 15:34:27,809 [WARN] IP:2250 - TSC_G4_IO1 not found: check if there is a RefParameter without a condition.
2026-05-11 15:34:27,809 [WARN] IP:2250 - TSC_G6_IO1 not found: check if there is a RefParameter without a condition.
2026-05-11 15:34:27,809 [WARN] IP:2250 - TSC_G7_IO2 not found: check if there is a RefParameter without a condition.
2026-05-11 15:34:27,809 [WARN] IP:2250 - TSC_G2_IO1 not found: check if there is a RefParameter without a condition.
2026-05-11 15:34:27,809 [WARN] IP:2250 - TSC_G2_IO3 not found: check if there is a RefParameter without a condition.
2026-05-11 15:34:27,810 [WARN] IP:2250 - TSC_G4_IO1 not found: check if there is a RefParameter without a condition.
2026-05-11 15:34:27,810 [WARN] IP:2250 - TSC_G6_IO1 not found: check if there is a RefParameter without a condition.
2026-05-11 15:34:27,810 [WARN] IP:2250 - TSC_G7_IO2 not found: check if there is a RefParameter without a condition.
2026-05-11 15:34:27,810 [WARN] IP:2250 - TSC_G2_IO1 not found: check if there is a RefParameter without a condition.
2026-05-11 15:34:27,810 [WARN] IP:2250 - TSC_G2_IO3 not found: check if there is a RefParameter without a condition.
2026-05-11 15:34:27,810 [WARN] IP:2250 - TSC_G4_IO1 not found: check if there is a RefParameter without a condition.
2026-05-11 15:34:27,810 [WARN] IP:2250 - TSC_G6_IO1 not found: check if there is a RefParameter without a condition.
2026-05-11 15:34:27,810 [WARN] IP:2250 - TSC_G7_IO2 not found: check if there is a RefParameter without a condition.
2026-05-11 15:34:27,810 [WARN] IP:2250 - TSC_G2_IO1 not found: check if there is a RefParameter without a condition.
2026-05-11 15:34:27,810 [WARN] IP:2250 - TSC_G2_IO3 not found: check if there is a RefParameter without a condition.
2026-05-11 15:34:27,811 [WARN] IP:2250 - TSC_G4_IO1 not found: check if there is a RefParameter without a condition.
2026-05-11 15:34:27,811 [WARN] IP:2250 - TSC_G6_IO1 not found: check if there is a RefParameter without a condition.
2026-05-11 15:34:27,811 [WARN] IP:2250 - TSC_G7_IO2 not found: check if there is a RefParameter without a condition.
2026-05-11 15:34:27,811 [WARN] IP:2250 - TSC_G2_IO1 not found: check if there is a RefParameter without a condition.
2026-05-11 15:34:27,811 [WARN] IP:2250 - TSC_G2_IO3 not found: check if there is a RefParameter without a condition.
2026-05-11 15:34:27,811 [WARN] IP:2250 - TSC_G4_IO1 not found: check if there is a RefParameter without a condition.
2026-05-11 15:34:27,811 [WARN] IP:2250 - TSC_G6_IO1 not found: check if there is a RefParameter without a condition.
2026-05-11 15:34:27,811 [WARN] IP:2250 - TSC_G7_IO2 not found: check if there is a RefParameter without a condition.
2026-05-11 15:34:27,811 [WARN] IP:2250 - TSC_G2_IO1 not found: check if there is a RefParameter without a condition.
2026-05-11 15:34:27,811 [WARN] IP:2250 - TSC_G2_IO3 not found: check if there is a RefParameter without a condition.
2026-05-11 15:34:27,811 [WARN] IP:2250 - TSC_G4_IO1 not found: check if there is a RefParameter without a condition.
2026-05-11 15:34:27,811 [WARN] IP:2250 - TSC_G6_IO1 not found: check if there is a RefParameter without a condition.
2026-05-11 15:34:27,812 [WARN] IP:2250 - TSC_G7_IO2 not found: check if there is a RefParameter without a condition.
2026-05-11 15:34:27,812 [WARN] IP:2250 - TSC_G2_IO1 not found: check if there is a RefParameter without a condition.
2026-05-11 15:34:27,812 [WARN] IP:2250 - TSC_G2_IO3 not found: check if there is a RefParameter without a condition.
2026-05-11 15:34:27,873 [WARN] IP:2250 - TSC_G4_IO1 not found: check if there is a RefParameter without a condition.
2026-05-11 15:34:27,873 [WARN] IP:2250 - TSC_G6_IO1 not found: check if there is a RefParameter without a condition.
2026-05-11 15:34:27,873 [WARN] IP:2250 - TSC_G7_IO2 not found: check if there is a RefParameter without a condition.
2026-05-11 15:34:27,873 [WARN] IP:2250 - TSC_G2_IO1 not found: check if there is a RefParameter without a condition.
2026-05-11 15:34:27,873 [WARN] IP:2250 - TSC_G2_IO3 not found: check if there is a RefParameter without a condition.
2026-05-11 15:34:27,874 [WARN] IP:2250 - TSC_G4_IO1 not found: check if there is a RefParameter without a condition.
2026-05-11 15:34:27,874 [WARN] IP:2250 - TSC_G6_IO1 not found: check if there is a RefParameter without a condition.
2026-05-11 15:34:27,874 [WARN] IP:2250 - TSC_G7_IO2 not found: check if there is a RefParameter without a condition.
2026-05-11 15:34:27,874 [WARN] IP:2250 - TSC_G2_IO1 not found: check if there is a RefParameter without a condition.
2026-05-11 15:34:27,874 [WARN] IP:2250 - TSC_G2_IO3 not found: check if there is a RefParameter without a condition.
2026-05-11 15:34:27,874 [WARN] IP:2250 - TSC_G4_IO1 not found: check if there is a RefParameter without a condition.
2026-05-11 15:34:27,874 [WARN] IP:2250 - TSC_G6_IO1 not found: check if there is a RefParameter without a condition.
2026-05-11 15:34:27,874 [WARN] IP:2250 - TSC_G7_IO2 not found: check if there is a RefParameter without a condition.
2026-05-11 15:34:27,874 [WARN] IP:2250 - TSC_G2_IO1 not found: check if there is a RefParameter without a condition.
2026-05-11 15:34:27,874 [WARN] IP:2250 - TSC_G2_IO3 not found: check if there is a RefParameter without a condition.
2026-05-11 15:34:27,875 [WARN] IP:2250 - TSC_G4_IO1 not found: check if there is a RefParameter without a condition.
2026-05-11 15:34:27,875 [WARN] IP:2250 - TSC_G6_IO1 not found: check if there is a RefParameter without a condition.
2026-05-11 15:34:27,875 [WARN] IP:2250 - TSC_G7_IO2 not found: check if there is a RefParameter without a condition.
2026-05-11 15:34:27,875 [WARN] IP:2250 - TSC_G2_IO1 not found: check if there is a RefParameter without a condition.
2026-05-11 15:34:27,875 [WARN] IP:2250 - TSC_G2_IO3 not found: check if there is a RefParameter without a condition.
2026-05-11 15:34:27,875 [WARN] IP:2250 - TSC_G4_IO1 not found: check if there is a RefParameter without a condition.
2026-05-11 15:34:27,875 [WARN] IP:2250 - TSC_G6_IO1 not found: check if there is a RefParameter without a condition.
2026-05-11 15:34:27,875 [WARN] IP:2250 - TSC_G7_IO2 not found: check if there is a RefParameter without a condition.
2026-05-11 15:34:27,875 [WARN] IP:2250 - TSC_G2_IO1 not found: check if there is a RefParameter without a condition.
2026-05-11 15:34:27,875 [WARN] IP:2250 - TSC_G2_IO3 not found: check if there is a RefParameter without a condition.
2026-05-11 15:34:27,875 [WARN] IP:2250 - TSC_G4_IO1 not found: check if there is a RefParameter without a condition.
2026-05-11 15:34:27,876 [WARN] IP:2250 - TSC_G6_IO1 not found: check if there is a RefParameter without a condition.
2026-05-11 15:34:27,876 [WARN] IP:2250 - TSC_G7_IO2 not found: check if there is a RefParameter without a condition.
2026-05-11 15:34:27,876 [WARN] IP:2250 - TSC_G2_IO1 not found: check if there is a RefParameter without a condition.
2026-05-11 15:34:27,876 [WARN] IP:2250 - TSC_G2_IO3 not found: check if there is a RefParameter without a condition.
2026-05-11 15:34:27,918 [WARN] IP:2250 - TSC_G4_IO1 not found: check if there is a RefParameter without a condition.
2026-05-11 15:34:27,918 [WARN] IP:2250 - TSC_G6_IO1 not found: check if there is a RefParameter without a condition.
2026-05-11 15:34:27,918 [WARN] IP:2250 - TSC_G7_IO2 not found: check if there is a RefParameter without a condition.
2026-05-11 15:34:27,918 [WARN] IP:2250 - TSC_G2_IO1 not found: check if there is a RefParameter without a condition.
2026-05-11 15:34:27,918 [WARN] IP:2250 - TSC_G2_IO3 not found: check if there is a RefParameter without a condition.
2026-05-11 15:34:27,918 [WARN] IP:2250 - TSC_G4_IO1 not found: check if there is a RefParameter without a condition.
2026-05-11 15:34:27,918 [WARN] IP:2250 - TSC_G6_IO1 not found: check if there is a RefParameter without a condition.
2026-05-11 15:34:27,918 [WARN] IP:2250 - TSC_G7_IO2 not found: check if there is a RefParameter without a condition.
2026-05-11 15:34:27,918 [WARN] IP:2250 - TSC_G2_IO1 not found: check if there is a RefParameter without a condition.
2026-05-11 15:34:27,918 [WARN] IP:2250 - TSC_G2_IO3 not found: check if there is a RefParameter without a condition.
2026-05-11 15:34:27,918 [WARN] IP:2250 - TSC_G4_IO1 not found: check if there is a RefParameter without a condition.
2026-05-11 15:34:27,918 [WARN] IP:2250 - TSC_G6_IO1 not found: check if there is a RefParameter without a condition.
2026-05-11 15:34:27,918 [WARN] IP:2250 - TSC_G7_IO2 not found: check if there is a RefParameter without a condition.
2026-05-11 15:34:27,919 [WARN] IP:2250 - TSC_G2_IO1 not found: check if there is a RefParameter without a condition.
2026-05-11 15:34:27,919 [WARN] IP:2250 - TSC_G2_IO3 not found: check if there is a RefParameter without a condition.
2026-05-11 15:34:27,919 [WARN] IP:2250 - TSC_G4_IO1 not found: check if there is a RefParameter without a condition.
2026-05-11 15:34:27,919 [WARN] IP:2250 - TSC_G6_IO1 not found: check if there is a RefParameter without a condition.
2026-05-11 15:34:27,919 [WARN] IP:2250 - TSC_G7_IO2 not found: check if there is a RefParameter without a condition.
2026-05-11 15:34:27,919 [WARN] IP:2250 - TSC_G2_IO1 not found: check if there is a RefParameter without a condition.
2026-05-11 15:34:27,919 [WARN] IP:2250 - TSC_G2_IO3 not found: check if there is a RefParameter without a condition.
2026-05-11 15:34:27,919 [WARN] IP:2250 - TSC_G4_IO1 not found: check if there is a RefParameter without a condition.
2026-05-11 15:34:27,919 [WARN] IP:2250 - TSC_G6_IO1 not found: check if there is a RefParameter without a condition.
2026-05-11 15:34:27,919 [WARN] IP:2250 - TSC_G7_IO2 not found: check if there is a RefParameter without a condition.
2026-05-11 15:34:27,919 [WARN] IP:2250 - TSC_G2_IO1 not found: check if there is a RefParameter without a condition.
2026-05-11 15:34:27,919 [WARN] IP:2250 - TSC_G2_IO3 not found: check if there is a RefParameter without a condition.
2026-05-11 15:34:27,919 [WARN] IP:2250 - TSC_G4_IO1 not found: check if there is a RefParameter without a condition.
2026-05-11 15:34:27,919 [WARN] IP:2250 - TSC_G6_IO1 not found: check if there is a RefParameter without a condition.
2026-05-11 15:34:27,919 [WARN] IP:2250 - TSC_G7_IO2 not found: check if there is a RefParameter without a condition.
2026-05-11 15:34:27,919 [WARN] IP:2250 - TSC_G2_IO1 not found: check if there is a RefParameter without a condition.
2026-05-11 15:34:27,919 [WARN] IP:2250 - TSC_G2_IO3 not found: check if there is a RefParameter without a condition.
2026-05-11 15:34:27,981 [WARN] IP:2250 - TSC_G4_IO1 not found: check if there is a RefParameter without a condition.
2026-05-11 15:34:27,981 [WARN] IP:2250 - TSC_G6_IO1 not found: check if there is a RefParameter without a condition.
2026-05-11 15:34:27,981 [WARN] IP:2250 - TSC_G7_IO2 not found: check if there is a RefParameter without a condition.
2026-05-11 15:34:27,981 [WARN] IP:2250 - TSC_G2_IO1 not found: check if there is a RefParameter without a condition.
2026-05-11 15:34:27,981 [WARN] IP:2250 - TSC_G2_IO3 not found: check if there is a RefParameter without a condition.
2026-05-11 15:34:27,981 [WARN] IP:2250 - TSC_G4_IO1 not found: check if there is a RefParameter without a condition.
2026-05-11 15:34:27,981 [WARN] IP:2250 - TSC_G6_IO1 not found: check if there is a RefParameter without a condition.
2026-05-11 15:34:27,981 [WARN] IP:2250 - TSC_G7_IO2 not found: check if there is a RefParameter without a condition.
2026-05-11 15:34:27,981 [WARN] IP:2250 - TSC_G2_IO1 not found: check if there is a RefParameter without a condition.
2026-05-11 15:34:27,981 [WARN] IP:2250 - TSC_G2_IO3 not found: check if there is a RefParameter without a condition.
2026-05-11 15:34:27,982 [WARN] IP:2250 - TSC_G4_IO1 not found: check if there is a RefParameter without a condition.
2026-05-11 15:34:27,982 [WARN] IP:2250 - TSC_G6_IO1 not found: check if there is a RefParameter without a condition.
2026-05-11 15:34:27,982 [WARN] IP:2250 - TSC_G7_IO2 not found: check if there is a RefParameter without a condition.
2026-05-11 15:34:27,982 [WARN] IP:2250 - TSC_G2_IO1 not found: check if there is a RefParameter without a condition.
2026-05-11 15:34:27,982 [WARN] IP:2250 - TSC_G2_IO3 not found: check if there is a RefParameter without a condition.
2026-05-11 15:34:27,982 [WARN] IP:2250 - TSC_G4_IO1 not found: check if there is a RefParameter without a condition.
2026-05-11 15:34:27,982 [WARN] IP:2250 - TSC_G6_IO1 not found: check if there is a RefParameter without a condition.
2026-05-11 15:34:27,982 [WARN] IP:2250 - TSC_G7_IO2 not found: check if there is a RefParameter without a condition.
2026-05-11 15:34:27,982 [WARN] IP:2250 - TSC_G2_IO1 not found: check if there is a RefParameter without a condition.
2026-05-11 15:34:27,982 [WARN] IP:2250 - TSC_G2_IO3 not found: check if there is a RefParameter without a condition.
2026-05-11 15:34:27,982 [WARN] IP:2250 - TSC_G4_IO1 not found: check if there is a RefParameter without a condition.
2026-05-11 15:34:27,982 [WARN] IP:2250 - TSC_G6_IO1 not found: check if there is a RefParameter without a condition.
2026-05-11 15:34:27,982 [WARN] IP:2250 - TSC_G7_IO2 not found: check if there is a RefParameter without a condition.
2026-05-11 15:34:27,982 [WARN] IP:2250 - TSC_G2_IO1 not found: check if there is a RefParameter without a condition.
2026-05-11 15:34:27,982 [WARN] IP:2250 - TSC_G2_IO3 not found: check if there is a RefParameter without a condition.
2026-05-11 15:34:27,982 [WARN] IP:2250 - TSC_G4_IO1 not found: check if there is a RefParameter without a condition.
2026-05-11 15:34:27,982 [WARN] IP:2250 - TSC_G6_IO1 not found: check if there is a RefParameter without a condition.
2026-05-11 15:34:27,983 [WARN] IP:2250 - TSC_G7_IO2 not found: check if there is a RefParameter without a condition.
2026-05-11 15:34:27,983 [WARN] IP:2250 - TSC_G2_IO1 not found: check if there is a RefParameter without a condition.
2026-05-11 15:34:27,983 [WARN] IP:2250 - TSC_G2_IO3 not found: check if there is a RefParameter without a condition.
2026-05-11 15:34:28,006 [WARN] IP:2250 - TSC_G4_IO1 not found: check if there is a RefParameter without a condition.
2026-05-11 15:34:28,006 [WARN] IP:2250 - TSC_G6_IO1 not found: check if there is a RefParameter without a condition.
2026-05-11 15:34:28,006 [WARN] IP:2250 - TSC_G7_IO2 not found: check if there is a RefParameter without a condition.
2026-05-11 15:34:28,006 [WARN] IP:2250 - TSC_G2_IO1 not found: check if there is a RefParameter without a condition.
2026-05-11 15:34:28,006 [WARN] IP:2250 - TSC_G2_IO3 not found: check if there is a RefParameter without a condition.
2026-05-11 15:34:28,006 [WARN] IP:2250 - TSC_G4_IO1 not found: check if there is a RefParameter without a condition.
2026-05-11 15:34:28,006 [WARN] IP:2250 - TSC_G6_IO1 not found: check if there is a RefParameter without a condition.
2026-05-11 15:34:28,006 [WARN] IP:2250 - TSC_G7_IO2 not found: check if there is a RefParameter without a condition.
2026-05-11 15:34:28,006 [WARN] IP:2250 - TSC_G2_IO1 not found: check if there is a RefParameter without a condition.
2026-05-11 15:34:28,006 [WARN] IP:2250 - TSC_G2_IO3 not found: check if there is a RefParameter without a condition.
2026-05-11 15:34:28,007 [WARN] IP:2250 - TSC_G4_IO1 not found: check if there is a RefParameter without a condition.
2026-05-11 15:34:28,007 [WARN] IP:2250 - TSC_G6_IO1 not found: check if there is a RefParameter without a condition.
2026-05-11 15:34:28,007 [WARN] IP:2250 - TSC_G7_IO2 not found: check if there is a RefParameter without a condition.
2026-05-11 15:34:28,007 [WARN] IP:2250 - TSC_G2_IO1 not found: check if there is a RefParameter without a condition.
2026-05-11 15:34:28,007 [WARN] IP:2250 - TSC_G2_IO3 not found: check if there is a RefParameter without a condition.
2026-05-11 15:34:28,007 [WARN] IP:2250 - TSC_G4_IO1 not found: check if there is a RefParameter without a condition.
2026-05-11 15:34:28,007 [WARN] IP:2250 - TSC_G6_IO1 not found: check if there is a RefParameter without a condition.
2026-05-11 15:34:28,007 [WARN] IP:2250 - TSC_G7_IO2 not found: check if there is a RefParameter without a condition.
2026-05-11 15:34:28,007 [WARN] IP:2250 - TSC_G2_IO1 not found: check if there is a RefParameter without a condition.
2026-05-11 15:34:28,007 [WARN] IP:2250 - TSC_G2_IO3 not found: check if there is a RefParameter without a condition.
2026-05-11 15:34:28,007 [WARN] IP:2250 - TSC_G4_IO1 not found: check if there is a RefParameter without a condition.
2026-05-11 15:34:28,007 [WARN] IP:2250 - TSC_G6_IO1 not found: check if there is a RefParameter without a condition.
2026-05-11 15:34:28,007 [WARN] IP:2250 - TSC_G7_IO2 not found: check if there is a RefParameter without a condition.
2026-05-11 15:34:28,007 [WARN] IP:2250 - TSC_G2_IO1 not found: check if there is a RefParameter without a condition.
2026-05-11 15:34:28,007 [WARN] IP:2250 - TSC_G2_IO3 not found: check if there is a RefParameter without a condition.
2026-05-11 15:34:28,007 [WARN] IP:2250 - TSC_G4_IO1 not found: check if there is a RefParameter without a condition.
2026-05-11 15:34:28,007 [WARN] IP:2250 - TSC_G6_IO1 not found: check if there is a RefParameter without a condition.
2026-05-11 15:34:28,007 [WARN] IP:2250 - TSC_G7_IO2 not found: check if there is a RefParameter without a condition.
2026-05-11 15:34:28,007 [WARN] IP:2250 - TSC_G2_IO1 not found: check if there is a RefParameter without a condition.
2026-05-11 15:34:28,007 [WARN] IP:2250 - TSC_G2_IO3 not found: check if there is a RefParameter without a condition.
2026-05-11 15:36:05,219 [INFO] ParamManager:905 - [Generic UI] PropertyChangeEvent: TAB_STATUS_CHANGED , "dont care", "never mind"
2026-05-11 15:36:21,130 [INFO] ParamManager:905 - [Generic UI] PropertyChangeEvent: TAB_STATUS_CHANGED , "dont care", "never mind"
2026-05-11 15:42:02,675 [WARN] IP:2250 - TSC_G4_IO1 not found: check if there is a RefParameter without a condition.
2026-05-11 15:42:02,687 [WARN] IP:2250 - TSC_G6_IO1 not found: check if there is a RefParameter without a condition.
2026-05-11 15:42:02,687 [WARN] IP:2250 - TSC_G7_IO2 not found: check if there is a RefParameter without a condition.
2026-05-11 15:42:02,687 [WARN] IP:2250 - TSC_G2_IO1 not found: check if there is a RefParameter without a condition.
2026-05-11 15:42:02,688 [WARN] IP:2250 - TSC_G2_IO3 not found: check if there is a RefParameter without a condition.
2026-05-11 15:42:02,688 [WARN] IP:2250 - TSC_G4_IO1 not found: check if there is a RefParameter without a condition.
2026-05-11 15:42:02,688 [WARN] IP:2250 - TSC_G6_IO1 not found: check if there is a RefParameter without a condition.
2026-05-11 15:42:02,688 [WARN] IP:2250 - TSC_G7_IO2 not found: check if there is a RefParameter without a condition.
2026-05-11 15:42:02,688 [WARN] IP:2250 - TSC_G2_IO1 not found: check if there is a RefParameter without a condition.
2026-05-11 15:42:02,688 [WARN] IP:2250 - TSC_G2_IO3 not found: check if there is a RefParameter without a condition.
2026-05-11 15:42:02,688 [WARN] IP:2250 - TSC_G4_IO1 not found: check if there is a RefParameter without a condition.
2026-05-11 15:42:02,688 [WARN] IP:2250 - TSC_G6_IO1 not found: check if there is a RefParameter without a condition.
2026-05-11 15:42:02,688 [WARN] IP:2250 - TSC_G7_IO2 not found: check if there is a RefParameter without a condition.
2026-05-11 15:42:02,688 [WARN] IP:2250 - TSC_G2_IO1 not found: check if there is a RefParameter without a condition.
2026-05-11 15:42:02,688 [WARN] IP:2250 - TSC_G2_IO3 not found: check if there is a RefParameter without a condition.
2026-05-11 15:42:02,688 [WARN] IP:2250 - TSC_G4_IO1 not found: check if there is a RefParameter without a condition.
2026-05-11 15:42:02,688 [WARN] IP:2250 - TSC_G6_IO1 not found: check if there is a RefParameter without a condition.
2026-05-11 15:42:02,688 [WARN] IP:2250 - TSC_G7_IO2 not found: check if there is a RefParameter without a condition.
2026-05-11 15:42:02,688 [WARN] IP:2250 - TSC_G2_IO1 not found: check if there is a RefParameter without a condition.
2026-05-11 15:42:02,688 [WARN] IP:2250 - TSC_G2_IO3 not found: check if there is a RefParameter without a condition.
2026-05-11 15:42:02,688 [WARN] IP:2250 - TSC_G4_IO1 not found: check if there is a RefParameter without a condition.
2026-05-11 15:42:02,688 [WARN] IP:2250 - TSC_G6_IO1 not found: check if there is a RefParameter without a condition.
2026-05-11 15:42:02,688 [WARN] IP:2250 - TSC_G7_IO2 not found: check if there is a RefParameter without a condition.
2026-05-11 15:42:02,688 [WARN] IP:2250 - TSC_G2_IO1 not found: check if there is a RefParameter without a condition.
2026-05-11 15:42:02,689 [WARN] IP:2250 - TSC_G2_IO3 not found: check if there is a RefParameter without a condition.
2026-05-11 15:42:02,689 [WARN] IP:2250 - TSC_G4_IO1 not found: check if there is a RefParameter without a condition.
2026-05-11 15:42:02,689 [WARN] IP:2250 - TSC_G6_IO1 not found: check if there is a RefParameter without a condition.
2026-05-11 15:42:02,689 [WARN] IP:2250 - TSC_G7_IO2 not found: check if there is a RefParameter without a condition.
2026-05-11 15:42:02,689 [WARN] IP:2250 - TSC_G2_IO1 not found: check if there is a RefParameter without a condition.
2026-05-11 15:42:02,689 [WARN] IP:2250 - TSC_G2_IO3 not found: check if there is a RefParameter without a condition.
2026-05-11 15:42:46,267 [WARN] IP:2250 - TSC_G4_IO1 not found: check if there is a RefParameter without a condition.
2026-05-11 15:42:46,267 [WARN] IP:2250 - TSC_G6_IO1 not found: check if there is a RefParameter without a condition.
2026-05-11 15:42:46,267 [WARN] IP:2250 - TSC_G7_IO2 not found: check if there is a RefParameter without a condition.
2026-05-11 15:42:46,267 [WARN] IP:2250 - TSC_G2_IO1 not found: check if there is a RefParameter without a condition.
2026-05-11 15:42:46,267 [WARN] IP:2250 - TSC_G2_IO3 not found: check if there is a RefParameter without a condition.
2026-05-11 15:42:46,267 [WARN] IP:2250 - TSC_G4_IO1 not found: check if there is a RefParameter without a condition.
2026-05-11 15:42:46,268 [WARN] IP:2250 - TSC_G6_IO1 not found: check if there is a RefParameter without a condition.
2026-05-11 15:42:46,268 [WARN] IP:2250 - TSC_G7_IO2 not found: check if there is a RefParameter without a condition.
2026-05-11 15:42:46,268 [WARN] IP:2250 - TSC_G2_IO1 not found: check if there is a RefParameter without a condition.
2026-05-11 15:42:46,268 [WARN] IP:2250 - TSC_G2_IO3 not found: check if there is a RefParameter without a condition.
2026-05-11 15:42:46,268 [WARN] IP:2250 - TSC_G4_IO1 not found: check if there is a RefParameter without a condition.
2026-05-11 15:42:46,270 [WARN] IP:2250 - TSC_G6_IO1 not found: check if there is a RefParameter without a condition.
2026-05-11 15:42:46,270 [WARN] IP:2250 - TSC_G7_IO2 not found: check if there is a RefParameter without a condition.
2026-05-11 15:42:46,270 [WARN] IP:2250 - TSC_G2_IO1 not found: check if there is a RefParameter without a condition.
2026-05-11 15:42:46,270 [WARN] IP:2250 - TSC_G2_IO3 not found: check if there is a RefParameter without a condition.
2026-05-11 15:42:46,270 [WARN] IP:2250 - TSC_G4_IO1 not found: check if there is a RefParameter without a condition.
2026-05-11 15:42:46,270 [WARN] IP:2250 - TSC_G6_IO1 not found: check if there is a RefParameter without a condition.
2026-05-11 15:42:46,270 [WARN] IP:2250 - TSC_G7_IO2 not found: check if there is a RefParameter without a condition.
2026-05-11 15:42:46,270 [WARN] IP:2250 - TSC_G2_IO1 not found: check if there is a RefParameter without a condition.
2026-05-11 15:42:46,270 [WARN] IP:2250 - TSC_G2_IO3 not found: check if there is a RefParameter without a condition.
2026-05-11 15:42:46,270 [WARN] IP:2250 - TSC_G4_IO1 not found: check if there is a RefParameter without a condition.
2026-05-11 15:42:46,271 [WARN] IP:2250 - TSC_G6_IO1 not found: check if there is a RefParameter without a condition.
2026-05-11 15:42:46,271 [WARN] IP:2250 - TSC_G7_IO2 not found: check if there is a RefParameter without a condition.
2026-05-11 15:42:46,271 [WARN] IP:2250 - TSC_G2_IO1 not found: check if there is a RefParameter without a condition.
2026-05-11 15:42:46,271 [WARN] IP:2250 - TSC_G2_IO3 not found: check if there is a RefParameter without a condition.
2026-05-11 15:42:46,271 [WARN] IP:2250 - TSC_G4_IO1 not found: check if there is a RefParameter without a condition.
2026-05-11 15:42:46,271 [WARN] IP:2250 - TSC_G6_IO1 not found: check if there is a RefParameter without a condition.
2026-05-11 15:42:46,271 [WARN] IP:2250 - TSC_G7_IO2 not found: check if there is a RefParameter without a condition.
2026-05-11 15:42:46,271 [WARN] IP:2250 - TSC_G2_IO1 not found: check if there is a RefParameter without a condition.
2026-05-11 15:42:46,271 [WARN] IP:2250 - TSC_G2_IO3 not found: check if there is a RefParameter without a condition.
2026-05-11 15:43:00,269 [WARN] IP:2250 - TSC_G4_IO1 not found: check if there is a RefParameter without a condition.
2026-05-11 15:43:00,269 [WARN] IP:2250 - TSC_G6_IO1 not found: check if there is a RefParameter without a condition.
2026-05-11 15:43:00,269 [WARN] IP:2250 - TSC_G7_IO2 not found: check if there is a RefParameter without a condition.
2026-05-11 15:43:00,269 [WARN] IP:2250 - TSC_G2_IO1 not found: check if there is a RefParameter without a condition.
2026-05-11 15:43:00,269 [WARN] IP:2250 - TSC_G2_IO3 not found: check if there is a RefParameter without a condition.
2026-05-11 15:43:00,269 [WARN] IP:2250 - TSC_G4_IO1 not found: check if there is a RefParameter without a condition.
2026-05-11 15:43:00,269 [WARN] IP:2250 - TSC_G6_IO1 not found: check if there is a RefParameter without a condition.
2026-05-11 15:43:00,269 [WARN] IP:2250 - TSC_G7_IO2 not found: check if there is a RefParameter without a condition.
2026-05-11 15:43:00,269 [WARN] IP:2250 - TSC_G2_IO1 not found: check if there is a RefParameter without a condition.
2026-05-11 15:43:00,269 [WARN] IP:2250 - TSC_G2_IO3 not found: check if there is a RefParameter without a condition.
2026-05-11 15:43:00,269 [WARN] IP:2250 - TSC_G4_IO1 not found: check if there is a RefParameter without a condition.
2026-05-11 15:43:00,269 [WARN] IP:2250 - TSC_G6_IO1 not found: check if there is a RefParameter without a condition.
2026-05-11 15:43:00,269 [WARN] IP:2250 - TSC_G7_IO2 not found: check if there is a RefParameter without a condition.
2026-05-11 15:43:00,269 [WARN] IP:2250 - TSC_G2_IO1 not found: check if there is a RefParameter without a condition.
2026-05-11 15:43:00,269 [WARN] IP:2250 - TSC_G2_IO3 not found: check if there is a RefParameter without a condition.
2026-05-11 15:43:00,270 [WARN] IP:2250 - TSC_G4_IO1 not found: check if there is a RefParameter without a condition.
2026-05-11 15:43:00,270 [WARN] IP:2250 - TSC_G6_IO1 not found: check if there is a RefParameter without a condition.
2026-05-11 15:43:00,270 [WARN] IP:2250 - TSC_G7_IO2 not found: check if there is a RefParameter without a condition.
2026-05-11 15:43:00,270 [WARN] IP:2250 - TSC_G2_IO1 not found: check if there is a RefParameter without a condition.
2026-05-11 15:43:00,270 [WARN] IP:2250 - TSC_G2_IO3 not found: check if there is a RefParameter without a condition.
2026-05-11 15:43:00,270 [WARN] IP:2250 - TSC_G4_IO1 not found: check if there is a RefParameter without a condition.
2026-05-11 15:43:00,270 [WARN] IP:2250 - TSC_G6_IO1 not found: check if there is a RefParameter without a condition.
2026-05-11 15:43:00,270 [WARN] IP:2250 - TSC_G7_IO2 not found: check if there is a RefParameter without a condition.
2026-05-11 15:43:00,270 [WARN] IP:2250 - TSC_G2_IO1 not found: check if there is a RefParameter without a condition.
2026-05-11 15:43:00,270 [WARN] IP:2250 - TSC_G2_IO3 not found: check if there is a RefParameter without a condition.
2026-05-11 15:43:00,270 [WARN] IP:2250 - TSC_G4_IO1 not found: check if there is a RefParameter without a condition.
2026-05-11 15:43:00,270 [WARN] IP:2250 - TSC_G6_IO1 not found: check if there is a RefParameter without a condition.
2026-05-11 15:43:00,270 [WARN] IP:2250 - TSC_G7_IO2 not found: check if there is a RefParameter without a condition.
2026-05-11 15:43:00,270 [WARN] IP:2250 - TSC_G2_IO1 not found: check if there is a RefParameter without a condition.
2026-05-11 15:43:00,270 [WARN] IP:2250 - TSC_G2_IO3 not found: check if there is a RefParameter without a condition.
2026-05-11 15:44:18,467 [WARN] IP:2250 - TSC_G4_IO1 not found: check if there is a RefParameter without a condition.
2026-05-11 15:44:18,467 [WARN] IP:2250 - TSC_G6_IO1 not found: check if there is a RefParameter without a condition.
2026-05-11 15:44:18,467 [WARN] IP:2250 - TSC_G7_IO2 not found: check if there is a RefParameter without a condition.
2026-05-11 15:44:18,467 [WARN] IP:2250 - TSC_G2_IO1 not found: check if there is a RefParameter without a condition.
2026-05-11 15:44:18,467 [WARN] IP:2250 - TSC_G2_IO3 not found: check if there is a RefParameter without a condition.
2026-05-11 15:44:18,467 [WARN] IP:2250 - TSC_G4_IO1 not found: check if there is a RefParameter without a condition.
2026-05-11 15:44:18,467 [WARN] IP:2250 - TSC_G6_IO1 not found: check if there is a RefParameter without a condition.
2026-05-11 15:44:18,467 [WARN] IP:2250 - TSC_G7_IO2 not found: check if there is a RefParameter without a condition.
2026-05-11 15:44:18,467 [WARN] IP:2250 - TSC_G2_IO1 not found: check if there is a RefParameter without a condition.
2026-05-11 15:44:18,467 [WARN] IP:2250 - TSC_G2_IO3 not found: check if there is a RefParameter without a condition.
2026-05-11 15:44:18,468 [WARN] IP:2250 - TSC_G4_IO1 not found: check if there is a RefParameter without a condition.
2026-05-11 15:44:18,468 [WARN] IP:2250 - TSC_G6_IO1 not found: check if there is a RefParameter without a condition.
2026-05-11 15:44:18,468 [WARN] IP:2250 - TSC_G7_IO2 not found: check if there is a RefParameter without a condition.
2026-05-11 15:44:18,468 [WARN] IP:2250 - TSC_G2_IO1 not found: check if there is a RefParameter without a condition.
2026-05-11 15:44:18,468 [WARN] IP:2250 - TSC_G2_IO3 not found: check if there is a RefParameter without a condition.
2026-05-11 15:44:18,468 [WARN] IP:2250 - TSC_G4_IO1 not found: check if there is a RefParameter without a condition.
2026-05-11 15:44:18,468 [WARN] IP:2250 - TSC_G6_IO1 not found: check if there is a RefParameter without a condition.
2026-05-11 15:44:18,468 [WARN] IP:2250 - TSC_G7_IO2 not found: check if there is a RefParameter without a condition.
2026-05-11 15:44:18,468 [WARN] IP:2250 - TSC_G2_IO1 not found: check if there is a RefParameter without a condition.
2026-05-11 15:44:18,468 [WARN] IP:2250 - TSC_G2_IO3 not found: check if there is a RefParameter without a condition.
2026-05-11 15:44:18,468 [WARN] IP:2250 - TSC_G4_IO1 not found: check if there is a RefParameter without a condition.
2026-05-11 15:44:18,468 [WARN] IP:2250 - TSC_G6_IO1 not found: check if there is a RefParameter without a condition.
2026-05-11 15:44:18,468 [WARN] IP:2250 - TSC_G7_IO2 not found: check if there is a RefParameter without a condition.
2026-05-11 15:44:18,468 [WARN] IP:2250 - TSC_G2_IO1 not found: check if there is a RefParameter without a condition.
2026-05-11 15:44:18,469 [WARN] IP:2250 - TSC_G2_IO3 not found: check if there is a RefParameter without a condition.
2026-05-11 15:44:18,469 [WARN] IP:2250 - TSC_G4_IO1 not found: check if there is a RefParameter without a condition.
2026-05-11 15:44:18,469 [WARN] IP:2250 - TSC_G6_IO1 not found: check if there is a RefParameter without a condition.
2026-05-11 15:44:18,469 [WARN] IP:2250 - TSC_G7_IO2 not found: check if there is a RefParameter without a condition.
2026-05-11 15:44:18,469 [WARN] IP:2250 - TSC_G2_IO1 not found: check if there is a RefParameter without a condition.
2026-05-11 15:44:18,469 [WARN] IP:2250 - TSC_G2_IO3 not found: check if there is a RefParameter without a condition.
2026-05-11 15:44:18,521 [INFO] NvicIntPanel:101 - NVIC parent = com.st.microxplorer.plugins.ip.nvic.MultiNvicIntPanel[,0,0,0x0,invalid,layout=javax.swing.BoxLayout,alignmentX=0.0,alignmentY=0.0,border=,flags=9,maximumSize=,minimumSize=,preferredSize=]
2026-05-11 15:44:18,766 [WARN] IP:2250 - TSC_G4_IO1 not found: check if there is a RefParameter without a condition.
2026-05-11 15:44:18,766 [WARN] IP:2250 - TSC_G6_IO1 not found: check if there is a RefParameter without a condition.
2026-05-11 15:44:18,766 [WARN] IP:2250 - TSC_G7_IO2 not found: check if there is a RefParameter without a condition.
2026-05-11 15:44:18,766 [WARN] IP:2250 - TSC_G2_IO1 not found: check if there is a RefParameter without a condition.
2026-05-11 15:44:18,766 [WARN] IP:2250 - TSC_G2_IO3 not found: check if there is a RefParameter without a condition.
2026-05-11 15:44:18,766 [WARN] IP:2250 - TSC_G4_IO1 not found: check if there is a RefParameter without a condition.
2026-05-11 15:44:18,766 [WARN] IP:2250 - TSC_G6_IO1 not found: check if there is a RefParameter without a condition.
2026-05-11 15:44:18,766 [WARN] IP:2250 - TSC_G7_IO2 not found: check if there is a RefParameter without a condition.
2026-05-11 15:44:18,766 [WARN] IP:2250 - TSC_G2_IO1 not found: check if there is a RefParameter without a condition.
2026-05-11 15:44:18,766 [WARN] IP:2250 - TSC_G2_IO3 not found: check if there is a RefParameter without a condition.
2026-05-11 15:44:18,766 [WARN] IP:2250 - TSC_G4_IO1 not found: check if there is a RefParameter without a condition.
2026-05-11 15:44:18,766 [WARN] IP:2250 - TSC_G6_IO1 not found: check if there is a RefParameter without a condition.
2026-05-11 15:44:18,766 [WARN] IP:2250 - TSC_G7_IO2 not found: check if there is a RefParameter without a condition.
2026-05-11 15:44:18,766 [WARN] IP:2250 - TSC_G2_IO1 not found: check if there is a RefParameter without a condition.
2026-05-11 15:44:18,766 [WARN] IP:2250 - TSC_G2_IO3 not found: check if there is a RefParameter without a condition.
2026-05-11 15:44:18,766 [WARN] IP:2250 - TSC_G4_IO1 not found: check if there is a RefParameter without a condition.
2026-05-11 15:44:18,766 [WARN] IP:2250 - TSC_G6_IO1 not found: check if there is a RefParameter without a condition.
2026-05-11 15:44:18,766 [WARN] IP:2250 - TSC_G7_IO2 not found: check if there is a RefParameter without a condition.
2026-05-11 15:44:18,766 [WARN] IP:2250 - TSC_G2_IO1 not found: check if there is a RefParameter without a condition.
2026-05-11 15:44:18,766 [WARN] IP:2250 - TSC_G2_IO3 not found: check if there is a RefParameter without a condition.
2026-05-11 15:44:18,766 [WARN] IP:2250 - TSC_G4_IO1 not found: check if there is a RefParameter without a condition.
2026-05-11 15:44:18,767 [WARN] IP:2250 - TSC_G6_IO1 not found: check if there is a RefParameter without a condition.
2026-05-11 15:44:18,767 [WARN] IP:2250 - TSC_G7_IO2 not found: check if there is a RefParameter without a condition.
2026-05-11 15:44:18,767 [WARN] IP:2250 - TSC_G2_IO1 not found: check if there is a RefParameter without a condition.
2026-05-11 15:44:18,767 [WARN] IP:2250 - TSC_G2_IO3 not found: check if there is a RefParameter without a condition.
2026-05-11 15:44:18,767 [WARN] IP:2250 - TSC_G4_IO1 not found: check if there is a RefParameter without a condition.
2026-05-11 15:44:18,767 [WARN] IP:2250 - TSC_G6_IO1 not found: check if there is a RefParameter without a condition.
2026-05-11 15:44:18,767 [WARN] IP:2250 - TSC_G7_IO2 not found: check if there is a RefParameter without a condition.
2026-05-11 15:44:18,767 [WARN] IP:2250 - TSC_G2_IO1 not found: check if there is a RefParameter without a condition.
2026-05-11 15:44:18,767 [WARN] IP:2250 - TSC_G2_IO3 not found: check if there is a RefParameter without a condition.
2026-05-11 15:45:09,330 [WARN] IP:2250 - TSC_G4_IO1 not found: check if there is a RefParameter without a condition.
2026-05-11 15:45:09,330 [WARN] IP:2250 - TSC_G6_IO1 not found: check if there is a RefParameter without a condition.
2026-05-11 15:45:09,331 [WARN] IP:2250 - TSC_G7_IO2 not found: check if there is a RefParameter without a condition.
2026-05-11 15:45:09,331 [WARN] IP:2250 - TSC_G2_IO1 not found: check if there is a RefParameter without a condition.
2026-05-11 15:45:09,331 [WARN] IP:2250 - TSC_G2_IO3 not found: check if there is a RefParameter without a condition.
2026-05-11 15:45:09,331 [WARN] IP:2250 - TSC_G4_IO1 not found: check if there is a RefParameter without a condition.
2026-05-11 15:45:09,331 [WARN] IP:2250 - TSC_G6_IO1 not found: check if there is a RefParameter without a condition.
2026-05-11 15:45:09,331 [WARN] IP:2250 - TSC_G7_IO2 not found: check if there is a RefParameter without a condition.
2026-05-11 15:45:09,331 [WARN] IP:2250 - TSC_G2_IO1 not found: check if there is a RefParameter without a condition.
2026-05-11 15:45:09,331 [WARN] IP:2250 - TSC_G2_IO3 not found: check if there is a RefParameter without a condition.
2026-05-11 15:45:09,331 [WARN] IP:2250 - TSC_G4_IO1 not found: check if there is a RefParameter without a condition.
2026-05-11 15:45:09,331 [WARN] IP:2250 - TSC_G6_IO1 not found: check if there is a RefParameter without a condition.
2026-05-11 15:45:09,331 [WARN] IP:2250 - TSC_G7_IO2 not found: check if there is a RefParameter without a condition.
2026-05-11 15:45:09,331 [WARN] IP:2250 - TSC_G2_IO1 not found: check if there is a RefParameter without a condition.
2026-05-11 15:45:09,331 [WARN] IP:2250 - TSC_G2_IO3 not found: check if there is a RefParameter without a condition.
2026-05-11 15:45:09,332 [WARN] IP:2250 - TSC_G4_IO1 not found: check if there is a RefParameter without a condition.
2026-05-11 15:45:09,332 [WARN] IP:2250 - TSC_G6_IO1 not found: check if there is a RefParameter without a condition.
2026-05-11 15:45:09,332 [WARN] IP:2250 - TSC_G7_IO2 not found: check if there is a RefParameter without a condition.
2026-05-11 15:45:09,332 [WARN] IP:2250 - TSC_G2_IO1 not found: check if there is a RefParameter without a condition.
2026-05-11 15:45:09,332 [WARN] IP:2250 - TSC_G2_IO3 not found: check if there is a RefParameter without a condition.
2026-05-11 15:45:09,332 [WARN] IP:2250 - TSC_G4_IO1 not found: check if there is a RefParameter without a condition.
2026-05-11 15:45:09,332 [WARN] IP:2250 - TSC_G6_IO1 not found: check if there is a RefParameter without a condition.
2026-05-11 15:45:09,332 [WARN] IP:2250 - TSC_G7_IO2 not found: check if there is a RefParameter without a condition.
2026-05-11 15:45:09,332 [WARN] IP:2250 - TSC_G2_IO1 not found: check if there is a RefParameter without a condition.
2026-05-11 15:45:09,332 [WARN] IP:2250 - TSC_G2_IO3 not found: check if there is a RefParameter without a condition.
2026-05-11 15:45:09,332 [WARN] IP:2250 - TSC_G4_IO1 not found: check if there is a RefParameter without a condition.
2026-05-11 15:45:09,332 [WARN] IP:2250 - TSC_G6_IO1 not found: check if there is a RefParameter without a condition.
2026-05-11 15:45:09,332 [WARN] IP:2250 - TSC_G7_IO2 not found: check if there is a RefParameter without a condition.
2026-05-11 15:45:09,333 [WARN] IP:2250 - TSC_G2_IO1 not found: check if there is a RefParameter without a condition.
2026-05-11 15:45:09,333 [WARN] IP:2250 - TSC_G2_IO3 not found: check if there is a RefParameter without a condition.
2026-05-11 15:45:09,354 [INFO] NvicIntPanel:101 - NVIC parent = com.st.microxplorer.plugins.ip.nvic.MultiNvicIntPanel[,0,0,0x0,invalid,layout=javax.swing.BoxLayout,alignmentX=0.0,alignmentY=0.0,border=,flags=9,maximumSize=,minimumSize=,preferredSize=]
2026-05-11 15:45:09,633 [WARN] IP:2250 - TSC_G4_IO1 not found: check if there is a RefParameter without a condition.
2026-05-11 15:45:09,633 [WARN] IP:2250 - TSC_G6_IO1 not found: check if there is a RefParameter without a condition.
2026-05-11 15:45:09,633 [WARN] IP:2250 - TSC_G7_IO2 not found: check if there is a RefParameter without a condition.
2026-05-11 15:45:09,633 [WARN] IP:2250 - TSC_G2_IO1 not found: check if there is a RefParameter without a condition.
2026-05-11 15:45:09,633 [WARN] IP:2250 - TSC_G2_IO3 not found: check if there is a RefParameter without a condition.
2026-05-11 15:45:09,634 [WARN] IP:2250 - TSC_G4_IO1 not found: check if there is a RefParameter without a condition.
2026-05-11 15:45:09,634 [WARN] IP:2250 - TSC_G6_IO1 not found: check if there is a RefParameter without a condition.
2026-05-11 15:45:09,634 [WARN] IP:2250 - TSC_G7_IO2 not found: check if there is a RefParameter without a condition.
2026-05-11 15:45:09,634 [WARN] IP:2250 - TSC_G2_IO1 not found: check if there is a RefParameter without a condition.
2026-05-11 15:45:09,634 [WARN] IP:2250 - TSC_G2_IO3 not found: check if there is a RefParameter without a condition.
2026-05-11 15:45:09,634 [WARN] IP:2250 - TSC_G4_IO1 not found: check if there is a RefParameter without a condition.
2026-05-11 15:45:09,634 [WARN] IP:2250 - TSC_G6_IO1 not found: check if there is a RefParameter without a condition.
2026-05-11 15:45:09,634 [WARN] IP:2250 - TSC_G7_IO2 not found: check if there is a RefParameter without a condition.
2026-05-11 15:45:09,634 [WARN] IP:2250 - TSC_G2_IO1 not found: check if there is a RefParameter without a condition.
2026-05-11 15:45:09,634 [WARN] IP:2250 - TSC_G2_IO3 not found: check if there is a RefParameter without a condition.
2026-05-11 15:45:09,634 [WARN] IP:2250 - TSC_G4_IO1 not found: check if there is a RefParameter without a condition.
2026-05-11 15:45:09,634 [WARN] IP:2250 - TSC_G6_IO1 not found: check if there is a RefParameter without a condition.
2026-05-11 15:45:09,634 [WARN] IP:2250 - TSC_G7_IO2 not found: check if there is a RefParameter without a condition.
2026-05-11 15:45:09,634 [WARN] IP:2250 - TSC_G2_IO1 not found: check if there is a RefParameter without a condition.
2026-05-11 15:45:09,634 [WARN] IP:2250 - TSC_G2_IO3 not found: check if there is a RefParameter without a condition.
2026-05-11 15:45:09,634 [WARN] IP:2250 - TSC_G4_IO1 not found: check if there is a RefParameter without a condition.
2026-05-11 15:45:09,634 [WARN] IP:2250 - TSC_G6_IO1 not found: check if there is a RefParameter without a condition.
2026-05-11 15:45:09,634 [WARN] IP:2250 - TSC_G7_IO2 not found: check if there is a RefParameter without a condition.
2026-05-11 15:45:09,634 [WARN] IP:2250 - TSC_G2_IO1 not found: check if there is a RefParameter without a condition.
2026-05-11 15:45:09,634 [WARN] IP:2250 - TSC_G2_IO3 not found: check if there is a RefParameter without a condition.
2026-05-11 15:45:09,634 [WARN] IP:2250 - TSC_G4_IO1 not found: check if there is a RefParameter without a condition.
2026-05-11 15:45:09,634 [WARN] IP:2250 - TSC_G6_IO1 not found: check if there is a RefParameter without a condition.
2026-05-11 15:45:09,634 [WARN] IP:2250 - TSC_G7_IO2 not found: check if there is a RefParameter without a condition.
2026-05-11 15:45:09,634 [WARN] IP:2250 - TSC_G2_IO1 not found: check if there is a RefParameter without a condition.
2026-05-11 15:45:09,634 [WARN] IP:2250 - TSC_G2_IO3 not found: check if there is a RefParameter without a condition.
2026-05-11 15:48:37,393 [INFO] UtilMem:75 - End SaveConfig() Used Memory: 842806896 Bytes (1073741824)
2026-05-11 15:48:38,818 [INFO] UtilMem:75 - End SaveConfig() Used Memory: 870069776 Bytes (1073741824)
2026-05-11 15:48:40,692 [INFO] UtilMem:75 - End SaveConfig() Used Memory: 914109968 Bytes (1073741824)
2026-05-11 15:48:40,967 [INFO] ProjectBuilder:2380 - IP not ready for code generation: Clock
2026-05-11 15:48:40,967 [INFO] ProjectBuilder:2395 - IP not ready for code generation: TOUCHSENSING
2026-05-11 15:48:46,945 [INFO] BlockDiagram:2775 - set Specific Code input for plugin: SPI
2026-05-11 15:48:46,945 [INFO] BlockDiagram:2775 - set Specific Code input for plugin: NVIC
2026-05-11 15:48:46,945 [INFO] BlockDiagram:2775 - set Specific Code input for plugin: TOUCHSENSING
2026-05-11 15:48:46,945 [INFO] BlockDiagram:2775 - set Specific Code input for plugin: TSC
2026-05-11 15:48:46,945 [INFO] BlockDiagram:2775 - set Specific Code input for plugin: LCD
2026-05-11 15:48:46,945 [INFO] BlockDiagram:2775 - set Specific Code input for plugin: SYS
2026-05-11 15:48:46,946 [INFO] BlockDiagram:2775 - set Specific Code input for plugin: GPIO
2026-05-11 15:48:46,946 [INFO] BlockDiagram:2775 - set Specific Code input for plugin: RCC
2026-05-11 15:48:46,958 [INFO] CodeGenerator:892 - code generatio: config db path: C:\ST\STM32CubeIDE_1.19.0\STM32CubeIDE\plugins\com.st.stm32cube.common.mx_6.15.0.202507011659\\db\
2026-05-11 15:48:47,032 [WARN] IP:2250 - TSC_G4_IO1 not found: check if there is a RefParameter without a condition.
2026-05-11 15:48:47,032 [WARN] IP:2250 - TSC_G6_IO1 not found: check if there is a RefParameter without a condition.
2026-05-11 15:48:47,032 [WARN] IP:2250 - TSC_G7_IO2 not found: check if there is a RefParameter without a condition.
2026-05-11 15:48:47,032 [WARN] IP:2250 - TSC_G2_IO1 not found: check if there is a RefParameter without a condition.
2026-05-11 15:48:47,032 [WARN] IP:2250 - TSC_G2_IO3 not found: check if there is a RefParameter without a condition.
2026-05-11 15:48:47,032 [WARN] IP:2250 - TSC_G4_IO1 not found: check if there is a RefParameter without a condition.
2026-05-11 15:48:47,032 [WARN] IP:2250 - TSC_G6_IO1 not found: check if there is a RefParameter without a condition.
2026-05-11 15:48:47,032 [WARN] IP:2250 - TSC_G7_IO2 not found: check if there is a RefParameter without a condition.
2026-05-11 15:48:47,032 [WARN] IP:2250 - TSC_G2_IO1 not found: check if there is a RefParameter without a condition.
2026-05-11 15:48:47,032 [WARN] IP:2250 - TSC_G2_IO3 not found: check if there is a RefParameter without a condition.
2026-05-11 15:48:47,033 [WARN] IP:2250 - TSC_G4_IO1 not found: check if there is a RefParameter without a condition.
2026-05-11 15:48:47,033 [WARN] IP:2250 - TSC_G6_IO1 not found: check if there is a RefParameter without a condition.
2026-05-11 15:48:47,033 [WARN] IP:2250 - TSC_G7_IO2 not found: check if there is a RefParameter without a condition.
2026-05-11 15:48:47,033 [WARN] IP:2250 - TSC_G2_IO1 not found: check if there is a RefParameter without a condition.
2026-05-11 15:48:47,033 [WARN] IP:2250 - TSC_G2_IO3 not found: check if there is a RefParameter without a condition.
2026-05-11 15:48:47,033 [WARN] IP:2250 - TSC_G4_IO1 not found: check if there is a RefParameter without a condition.
2026-05-11 15:48:47,033 [WARN] IP:2250 - TSC_G6_IO1 not found: check if there is a RefParameter without a condition.
2026-05-11 15:48:47,033 [WARN] IP:2250 - TSC_G7_IO2 not found: check if there is a RefParameter without a condition.
2026-05-11 15:48:47,033 [WARN] IP:2250 - TSC_G2_IO1 not found: check if there is a RefParameter without a condition.
2026-05-11 15:48:47,033 [WARN] IP:2250 - TSC_G2_IO3 not found: check if there is a RefParameter without a condition.
2026-05-11 15:48:47,033 [WARN] IP:2250 - TSC_G4_IO1 not found: check if there is a RefParameter without a condition.
2026-05-11 15:48:47,033 [WARN] IP:2250 - TSC_G6_IO1 not found: check if there is a RefParameter without a condition.
2026-05-11 15:48:47,033 [WARN] IP:2250 - TSC_G7_IO2 not found: check if there is a RefParameter without a condition.
2026-05-11 15:48:47,033 [WARN] IP:2250 - TSC_G2_IO1 not found: check if there is a RefParameter without a condition.
2026-05-11 15:48:47,033 [WARN] IP:2250 - TSC_G2_IO3 not found: check if there is a RefParameter without a condition.
2026-05-11 15:48:47,033 [WARN] IP:2250 - TSC_G4_IO1 not found: check if there is a RefParameter without a condition.
2026-05-11 15:48:47,033 [WARN] IP:2250 - TSC_G6_IO1 not found: check if there is a RefParameter without a condition.
2026-05-11 15:48:47,033 [WARN] IP:2250 - TSC_G7_IO2 not found: check if there is a RefParameter without a condition.
2026-05-11 15:48:47,033 [WARN] IP:2250 - TSC_G2_IO1 not found: check if there is a RefParameter without a condition.
2026-05-11 15:48:47,033 [WARN] IP:2250 - TSC_G2_IO3 not found: check if there is a RefParameter without a condition.
2026-05-11 15:48:47,160 [INFO] CodeEngine:265 - oldGeneratedFile, D:\stm32L0\first\MXTmpFiles\license.tmp_save
2026-05-11 15:48:47,550 [INFO] CodeEngine:289 - Generated code: D:\stm32L0\first\MXTmpFiles\license.tmp
2026-05-11 15:48:47,673 [INFO] CodeEngine:265 - oldGeneratedFile, D:\stm32L0\first\MXTmpFiles\gpio.tmp_save
2026-05-11 15:48:47,895 [INFO] CodeEngine:289 - Generated code: D:\stm32L0\first\MXTmpFiles\gpio.tmp
2026-05-11 15:48:48,450 [WARN] IP:2250 - TSC_G4_IO1 not found: check if there is a RefParameter without a condition.
2026-05-11 15:48:48,450 [WARN] IP:2250 - TSC_G6_IO1 not found: check if there is a RefParameter without a condition.
2026-05-11 15:48:48,451 [WARN] IP:2250 - TSC_G7_IO2 not found: check if there is a RefParameter without a condition.
2026-05-11 15:48:48,451 [WARN] IP:2250 - TSC_G2_IO1 not found: check if there is a RefParameter without a condition.
2026-05-11 15:48:48,451 [WARN] IP:2250 - TSC_G2_IO3 not found: check if there is a RefParameter without a condition.
2026-05-11 15:48:48,451 [WARN] IP:2250 - TSC_G4_IO1 not found: check if there is a RefParameter without a condition.
2026-05-11 15:48:48,451 [WARN] IP:2250 - TSC_G6_IO1 not found: check if there is a RefParameter without a condition.
2026-05-11 15:48:48,451 [WARN] IP:2250 - TSC_G7_IO2 not found: check if there is a RefParameter without a condition.
2026-05-11 15:48:48,451 [WARN] IP:2250 - TSC_G2_IO1 not found: check if there is a RefParameter without a condition.
2026-05-11 15:48:48,451 [WARN] IP:2250 - TSC_G2_IO3 not found: check if there is a RefParameter without a condition.
2026-05-11 15:48:48,451 [WARN] IP:2250 - TSC_G4_IO1 not found: check if there is a RefParameter without a condition.
2026-05-11 15:48:48,452 [WARN] IP:2250 - TSC_G6_IO1 not found: check if there is a RefParameter without a condition.
2026-05-11 15:48:48,452 [WARN] IP:2250 - TSC_G7_IO2 not found: check if there is a RefParameter without a condition.
2026-05-11 15:48:48,452 [WARN] IP:2250 - TSC_G2_IO1 not found: check if there is a RefParameter without a condition.
2026-05-11 15:48:48,452 [WARN] IP:2250 - TSC_G2_IO3 not found: check if there is a RefParameter without a condition.
2026-05-11 15:48:48,452 [WARN] IP:2250 - TSC_G4_IO1 not found: check if there is a RefParameter without a condition.
2026-05-11 15:48:48,452 [WARN] IP:2250 - TSC_G6_IO1 not found: check if there is a RefParameter without a condition.
2026-05-11 15:48:48,452 [WARN] IP:2250 - TSC_G7_IO2 not found: check if there is a RefParameter without a condition.
2026-05-11 15:48:48,452 [WARN] IP:2250 - TSC_G2_IO1 not found: check if there is a RefParameter without a condition.
2026-05-11 15:48:48,452 [WARN] IP:2250 - TSC_G2_IO3 not found: check if there is a RefParameter without a condition.
2026-05-11 15:48:48,453 [WARN] IP:2250 - TSC_G4_IO1 not found: check if there is a RefParameter without a condition.
2026-05-11 15:48:48,453 [WARN] IP:2250 - TSC_G6_IO1 not found: check if there is a RefParameter without a condition.
2026-05-11 15:48:48,453 [WARN] IP:2250 - TSC_G7_IO2 not found: check if there is a RefParameter without a condition.
2026-05-11 15:48:48,453 [WARN] IP:2250 - TSC_G2_IO1 not found: check if there is a RefParameter without a condition.
2026-05-11 15:48:48,453 [WARN] IP:2250 - TSC_G2_IO3 not found: check if there is a RefParameter without a condition.
2026-05-11 15:48:48,516 [ERROR] RefParameter:1406 - [ERROR] Cannot retrieve the initial parameter value
2026-05-11 15:48:48,531 [INFO] Middleware:1452 - No code input for Bsp Dependency
2026-05-11 15:48:48,545 [ERROR] RefParameter:1406 - [ERROR] Cannot retrieve the initial parameter value
2026-05-11 15:48:48,559 [INFO] Middleware:1452 - No code input for Bsp Dependency
2026-05-11 15:48:48,581 [INFO] CodeEngine:265 - oldGeneratedFile, D:\stm32L0\first\TOUCHSENSING\App\touchsensing.c_save
2026-05-11 15:48:48,735 [INFO] CodeEngine:289 - Generated code: D:\stm32L0\first\TOUCHSENSING\App\touchsensing.c
2026-05-11 15:48:48,746 [INFO] CodeEngine:265 - oldGeneratedFile, D:\stm32L0\first\TOUCHSENSING\App\touchsensing.h_save
2026-05-11 15:48:49,173 [INFO] CodeEngine:289 - Generated code: D:\stm32L0\first\TOUCHSENSING\App\touchsensing.h
2026-05-11 15:48:49,181 [INFO] CodeEngine:265 - oldGeneratedFile, D:\stm32L0\first\TOUCHSENSING\App\tsl_user.c_save
2026-05-11 15:48:49,325 [INFO] CodeEngine:289 - Generated code: D:\stm32L0\first\TOUCHSENSING\App\tsl_user.c
2026-05-11 15:48:49,334 [INFO] CodeEngine:265 - oldGeneratedFile, D:\stm32L0\first\TOUCHSENSING\App\tsl_user.h_save
2026-05-11 15:48:49,445 [INFO] CodeEngine:289 - Generated code: D:\stm32L0\first\TOUCHSENSING\App\tsl_user.h
2026-05-11 15:48:49,454 [INFO] CodeEngine:265 - oldGeneratedFile, D:\stm32L0\first\TOUCHSENSING\App\tsl_conf.h_save
2026-05-11 15:48:49,561 [INFO] CodeEngine:289 - Generated code: D:\stm32L0\first\TOUCHSENSING\App\tsl_conf.h
2026-05-11 15:48:49,574 [INFO] CodeEngine:265 - oldGeneratedFile, D:\stm32L0\first\TOUCHSENSING\App\stmCriticalSection.c_save
2026-05-11 15:48:49,647 [INFO] CodeEngine:289 - Generated code: D:\stm32L0\first\TOUCHSENSING\App\stmCriticalSection.c
2026-05-11 15:48:49,655 [INFO] CodeEngine:265 - oldGeneratedFile, D:\stm32L0\first\TOUCHSENSING\App\stmCriticalSection.h_save
2026-05-11 15:48:49,719 [INFO] CodeEngine:289 - Generated code: D:\stm32L0\first\TOUCHSENSING\App\stmCriticalSection.h
2026-05-11 15:48:49,739 [INFO] CodeEngine:265 - oldGeneratedFile, D:\stm32L0\first\Core\Src\stm32l0xx_it.c_save
2026-05-11 15:48:49,902 [INFO] CodeEngine:289 - Generated code: D:\stm32L0\first\Core\Src\stm32l0xx_it.c
2026-05-11 15:48:49,912 [INFO] CodeEngine:265 - oldGeneratedFile, D:\stm32L0\first\Core\Inc\stm32l0xx_it.h_save
2026-05-11 15:48:49,981 [INFO] CodeEngine:289 - Generated code: D:\stm32L0\first\Core\Inc\stm32l0xx_it.h
2026-05-11 15:48:49,996 [INFO] CodeEngine:265 - oldGeneratedFile, D:\stm32L0\first\Core\Src\stm32l0xx_hal_msp.c_save
2026-05-11 15:48:50,099 [INFO] CodeEngine:289 - Generated code: D:\stm32L0\first\Core\Src\stm32l0xx_hal_msp.c
2026-05-11 15:48:50,130 [INFO] CodeEngine:265 - oldGeneratedFile, D:\stm32L0\first\MXTmpFiles\system.tmp_save
2026-05-11 15:48:50,188 [INFO] CodeEngine:289 - Generated code: D:\stm32L0\first\MXTmpFiles\system.tmp
2026-05-11 15:48:50,208 [INFO] CodeEngine:321 - oldGeneratedFile, D:\stm32L0\first\Core\Inc\stm32l0xx_hal_conf.h_save
2026-05-11 15:48:50,308 [INFO] CodeEngine:345 - Generated code: D:\stm32L0\first\Core\Inc\stm32l0xx_hal_conf.h
2026-05-11 15:48:50,348 [INFO] CodeEngine:265 - oldGeneratedFile, D:\stm32L0\first\Core\Inc\main.h_save
2026-05-11 15:48:50,419 [INFO] CodeEngine:289 - Generated code: D:\stm32L0\first\Core\Inc\main.h
2026-05-11 15:48:50,426 [INFO] CodeEngine:265 - oldGeneratedFile, D:\stm32L0\first\Core\Src\main.c_save
2026-05-11 15:48:50,558 [INFO] CodeEngine:289 - Generated code: D:\stm32L0\first\Core\Src\main.c
2026-05-11 15:48:51,283 [INFO] ProjectBuilder:3606 - Time for Copy HAL[1] : 441mS.
2026-05-11 15:48:51,289 [INFO] ProjectBuilder:5216 - Project Generator version: 4.7.0-B52
2026-05-11 15:48:51,371 [INFO] ConfigFileManager:1595 - The Die is : DIE417
2026-05-11 15:48:52,791 [INFO] ProjectBuilder:5496 - Time for Generating toolchain IDE Files: 1502mS.
2026-05-11 15:48:52,803 [INFO] ProjectBuilder:3463 - Time for Copy CMSIS : 8mS.
2026-05-11 15:48:52,807 [INFO] ProjectBuilder:3463 - Time for Copy CMSIS : 0mS.
2026-05-11 15:52:55,927 [INFO] ParamManager:905 - [Generic UI] PropertyChangeEvent: TAB_STATUS_CHANGED , "dont care", "never mind"
2026-05-11 15:52:57,714 [INFO] UtilMem:75 - End SaveConfig() Used Memory: 903536616 Bytes (1073741824)
2026-05-11 15:52:58,425 [INFO] UtilMem:75 - End SaveConfig() Used Memory: 925515672 Bytes (1073741824)
2026-05-11 15:52:59,886 [INFO] UtilMem:75 - End SaveConfig() Used Memory: 962459576 Bytes (1073741824)
2026-05-11 15:53:00,083 [INFO] ProjectBuilder:2380 - IP not ready for code generation: Clock
2026-05-11 15:53:01,997 [INFO] BlockDiagram:2775 - set Specific Code input for plugin: SPI
2026-05-11 15:53:01,997 [INFO] BlockDiagram:2775 - set Specific Code input for plugin: NVIC
2026-05-11 15:53:01,997 [INFO] BlockDiagram:2775 - set Specific Code input for plugin: TSC
2026-05-11 15:53:01,997 [INFO] BlockDiagram:2775 - set Specific Code input for plugin: LCD
2026-05-11 15:53:01,997 [INFO] BlockDiagram:2775 - set Specific Code input for plugin: SYS
2026-05-11 15:53:01,997 [INFO] BlockDiagram:2775 - set Specific Code input for plugin: GPIO
2026-05-11 15:53:01,997 [INFO] BlockDiagram:2775 - set Specific Code input for plugin: RCC
2026-05-11 15:53:01,998 [INFO] CodeGenerator:892 - code generatio: config db path: C:\ST\STM32CubeIDE_1.19.0\STM32CubeIDE\plugins\com.st.stm32cube.common.mx_6.15.0.202507011659\\db\
2026-05-11 15:53:02,010 [WARN] IP:2250 - TSC_G4_IO1 not found: check if there is a RefParameter without a condition.
2026-05-11 15:53:02,010 [WARN] IP:2250 - TSC_G6_IO1 not found: check if there is a RefParameter without a condition.
2026-05-11 15:53:02,010 [WARN] IP:2250 - TSC_G7_IO2 not found: check if there is a RefParameter without a condition.
2026-05-11 15:53:02,010 [WARN] IP:2250 - TSC_G2_IO1 not found: check if there is a RefParameter without a condition.
2026-05-11 15:53:02,010 [WARN] IP:2250 - TSC_G2_IO3 not found: check if there is a RefParameter without a condition.
2026-05-11 15:53:02,010 [WARN] IP:2250 - TSC_G4_IO1 not found: check if there is a RefParameter without a condition.
2026-05-11 15:53:02,010 [WARN] IP:2250 - TSC_G6_IO1 not found: check if there is a RefParameter without a condition.
2026-05-11 15:53:02,010 [WARN] IP:2250 - TSC_G7_IO2 not found: check if there is a RefParameter without a condition.
2026-05-11 15:53:02,010 [WARN] IP:2250 - TSC_G2_IO1 not found: check if there is a RefParameter without a condition.
2026-05-11 15:53:02,010 [WARN] IP:2250 - TSC_G2_IO3 not found: check if there is a RefParameter without a condition.
2026-05-11 15:53:02,010 [WARN] IP:2250 - TSC_G4_IO1 not found: check if there is a RefParameter without a condition.
2026-05-11 15:53:02,010 [WARN] IP:2250 - TSC_G6_IO1 not found: check if there is a RefParameter without a condition.
2026-05-11 15:53:02,010 [WARN] IP:2250 - TSC_G7_IO2 not found: check if there is a RefParameter without a condition.
2026-05-11 15:53:02,010 [WARN] IP:2250 - TSC_G2_IO1 not found: check if there is a RefParameter without a condition.
2026-05-11 15:53:02,010 [WARN] IP:2250 - TSC_G2_IO3 not found: check if there is a RefParameter without a condition.
2026-05-11 15:53:02,011 [WARN] IP:2250 - TSC_G4_IO1 not found: check if there is a RefParameter without a condition.
2026-05-11 15:53:02,011 [WARN] IP:2250 - TSC_G6_IO1 not found: check if there is a RefParameter without a condition.
2026-05-11 15:53:02,011 [WARN] IP:2250 - TSC_G7_IO2 not found: check if there is a RefParameter without a condition.
2026-05-11 15:53:02,011 [WARN] IP:2250 - TSC_G2_IO1 not found: check if there is a RefParameter without a condition.
2026-05-11 15:53:02,011 [WARN] IP:2250 - TSC_G2_IO3 not found: check if there is a RefParameter without a condition.
2026-05-11 15:53:02,011 [WARN] IP:2250 - TSC_G4_IO1 not found: check if there is a RefParameter without a condition.
2026-05-11 15:53:02,011 [WARN] IP:2250 - TSC_G6_IO1 not found: check if there is a RefParameter without a condition.
2026-05-11 15:53:02,011 [WARN] IP:2250 - TSC_G7_IO2 not found: check if there is a RefParameter without a condition.
2026-05-11 15:53:02,011 [WARN] IP:2250 - TSC_G2_IO1 not found: check if there is a RefParameter without a condition.
2026-05-11 15:53:02,011 [WARN] IP:2250 - TSC_G2_IO3 not found: check if there is a RefParameter without a condition.
2026-05-11 15:53:02,011 [WARN] IP:2250 - TSC_G4_IO1 not found: check if there is a RefParameter without a condition.
2026-05-11 15:53:02,011 [WARN] IP:2250 - TSC_G6_IO1 not found: check if there is a RefParameter without a condition.
2026-05-11 15:53:02,011 [WARN] IP:2250 - TSC_G7_IO2 not found: check if there is a RefParameter without a condition.
2026-05-11 15:53:02,011 [WARN] IP:2250 - TSC_G2_IO1 not found: check if there is a RefParameter without a condition.
2026-05-11 15:53:02,011 [WARN] IP:2250 - TSC_G2_IO3 not found: check if there is a RefParameter without a condition.
2026-05-11 15:53:02,081 [INFO] CodeEngine:265 - oldGeneratedFile, D:\stm32L0\first\MXTmpFiles\license.tmp_save
2026-05-11 15:53:02,126 [INFO] CodeEngine:289 - Generated code: D:\stm32L0\first\MXTmpFiles\license.tmp
2026-05-11 15:53:02,161 [INFO] CodeEngine:265 - oldGeneratedFile, D:\stm32L0\first\MXTmpFiles\gpio.tmp_save
2026-05-11 15:53:02,206 [INFO] CodeEngine:289 - Generated code: D:\stm32L0\first\MXTmpFiles\gpio.tmp
2026-05-11 15:53:02,305 [WARN] IP:2250 - TSC_G4_IO1 not found: check if there is a RefParameter without a condition.
2026-05-11 15:53:02,305 [WARN] IP:2250 - TSC_G6_IO1 not found: check if there is a RefParameter without a condition.
2026-05-11 15:53:02,305 [WARN] IP:2250 - TSC_G7_IO2 not found: check if there is a RefParameter without a condition.
2026-05-11 15:53:02,305 [WARN] IP:2250 - TSC_G2_IO1 not found: check if there is a RefParameter without a condition.
2026-05-11 15:53:02,305 [WARN] IP:2250 - TSC_G2_IO3 not found: check if there is a RefParameter without a condition.
2026-05-11 15:53:02,305 [WARN] IP:2250 - TSC_G4_IO1 not found: check if there is a RefParameter without a condition.
2026-05-11 15:53:02,305 [WARN] IP:2250 - TSC_G6_IO1 not found: check if there is a RefParameter without a condition.
2026-05-11 15:53:02,305 [WARN] IP:2250 - TSC_G7_IO2 not found: check if there is a RefParameter without a condition.
2026-05-11 15:53:02,305 [WARN] IP:2250 - TSC_G2_IO1 not found: check if there is a RefParameter without a condition.
2026-05-11 15:53:02,305 [WARN] IP:2250 - TSC_G2_IO3 not found: check if there is a RefParameter without a condition.
2026-05-11 15:53:02,305 [WARN] IP:2250 - TSC_G4_IO1 not found: check if there is a RefParameter without a condition.
2026-05-11 15:53:02,305 [WARN] IP:2250 - TSC_G6_IO1 not found: check if there is a RefParameter without a condition.
2026-05-11 15:53:02,305 [WARN] IP:2250 - TSC_G7_IO2 not found: check if there is a RefParameter without a condition.
2026-05-11 15:53:02,305 [WARN] IP:2250 - TSC_G2_IO1 not found: check if there is a RefParameter without a condition.
2026-05-11 15:53:02,305 [WARN] IP:2250 - TSC_G2_IO3 not found: check if there is a RefParameter without a condition.
2026-05-11 15:53:02,305 [WARN] IP:2250 - TSC_G4_IO1 not found: check if there is a RefParameter without a condition.
2026-05-11 15:53:02,305 [WARN] IP:2250 - TSC_G6_IO1 not found: check if there is a RefParameter without a condition.
2026-05-11 15:53:02,305 [WARN] IP:2250 - TSC_G7_IO2 not found: check if there is a RefParameter without a condition.
2026-05-11 15:53:02,306 [WARN] IP:2250 - TSC_G2_IO1 not found: check if there is a RefParameter without a condition.
2026-05-11 15:53:02,306 [WARN] IP:2250 - TSC_G2_IO3 not found: check if there is a RefParameter without a condition.
2026-05-11 15:53:02,306 [WARN] IP:2250 - TSC_G4_IO1 not found: check if there is a RefParameter without a condition.
2026-05-11 15:53:02,306 [WARN] IP:2250 - TSC_G6_IO1 not found: check if there is a RefParameter without a condition.
2026-05-11 15:53:02,306 [WARN] IP:2250 - TSC_G7_IO2 not found: check if there is a RefParameter without a condition.
2026-05-11 15:53:02,306 [WARN] IP:2250 - TSC_G2_IO1 not found: check if there is a RefParameter without a condition.
2026-05-11 15:53:02,306 [WARN] IP:2250 - TSC_G2_IO3 not found: check if there is a RefParameter without a condition.
2026-05-11 15:53:02,349 [INFO] CodeEngine:265 - oldGeneratedFile, D:\stm32L0\first\Core\Src\stm32l0xx_it.c_save
2026-05-11 15:53:02,413 [INFO] CodeEngine:289 - Generated code: D:\stm32L0\first\Core\Src\stm32l0xx_it.c
2026-05-11 15:53:02,420 [INFO] CodeEngine:265 - oldGeneratedFile, D:\stm32L0\first\Core\Inc\stm32l0xx_it.h_save
2026-05-11 15:53:02,472 [INFO] CodeEngine:289 - Generated code: D:\stm32L0\first\Core\Inc\stm32l0xx_it.h
2026-05-11 15:53:02,486 [INFO] CodeEngine:265 - oldGeneratedFile, D:\stm32L0\first\Core\Src\stm32l0xx_hal_msp.c_save
2026-05-11 15:53:02,573 [INFO] CodeEngine:289 - Generated code: D:\stm32L0\first\Core\Src\stm32l0xx_hal_msp.c
2026-05-11 15:53:02,588 [INFO] CodeEngine:265 - oldGeneratedFile, D:\stm32L0\first\MXTmpFiles\system.tmp_save
2026-05-11 15:53:02,629 [INFO] CodeEngine:289 - Generated code: D:\stm32L0\first\MXTmpFiles\system.tmp
2026-05-11 15:53:02,640 [INFO] CodeEngine:321 - oldGeneratedFile, D:\stm32L0\first\Core\Inc\stm32l0xx_hal_conf.h_save
2026-05-11 15:53:02,700 [INFO] CodeEngine:345 - Generated code: D:\stm32L0\first\Core\Inc\stm32l0xx_hal_conf.h
2026-05-11 15:53:02,726 [INFO] CodeEngine:265 - oldGeneratedFile, D:\stm32L0\first\Core\Inc\main.h_save
2026-05-11 15:53:02,775 [INFO] CodeEngine:289 - Generated code: D:\stm32L0\first\Core\Inc\main.h
2026-05-11 15:53:02,781 [INFO] CodeEngine:265 - oldGeneratedFile, D:\stm32L0\first\Core\Src\main.c_save
2026-05-11 15:53:02,871 [INFO] CodeEngine:289 - Generated code: D:\stm32L0\first\Core\Src\main.c
2026-05-11 15:53:03,357 [INFO] ProjectBuilder:3606 - Time for Copy HAL[1] : 227mS.
2026-05-11 15:53:03,359 [INFO] ProjectBuilder:5216 - Project Generator version: 4.7.0-B52
2026-05-11 15:53:03,448 [INFO] ConfigFileManager:1595 - The Die is : DIE417
2026-05-11 15:53:05,298 [INFO] ProjectBuilder:5496 - Time for Generating toolchain IDE Files: 1938mS.
2026-05-11 15:53:05,299 [INFO] ProjectBuilder:3463 - Time for Copy CMSIS : 1mS.
2026-05-11 15:53:05,334 [INFO] ProjectBuilder:3463 - Time for Copy CMSIS : 0mS.
2026-05-11 16:01:41,294 [INFO] MainUpdater:2872 - connection check result : 10
2026-05-11 16:01:41,675 [INFO] McuFinderGlobals:76 - Set McuFinderConnectedMode to true
2026-05-11 16:01:42,124 [INFO] ServerAccessManage:452 - Complete download http(s) 200
2026-05-11 16:01:42,126 [INFO] ServerAccessManage:509 - Download File mcusAds.json._tmp_
2026-05-11 16:01:42,248 [INFO] LoadUrlFilesThread:156 - End of LoadUrlFiles Thread
2026-05-11 16:01:42,530 [INFO] ServerAccessManage:452 - Complete download http(s) 200
2026-05-11 16:01:42,531 [INFO] ServerAccessManage:509 - Download File cube-finder-db.zip
2026-05-11 16:01:44,361 [INFO] FileExtend:248 - Unzip File : cube-finder-db.zip
2026-05-11 16:01:44,361 [INFO] FileExtend:263 - Standard Zip Deflate
2026-05-11 16:01:45,791 [INFO] LoadUrlFilesThread:156 - End of LoadUrlFiles Thread
2026-05-11 16:01:46,503 [INFO] ServerAccessManage:452 - Complete download http(s) 200
2026-05-11 16:01:46,505 [INFO] ServerAccessManage:509 - Download File crdb.zip
2026-05-11 16:01:47,284 [INFO] FileExtend:248 - Unzip File : crdb.zip
2026-05-11 16:01:47,285 [INFO] FileExtend:263 - Standard Zip Deflate
2026-05-11 16:01:47,428 [INFO] LoadUrlFilesThread:156 - End of LoadUrlFiles Thread
2026-05-11 16:01:47,494 [INFO] ServerAccessManage:452 - Complete download http(s) 200
2026-05-11 16:01:47,495 [INFO] ServerAccessManage:509 - Download File tutoVideoDB.zip
2026-05-11 16:01:47,502 [INFO] FileExtend:248 - Unzip File : tutoVideoDB.zip
2026-05-11 16:01:47,503 [INFO] FileExtend:263 - Standard Zip Deflate
2026-05-11 16:01:47,629 [INFO] LoadUrlFilesThread:156 - End of LoadUrlFiles Thread
2026-05-11 16:01:47,631 [WARN] DbFile:41 - Overriding database path with different value: C:\Users\jahna\.stmcufinder\plugins\mcufinder/ => C:\Users\jahna\.stmcufinder\plugins\mcufinder
2026-05-11 16:01:48,202 [ERROR] ServerAccessManage:1212 - Problem, file not found on Server
2026-05-11 16:01:48,204 [ERROR] ServerAccessManage:740 - Problem, file not found on Server : api_config.json.
2026-05-11 16:01:51,016 [INFO] LoadUrlFilesThread:156 - End of LoadUrlFiles Thread
2026-05-11 16:01:53,133 [INFO] DbMcusAds:53 - JSON generation date=Mon Apr 27 13:44:29 IST 2026 (1777277669577)
2026-05-11 16:01:53,147 [INFO] ApiDb:448 - Save user favorites file C:\Users\jahna/.stm32cubeide/favorites.mcus.txt: 0 item(s)
2026-05-11 16:01:53,147 [INFO] ApiDb:452 - User favorites MCUs=[]
2026-05-11 16:01:53,219 [INFO] ApiDb:581 - Connected to CubeFinder SQLite database (C:\Users\jahna\.stmcufinder\plugins\mcufinder\mcu\cube-finder-db.db)
2026-05-11 16:01:53,410 [INFO] ApiDb:668 - CubeFinder database Data Model version=2.1
2026-05-11 16:01:53,410 [INFO] ApiDb:669 - CubeFinder database Configuration version=3.0.42
2026-05-11 16:01:53,411 [INFO] ApiDb:670 - CubeFinder database generation date=2026-05-06 (1778060171)
2026-05-11 16:01:53,411 [INFO] ApiDb:671 - CubeFinder database FW Pack versions=[FP-ATR-ASTRA1_V2.0.0, FP-SNS-FLIGHT1_V5.1.0, FP-SNS-MOTENV1_V5.1.0, FP-SNS-MOTENVWB1_V1.5.0, FP-SNS-SMARTAG2_V1.2.0, FP-SNS-STBOX1_V2.1.0, STM32Cube_FW_C0_V1.4.0, STM32Cube_FW_F4_V1.28.3, STM32Cube_FW_F7_V1.17.4, STM32Cube_FW_G0_V1.6.3, STM32Cube_FW_G4_V1.6.2, STM32Cube_FW_H5_V1.6.0, STM32Cube_FW_H7RS_V1.3.0, STM32Cube_FW_H7_V1.13.0, STM32Cube_FW_L0_V1.12.2, STM32Cube_FW_L4_V1.18.2, STM32Cube_FW_L5_V1.6.0, STM32Cube_FW_N6_V1.3.0, STM32Cube_FW_U0_V1.3.0, STM32Cube_FW_U3_V1.3.0, STM32Cube_FW_U5_V1.8.0, STM32Cube_FW_WB0_V1.4.0, STM32Cube_FW_WBA_V1.9.0, STM32Cube_FW_WB_V1.24.0, STM32Cube_FW_WL3_V1.4.0, STM32Cube_FW_WL_V1.5.0, X-CUBE-ALGOBUILD_V1.4.0, X-CUBE-ALS_V1.0.2, X-CUBE-AZRTOS-F4_V1.1.0, X-CUBE-AZRTOS-F7_V1.1.0, X-CUBE-AZRTOS-G0_V1.1.0, X-CUBE-AZRTOS-G4_V2.0.0, X-CUBE-AZRTOS-H7RS_V1.1.0, X-CUBE-AZRTOS-H7_V3.5.0, X-CUBE-AZRTOS-L4_V2.0.0, X-CUBE-AZRTOS-L5_V2.0.0, X-CUBE-AZRTOS-WB_V2.0.0, X-CUBE-AZRTOS-WL_V2.0.0, X-CUBE-BLE1_V7.1.0, X-CUBE-BLE2_V3.3.0, X-CUBE-BLEMGR_V4.1.0, X-CUBE-EEPRMA1_V5.2.0, X-CUBE-FREERTOS_V1.5.0, X-CUBE-GNSS1_V6.0.0, X-CUBE-MEMS1_V12.0.0, X-CUBE-NFC4_V3.0.0, X-CUBE-NFC7_V2.0.0, X-CUBE-SFXS2LP1_V4.0.0, X-CUBE-ST67W61_V1.2.0, X-CUBE-SUBG2_V5.0.0, X-CUBE-TOF1_V3.4.3]
2026-05-11 16:01:56,091 [INFO] ApiDb:240 - Found 880 in-development CPN: [B-G473E-ZEST1S, B-WB1M-WPAN1, B-WBA5M-WPAN, B-WL5M-SUBG1, NUCLEO-C031C6, NUCLEO-C051C8, NUCLEO-C071RB, NUCLEO-C092RC, NUCLEO-H503RB, NUCLEO-H533RE, NUCLEO-H563ZI, NUCLEO-H7S3L8, NUCLEO-N657X0-Q, NUCLEO-U031R8, NUCLEO-U083RC, NUCLEO-U385RG-Q, NUCLEO-U545RE-Q, NUCLEO-U5A5ZJ-Q, NUCLEO-WB05KZ, NUCLEO-WB07CC, NUCLEO-WB09KE, NUCLEO-WBA52CG, NUCLEO-WBA55CG, NUCLEO-WL33CC1, NUCLEO-WL33CC2, STEVAL-PROTEUS1, STEVAL-SMARTAG2, STEVAL-STWINBX1, STM320518-EVAL, STM32C0116-DK, STM32C011D6Y3TR, STM32C011D6Y6TR, STM32C011F4P3, STM32C011F4P6, STM32C011F4U3, STM32C011F4U6TR, STM32C011F6P3, STM32C011F6P6, STM32C011F6U3, STM32C011F6U6TR, STM32C011J4M3, STM32C011J4M6, STM32C011J6M3, STM32C011J6M6, STM32C0316-DK, STM32C031C4T3, STM32C031C4T6, STM32C031C4U3, STM32C031C4U6, STM32C031C6T3, STM32C031C6T6, STM32C031C6U3, STM32C031C6U6, STM32C031F4P3, STM32C031F4P6, STM32C031F6P3, STM32C031F6P6, STM32C031G4U3, STM32C031G4U6, STM32C031G6U3, STM32C031G6U6, STM32C031K4T3, STM32C031K4T6, STM32C031K4U3, STM32C031K4U6, STM32C031K6T3, STM32C031K6T6, STM32C031K6U3, STM32C031K6U6, STM32C051C6T6, STM32C051C6U6, STM32C051C8T6, STM32C051C8U6, STM32C051D8Y6TR, STM32C051F6P6, STM32C051F8P6, STM32C051G6U6, STM32C051G8U6, STM32C051K6T6, STM32C051K6U6, STM32C051K8T6, STM32C071C8T6, STM32C071C8T6N, STM32C071C8U6, STM32C071C8U6N, STM32C071CBT6, STM32C071CBT6N, STM32C071CBU6, STM32C071CBU6N, STM32C071F8P6, STM32C071F8P6N, STM32C071FBP6, STM32C071FBP6N, STM32C071FBY6TR, STM32C071G8U6, STM32C071G8U6N, STM32C071GBU6, STM32C071GBU6N, STM32C071K8T6, STM32C071K8T6N, STM32C071K8U6, STM32C071K8U6N, STM32C071KBT6, STM32C071KBT6N, STM32C071KBU6, STM32C071KBU6N, STM32C071R8T6, STM32C071R8T6N, STM32C071RBI6N, STM32C071RBT6, STM32C071RBT6N, STM32C091CBT6, STM32C091CBU6, STM32C091CCT6, STM32C091CCU6, STM32C091ECY6TR, STM32C091FBP6, STM32C091FCP6, STM32C091GBU6, STM32C091GCU6, STM32C091KBT6, STM32C091KBU6, STM32C091KCT6, STM32C091KCU6, STM32C091RBT6, STM32C091RCI6, STM32C091RCT6, STM32C092CBT6, STM32C092CBU6, STM32C092CCT6, STM32C092CCU6, STM32C092ECY6TR, STM32C092FBP6, STM32C092FCP6, STM32C092GBU6, STM32C092GCU6, STM32C092KBT6, STM32C092KBU6, STM32C092KCT6, STM32C092KCU6, STM32C092RBT6, STM32C092RCI6, STM32C092RCT6, STM32G071K8TXN, STM32G071K8UXN, STM32G081GBU6N, STM32G081KBT6N, STM32G081KBUXN, STM32G0B1CCT6N, STM32G0B1KCT6, STM32G0B1NEY6TR, STM32G0B1RCT6N, STM32G0C1CCT6, STM32G0C1CCT6N, STM32G0C1CCU6N, STM32G0C1CET6N, STM32G0C1CEU6N, STM32G0C1KCT6, STM32G0C1NEY6TR, STM32G0C1RCI6N, STM32G0C1RCT6N, STM32G0C1REI6N, STM32G0C1RET6N, STM32G0C1VCI6, STM32G0C1VEI6, STM32G411C6T3, STM32G411C6T6, STM32G411C6U3, STM32G411C6U6, STM32G411C8T3, STM32G411C8T6, STM32G411C8U3, STM32G411C8U6, STM32G411CBT3, STM32G411CBT6, STM32G411CBU3, STM32G411CBU6, STM32G411K6T3, STM32G411K6T6, STM32G411K6U3, STM32G411K6U6, STM32G411K8T3, STM32G411K8T6, STM32G411K8U3, STM32G411K8U6, STM32G411KBT3, STM32G411KBT6, STM32G411KBU3, STM32G411KBU6, STM32G411M6T3, STM32G411M6T6, STM32G411M8T3, STM32G411M8T6, STM32G411MBT3, STM32G411MBT6, STM32G411R6T3, STM32G411R6T6, STM32G411R8T3, STM32G411R8T6, STM32G411RBT3, STM32G411RBT6, STM32G414CBT3, STM32G414CBT6, STM32G414CBU3, STM32G414CBU6, STM32G414CCT3, STM32G414CCT6, STM32G414CCU3, STM32G414CCU6, STM32G414MBT3, STM32G414MBT6, STM32G414MCT3, STM32G414MCT6, STM32G414RBT3, STM32G414RBT6, STM32G414RCT3, STM32G414RCT6, STM32G414VBT3, STM32G414VBT6, STM32G414VCT3, STM32G414VCT6, STM32G431CBT3Z, STM32G431RBT3Z, STM32G471CCT6, STM32G471CCU6, STM32G471CET3, STM32G471CET6, STM32G471CEU3, STM32G471CEU6, STM32G471MCT6, STM32G471MET3, STM32G471MET6, STM32G471MEY6TR, STM32G471QCT6, STM32G471QET3, STM32G471RCT6, STM32G471RET3, STM32G471RET6, STM32G471VCH6, STM32G471VCI6, STM32G471VCT6, STM32G471VEH3, STM32G471VEH6, STM32G471VEI3, STM32G471VEI6, STM32G471VET3, STM32G471VET6, STM32G473QET3Z, STM32G473RET3Z, STM32G474CCT6, STM32G491RET3Z, STM32H503CBT6, STM32H503CBU6, STM32H503EBY6TR, STM32H503KBU6, STM32H503RBT6, STM32H523CCT6, STM32H523CCU6, STM32H523CET6, STM32H523CEU6, STM32H523HEY6TR, STM32H523RCT6, STM32H523RET6, STM32H523VCI6, STM32H523VCT6, STM32H523VEI6, STM32H523VET6, STM32H523ZCJ6, STM32H523ZCT6, STM32H523ZEJ6, STM32H523ZET6, STM32H533CET6, STM32H533CEU6, STM32H533HEY6TR, STM32H533RET6, STM32H533VEI6, STM32H533VET6, STM32H533ZEJ6, STM32H533ZET6, STM32H562AGI6, STM32H562AII6, STM32H562IGK6, STM32H562IGT6, STM32H562IIK6, STM32H562IIT6, STM32H562RGT6, STM32H562RGV6, STM32H562RIT6, STM32H562RIV6, STM32H562VGT6, STM32H562VIT6, STM32H562ZGT6, STM32H562ZIT6, STM32H563AGI6, STM32H563AII3Q, STM32H563AII6, STM32H563IGK6, STM32H563IGT6, STM32H563IIK3Q, STM32H563IIK6, STM32H563IIT3Q, STM32H563IIT6, STM32H563MIY3QTR, STM32H563RGT6, STM32H563RGV6, STM32H563RIT6, STM32H563RIV6, STM32H563VGT6, STM32H563VIT3Q, STM32H563VIT6, STM32H563ZGT6, STM32H563ZIT3Q, STM32H563ZIT6, STM32H573AII3Q, STM32H573AII6, STM32H573I-DK, STM32H573IIK3Q, STM32H573IIK6, STM32H573IIT3Q, STM32H573IIT6, STM32H573MIY3QTR, STM32H573RIT6, STM32H573RIV6, STM32H573VIT3Q, STM32H573VIT6, STM32H573ZIT3Q, STM32H573ZIT6, STM32H7R3A8I6, STM32H7R3I8K6, STM32H7R3I8T6, STM32H7R3L8H6, STM32H7R3L8H6H, STM32H7R3R8V6, STM32H7R3V8H6, STM32H7R3V8T6, STM32H7R3V8Y6TR, STM32H7R3Z8J6, STM32H7R3Z8T6, STM32H7R7A8I6, STM32H7R7I8K6, STM32H7R7I8T6, STM32H7R7L8H6, STM32H7R7L8H6H, STM32H7R7Z8J6, STM32H7S3A8I6, STM32H7S3I8K6, STM32H7S3I8T6, STM32H7S3L8H6, STM32H7S3L8H6H, STM32H7S3R8V6, STM32H7S3V8H6, STM32H7S3V8T6, STM32H7S3V8Y6TR, STM32H7S3Z8J6, STM32H7S3Z8T6, STM32H7S78-DK, STM32H7S7A8I6, STM32H7S7I8K6, STM32H7S7I8T6, STM32H7S7L8H6, STM32H7S7L8H6H, STM32H7S7Z8J6, STM32L4R5QGI6STR, STM32MP131AAE3, STM32MP131AAF3, STM32MP131AAG3, STM32MP131CAE3, STM32MP131CAF3, STM32MP131CAG3, STM32MP131DAE7, STM32MP131DAF7, STM32MP131DAG7, STM32MP131FAE7, STM32MP131FAF7, STM32MP131FAG7, STM32MP133AAE3, STM32MP133AAF3, STM32MP133AAG3, STM32MP133CAE3, STM32MP133CAF3, STM32MP133CAG3, STM32MP133DAE7, STM32MP133DAF7, STM32MP133DAG7, STM32MP133FAE7, STM32MP133FAF7, STM32MP133FAG7, STM32MP135AAE3, STM32MP135AAF3, STM32MP135AAG3, STM32MP135CAE3, STM32MP135CAF3, STM32MP135CAG3, STM32MP135DAE7, STM32MP135DAF7, STM32MP135DAG7, STM32MP135F-DK, STM32MP135FAE7, STM32MP135FAF7, STM32MP135FAF7T, STM32MP135FAF7U, STM32MP135FAG7, STM32MP211AAL3, STM32MP211AAM3, STM32MP211AAN3, STM32MP211AAO3, STM32MP211CAL3, STM32MP211CAM3, STM32MP211CAN3, STM32MP211CAO3, STM32MP211DAL3, STM32MP211DAM3, STM32MP211DAN3, STM32MP211DAO3, STM32MP211FAL3, STM32MP211FAM3, STM32MP211FAN3, STM32MP211FAO3, STM32MP213AAL3, STM32MP213AAM3, STM32MP213AAN3, STM32MP213AAO3, STM32MP213CAL3, STM32MP213CAM3, STM32MP213CAN3, STM32MP213CAO3, STM32MP213DAL3, STM32MP213DAM3, STM32MP213DAN3, STM32MP213DAO3, STM32MP213FAL3, STM32MP213FAM3, STM32MP213FAN3, STM32MP213FAO3, STM32MP215AAL3, STM32MP215AAM3, STM32MP215AAN3, STM32MP215AAO3, STM32MP215CAL3, STM32MP215CAM3, STM32MP215CAN3, STM32MP215CAO3, STM32MP215DAL3, STM32MP215DAM3, STM32MP215DAN3, STM32MP215DAO3, STM32MP215F-DK, STM32MP215FAL3, STM32MP215FAM3, STM32MP215FAN3, STM32MP215FAO3, STM32MP231AAJ3, STM32MP231AAK3, STM32MP231AAL3, STM32MP231CAJ3, STM32MP231CAK3, STM32MP231CAL3, STM32MP231DAJ3, STM32MP231DAK3, STM32MP231DAL3, STM32MP231FAJ3, STM32MP231FAK3, STM32MP231FAL3, STM32MP233AAJ3, STM32MP233AAK3, STM32MP233AAL3, STM32MP233CAJ3, STM32MP233CAK3, STM32MP233CAL3, STM32MP233DAJ3, STM32MP233DAK3, STM32MP233DAL3, STM32MP233FAJ3, STM32MP233FAK3, STM32MP233FAL3, STM32MP235AAJ3, STM32MP235AAK3, STM32MP235AAL3, STM32MP235CAJ3, STM32MP235CAK3, STM32MP235CAL3, STM32MP235DAJ3, STM32MP235DAK3, STM32MP235DAL3, STM32MP235FAJ3, STM32MP235FAK3, STM32MP235FAL3, STM32MP251AAI3, STM32MP251AAK3, STM32MP251AAL3, STM32MP251CAI3, STM32MP251CAK3, STM32MP251CAL3, STM32MP251DAI3, STM32MP251DAK3, STM32MP251DAL3, STM32MP251FAI3, STM32MP251FAK3, STM32MP251FAL3, STM32MP253AAI3, STM32MP253AAK3, STM32MP253AAL3, STM32MP253CAI3, STM32MP253CAK3, STM32MP253CAL3, STM32MP253DAI3, STM32MP253DAK3, STM32MP253DAL3, STM32MP253FAI3, STM32MP253FAK3, STM32MP253FAL3, STM32MP255AAI3, STM32MP255AAK3, STM32MP255AAL3, STM32MP255CAI3, STM32MP255CAK3, STM32MP255CAL3, STM32MP255DAI3, STM32MP255DAK3, STM32MP255DAL3, STM32MP255FAI3, STM32MP255FAK3, STM32MP255FAL3, STM32MP257AAI3, STM32MP257AAK3, STM32MP257AAL3, STM32MP257CAI3, STM32MP257CAK3, STM32MP257CAL3, STM32MP257DAI3, STM32MP257DAK3, STM32MP257DAL3, STM32MP257F-DK, STM32MP257F-EV1, STM32MP257FAI3, STM32MP257FAK3, STM32MP257FAL3, STM32N645A0H3Q, STM32N645B0H3Q, STM32N645I0H3Q, STM32N645L0H3Q, STM32N645X0H3Q, STM32N645Z0H3Q, STM32N647A0H3Q, STM32N647B0H3Q, STM32N647I0H3Q, STM32N647L0H3Q, STM32N647X0H3Q, STM32N647Z0H3Q, STM32N655A0H3Q, STM32N655B0H3Q, STM32N655I0H3Q, STM32N655L0H3Q, STM32N655X0H3Q, STM32N655Z0H3Q, STM32N6570-DK, STM32N657A0H3Q, STM32N657B0H3Q, STM32N657I0H3Q, STM32N657L0H3Q, STM32N657X0H3Q, STM32N657Z0H3Q, STM32U031C6T6, STM32U031C6U6, STM32U031C8T6, STM32U031C8U6, STM32U031F4P6, STM32U031F6P6, STM32U031F8P6, STM32U031G6Y6TR, STM32U031G8Y6TR, STM32U031K4U6, STM32U031K6U6, STM32U031K8U6, STM32U031R6I6, STM32U031R6T6, STM32U031R8I6, STM32U031R8T6, STM32U073C8T6, STM32U073C8U6, STM32U073CBT6, STM32U073CBU6, STM32U073CCT6, STM32U073CCU6, STM32U073H8Y6TR, STM32U073HBY6TR, STM32U073HCY6TR, STM32U073K8U6, STM32U073KBU6, STM32U073KCU6, STM32U073M8I6, STM32U073M8T6, STM32U073MBI6, STM32U073MBT6, STM32U073MCI6, STM32U073MCT6, STM32U073R8I6, STM32U073R8T6, STM32U073RBI6, STM32U073RBT6, STM32U073RCI6, STM32U073RCT6, STM32U083C-DK, STM32U083CCT6, STM32U083CCU6, STM32U083HCY6TR, STM32U083KCU6, STM32U083MCI6, STM32U083MCT6, STM32U083RCI6, STM32U083RCT6, STM32U375CET6, STM32U375CET6Q, STM32U375CEU6, STM32U375CEU6Q, STM32U375CEY6QTR, STM32U375CGT6, STM32U375CGT6Q, STM32U375CGU6, STM32U375CGU6Q, STM32U375CGY6QTR, STM32U375KEU6, STM32U375KGU6, STM32U375REI6, STM32U375REI6Q, STM32U375RET6, STM32U375RET6Q, STM32U375REY6GTR, STM32U375REY6QTR, STM32U375RGI6, STM32U375RGI6Q, STM32U375RGT6, STM32U375RGT6Q, STM32U375RGY6GTR, STM32U375RGY6QTR, STM32U375VEI6, STM32U375VEI6Q, STM32U375VET6, STM32U375VET6Q, STM32U375VGI6, STM32U375VGI6Q, STM32U375VGT6, STM32U375VGT6Q, STM32U385CGT6, STM32U385CGT6Q, STM32U385CGU6, STM32U385CGU6Q, STM32U385CGY6QTR, STM32U385KGU6, STM32U385RGI6, STM32U385RGI6Q, STM32U385RGT6, STM32U385RGT6Q, STM32U385RGY6GTR, STM32U385RGY6QTR, STM32U385VGI6, STM32U385VGI6Q, STM32U385VGT6, STM32U385VGT6Q, STM32U535CBT6, STM32U535CBT6Q, STM32U535CBU6, STM32U535CBU6Q, STM32U535CCT6, STM32U535CCT6Q, STM32U535CCU6, STM32U535CCU6Q, STM32U535CET6, STM32U535CET6Q, STM32U535CEU6, STM32U535CEU6Q, STM32U535JEY6QTR, STM32U535NCY6QTR, STM32U535NEY6QTR, STM32U535RBI6, STM32U535RBI6Q, STM32U535RBT6, STM32U535RBT6Q, STM32U535RCI6, STM32U535RCI6Q, STM32U535RCT6, STM32U535RCT6Q, STM32U535REI6, STM32U535REI6Q, STM32U535RET6, STM32U535RET6Q, STM32U535VCI6, STM32U535VCI6Q, STM32U535VCT6, STM32U535VCT6Q, STM32U535VEI6, STM32U535VEI6Q, STM32U535VET6, STM32U535VET6Q, STM32U545CET6, STM32U545CET6Q, STM32U545CEU6, STM32U545CEU6Q, STM32U545JEY6QTR, STM32U545NEY6QTR, STM32U545REI6, STM32U545REI6Q, STM32U545RET6, STM32U545RET6Q, STM32U545VEI6, STM32U545VEI6Q, STM32U545VET6, STM32U545VET6Q, STM32U595AIH6, STM32U595AIH6Q, STM32U595AJH6, STM32U595AJH6Q, STM32U595QII6, STM32U595QII6Q, STM32U595QJI6, STM32U595QJI6Q, STM32U595RIT6, STM32U595RIT6Q, STM32U595RJT6, STM32U595RJT6Q, STM32U595VIT6, STM32U595VIT6Q, STM32U595VJT6, STM32U595VJT6Q, STM32U595ZIT6, STM32U595ZIT6Q, STM32U595ZIY6QTR, STM32U595ZJT6, STM32U595ZJT6Q, STM32U595ZJY6QTR, STM32U599BJY6QTR, STM32U599NIH6Q, STM32U599NJH6Q, STM32U599VIT6Q, STM32U599VJT6, STM32U599VJT6Q, STM32U599ZIT6Q, STM32U599ZIY6QTR, STM32U599ZJT6Q, STM32U599ZJY6QTR, STM32U5A5AJH6, STM32U5A5AJH6Q, STM32U5A5QII3Q , STM32U5A5QJI6, STM32U5A5QJI6Q, STM32U5A5RJT6, STM32U5A5RJT6Q, STM32U5A5VJT6, STM32U5A5VJT6Q, STM32U5A5ZJT6, STM32U5A5ZJT6Q, STM32U5A5ZJY6QTR, STM32U5A9BJY6QTR, STM32U5A9J-DK, STM32U5A9NJH6Q, STM32U5A9VJT6Q, STM32U5A9ZJT6Q, STM32U5A9ZJY6QTR, STM32U5F7VIT6, STM32U5F7VIT6Q, STM32U5F7VJT6, STM32U5F7VJT6Q, STM32U5F9BJY6QTR, STM32U5F9NJH6Q, STM32U5F9VIT6Q, STM32U5F9VJT6Q, STM32U5F9ZIJ6QTR, STM32U5F9ZIT6Q, STM32U5F9ZJJ6QTR, STM32U5F9ZJT6Q, STM32U5G7VJT6, STM32U5G7VJT6Q, STM32U5G9BJY6QTR, STM32U5G9J-DK1, STM32U5G9J-DK2, STM32U5G9NJH6Q, STM32U5G9VJT6Q, STM32U5G9ZJJ6QTR, STM32U5G9ZJT6Q, STM32WB05KZV6TR, STM32WB05KZV7TR, STM32WB05TZF6TR, STM32WB05TZF7TR, STM32WB06CCF6TR, STM32WB06CCF7TR, STM32WB06CCV6TR, STM32WB06CCV7TR, STM32WB06KCV6TR, STM32WB06KCV7TR, STM32WB07CCF6TR, STM32WB07CCF7TR, STM32WB07CCV6TR, STM32WB07CCV7TR, STM32WB07KCV6TR, STM32WB07KCV7TR, STM32WB09KEV6TR, STM32WB09KEV7TR, STM32WB09TEF6TR, STM32WB09TEF7TR, STM32WB1MMCH6, STM32WBA50KGU6, STM32WBA50KGU6TR, STM32WBA52CEU6, STM32WBA52CEU6TR, STM32WBA52CEU7, STM32WBA52CEU7TR, STM32WBA52CGU6, STM32WBA52CGU6TR, STM32WBA52CGU6U, STM32WBA52CGU7, STM32WBA52CGU7TR, STM32WBA52KEU6, STM32WBA52KEU6TR, STM32WBA52KGU6, STM32WBA52KGU6TR, STM32WBA54CEU6, STM32WBA54CEU6TR, STM32WBA54CEU7, STM32WBA54CEU7TR, STM32WBA54CGU6, STM32WBA54CGU6TR, STM32WBA54CGU7, STM32WBA54CGU7TR, STM32WBA54KEU6, STM32WBA54KEU6TR, STM32WBA54KEU7, STM32WBA54KEU7TR, STM32WBA54KGU6, STM32WBA54KGU6TR, STM32WBA54KGU7, STM32WBA54KGU7TR, STM32WBA55CEU6, STM32WBA55CEU6TR, STM32WBA55CEU7, STM32WBA55CEU7TR, STM32WBA55CGU6, STM32WBA55CGU6TR, STM32WBA55CGU6U, STM32WBA55CGU7, STM32WBA55CGU7TR, STM32WBA55G-DK1, STM32WBA55HEF6, STM32WBA55HEF7, STM32WBA55HGF6, STM32WBA55HGF7, STM32WBA55UEI6, STM32WBA55UEI6TR, STM32WBA55UEI7, STM32WBA55UEI7TR, STM32WBA55UGI6, STM32WBA55UGI6TR, STM32WBA55UGI7, STM32WBA55UGI7TR, STM32WBA5MMGH6TR, STM32WBA62MGF6, STM32WBA62MIF6, STM32WBA65MGF7, STM32WBA65MIF6, STM32WBA65MIF7, STM32WL30K8V6, STM32WL30KBV6, STM32WL31C8V6, STM32WL31CBV6, STM32WL31K8V6, STM32WL31KBV6, STM32WL33C8V6, STM32WL33C8V6X, STM32WL33CBV6, STM32WL33CBV6X, STM32WL33CCV6, STM32WL33CCV6A, STM32WL33CCV6X, STM32WL33K8V7, STM32WL33K8V7X, STM32WL33KBV7 , STM32WL33KBV7X, STM32WL33KCV7, STM32WL33KCV7X, STM32WL5MOCH6, STM32WL5MOCH6TR]
2026-05-11 16:01:56,101 [INFO] DbMcus:218 - Found 5086 MCUs, 4968 are supported
2026-05-11 16:01:56,103 [INFO] ApiDb:423 - Load user favorites file C:\Users\jahna/.stm32cubeide/favorites.mcus.txt: 0 item(s)
2026-05-11 16:01:56,103 [INFO] ApiDb:427 - User favorites MCUs=[]
2026-05-11 16:01:56,103 [INFO] DbMcus:224 - Set 0 / 0 favorites MCUs
2026-05-11 16:01:57,142 [INFO] ApiDb:448 - Save user favorites file C:\Users\jahna/.stm32cubeide/favorites.boards.txt: 0 item(s)
2026-05-11 16:01:57,142 [INFO] ApiDb:452 - User favorites Boards=[]
2026-05-11 16:01:57,146 [INFO] ApiDb:581 - Connected to CubeFinder SQLite database (C:\Users\jahna\.stmcufinder\plugins\mcufinder\mcu\cube-finder-db.db)
2026-05-11 16:01:57,290 [INFO] ApiDb:668 - CubeFinder database Data Model version=2.1
2026-05-11 16:01:57,290 [INFO] ApiDb:669 - CubeFinder database Configuration version=3.0.42
2026-05-11 16:01:57,290 [INFO] ApiDb:670 - CubeFinder database generation date=2026-05-06 (1778060171)
2026-05-11 16:01:57,290 [INFO] ApiDb:671 - CubeFinder database FW Pack versions=[FP-ATR-ASTRA1_V2.0.0, FP-SNS-FLIGHT1_V5.1.0, FP-SNS-MOTENV1_V5.1.0, FP-SNS-MOTENVWB1_V1.5.0, FP-SNS-SMARTAG2_V1.2.0, FP-SNS-STBOX1_V2.1.0, STM32Cube_FW_C0_V1.4.0, STM32Cube_FW_F4_V1.28.3, STM32Cube_FW_F7_V1.17.4, STM32Cube_FW_G0_V1.6.3, STM32Cube_FW_G4_V1.6.2, STM32Cube_FW_H5_V1.6.0, STM32Cube_FW_H7RS_V1.3.0, STM32Cube_FW_H7_V1.13.0, STM32Cube_FW_L0_V1.12.2, STM32Cube_FW_L4_V1.18.2, STM32Cube_FW_L5_V1.6.0, STM32Cube_FW_N6_V1.3.0, STM32Cube_FW_U0_V1.3.0, STM32Cube_FW_U3_V1.3.0, STM32Cube_FW_U5_V1.8.0, STM32Cube_FW_WB0_V1.4.0, STM32Cube_FW_WBA_V1.9.0, STM32Cube_FW_WB_V1.24.0, STM32Cube_FW_WL3_V1.4.0, STM32Cube_FW_WL_V1.5.0, X-CUBE-ALGOBUILD_V1.4.0, X-CUBE-ALS_V1.0.2, X-CUBE-AZRTOS-F4_V1.1.0, X-CUBE-AZRTOS-F7_V1.1.0, X-CUBE-AZRTOS-G0_V1.1.0, X-CUBE-AZRTOS-G4_V2.0.0, X-CUBE-AZRTOS-H7RS_V1.1.0, X-CUBE-AZRTOS-H7_V3.5.0, X-CUBE-AZRTOS-L4_V2.0.0, X-CUBE-AZRTOS-L5_V2.0.0, X-CUBE-AZRTOS-WB_V2.0.0, X-CUBE-AZRTOS-WL_V2.0.0, X-CUBE-BLE1_V7.1.0, X-CUBE-BLE2_V3.3.0, X-CUBE-BLEMGR_V4.1.0, X-CUBE-EEPRMA1_V5.2.0, X-CUBE-FREERTOS_V1.5.0, X-CUBE-GNSS1_V6.0.0, X-CUBE-MEMS1_V12.0.0, X-CUBE-NFC4_V3.0.0, X-CUBE-NFC7_V2.0.0, X-CUBE-SFXS2LP1_V4.0.0, X-CUBE-ST67W61_V1.2.0, X-CUBE-SUBG2_V5.0.0, X-CUBE-TOF1_V3.4.3]
2026-05-11 16:01:57,408 [INFO] DbBoardsSqlite:226 - include board P-NUCLEO-WB55-NUCLEO as a kit item of type 'Nucleo-64'
2026-05-11 16:01:57,409 [INFO] DbBoardsSqlite:226 - include board P-NUCLEO-WB55-USBDONGLE as a kit item of type 'Nucleo USB Dongle'
2026-05-11 16:01:57,410 [INFO] DbBoardsSqlite:226 - include board STEVAL-IDP005V1 as a kit item of type 'Evaluation Board'
2026-05-11 16:01:57,410 [INFO] DbBoardsSqlite:226 - include board STEVAL-IDP005V2 as a kit item of type 'Evaluation Board'
2026-05-11 16:01:58,053 [INFO] ApiDb:240 - Found 880 in-development CPN: [B-G473E-ZEST1S, B-WB1M-WPAN1, B-WBA5M-WPAN, B-WL5M-SUBG1, NUCLEO-C031C6, NUCLEO-C051C8, NUCLEO-C071RB, NUCLEO-C092RC, NUCLEO-H503RB, NUCLEO-H533RE, NUCLEO-H563ZI, NUCLEO-H7S3L8, NUCLEO-N657X0-Q, NUCLEO-U031R8, NUCLEO-U083RC, NUCLEO-U385RG-Q, NUCLEO-U545RE-Q, NUCLEO-U5A5ZJ-Q, NUCLEO-WB05KZ, NUCLEO-WB07CC, NUCLEO-WB09KE, NUCLEO-WBA52CG, NUCLEO-WBA55CG, NUCLEO-WL33CC1, NUCLEO-WL33CC2, STEVAL-PROTEUS1, STEVAL-SMARTAG2, STEVAL-STWINBX1, STM320518-EVAL, STM32C0116-DK, STM32C011D6Y3TR, STM32C011D6Y6TR, STM32C011F4P3, STM32C011F4P6, STM32C011F4U3, STM32C011F4U6TR, STM32C011F6P3, STM32C011F6P6, STM32C011F6U3, STM32C011F6U6TR, STM32C011J4M3, STM32C011J4M6, STM32C011J6M3, STM32C011J6M6, STM32C0316-DK, STM32C031C4T3, STM32C031C4T6, STM32C031C4U3, STM32C031C4U6, STM32C031C6T3, STM32C031C6T6, STM32C031C6U3, STM32C031C6U6, STM32C031F4P3, STM32C031F4P6, STM32C031F6P3, STM32C031F6P6, STM32C031G4U3, STM32C031G4U6, STM32C031G6U3, STM32C031G6U6, STM32C031K4T3, STM32C031K4T6, STM32C031K4U3, STM32C031K4U6, STM32C031K6T3, STM32C031K6T6, STM32C031K6U3, STM32C031K6U6, STM32C051C6T6, STM32C051C6U6, STM32C051C8T6, STM32C051C8U6, STM32C051D8Y6TR, STM32C051F6P6, STM32C051F8P6, STM32C051G6U6, STM32C051G8U6, STM32C051K6T6, STM32C051K6U6, STM32C051K8T6, STM32C071C8T6, STM32C071C8T6N, STM32C071C8U6, STM32C071C8U6N, STM32C071CBT6, STM32C071CBT6N, STM32C071CBU6, STM32C071CBU6N, STM32C071F8P6, STM32C071F8P6N, STM32C071FBP6, STM32C071FBP6N, STM32C071FBY6TR, STM32C071G8U6, STM32C071G8U6N, STM32C071GBU6, STM32C071GBU6N, STM32C071K8T6, STM32C071K8T6N, STM32C071K8U6, STM32C071K8U6N, STM32C071KBT6, STM32C071KBT6N, STM32C071KBU6, STM32C071KBU6N, STM32C071R8T6, STM32C071R8T6N, STM32C071RBI6N, STM32C071RBT6, STM32C071RBT6N, STM32C091CBT6, STM32C091CBU6, STM32C091CCT6, STM32C091CCU6, STM32C091ECY6TR, STM32C091FBP6, STM32C091FCP6, STM32C091GBU6, STM32C091GCU6, STM32C091KBT6, STM32C091KBU6, STM32C091KCT6, STM32C091KCU6, STM32C091RBT6, STM32C091RCI6, STM32C091RCT6, STM32C092CBT6, STM32C092CBU6, STM32C092CCT6, STM32C092CCU6, STM32C092ECY6TR, STM32C092FBP6, STM32C092FCP6, STM32C092GBU6, STM32C092GCU6, STM32C092KBT6, STM32C092KBU6, STM32C092KCT6, STM32C092KCU6, STM32C092RBT6, STM32C092RCI6, STM32C092RCT6, STM32G071K8TXN, STM32G071K8UXN, STM32G081GBU6N, STM32G081KBT6N, STM32G081KBUXN, STM32G0B1CCT6N, STM32G0B1KCT6, STM32G0B1NEY6TR, STM32G0B1RCT6N, STM32G0C1CCT6, STM32G0C1CCT6N, STM32G0C1CCU6N, STM32G0C1CET6N, STM32G0C1CEU6N, STM32G0C1KCT6, STM32G0C1NEY6TR, STM32G0C1RCI6N, STM32G0C1RCT6N, STM32G0C1REI6N, STM32G0C1RET6N, STM32G0C1VCI6, STM32G0C1VEI6, STM32G411C6T3, STM32G411C6T6, STM32G411C6U3, STM32G411C6U6, STM32G411C8T3, STM32G411C8T6, STM32G411C8U3, STM32G411C8U6, STM32G411CBT3, STM32G411CBT6, STM32G411CBU3, STM32G411CBU6, STM32G411K6T3, STM32G411K6T6, STM32G411K6U3, STM32G411K6U6, STM32G411K8T3, STM32G411K8T6, STM32G411K8U3, STM32G411K8U6, STM32G411KBT3, STM32G411KBT6, STM32G411KBU3, STM32G411KBU6, STM32G411M6T3, STM32G411M6T6, STM32G411M8T3, STM32G411M8T6, STM32G411MBT3, STM32G411MBT6, STM32G411R6T3, STM32G411R6T6, STM32G411R8T3, STM32G411R8T6, STM32G411RBT3, STM32G411RBT6, STM32G414CBT3, STM32G414CBT6, STM32G414CBU3, STM32G414CBU6, STM32G414CCT3, STM32G414CCT6, STM32G414CCU3, STM32G414CCU6, STM32G414MBT3, STM32G414MBT6, STM32G414MCT3, STM32G414MCT6, STM32G414RBT3, STM32G414RBT6, STM32G414RCT3, STM32G414RCT6, STM32G414VBT3, STM32G414VBT6, STM32G414VCT3, STM32G414VCT6, STM32G431CBT3Z, STM32G431RBT3Z, STM32G471CCT6, STM32G471CCU6, STM32G471CET3, STM32G471CET6, STM32G471CEU3, STM32G471CEU6, STM32G471MCT6, STM32G471MET3, STM32G471MET6, STM32G471MEY6TR, STM32G471QCT6, STM32G471QET3, STM32G471RCT6, STM32G471RET3, STM32G471RET6, STM32G471VCH6, STM32G471VCI6, STM32G471VCT6, STM32G471VEH3, STM32G471VEH6, STM32G471VEI3, STM32G471VEI6, STM32G471VET3, STM32G471VET6, STM32G473QET3Z, STM32G473RET3Z, STM32G474CCT6, STM32G491RET3Z, STM32H503CBT6, STM32H503CBU6, STM32H503EBY6TR, STM32H503KBU6, STM32H503RBT6, STM32H523CCT6, STM32H523CCU6, STM32H523CET6, STM32H523CEU6, STM32H523HEY6TR, STM32H523RCT6, STM32H523RET6, STM32H523VCI6, STM32H523VCT6, STM32H523VEI6, STM32H523VET6, STM32H523ZCJ6, STM32H523ZCT6, STM32H523ZEJ6, STM32H523ZET6, STM32H533CET6, STM32H533CEU6, STM32H533HEY6TR, STM32H533RET6, STM32H533VEI6, STM32H533VET6, STM32H533ZEJ6, STM32H533ZET6, STM32H562AGI6, STM32H562AII6, STM32H562IGK6, STM32H562IGT6, STM32H562IIK6, STM32H562IIT6, STM32H562RGT6, STM32H562RGV6, STM32H562RIT6, STM32H562RIV6, STM32H562VGT6, STM32H562VIT6, STM32H562ZGT6, STM32H562ZIT6, STM32H563AGI6, STM32H563AII3Q, STM32H563AII6, STM32H563IGK6, STM32H563IGT6, STM32H563IIK3Q, STM32H563IIK6, STM32H563IIT3Q, STM32H563IIT6, STM32H563MIY3QTR, STM32H563RGT6, STM32H563RGV6, STM32H563RIT6, STM32H563RIV6, STM32H563VGT6, STM32H563VIT3Q, STM32H563VIT6, STM32H563ZGT6, STM32H563ZIT3Q, STM32H563ZIT6, STM32H573AII3Q, STM32H573AII6, STM32H573I-DK, STM32H573IIK3Q, STM32H573IIK6, STM32H573IIT3Q, STM32H573IIT6, STM32H573MIY3QTR, STM32H573RIT6, STM32H573RIV6, STM32H573VIT3Q, STM32H573VIT6, STM32H573ZIT3Q, STM32H573ZIT6, STM32H7R3A8I6, STM32H7R3I8K6, STM32H7R3I8T6, STM32H7R3L8H6, STM32H7R3L8H6H, STM32H7R3R8V6, STM32H7R3V8H6, STM32H7R3V8T6, STM32H7R3V8Y6TR, STM32H7R3Z8J6, STM32H7R3Z8T6, STM32H7R7A8I6, STM32H7R7I8K6, STM32H7R7I8T6, STM32H7R7L8H6, STM32H7R7L8H6H, STM32H7R7Z8J6, STM32H7S3A8I6, STM32H7S3I8K6, STM32H7S3I8T6, STM32H7S3L8H6, STM32H7S3L8H6H, STM32H7S3R8V6, STM32H7S3V8H6, STM32H7S3V8T6, STM32H7S3V8Y6TR, STM32H7S3Z8J6, STM32H7S3Z8T6, STM32H7S78-DK, STM32H7S7A8I6, STM32H7S7I8K6, STM32H7S7I8T6, STM32H7S7L8H6, STM32H7S7L8H6H, STM32H7S7Z8J6, STM32L4R5QGI6STR, STM32MP131AAE3, STM32MP131AAF3, STM32MP131AAG3, STM32MP131CAE3, STM32MP131CAF3, STM32MP131CAG3, STM32MP131DAE7, STM32MP131DAF7, STM32MP131DAG7, STM32MP131FAE7, STM32MP131FAF7, STM32MP131FAG7, STM32MP133AAE3, STM32MP133AAF3, STM32MP133AAG3, STM32MP133CAE3, STM32MP133CAF3, STM32MP133CAG3, STM32MP133DAE7, STM32MP133DAF7, STM32MP133DAG7, STM32MP133FAE7, STM32MP133FAF7, STM32MP133FAG7, STM32MP135AAE3, STM32MP135AAF3, STM32MP135AAG3, STM32MP135CAE3, STM32MP135CAF3, STM32MP135CAG3, STM32MP135DAE7, STM32MP135DAF7, STM32MP135DAG7, STM32MP135F-DK, STM32MP135FAE7, STM32MP135FAF7, STM32MP135FAF7T, STM32MP135FAF7U, STM32MP135FAG7, STM32MP211AAL3, STM32MP211AAM3, STM32MP211AAN3, STM32MP211AAO3, STM32MP211CAL3, STM32MP211CAM3, STM32MP211CAN3, STM32MP211CAO3, STM32MP211DAL3, STM32MP211DAM3, STM32MP211DAN3, STM32MP211DAO3, STM32MP211FAL3, STM32MP211FAM3, STM32MP211FAN3, STM32MP211FAO3, STM32MP213AAL3, STM32MP213AAM3, STM32MP213AAN3, STM32MP213AAO3, STM32MP213CAL3, STM32MP213CAM3, STM32MP213CAN3, STM32MP213CAO3, STM32MP213DAL3, STM32MP213DAM3, STM32MP213DAN3, STM32MP213DAO3, STM32MP213FAL3, STM32MP213FAM3, STM32MP213FAN3, STM32MP213FAO3, STM32MP215AAL3, STM32MP215AAM3, STM32MP215AAN3, STM32MP215AAO3, STM32MP215CAL3, STM32MP215CAM3, STM32MP215CAN3, STM32MP215CAO3, STM32MP215DAL3, STM32MP215DAM3, STM32MP215DAN3, STM32MP215DAO3, STM32MP215F-DK, STM32MP215FAL3, STM32MP215FAM3, STM32MP215FAN3, STM32MP215FAO3, STM32MP231AAJ3, STM32MP231AAK3, STM32MP231AAL3, STM32MP231CAJ3, STM32MP231CAK3, STM32MP231CAL3, STM32MP231DAJ3, STM32MP231DAK3, STM32MP231DAL3, STM32MP231FAJ3, STM32MP231FAK3, STM32MP231FAL3, STM32MP233AAJ3, STM32MP233AAK3, STM32MP233AAL3, STM32MP233CAJ3, STM32MP233CAK3, STM32MP233CAL3, STM32MP233DAJ3, STM32MP233DAK3, STM32MP233DAL3, STM32MP233FAJ3, STM32MP233FAK3, STM32MP233FAL3, STM32MP235AAJ3, STM32MP235AAK3, STM32MP235AAL3, STM32MP235CAJ3, STM32MP235CAK3, STM32MP235CAL3, STM32MP235DAJ3, STM32MP235DAK3, STM32MP235DAL3, STM32MP235FAJ3, STM32MP235FAK3, STM32MP235FAL3, STM32MP251AAI3, STM32MP251AAK3, STM32MP251AAL3, STM32MP251CAI3, STM32MP251CAK3, STM32MP251CAL3, STM32MP251DAI3, STM32MP251DAK3, STM32MP251DAL3, STM32MP251FAI3, STM32MP251FAK3, STM32MP251FAL3, STM32MP253AAI3, STM32MP253AAK3, STM32MP253AAL3, STM32MP253CAI3, STM32MP253CAK3, STM32MP253CAL3, STM32MP253DAI3, STM32MP253DAK3, STM32MP253DAL3, STM32MP253FAI3, STM32MP253FAK3, STM32MP253FAL3, STM32MP255AAI3, STM32MP255AAK3, STM32MP255AAL3, STM32MP255CAI3, STM32MP255CAK3, STM32MP255CAL3, STM32MP255DAI3, STM32MP255DAK3, STM32MP255DAL3, STM32MP255FAI3, STM32MP255FAK3, STM32MP255FAL3, STM32MP257AAI3, STM32MP257AAK3, STM32MP257AAL3, STM32MP257CAI3, STM32MP257CAK3, STM32MP257CAL3, STM32MP257DAI3, STM32MP257DAK3, STM32MP257DAL3, STM32MP257F-DK, STM32MP257F-EV1, STM32MP257FAI3, STM32MP257FAK3, STM32MP257FAL3, STM32N645A0H3Q, STM32N645B0H3Q, STM32N645I0H3Q, STM32N645L0H3Q, STM32N645X0H3Q, STM32N645Z0H3Q, STM32N647A0H3Q, STM32N647B0H3Q, STM32N647I0H3Q, STM32N647L0H3Q, STM32N647X0H3Q, STM32N647Z0H3Q, STM32N655A0H3Q, STM32N655B0H3Q, STM32N655I0H3Q, STM32N655L0H3Q, STM32N655X0H3Q, STM32N655Z0H3Q, STM32N6570-DK, STM32N657A0H3Q, STM32N657B0H3Q, STM32N657I0H3Q, STM32N657L0H3Q, STM32N657X0H3Q, STM32N657Z0H3Q, STM32U031C6T6, STM32U031C6U6, STM32U031C8T6, STM32U031C8U6, STM32U031F4P6, STM32U031F6P6, STM32U031F8P6, STM32U031G6Y6TR, STM32U031G8Y6TR, STM32U031K4U6, STM32U031K6U6, STM32U031K8U6, STM32U031R6I6, STM32U031R6T6, STM32U031R8I6, STM32U031R8T6, STM32U073C8T6, STM32U073C8U6, STM32U073CBT6, STM32U073CBU6, STM32U073CCT6, STM32U073CCU6, STM32U073H8Y6TR, STM32U073HBY6TR, STM32U073HCY6TR, STM32U073K8U6, STM32U073KBU6, STM32U073KCU6, STM32U073M8I6, STM32U073M8T6, STM32U073MBI6, STM32U073MBT6, STM32U073MCI6, STM32U073MCT6, STM32U073R8I6, STM32U073R8T6, STM32U073RBI6, STM32U073RBT6, STM32U073RCI6, STM32U073RCT6, STM32U083C-DK, STM32U083CCT6, STM32U083CCU6, STM32U083HCY6TR, STM32U083KCU6, STM32U083MCI6, STM32U083MCT6, STM32U083RCI6, STM32U083RCT6, STM32U375CET6, STM32U375CET6Q, STM32U375CEU6, STM32U375CEU6Q, STM32U375CEY6QTR, STM32U375CGT6, STM32U375CGT6Q, STM32U375CGU6, STM32U375CGU6Q, STM32U375CGY6QTR, STM32U375KEU6, STM32U375KGU6, STM32U375REI6, STM32U375REI6Q, STM32U375RET6, STM32U375RET6Q, STM32U375REY6GTR, STM32U375REY6QTR, STM32U375RGI6, STM32U375RGI6Q, STM32U375RGT6, STM32U375RGT6Q, STM32U375RGY6GTR, STM32U375RGY6QTR, STM32U375VEI6, STM32U375VEI6Q, STM32U375VET6, STM32U375VET6Q, STM32U375VGI6, STM32U375VGI6Q, STM32U375VGT6, STM32U375VGT6Q, STM32U385CGT6, STM32U385CGT6Q, STM32U385CGU6, STM32U385CGU6Q, STM32U385CGY6QTR, STM32U385KGU6, STM32U385RGI6, STM32U385RGI6Q, STM32U385RGT6, STM32U385RGT6Q, STM32U385RGY6GTR, STM32U385RGY6QTR, STM32U385VGI6, STM32U385VGI6Q, STM32U385VGT6, STM32U385VGT6Q, STM32U535CBT6, STM32U535CBT6Q, STM32U535CBU6, STM32U535CBU6Q, STM32U535CCT6, STM32U535CCT6Q, STM32U535CCU6, STM32U535CCU6Q, STM32U535CET6, STM32U535CET6Q, STM32U535CEU6, STM32U535CEU6Q, STM32U535JEY6QTR, STM32U535NCY6QTR, STM32U535NEY6QTR, STM32U535RBI6, STM32U535RBI6Q, STM32U535RBT6, STM32U535RBT6Q, STM32U535RCI6, STM32U535RCI6Q, STM32U535RCT6, STM32U535RCT6Q, STM32U535REI6, STM32U535REI6Q, STM32U535RET6, STM32U535RET6Q, STM32U535VCI6, STM32U535VCI6Q, STM32U535VCT6, STM32U535VCT6Q, STM32U535VEI6, STM32U535VEI6Q, STM32U535VET6, STM32U535VET6Q, STM32U545CET6, STM32U545CET6Q, STM32U545CEU6, STM32U545CEU6Q, STM32U545JEY6QTR, STM32U545NEY6QTR, STM32U545REI6, STM32U545REI6Q, STM32U545RET6, STM32U545RET6Q, STM32U545VEI6, STM32U545VEI6Q, STM32U545VET6, STM32U545VET6Q, STM32U595AIH6, STM32U595AIH6Q, STM32U595AJH6, STM32U595AJH6Q, STM32U595QII6, STM32U595QII6Q, STM32U595QJI6, STM32U595QJI6Q, STM32U595RIT6, STM32U595RIT6Q, STM32U595RJT6, STM32U595RJT6Q, STM32U595VIT6, STM32U595VIT6Q, STM32U595VJT6, STM32U595VJT6Q, STM32U595ZIT6, STM32U595ZIT6Q, STM32U595ZIY6QTR, STM32U595ZJT6, STM32U595ZJT6Q, STM32U595ZJY6QTR, STM32U599BJY6QTR, STM32U599NIH6Q, STM32U599NJH6Q, STM32U599VIT6Q, STM32U599VJT6, STM32U599VJT6Q, STM32U599ZIT6Q, STM32U599ZIY6QTR, STM32U599ZJT6Q, STM32U599ZJY6QTR, STM32U5A5AJH6, STM32U5A5AJH6Q, STM32U5A5QII3Q , STM32U5A5QJI6, STM32U5A5QJI6Q, STM32U5A5RJT6, STM32U5A5RJT6Q, STM32U5A5VJT6, STM32U5A5VJT6Q, STM32U5A5ZJT6, STM32U5A5ZJT6Q, STM32U5A5ZJY6QTR, STM32U5A9BJY6QTR, STM32U5A9J-DK, STM32U5A9NJH6Q, STM32U5A9VJT6Q, STM32U5A9ZJT6Q, STM32U5A9ZJY6QTR, STM32U5F7VIT6, STM32U5F7VIT6Q, STM32U5F7VJT6, STM32U5F7VJT6Q, STM32U5F9BJY6QTR, STM32U5F9NJH6Q, STM32U5F9VIT6Q, STM32U5F9VJT6Q, STM32U5F9ZIJ6QTR, STM32U5F9ZIT6Q, STM32U5F9ZJJ6QTR, STM32U5F9ZJT6Q, STM32U5G7VJT6, STM32U5G7VJT6Q, STM32U5G9BJY6QTR, STM32U5G9J-DK1, STM32U5G9J-DK2, STM32U5G9NJH6Q, STM32U5G9VJT6Q, STM32U5G9ZJJ6QTR, STM32U5G9ZJT6Q, STM32WB05KZV6TR, STM32WB05KZV7TR, STM32WB05TZF6TR, STM32WB05TZF7TR, STM32WB06CCF6TR, STM32WB06CCF7TR, STM32WB06CCV6TR, STM32WB06CCV7TR, STM32WB06KCV6TR, STM32WB06KCV7TR, STM32WB07CCF6TR, STM32WB07CCF7TR, STM32WB07CCV6TR, STM32WB07CCV7TR, STM32WB07KCV6TR, STM32WB07KCV7TR, STM32WB09KEV6TR, STM32WB09KEV7TR, STM32WB09TEF6TR, STM32WB09TEF7TR, STM32WB1MMCH6, STM32WBA50KGU6, STM32WBA50KGU6TR, STM32WBA52CEU6, STM32WBA52CEU6TR, STM32WBA52CEU7, STM32WBA52CEU7TR, STM32WBA52CGU6, STM32WBA52CGU6TR, STM32WBA52CGU6U, STM32WBA52CGU7, STM32WBA52CGU7TR, STM32WBA52KEU6, STM32WBA52KEU6TR, STM32WBA52KGU6, STM32WBA52KGU6TR, STM32WBA54CEU6, STM32WBA54CEU6TR, STM32WBA54CEU7, STM32WBA54CEU7TR, STM32WBA54CGU6, STM32WBA54CGU6TR, STM32WBA54CGU7, STM32WBA54CGU7TR, STM32WBA54KEU6, STM32WBA54KEU6TR, STM32WBA54KEU7, STM32WBA54KEU7TR, STM32WBA54KGU6, STM32WBA54KGU6TR, STM32WBA54KGU7, STM32WBA54KGU7TR, STM32WBA55CEU6, STM32WBA55CEU6TR, STM32WBA55CEU7, STM32WBA55CEU7TR, STM32WBA55CGU6, STM32WBA55CGU6TR, STM32WBA55CGU6U, STM32WBA55CGU7, STM32WBA55CGU7TR, STM32WBA55G-DK1, STM32WBA55HEF6, STM32WBA55HEF7, STM32WBA55HGF6, STM32WBA55HGF7, STM32WBA55UEI6, STM32WBA55UEI6TR, STM32WBA55UEI7, STM32WBA55UEI7TR, STM32WBA55UGI6, STM32WBA55UGI6TR, STM32WBA55UGI7, STM32WBA55UGI7TR, STM32WBA5MMGH6TR, STM32WBA62MGF6, STM32WBA62MIF6, STM32WBA65MGF7, STM32WBA65MIF6, STM32WBA65MIF7, STM32WL30K8V6, STM32WL30KBV6, STM32WL31C8V6, STM32WL31CBV6, STM32WL31K8V6, STM32WL31KBV6, STM32WL33C8V6, STM32WL33C8V6X, STM32WL33CBV6, STM32WL33CBV6X, STM32WL33CCV6, STM32WL33CCV6A, STM32WL33CCV6X, STM32WL33K8V7, STM32WL33K8V7X, STM32WL33KBV7 , STM32WL33KBV7X, STM32WL33KCV7, STM32WL33KCV7X, STM32WL5MOCH6, STM32WL5MOCH6TR]
2026-05-11 16:01:58,387 [INFO] BoardInfo:889 - No configuration file found for board NUCLEO-H5E5ZJ
2026-05-11 16:01:58,389 [INFO] DbBoards:161 - Board is not supported: NUCLEO-H5E5ZJ
2026-05-11 16:01:58,482 [INFO] BoardInfo:889 - No configuration file found for board NUCLEO-U3C5ZI-Q
2026-05-11 16:01:58,484 [INFO] DbBoards:161 - Board is not supported: NUCLEO-U3C5ZI-Q
2026-05-11 16:01:58,520 [INFO] BoardInfo:889 - No configuration file found for board NUCLEO-WBA25CE1
2026-05-11 16:01:58,522 [INFO] DbBoards:161 - Board is not supported: NUCLEO-WBA25CE1
2026-05-11 16:01:58,537 [INFO] BoardInfo:889 - No configuration file found for board NUCLEO-WL3RKB1
2026-05-11 16:01:58,538 [INFO] DbBoards:161 - Board is not supported: NUCLEO-WL3RKB1
2026-05-11 16:01:58,540 [INFO] BoardInfo:889 - No configuration file found for board NUCLEO-WL3RKB2
2026-05-11 16:01:58,541 [INFO] DbBoards:161 - Board is not supported: NUCLEO-WL3RKB2
2026-05-11 16:01:58,553 [INFO] BoardInfo:889 - No configuration file found for board P-NUCLEO-WB55
2026-05-11 16:01:58,555 [INFO] DbBoards:161 - Kit is not supported: P-NUCLEO-WB55
2026-05-11 16:01:58,571 [INFO] BoardInfo:889 - No configuration file found for board STEVAL-BFA001V1B
2026-05-11 16:01:58,573 [INFO] DbBoards:161 - Kit is not supported: STEVAL-BFA001V1B
2026-05-11 16:01:58,576 [INFO] BoardInfo:889 - No configuration file found for board STEVAL-BFA001V2B
2026-05-11 16:01:58,578 [INFO] DbBoards:161 - Kit is not supported: STEVAL-BFA001V2B
2026-05-11 16:01:58,747 [INFO] BoardInfo:889 - No configuration file found for board STM32H5F5J-DK
2026-05-11 16:01:58,749 [INFO] DbBoards:161 - Board is not supported: STM32H5F5J-DK
2026-05-11 16:01:58,886 [INFO] DbBoards:168 - Found 218 boards, 209 are supported
2026-05-11 16:01:58,886 [INFO] DbBoards:169 - Found 218 boards, 43 of them is supported for  Bsp
2026-05-11 16:01:58,891 [INFO] ApiDb:423 - Load user favorites file C:\Users\jahna/.stm32cubeide/favorites.boards.txt: 0 item(s)
2026-05-11 16:01:58,892 [INFO] ApiDb:427 - User favorites Boards=[]
2026-05-11 16:01:58,892 [INFO] DbBoards:198 - Set 0 / 0 favorites Boards
2026-05-11 16:01:58,943 [ERROR] TargetSelectorAdapter:267 - Unable to refresh data
2026-05-11 16:01:59,119 [INFO] McuFinderGlobals:76 - Set McuFinderConnectedMode to true
2026-05-11 16:01:59,125 [INFO] MultiScanPanel:200 - Auto-refresh data requested => check proxy status ongoing
2026-05-11 16:01:59,127 [INFO] FinderPluginLoader:96 - Searching for filters in installed packs
2026-05-11 16:02:02,366 [INFO] LoadUrlFilesThread:185 - End of LoadServerUrlFiles without Thread
2026-05-11 16:02:02,367 [INFO] DetailPanel:341 - Set advertising image to C:/Users/jahna/STM32Cube/Repository/\en.prom-stm32wba2-stm32-nucleo-board-0426.png
2026-05-11 16:02:25,536 [INFO] McuFinderGlobals:76 - Set McuFinderConnectedMode to true
2026-05-11 16:02:27,181 [INFO] ApiDb:448 - Save user favorites file C:\Users\jahna/.stm32cubeide/favorites.mcus.txt: 0 item(s)
2026-05-11 16:02:27,182 [INFO] ApiDb:452 - User favorites MCUs=[]
2026-05-11 16:02:34,698 [INFO] MainUpdater:2872 - connection check result : 10
2026-05-11 16:02:34,724 [INFO] McuFinderGlobals:76 - Set McuFinderConnectedMode to true
2026-05-11 16:02:34,960 [INFO] ServerAccessManage:452 - Complete download http(s) 200
2026-05-11 16:02:34,961 [INFO] ServerAccessManage:509 - Download File mcusAds.json._tmp_
2026-05-11 16:02:35,078 [INFO] LoadUrlFilesThread:156 - End of LoadUrlFiles Thread
2026-05-11 16:02:35,194 [INFO] ServerAccessManage:452 - Complete download http(s) 200
2026-05-11 16:02:35,196 [INFO] ServerAccessManage:509 - Download File cube-finder-db.zip
2026-05-11 16:02:36,908 [INFO] FileExtend:248 - Unzip File : cube-finder-db.zip
2026-05-11 16:02:36,908 [INFO] FileExtend:263 - Standard Zip Deflate
2026-05-11 16:02:37,952 [INFO] LoadUrlFilesThread:156 - End of LoadUrlFiles Thread
2026-05-11 16:02:38,521 [INFO] ServerAccessManage:452 - Complete download http(s) 200
2026-05-11 16:02:38,523 [INFO] ServerAccessManage:509 - Download File crdb.zip
2026-05-11 16:02:39,460 [INFO] FileExtend:248 - Unzip File : crdb.zip
2026-05-11 16:02:39,461 [INFO] FileExtend:263 - Standard Zip Deflate
2026-05-11 16:02:39,615 [INFO] LoadUrlFilesThread:156 - End of LoadUrlFiles Thread
2026-05-11 16:02:39,742 [INFO] ServerAccessManage:452 - Complete download http(s) 200
2026-05-11 16:02:39,743 [INFO] ServerAccessManage:509 - Download File tutoVideoDB.zip
2026-05-11 16:02:39,753 [INFO] FileExtend:248 - Unzip File : tutoVideoDB.zip
2026-05-11 16:02:39,754 [INFO] FileExtend:263 - Standard Zip Deflate
2026-05-11 16:02:39,872 [INFO] LoadUrlFilesThread:156 - End of LoadUrlFiles Thread
2026-05-11 16:02:39,874 [WARN] DbFile:41 - Overriding database path with different value: C:\Users\jahna\.stmcufinder\plugins\mcufinder/ => C:\Users\jahna\.stmcufinder\plugins\mcufinder
2026-05-11 16:02:40,589 [ERROR] ServerAccessManage:1212 - Problem, file not found on Server
2026-05-11 16:02:40,590 [ERROR] ServerAccessManage:740 - Problem, file not found on Server : api_config.json.
2026-05-11 16:02:46,706 [INFO] LoadUrlFilesThread:156 - End of LoadUrlFiles Thread
2026-05-11 16:02:47,950 [INFO] DbMcusAds:53 - JSON generation date=Mon Apr 27 13:44:29 IST 2026 (1777277669577)
2026-05-11 16:02:47,958 [INFO] ApiDb:448 - Save user favorites file C:\Users\jahna/.stm32cubeide/favorites.mcus.txt: 0 item(s)
2026-05-11 16:02:47,959 [INFO] ApiDb:452 - User favorites MCUs=[]
2026-05-11 16:02:47,965 [INFO] ApiDb:581 - Connected to CubeFinder SQLite database (C:\Users\jahna\.stmcufinder\plugins\mcufinder\mcu\cube-finder-db.db)
2026-05-11 16:02:48,388 [INFO] ApiDb:668 - CubeFinder database Data Model version=2.1
2026-05-11 16:02:48,388 [INFO] ApiDb:669 - CubeFinder database Configuration version=3.0.42
2026-05-11 16:02:48,388 [INFO] ApiDb:670 - CubeFinder database generation date=2026-05-06 (1778060171)
2026-05-11 16:02:48,388 [INFO] ApiDb:671 - CubeFinder database FW Pack versions=[FP-ATR-ASTRA1_V2.0.0, FP-SNS-FLIGHT1_V5.1.0, FP-SNS-MOTENV1_V5.1.0, FP-SNS-MOTENVWB1_V1.5.0, FP-SNS-SMARTAG2_V1.2.0, FP-SNS-STBOX1_V2.1.0, STM32Cube_FW_C0_V1.4.0, STM32Cube_FW_F4_V1.28.3, STM32Cube_FW_F7_V1.17.4, STM32Cube_FW_G0_V1.6.3, STM32Cube_FW_G4_V1.6.2, STM32Cube_FW_H5_V1.6.0, STM32Cube_FW_H7RS_V1.3.0, STM32Cube_FW_H7_V1.13.0, STM32Cube_FW_L0_V1.12.2, STM32Cube_FW_L4_V1.18.2, STM32Cube_FW_L5_V1.6.0, STM32Cube_FW_N6_V1.3.0, STM32Cube_FW_U0_V1.3.0, STM32Cube_FW_U3_V1.3.0, STM32Cube_FW_U5_V1.8.0, STM32Cube_FW_WB0_V1.4.0, STM32Cube_FW_WBA_V1.9.0, STM32Cube_FW_WB_V1.24.0, STM32Cube_FW_WL3_V1.4.0, STM32Cube_FW_WL_V1.5.0, X-CUBE-ALGOBUILD_V1.4.0, X-CUBE-ALS_V1.0.2, X-CUBE-AZRTOS-F4_V1.1.0, X-CUBE-AZRTOS-F7_V1.1.0, X-CUBE-AZRTOS-G0_V1.1.0, X-CUBE-AZRTOS-G4_V2.0.0, X-CUBE-AZRTOS-H7RS_V1.1.0, X-CUBE-AZRTOS-H7_V3.5.0, X-CUBE-AZRTOS-L4_V2.0.0, X-CUBE-AZRTOS-L5_V2.0.0, X-CUBE-AZRTOS-WB_V2.0.0, X-CUBE-AZRTOS-WL_V2.0.0, X-CUBE-BLE1_V7.1.0, X-CUBE-BLE2_V3.3.0, X-CUBE-BLEMGR_V4.1.0, X-CUBE-EEPRMA1_V5.2.0, X-CUBE-FREERTOS_V1.5.0, X-CUBE-GNSS1_V6.0.0, X-CUBE-MEMS1_V12.0.0, X-CUBE-NFC4_V3.0.0, X-CUBE-NFC7_V2.0.0, X-CUBE-SFXS2LP1_V4.0.0, X-CUBE-ST67W61_V1.2.0, X-CUBE-SUBG2_V5.0.0, X-CUBE-TOF1_V3.4.3]
2026-05-11 16:02:51,927 [INFO] ApiDb:240 - Found 880 in-development CPN: [B-G473E-ZEST1S, B-WB1M-WPAN1, B-WBA5M-WPAN, B-WL5M-SUBG1, NUCLEO-C031C6, NUCLEO-C051C8, NUCLEO-C071RB, NUCLEO-C092RC, NUCLEO-H503RB, NUCLEO-H533RE, NUCLEO-H563ZI, NUCLEO-H7S3L8, NUCLEO-N657X0-Q, NUCLEO-U031R8, NUCLEO-U083RC, NUCLEO-U385RG-Q, NUCLEO-U545RE-Q, NUCLEO-U5A5ZJ-Q, NUCLEO-WB05KZ, NUCLEO-WB07CC, NUCLEO-WB09KE, NUCLEO-WBA52CG, NUCLEO-WBA55CG, NUCLEO-WL33CC1, NUCLEO-WL33CC2, STEVAL-PROTEUS1, STEVAL-SMARTAG2, STEVAL-STWINBX1, STM320518-EVAL, STM32C0116-DK, STM32C011D6Y3TR, STM32C011D6Y6TR, STM32C011F4P3, STM32C011F4P6, STM32C011F4U3, STM32C011F4U6TR, STM32C011F6P3, STM32C011F6P6, STM32C011F6U3, STM32C011F6U6TR, STM32C011J4M3, STM32C011J4M6, STM32C011J6M3, STM32C011J6M6, STM32C0316-DK, STM32C031C4T3, STM32C031C4T6, STM32C031C4U3, STM32C031C4U6, STM32C031C6T3, STM32C031C6T6, STM32C031C6U3, STM32C031C6U6, STM32C031F4P3, STM32C031F4P6, STM32C031F6P3, STM32C031F6P6, STM32C031G4U3, STM32C031G4U6, STM32C031G6U3, STM32C031G6U6, STM32C031K4T3, STM32C031K4T6, STM32C031K4U3, STM32C031K4U6, STM32C031K6T3, STM32C031K6T6, STM32C031K6U3, STM32C031K6U6, STM32C051C6T6, STM32C051C6U6, STM32C051C8T6, STM32C051C8U6, STM32C051D8Y6TR, STM32C051F6P6, STM32C051F8P6, STM32C051G6U6, STM32C051G8U6, STM32C051K6T6, STM32C051K6U6, STM32C051K8T6, STM32C071C8T6, STM32C071C8T6N, STM32C071C8U6, STM32C071C8U6N, STM32C071CBT6, STM32C071CBT6N, STM32C071CBU6, STM32C071CBU6N, STM32C071F8P6, STM32C071F8P6N, STM32C071FBP6, STM32C071FBP6N, STM32C071FBY6TR, STM32C071G8U6, STM32C071G8U6N, STM32C071GBU6, STM32C071GBU6N, STM32C071K8T6, STM32C071K8T6N, STM32C071K8U6, STM32C071K8U6N, STM32C071KBT6, STM32C071KBT6N, STM32C071KBU6, STM32C071KBU6N, STM32C071R8T6, STM32C071R8T6N, STM32C071RBI6N, STM32C071RBT6, STM32C071RBT6N, STM32C091CBT6, STM32C091CBU6, STM32C091CCT6, STM32C091CCU6, STM32C091ECY6TR, STM32C091FBP6, STM32C091FCP6, STM32C091GBU6, STM32C091GCU6, STM32C091KBT6, STM32C091KBU6, STM32C091KCT6, STM32C091KCU6, STM32C091RBT6, STM32C091RCI6, STM32C091RCT6, STM32C092CBT6, STM32C092CBU6, STM32C092CCT6, STM32C092CCU6, STM32C092ECY6TR, STM32C092FBP6, STM32C092FCP6, STM32C092GBU6, STM32C092GCU6, STM32C092KBT6, STM32C092KBU6, STM32C092KCT6, STM32C092KCU6, STM32C092RBT6, STM32C092RCI6, STM32C092RCT6, STM32G071K8TXN, STM32G071K8UXN, STM32G081GBU6N, STM32G081KBT6N, STM32G081KBUXN, STM32G0B1CCT6N, STM32G0B1KCT6, STM32G0B1NEY6TR, STM32G0B1RCT6N, STM32G0C1CCT6, STM32G0C1CCT6N, STM32G0C1CCU6N, STM32G0C1CET6N, STM32G0C1CEU6N, STM32G0C1KCT6, STM32G0C1NEY6TR, STM32G0C1RCI6N, STM32G0C1RCT6N, STM32G0C1REI6N, STM32G0C1RET6N, STM32G0C1VCI6, STM32G0C1VEI6, STM32G411C6T3, STM32G411C6T6, STM32G411C6U3, STM32G411C6U6, STM32G411C8T3, STM32G411C8T6, STM32G411C8U3, STM32G411C8U6, STM32G411CBT3, STM32G411CBT6, STM32G411CBU3, STM32G411CBU6, STM32G411K6T3, STM32G411K6T6, STM32G411K6U3, STM32G411K6U6, STM32G411K8T3, STM32G411K8T6, STM32G411K8U3, STM32G411K8U6, STM32G411KBT3, STM32G411KBT6, STM32G411KBU3, STM32G411KBU6, STM32G411M6T3, STM32G411M6T6, STM32G411M8T3, STM32G411M8T6, STM32G411MBT3, STM32G411MBT6, STM32G411R6T3, STM32G411R6T6, STM32G411R8T3, STM32G411R8T6, STM32G411RBT3, STM32G411RBT6, STM32G414CBT3, STM32G414CBT6, STM32G414CBU3, STM32G414CBU6, STM32G414CCT3, STM32G414CCT6, STM32G414CCU3, STM32G414CCU6, STM32G414MBT3, STM32G414MBT6, STM32G414MCT3, STM32G414MCT6, STM32G414RBT3, STM32G414RBT6, STM32G414RCT3, STM32G414RCT6, STM32G414VBT3, STM32G414VBT6, STM32G414VCT3, STM32G414VCT6, STM32G431CBT3Z, STM32G431RBT3Z, STM32G471CCT6, STM32G471CCU6, STM32G471CET3, STM32G471CET6, STM32G471CEU3, STM32G471CEU6, STM32G471MCT6, STM32G471MET3, STM32G471MET6, STM32G471MEY6TR, STM32G471QCT6, STM32G471QET3, STM32G471RCT6, STM32G471RET3, STM32G471RET6, STM32G471VCH6, STM32G471VCI6, STM32G471VCT6, STM32G471VEH3, STM32G471VEH6, STM32G471VEI3, STM32G471VEI6, STM32G471VET3, STM32G471VET6, STM32G473QET3Z, STM32G473RET3Z, STM32G474CCT6, STM32G491RET3Z, STM32H503CBT6, STM32H503CBU6, STM32H503EBY6TR, STM32H503KBU6, STM32H503RBT6, STM32H523CCT6, STM32H523CCU6, STM32H523CET6, STM32H523CEU6, STM32H523HEY6TR, STM32H523RCT6, STM32H523RET6, STM32H523VCI6, STM32H523VCT6, STM32H523VEI6, STM32H523VET6, STM32H523ZCJ6, STM32H523ZCT6, STM32H523ZEJ6, STM32H523ZET6, STM32H533CET6, STM32H533CEU6, STM32H533HEY6TR, STM32H533RET6, STM32H533VEI6, STM32H533VET6, STM32H533ZEJ6, STM32H533ZET6, STM32H562AGI6, STM32H562AII6, STM32H562IGK6, STM32H562IGT6, STM32H562IIK6, STM32H562IIT6, STM32H562RGT6, STM32H562RGV6, STM32H562RIT6, STM32H562RIV6, STM32H562VGT6, STM32H562VIT6, STM32H562ZGT6, STM32H562ZIT6, STM32H563AGI6, STM32H563AII3Q, STM32H563AII6, STM32H563IGK6, STM32H563IGT6, STM32H563IIK3Q, STM32H563IIK6, STM32H563IIT3Q, STM32H563IIT6, STM32H563MIY3QTR, STM32H563RGT6, STM32H563RGV6, STM32H563RIT6, STM32H563RIV6, STM32H563VGT6, STM32H563VIT3Q, STM32H563VIT6, STM32H563ZGT6, STM32H563ZIT3Q, STM32H563ZIT6, STM32H573AII3Q, STM32H573AII6, STM32H573I-DK, STM32H573IIK3Q, STM32H573IIK6, STM32H573IIT3Q, STM32H573IIT6, STM32H573MIY3QTR, STM32H573RIT6, STM32H573RIV6, STM32H573VIT3Q, STM32H573VIT6, STM32H573ZIT3Q, STM32H573ZIT6, STM32H7R3A8I6, STM32H7R3I8K6, STM32H7R3I8T6, STM32H7R3L8H6, STM32H7R3L8H6H, STM32H7R3R8V6, STM32H7R3V8H6, STM32H7R3V8T6, STM32H7R3V8Y6TR, STM32H7R3Z8J6, STM32H7R3Z8T6, STM32H7R7A8I6, STM32H7R7I8K6, STM32H7R7I8T6, STM32H7R7L8H6, STM32H7R7L8H6H, STM32H7R7Z8J6, STM32H7S3A8I6, STM32H7S3I8K6, STM32H7S3I8T6, STM32H7S3L8H6, STM32H7S3L8H6H, STM32H7S3R8V6, STM32H7S3V8H6, STM32H7S3V8T6, STM32H7S3V8Y6TR, STM32H7S3Z8J6, STM32H7S3Z8T6, STM32H7S78-DK, STM32H7S7A8I6, STM32H7S7I8K6, STM32H7S7I8T6, STM32H7S7L8H6, STM32H7S7L8H6H, STM32H7S7Z8J6, STM32L4R5QGI6STR, STM32MP131AAE3, STM32MP131AAF3, STM32MP131AAG3, STM32MP131CAE3, STM32MP131CAF3, STM32MP131CAG3, STM32MP131DAE7, STM32MP131DAF7, STM32MP131DAG7, STM32MP131FAE7, STM32MP131FAF7, STM32MP131FAG7, STM32MP133AAE3, STM32MP133AAF3, STM32MP133AAG3, STM32MP133CAE3, STM32MP133CAF3, STM32MP133CAG3, STM32MP133DAE7, STM32MP133DAF7, STM32MP133DAG7, STM32MP133FAE7, STM32MP133FAF7, STM32MP133FAG7, STM32MP135AAE3, STM32MP135AAF3, STM32MP135AAG3, STM32MP135CAE3, STM32MP135CAF3, STM32MP135CAG3, STM32MP135DAE7, STM32MP135DAF7, STM32MP135DAG7, STM32MP135F-DK, STM32MP135FAE7, STM32MP135FAF7, STM32MP135FAF7T, STM32MP135FAF7U, STM32MP135FAG7, STM32MP211AAL3, STM32MP211AAM3, STM32MP211AAN3, STM32MP211AAO3, STM32MP211CAL3, STM32MP211CAM3, STM32MP211CAN3, STM32MP211CAO3, STM32MP211DAL3, STM32MP211DAM3, STM32MP211DAN3, STM32MP211DAO3, STM32MP211FAL3, STM32MP211FAM3, STM32MP211FAN3, STM32MP211FAO3, STM32MP213AAL3, STM32MP213AAM3, STM32MP213AAN3, STM32MP213AAO3, STM32MP213CAL3, STM32MP213CAM3, STM32MP213CAN3, STM32MP213CAO3, STM32MP213DAL3, STM32MP213DAM3, STM32MP213DAN3, STM32MP213DAO3, STM32MP213FAL3, STM32MP213FAM3, STM32MP213FAN3, STM32MP213FAO3, STM32MP215AAL3, STM32MP215AAM3, STM32MP215AAN3, STM32MP215AAO3, STM32MP215CAL3, STM32MP215CAM3, STM32MP215CAN3, STM32MP215CAO3, STM32MP215DAL3, STM32MP215DAM3, STM32MP215DAN3, STM32MP215DAO3, STM32MP215F-DK, STM32MP215FAL3, STM32MP215FAM3, STM32MP215FAN3, STM32MP215FAO3, STM32MP231AAJ3, STM32MP231AAK3, STM32MP231AAL3, STM32MP231CAJ3, STM32MP231CAK3, STM32MP231CAL3, STM32MP231DAJ3, STM32MP231DAK3, STM32MP231DAL3, STM32MP231FAJ3, STM32MP231FAK3, STM32MP231FAL3, STM32MP233AAJ3, STM32MP233AAK3, STM32MP233AAL3, STM32MP233CAJ3, STM32MP233CAK3, STM32MP233CAL3, STM32MP233DAJ3, STM32MP233DAK3, STM32MP233DAL3, STM32MP233FAJ3, STM32MP233FAK3, STM32MP233FAL3, STM32MP235AAJ3, STM32MP235AAK3, STM32MP235AAL3, STM32MP235CAJ3, STM32MP235CAK3, STM32MP235CAL3, STM32MP235DAJ3, STM32MP235DAK3, STM32MP235DAL3, STM32MP235FAJ3, STM32MP235FAK3, STM32MP235FAL3, STM32MP251AAI3, STM32MP251AAK3, STM32MP251AAL3, STM32MP251CAI3, STM32MP251CAK3, STM32MP251CAL3, STM32MP251DAI3, STM32MP251DAK3, STM32MP251DAL3, STM32MP251FAI3, STM32MP251FAK3, STM32MP251FAL3, STM32MP253AAI3, STM32MP253AAK3, STM32MP253AAL3, STM32MP253CAI3, STM32MP253CAK3, STM32MP253CAL3, STM32MP253DAI3, STM32MP253DAK3, STM32MP253DAL3, STM32MP253FAI3, STM32MP253FAK3, STM32MP253FAL3, STM32MP255AAI3, STM32MP255AAK3, STM32MP255AAL3, STM32MP255CAI3, STM32MP255CAK3, STM32MP255CAL3, STM32MP255DAI3, STM32MP255DAK3, STM32MP255DAL3, STM32MP255FAI3, STM32MP255FAK3, STM32MP255FAL3, STM32MP257AAI3, STM32MP257AAK3, STM32MP257AAL3, STM32MP257CAI3, STM32MP257CAK3, STM32MP257CAL3, STM32MP257DAI3, STM32MP257DAK3, STM32MP257DAL3, STM32MP257F-DK, STM32MP257F-EV1, STM32MP257FAI3, STM32MP257FAK3, STM32MP257FAL3, STM32N645A0H3Q, STM32N645B0H3Q, STM32N645I0H3Q, STM32N645L0H3Q, STM32N645X0H3Q, STM32N645Z0H3Q, STM32N647A0H3Q, STM32N647B0H3Q, STM32N647I0H3Q, STM32N647L0H3Q, STM32N647X0H3Q, STM32N647Z0H3Q, STM32N655A0H3Q, STM32N655B0H3Q, STM32N655I0H3Q, STM32N655L0H3Q, STM32N655X0H3Q, STM32N655Z0H3Q, STM32N6570-DK, STM32N657A0H3Q, STM32N657B0H3Q, STM32N657I0H3Q, STM32N657L0H3Q, STM32N657X0H3Q, STM32N657Z0H3Q, STM32U031C6T6, STM32U031C6U6, STM32U031C8T6, STM32U031C8U6, STM32U031F4P6, STM32U031F6P6, STM32U031F8P6, STM32U031G6Y6TR, STM32U031G8Y6TR, STM32U031K4U6, STM32U031K6U6, STM32U031K8U6, STM32U031R6I6, STM32U031R6T6, STM32U031R8I6, STM32U031R8T6, STM32U073C8T6, STM32U073C8U6, STM32U073CBT6, STM32U073CBU6, STM32U073CCT6, STM32U073CCU6, STM32U073H8Y6TR, STM32U073HBY6TR, STM32U073HCY6TR, STM32U073K8U6, STM32U073KBU6, STM32U073KCU6, STM32U073M8I6, STM32U073M8T6, STM32U073MBI6, STM32U073MBT6, STM32U073MCI6, STM32U073MCT6, STM32U073R8I6, STM32U073R8T6, STM32U073RBI6, STM32U073RBT6, STM32U073RCI6, STM32U073RCT6, STM32U083C-DK, STM32U083CCT6, STM32U083CCU6, STM32U083HCY6TR, STM32U083KCU6, STM32U083MCI6, STM32U083MCT6, STM32U083RCI6, STM32U083RCT6, STM32U375CET6, STM32U375CET6Q, STM32U375CEU6, STM32U375CEU6Q, STM32U375CEY6QTR, STM32U375CGT6, STM32U375CGT6Q, STM32U375CGU6, STM32U375CGU6Q, STM32U375CGY6QTR, STM32U375KEU6, STM32U375KGU6, STM32U375REI6, STM32U375REI6Q, STM32U375RET6, STM32U375RET6Q, STM32U375REY6GTR, STM32U375REY6QTR, STM32U375RGI6, STM32U375RGI6Q, STM32U375RGT6, STM32U375RGT6Q, STM32U375RGY6GTR, STM32U375RGY6QTR, STM32U375VEI6, STM32U375VEI6Q, STM32U375VET6, STM32U375VET6Q, STM32U375VGI6, STM32U375VGI6Q, STM32U375VGT6, STM32U375VGT6Q, STM32U385CGT6, STM32U385CGT6Q, STM32U385CGU6, STM32U385CGU6Q, STM32U385CGY6QTR, STM32U385KGU6, STM32U385RGI6, STM32U385RGI6Q, STM32U385RGT6, STM32U385RGT6Q, STM32U385RGY6GTR, STM32U385RGY6QTR, STM32U385VGI6, STM32U385VGI6Q, STM32U385VGT6, STM32U385VGT6Q, STM32U535CBT6, STM32U535CBT6Q, STM32U535CBU6, STM32U535CBU6Q, STM32U535CCT6, STM32U535CCT6Q, STM32U535CCU6, STM32U535CCU6Q, STM32U535CET6, STM32U535CET6Q, STM32U535CEU6, STM32U535CEU6Q, STM32U535JEY6QTR, STM32U535NCY6QTR, STM32U535NEY6QTR, STM32U535RBI6, STM32U535RBI6Q, STM32U535RBT6, STM32U535RBT6Q, STM32U535RCI6, STM32U535RCI6Q, STM32U535RCT6, STM32U535RCT6Q, STM32U535REI6, STM32U535REI6Q, STM32U535RET6, STM32U535RET6Q, STM32U535VCI6, STM32U535VCI6Q, STM32U535VCT6, STM32U535VCT6Q, STM32U535VEI6, STM32U535VEI6Q, STM32U535VET6, STM32U535VET6Q, STM32U545CET6, STM32U545CET6Q, STM32U545CEU6, STM32U545CEU6Q, STM32U545JEY6QTR, STM32U545NEY6QTR, STM32U545REI6, STM32U545REI6Q, STM32U545RET6, STM32U545RET6Q, STM32U545VEI6, STM32U545VEI6Q, STM32U545VET6, STM32U545VET6Q, STM32U595AIH6, STM32U595AIH6Q, STM32U595AJH6, STM32U595AJH6Q, STM32U595QII6, STM32U595QII6Q, STM32U595QJI6, STM32U595QJI6Q, STM32U595RIT6, STM32U595RIT6Q, STM32U595RJT6, STM32U595RJT6Q, STM32U595VIT6, STM32U595VIT6Q, STM32U595VJT6, STM32U595VJT6Q, STM32U595ZIT6, STM32U595ZIT6Q, STM32U595ZIY6QTR, STM32U595ZJT6, STM32U595ZJT6Q, STM32U595ZJY6QTR, STM32U599BJY6QTR, STM32U599NIH6Q, STM32U599NJH6Q, STM32U599VIT6Q, STM32U599VJT6, STM32U599VJT6Q, STM32U599ZIT6Q, STM32U599ZIY6QTR, STM32U599ZJT6Q, STM32U599ZJY6QTR, STM32U5A5AJH6, STM32U5A5AJH6Q, STM32U5A5QII3Q , STM32U5A5QJI6, STM32U5A5QJI6Q, STM32U5A5RJT6, STM32U5A5RJT6Q, STM32U5A5VJT6, STM32U5A5VJT6Q, STM32U5A5ZJT6, STM32U5A5ZJT6Q, STM32U5A5ZJY6QTR, STM32U5A9BJY6QTR, STM32U5A9J-DK, STM32U5A9NJH6Q, STM32U5A9VJT6Q, STM32U5A9ZJT6Q, STM32U5A9ZJY6QTR, STM32U5F7VIT6, STM32U5F7VIT6Q, STM32U5F7VJT6, STM32U5F7VJT6Q, STM32U5F9BJY6QTR, STM32U5F9NJH6Q, STM32U5F9VIT6Q, STM32U5F9VJT6Q, STM32U5F9ZIJ6QTR, STM32U5F9ZIT6Q, STM32U5F9ZJJ6QTR, STM32U5F9ZJT6Q, STM32U5G7VJT6, STM32U5G7VJT6Q, STM32U5G9BJY6QTR, STM32U5G9J-DK1, STM32U5G9J-DK2, STM32U5G9NJH6Q, STM32U5G9VJT6Q, STM32U5G9ZJJ6QTR, STM32U5G9ZJT6Q, STM32WB05KZV6TR, STM32WB05KZV7TR, STM32WB05TZF6TR, STM32WB05TZF7TR, STM32WB06CCF6TR, STM32WB06CCF7TR, STM32WB06CCV6TR, STM32WB06CCV7TR, STM32WB06KCV6TR, STM32WB06KCV7TR, STM32WB07CCF6TR, STM32WB07CCF7TR, STM32WB07CCV6TR, STM32WB07CCV7TR, STM32WB07KCV6TR, STM32WB07KCV7TR, STM32WB09KEV6TR, STM32WB09KEV7TR, STM32WB09TEF6TR, STM32WB09TEF7TR, STM32WB1MMCH6, STM32WBA50KGU6, STM32WBA50KGU6TR, STM32WBA52CEU6, STM32WBA52CEU6TR, STM32WBA52CEU7, STM32WBA52CEU7TR, STM32WBA52CGU6, STM32WBA52CGU6TR, STM32WBA52CGU6U, STM32WBA52CGU7, STM32WBA52CGU7TR, STM32WBA52KEU6, STM32WBA52KEU6TR, STM32WBA52KGU6, STM32WBA52KGU6TR, STM32WBA54CEU6, STM32WBA54CEU6TR, STM32WBA54CEU7, STM32WBA54CEU7TR, STM32WBA54CGU6, STM32WBA54CGU6TR, STM32WBA54CGU7, STM32WBA54CGU7TR, STM32WBA54KEU6, STM32WBA54KEU6TR, STM32WBA54KEU7, STM32WBA54KEU7TR, STM32WBA54KGU6, STM32WBA54KGU6TR, STM32WBA54KGU7, STM32WBA54KGU7TR, STM32WBA55CEU6, STM32WBA55CEU6TR, STM32WBA55CEU7, STM32WBA55CEU7TR, STM32WBA55CGU6, STM32WBA55CGU6TR, STM32WBA55CGU6U, STM32WBA55CGU7, STM32WBA55CGU7TR, STM32WBA55G-DK1, STM32WBA55HEF6, STM32WBA55HEF7, STM32WBA55HGF6, STM32WBA55HGF7, STM32WBA55UEI6, STM32WBA55UEI6TR, STM32WBA55UEI7, STM32WBA55UEI7TR, STM32WBA55UGI6, STM32WBA55UGI6TR, STM32WBA55UGI7, STM32WBA55UGI7TR, STM32WBA5MMGH6TR, STM32WBA62MGF6, STM32WBA62MIF6, STM32WBA65MGF7, STM32WBA65MIF6, STM32WBA65MIF7, STM32WL30K8V6, STM32WL30KBV6, STM32WL31C8V6, STM32WL31CBV6, STM32WL31K8V6, STM32WL31KBV6, STM32WL33C8V6, STM32WL33C8V6X, STM32WL33CBV6, STM32WL33CBV6X, STM32WL33CCV6, STM32WL33CCV6A, STM32WL33CCV6X, STM32WL33K8V7, STM32WL33K8V7X, STM32WL33KBV7 , STM32WL33KBV7X, STM32WL33KCV7, STM32WL33KCV7X, STM32WL5MOCH6, STM32WL5MOCH6TR]
2026-05-11 16:02:51,931 [INFO] DbMcus:218 - Found 5086 MCUs, 4968 are supported
2026-05-11 16:02:51,932 [INFO] ApiDb:423 - Load user favorites file C:\Users\jahna/.stm32cubeide/favorites.mcus.txt: 0 item(s)
2026-05-11 16:02:51,932 [INFO] ApiDb:427 - User favorites MCUs=[]
2026-05-11 16:02:51,932 [INFO] DbMcus:224 - Set 0 / 0 favorites MCUs
2026-05-11 16:02:52,806 [INFO] ApiDb:448 - Save user favorites file C:\Users\jahna/.stm32cubeide/favorites.boards.txt: 0 item(s)
2026-05-11 16:02:52,806 [INFO] ApiDb:452 - User favorites Boards=[]
2026-05-11 16:02:52,814 [INFO] ApiDb:581 - Connected to CubeFinder SQLite database (C:\Users\jahna\.stmcufinder\plugins\mcufinder\mcu\cube-finder-db.db)
2026-05-11 16:02:53,088 [INFO] ApiDb:668 - CubeFinder database Data Model version=2.1
2026-05-11 16:02:53,088 [INFO] ApiDb:669 - CubeFinder database Configuration version=3.0.42
2026-05-11 16:02:53,088 [INFO] ApiDb:670 - CubeFinder database generation date=2026-05-06 (1778060171)
2026-05-11 16:02:53,088 [INFO] ApiDb:671 - CubeFinder database FW Pack versions=[FP-ATR-ASTRA1_V2.0.0, FP-SNS-FLIGHT1_V5.1.0, FP-SNS-MOTENV1_V5.1.0, FP-SNS-MOTENVWB1_V1.5.0, FP-SNS-SMARTAG2_V1.2.0, FP-SNS-STBOX1_V2.1.0, STM32Cube_FW_C0_V1.4.0, STM32Cube_FW_F4_V1.28.3, STM32Cube_FW_F7_V1.17.4, STM32Cube_FW_G0_V1.6.3, STM32Cube_FW_G4_V1.6.2, STM32Cube_FW_H5_V1.6.0, STM32Cube_FW_H7RS_V1.3.0, STM32Cube_FW_H7_V1.13.0, STM32Cube_FW_L0_V1.12.2, STM32Cube_FW_L4_V1.18.2, STM32Cube_FW_L5_V1.6.0, STM32Cube_FW_N6_V1.3.0, STM32Cube_FW_U0_V1.3.0, STM32Cube_FW_U3_V1.3.0, STM32Cube_FW_U5_V1.8.0, STM32Cube_FW_WB0_V1.4.0, STM32Cube_FW_WBA_V1.9.0, STM32Cube_FW_WB_V1.24.0, STM32Cube_FW_WL3_V1.4.0, STM32Cube_FW_WL_V1.5.0, X-CUBE-ALGOBUILD_V1.4.0, X-CUBE-ALS_V1.0.2, X-CUBE-AZRTOS-F4_V1.1.0, X-CUBE-AZRTOS-F7_V1.1.0, X-CUBE-AZRTOS-G0_V1.1.0, X-CUBE-AZRTOS-G4_V2.0.0, X-CUBE-AZRTOS-H7RS_V1.1.0, X-CUBE-AZRTOS-H7_V3.5.0, X-CUBE-AZRTOS-L4_V2.0.0, X-CUBE-AZRTOS-L5_V2.0.0, X-CUBE-AZRTOS-WB_V2.0.0, X-CUBE-AZRTOS-WL_V2.0.0, X-CUBE-BLE1_V7.1.0, X-CUBE-BLE2_V3.3.0, X-CUBE-BLEMGR_V4.1.0, X-CUBE-EEPRMA1_V5.2.0, X-CUBE-FREERTOS_V1.5.0, X-CUBE-GNSS1_V6.0.0, X-CUBE-MEMS1_V12.0.0, X-CUBE-NFC4_V3.0.0, X-CUBE-NFC7_V2.0.0, X-CUBE-SFXS2LP1_V4.0.0, X-CUBE-ST67W61_V1.2.0, X-CUBE-SUBG2_V5.0.0, X-CUBE-TOF1_V3.4.3]
2026-05-11 16:02:53,264 [INFO] DbBoardsSqlite:226 - include board P-NUCLEO-WB55-NUCLEO as a kit item of type 'Nucleo-64'
2026-05-11 16:02:53,264 [INFO] DbBoardsSqlite:226 - include board P-NUCLEO-WB55-USBDONGLE as a kit item of type 'Nucleo USB Dongle'
2026-05-11 16:02:53,266 [INFO] DbBoardsSqlite:226 - include board STEVAL-IDP005V1 as a kit item of type 'Evaluation Board'
2026-05-11 16:02:53,267 [INFO] DbBoardsSqlite:226 - include board STEVAL-IDP005V2 as a kit item of type 'Evaluation Board'
2026-05-11 16:02:53,511 [INFO] ApiDb:240 - Found 880 in-development CPN: [B-G473E-ZEST1S, B-WB1M-WPAN1, B-WBA5M-WPAN, B-WL5M-SUBG1, NUCLEO-C031C6, NUCLEO-C051C8, NUCLEO-C071RB, NUCLEO-C092RC, NUCLEO-H503RB, NUCLEO-H533RE, NUCLEO-H563ZI, NUCLEO-H7S3L8, NUCLEO-N657X0-Q, NUCLEO-U031R8, NUCLEO-U083RC, NUCLEO-U385RG-Q, NUCLEO-U545RE-Q, NUCLEO-U5A5ZJ-Q, NUCLEO-WB05KZ, NUCLEO-WB07CC, NUCLEO-WB09KE, NUCLEO-WBA52CG, NUCLEO-WBA55CG, NUCLEO-WL33CC1, NUCLEO-WL33CC2, STEVAL-PROTEUS1, STEVAL-SMARTAG2, STEVAL-STWINBX1, STM320518-EVAL, STM32C0116-DK, STM32C011D6Y3TR, STM32C011D6Y6TR, STM32C011F4P3, STM32C011F4P6, STM32C011F4U3, STM32C011F4U6TR, STM32C011F6P3, STM32C011F6P6, STM32C011F6U3, STM32C011F6U6TR, STM32C011J4M3, STM32C011J4M6, STM32C011J6M3, STM32C011J6M6, STM32C0316-DK, STM32C031C4T3, STM32C031C4T6, STM32C031C4U3, STM32C031C4U6, STM32C031C6T3, STM32C031C6T6, STM32C031C6U3, STM32C031C6U6, STM32C031F4P3, STM32C031F4P6, STM32C031F6P3, STM32C031F6P6, STM32C031G4U3, STM32C031G4U6, STM32C031G6U3, STM32C031G6U6, STM32C031K4T3, STM32C031K4T6, STM32C031K4U3, STM32C031K4U6, STM32C031K6T3, STM32C031K6T6, STM32C031K6U3, STM32C031K6U6, STM32C051C6T6, STM32C051C6U6, STM32C051C8T6, STM32C051C8U6, STM32C051D8Y6TR, STM32C051F6P6, STM32C051F8P6, STM32C051G6U6, STM32C051G8U6, STM32C051K6T6, STM32C051K6U6, STM32C051K8T6, STM32C071C8T6, STM32C071C8T6N, STM32C071C8U6, STM32C071C8U6N, STM32C071CBT6, STM32C071CBT6N, STM32C071CBU6, STM32C071CBU6N, STM32C071F8P6, STM32C071F8P6N, STM32C071FBP6, STM32C071FBP6N, STM32C071FBY6TR, STM32C071G8U6, STM32C071G8U6N, STM32C071GBU6, STM32C071GBU6N, STM32C071K8T6, STM32C071K8T6N, STM32C071K8U6, STM32C071K8U6N, STM32C071KBT6, STM32C071KBT6N, STM32C071KBU6, STM32C071KBU6N, STM32C071R8T6, STM32C071R8T6N, STM32C071RBI6N, STM32C071RBT6, STM32C071RBT6N, STM32C091CBT6, STM32C091CBU6, STM32C091CCT6, STM32C091CCU6, STM32C091ECY6TR, STM32C091FBP6, STM32C091FCP6, STM32C091GBU6, STM32C091GCU6, STM32C091KBT6, STM32C091KBU6, STM32C091KCT6, STM32C091KCU6, STM32C091RBT6, STM32C091RCI6, STM32C091RCT6, STM32C092CBT6, STM32C092CBU6, STM32C092CCT6, STM32C092CCU6, STM32C092ECY6TR, STM32C092FBP6, STM32C092FCP6, STM32C092GBU6, STM32C092GCU6, STM32C092KBT6, STM32C092KBU6, STM32C092KCT6, STM32C092KCU6, STM32C092RBT6, STM32C092RCI6, STM32C092RCT6, STM32G071K8TXN, STM32G071K8UXN, STM32G081GBU6N, STM32G081KBT6N, STM32G081KBUXN, STM32G0B1CCT6N, STM32G0B1KCT6, STM32G0B1NEY6TR, STM32G0B1RCT6N, STM32G0C1CCT6, STM32G0C1CCT6N, STM32G0C1CCU6N, STM32G0C1CET6N, STM32G0C1CEU6N, STM32G0C1KCT6, STM32G0C1NEY6TR, STM32G0C1RCI6N, STM32G0C1RCT6N, STM32G0C1REI6N, STM32G0C1RET6N, STM32G0C1VCI6, STM32G0C1VEI6, STM32G411C6T3, STM32G411C6T6, STM32G411C6U3, STM32G411C6U6, STM32G411C8T3, STM32G411C8T6, STM32G411C8U3, STM32G411C8U6, STM32G411CBT3, STM32G411CBT6, STM32G411CBU3, STM32G411CBU6, STM32G411K6T3, STM32G411K6T6, STM32G411K6U3, STM32G411K6U6, STM32G411K8T3, STM32G411K8T6, STM32G411K8U3, STM32G411K8U6, STM32G411KBT3, STM32G411KBT6, STM32G411KBU3, STM32G411KBU6, STM32G411M6T3, STM32G411M6T6, STM32G411M8T3, STM32G411M8T6, STM32G411MBT3, STM32G411MBT6, STM32G411R6T3, STM32G411R6T6, STM32G411R8T3, STM32G411R8T6, STM32G411RBT3, STM32G411RBT6, STM32G414CBT3, STM32G414CBT6, STM32G414CBU3, STM32G414CBU6, STM32G414CCT3, STM32G414CCT6, STM32G414CCU3, STM32G414CCU6, STM32G414MBT3, STM32G414MBT6, STM32G414MCT3, STM32G414MCT6, STM32G414RBT3, STM32G414RBT6, STM32G414RCT3, STM32G414RCT6, STM32G414VBT3, STM32G414VBT6, STM32G414VCT3, STM32G414VCT6, STM32G431CBT3Z, STM32G431RBT3Z, STM32G471CCT6, STM32G471CCU6, STM32G471CET3, STM32G471CET6, STM32G471CEU3, STM32G471CEU6, STM32G471MCT6, STM32G471MET3, STM32G471MET6, STM32G471MEY6TR, STM32G471QCT6, STM32G471QET3, STM32G471RCT6, STM32G471RET3, STM32G471RET6, STM32G471VCH6, STM32G471VCI6, STM32G471VCT6, STM32G471VEH3, STM32G471VEH6, STM32G471VEI3, STM32G471VEI6, STM32G471VET3, STM32G471VET6, STM32G473QET3Z, STM32G473RET3Z, STM32G474CCT6, STM32G491RET3Z, STM32H503CBT6, STM32H503CBU6, STM32H503EBY6TR, STM32H503KBU6, STM32H503RBT6, STM32H523CCT6, STM32H523CCU6, STM32H523CET6, STM32H523CEU6, STM32H523HEY6TR, STM32H523RCT6, STM32H523RET6, STM32H523VCI6, STM32H523VCT6, STM32H523VEI6, STM32H523VET6, STM32H523ZCJ6, STM32H523ZCT6, STM32H523ZEJ6, STM32H523ZET6, STM32H533CET6, STM32H533CEU6, STM32H533HEY6TR, STM32H533RET6, STM32H533VEI6, STM32H533VET6, STM32H533ZEJ6, STM32H533ZET6, STM32H562AGI6, STM32H562AII6, STM32H562IGK6, STM32H562IGT6, STM32H562IIK6, STM32H562IIT6, STM32H562RGT6, STM32H562RGV6, STM32H562RIT6, STM32H562RIV6, STM32H562VGT6, STM32H562VIT6, STM32H562ZGT6, STM32H562ZIT6, STM32H563AGI6, STM32H563AII3Q, STM32H563AII6, STM32H563IGK6, STM32H563IGT6, STM32H563IIK3Q, STM32H563IIK6, STM32H563IIT3Q, STM32H563IIT6, STM32H563MIY3QTR, STM32H563RGT6, STM32H563RGV6, STM32H563RIT6, STM32H563RIV6, STM32H563VGT6, STM32H563VIT3Q, STM32H563VIT6, STM32H563ZGT6, STM32H563ZIT3Q, STM32H563ZIT6, STM32H573AII3Q, STM32H573AII6, STM32H573I-DK, STM32H573IIK3Q, STM32H573IIK6, STM32H573IIT3Q, STM32H573IIT6, STM32H573MIY3QTR, STM32H573RIT6, STM32H573RIV6, STM32H573VIT3Q, STM32H573VIT6, STM32H573ZIT3Q, STM32H573ZIT6, STM32H7R3A8I6, STM32H7R3I8K6, STM32H7R3I8T6, STM32H7R3L8H6, STM32H7R3L8H6H, STM32H7R3R8V6, STM32H7R3V8H6, STM32H7R3V8T6, STM32H7R3V8Y6TR, STM32H7R3Z8J6, STM32H7R3Z8T6, STM32H7R7A8I6, STM32H7R7I8K6, STM32H7R7I8T6, STM32H7R7L8H6, STM32H7R7L8H6H, STM32H7R7Z8J6, STM32H7S3A8I6, STM32H7S3I8K6, STM32H7S3I8T6, STM32H7S3L8H6, STM32H7S3L8H6H, STM32H7S3R8V6, STM32H7S3V8H6, STM32H7S3V8T6, STM32H7S3V8Y6TR, STM32H7S3Z8J6, STM32H7S3Z8T6, STM32H7S78-DK, STM32H7S7A8I6, STM32H7S7I8K6, STM32H7S7I8T6, STM32H7S7L8H6, STM32H7S7L8H6H, STM32H7S7Z8J6, STM32L4R5QGI6STR, STM32MP131AAE3, STM32MP131AAF3, STM32MP131AAG3, STM32MP131CAE3, STM32MP131CAF3, STM32MP131CAG3, STM32MP131DAE7, STM32MP131DAF7, STM32MP131DAG7, STM32MP131FAE7, STM32MP131FAF7, STM32MP131FAG7, STM32MP133AAE3, STM32MP133AAF3, STM32MP133AAG3, STM32MP133CAE3, STM32MP133CAF3, STM32MP133CAG3, STM32MP133DAE7, STM32MP133DAF7, STM32MP133DAG7, STM32MP133FAE7, STM32MP133FAF7, STM32MP133FAG7, STM32MP135AAE3, STM32MP135AAF3, STM32MP135AAG3, STM32MP135CAE3, STM32MP135CAF3, STM32MP135CAG3, STM32MP135DAE7, STM32MP135DAF7, STM32MP135DAG7, STM32MP135F-DK, STM32MP135FAE7, STM32MP135FAF7, STM32MP135FAF7T, STM32MP135FAF7U, STM32MP135FAG7, STM32MP211AAL3, STM32MP211AAM3, STM32MP211AAN3, STM32MP211AAO3, STM32MP211CAL3, STM32MP211CAM3, STM32MP211CAN3, STM32MP211CAO3, STM32MP211DAL3, STM32MP211DAM3, STM32MP211DAN3, STM32MP211DAO3, STM32MP211FAL3, STM32MP211FAM3, STM32MP211FAN3, STM32MP211FAO3, STM32MP213AAL3, STM32MP213AAM3, STM32MP213AAN3, STM32MP213AAO3, STM32MP213CAL3, STM32MP213CAM3, STM32MP213CAN3, STM32MP213CAO3, STM32MP213DAL3, STM32MP213DAM3, STM32MP213DAN3, STM32MP213DAO3, STM32MP213FAL3, STM32MP213FAM3, STM32MP213FAN3, STM32MP213FAO3, STM32MP215AAL3, STM32MP215AAM3, STM32MP215AAN3, STM32MP215AAO3, STM32MP215CAL3, STM32MP215CAM3, STM32MP215CAN3, STM32MP215CAO3, STM32MP215DAL3, STM32MP215DAM3, STM32MP215DAN3, STM32MP215DAO3, STM32MP215F-DK, STM32MP215FAL3, STM32MP215FAM3, STM32MP215FAN3, STM32MP215FAO3, STM32MP231AAJ3, STM32MP231AAK3, STM32MP231AAL3, STM32MP231CAJ3, STM32MP231CAK3, STM32MP231CAL3, STM32MP231DAJ3, STM32MP231DAK3, STM32MP231DAL3, STM32MP231FAJ3, STM32MP231FAK3, STM32MP231FAL3, STM32MP233AAJ3, STM32MP233AAK3, STM32MP233AAL3, STM32MP233CAJ3, STM32MP233CAK3, STM32MP233CAL3, STM32MP233DAJ3, STM32MP233DAK3, STM32MP233DAL3, STM32MP233FAJ3, STM32MP233FAK3, STM32MP233FAL3, STM32MP235AAJ3, STM32MP235AAK3, STM32MP235AAL3, STM32MP235CAJ3, STM32MP235CAK3, STM32MP235CAL3, STM32MP235DAJ3, STM32MP235DAK3, STM32MP235DAL3, STM32MP235FAJ3, STM32MP235FAK3, STM32MP235FAL3, STM32MP251AAI3, STM32MP251AAK3, STM32MP251AAL3, STM32MP251CAI3, STM32MP251CAK3, STM32MP251CAL3, STM32MP251DAI3, STM32MP251DAK3, STM32MP251DAL3, STM32MP251FAI3, STM32MP251FAK3, STM32MP251FAL3, STM32MP253AAI3, STM32MP253AAK3, STM32MP253AAL3, STM32MP253CAI3, STM32MP253CAK3, STM32MP253CAL3, STM32MP253DAI3, STM32MP253DAK3, STM32MP253DAL3, STM32MP253FAI3, STM32MP253FAK3, STM32MP253FAL3, STM32MP255AAI3, STM32MP255AAK3, STM32MP255AAL3, STM32MP255CAI3, STM32MP255CAK3, STM32MP255CAL3, STM32MP255DAI3, STM32MP255DAK3, STM32MP255DAL3, STM32MP255FAI3, STM32MP255FAK3, STM32MP255FAL3, STM32MP257AAI3, STM32MP257AAK3, STM32MP257AAL3, STM32MP257CAI3, STM32MP257CAK3, STM32MP257CAL3, STM32MP257DAI3, STM32MP257DAK3, STM32MP257DAL3, STM32MP257F-DK, STM32MP257F-EV1, STM32MP257FAI3, STM32MP257FAK3, STM32MP257FAL3, STM32N645A0H3Q, STM32N645B0H3Q, STM32N645I0H3Q, STM32N645L0H3Q, STM32N645X0H3Q, STM32N645Z0H3Q, STM32N647A0H3Q, STM32N647B0H3Q, STM32N647I0H3Q, STM32N647L0H3Q, STM32N647X0H3Q, STM32N647Z0H3Q, STM32N655A0H3Q, STM32N655B0H3Q, STM32N655I0H3Q, STM32N655L0H3Q, STM32N655X0H3Q, STM32N655Z0H3Q, STM32N6570-DK, STM32N657A0H3Q, STM32N657B0H3Q, STM32N657I0H3Q, STM32N657L0H3Q, STM32N657X0H3Q, STM32N657Z0H3Q, STM32U031C6T6, STM32U031C6U6, STM32U031C8T6, STM32U031C8U6, STM32U031F4P6, STM32U031F6P6, STM32U031F8P6, STM32U031G6Y6TR, STM32U031G8Y6TR, STM32U031K4U6, STM32U031K6U6, STM32U031K8U6, STM32U031R6I6, STM32U031R6T6, STM32U031R8I6, STM32U031R8T6, STM32U073C8T6, STM32U073C8U6, STM32U073CBT6, STM32U073CBU6, STM32U073CCT6, STM32U073CCU6, STM32U073H8Y6TR, STM32U073HBY6TR, STM32U073HCY6TR, STM32U073K8U6, STM32U073KBU6, STM32U073KCU6, STM32U073M8I6, STM32U073M8T6, STM32U073MBI6, STM32U073MBT6, STM32U073MCI6, STM32U073MCT6, STM32U073R8I6, STM32U073R8T6, STM32U073RBI6, STM32U073RBT6, STM32U073RCI6, STM32U073RCT6, STM32U083C-DK, STM32U083CCT6, STM32U083CCU6, STM32U083HCY6TR, STM32U083KCU6, STM32U083MCI6, STM32U083MCT6, STM32U083RCI6, STM32U083RCT6, STM32U375CET6, STM32U375CET6Q, STM32U375CEU6, STM32U375CEU6Q, STM32U375CEY6QTR, STM32U375CGT6, STM32U375CGT6Q, STM32U375CGU6, STM32U375CGU6Q, STM32U375CGY6QTR, STM32U375KEU6, STM32U375KGU6, STM32U375REI6, STM32U375REI6Q, STM32U375RET6, STM32U375RET6Q, STM32U375REY6GTR, STM32U375REY6QTR, STM32U375RGI6, STM32U375RGI6Q, STM32U375RGT6, STM32U375RGT6Q, STM32U375RGY6GTR, STM32U375RGY6QTR, STM32U375VEI6, STM32U375VEI6Q, STM32U375VET6, STM32U375VET6Q, STM32U375VGI6, STM32U375VGI6Q, STM32U375VGT6, STM32U375VGT6Q, STM32U385CGT6, STM32U385CGT6Q, STM32U385CGU6, STM32U385CGU6Q, STM32U385CGY6QTR, STM32U385KGU6, STM32U385RGI6, STM32U385RGI6Q, STM32U385RGT6, STM32U385RGT6Q, STM32U385RGY6GTR, STM32U385RGY6QTR, STM32U385VGI6, STM32U385VGI6Q, STM32U385VGT6, STM32U385VGT6Q, STM32U535CBT6, STM32U535CBT6Q, STM32U535CBU6, STM32U535CBU6Q, STM32U535CCT6, STM32U535CCT6Q, STM32U535CCU6, STM32U535CCU6Q, STM32U535CET6, STM32U535CET6Q, STM32U535CEU6, STM32U535CEU6Q, STM32U535JEY6QTR, STM32U535NCY6QTR, STM32U535NEY6QTR, STM32U535RBI6, STM32U535RBI6Q, STM32U535RBT6, STM32U535RBT6Q, STM32U535RCI6, STM32U535RCI6Q, STM32U535RCT6, STM32U535RCT6Q, STM32U535REI6, STM32U535REI6Q, STM32U535RET6, STM32U535RET6Q, STM32U535VCI6, STM32U535VCI6Q, STM32U535VCT6, STM32U535VCT6Q, STM32U535VEI6, STM32U535VEI6Q, STM32U535VET6, STM32U535VET6Q, STM32U545CET6, STM32U545CET6Q, STM32U545CEU6, STM32U545CEU6Q, STM32U545JEY6QTR, STM32U545NEY6QTR, STM32U545REI6, STM32U545REI6Q, STM32U545RET6, STM32U545RET6Q, STM32U545VEI6, STM32U545VEI6Q, STM32U545VET6, STM32U545VET6Q, STM32U595AIH6, STM32U595AIH6Q, STM32U595AJH6, STM32U595AJH6Q, STM32U595QII6, STM32U595QII6Q, STM32U595QJI6, STM32U595QJI6Q, STM32U595RIT6, STM32U595RIT6Q, STM32U595RJT6, STM32U595RJT6Q, STM32U595VIT6, STM32U595VIT6Q, STM32U595VJT6, STM32U595VJT6Q, STM32U595ZIT6, STM32U595ZIT6Q, STM32U595ZIY6QTR, STM32U595ZJT6, STM32U595ZJT6Q, STM32U595ZJY6QTR, STM32U599BJY6QTR, STM32U599NIH6Q, STM32U599NJH6Q, STM32U599VIT6Q, STM32U599VJT6, STM32U599VJT6Q, STM32U599ZIT6Q, STM32U599ZIY6QTR, STM32U599ZJT6Q, STM32U599ZJY6QTR, STM32U5A5AJH6, STM32U5A5AJH6Q, STM32U5A5QII3Q , STM32U5A5QJI6, STM32U5A5QJI6Q, STM32U5A5RJT6, STM32U5A5RJT6Q, STM32U5A5VJT6, STM32U5A5VJT6Q, STM32U5A5ZJT6, STM32U5A5ZJT6Q, STM32U5A5ZJY6QTR, STM32U5A9BJY6QTR, STM32U5A9J-DK, STM32U5A9NJH6Q, STM32U5A9VJT6Q, STM32U5A9ZJT6Q, STM32U5A9ZJY6QTR, STM32U5F7VIT6, STM32U5F7VIT6Q, STM32U5F7VJT6, STM32U5F7VJT6Q, STM32U5F9BJY6QTR, STM32U5F9NJH6Q, STM32U5F9VIT6Q, STM32U5F9VJT6Q, STM32U5F9ZIJ6QTR, STM32U5F9ZIT6Q, STM32U5F9ZJJ6QTR, STM32U5F9ZJT6Q, STM32U5G7VJT6, STM32U5G7VJT6Q, STM32U5G9BJY6QTR, STM32U5G9J-DK1, STM32U5G9J-DK2, STM32U5G9NJH6Q, STM32U5G9VJT6Q, STM32U5G9ZJJ6QTR, STM32U5G9ZJT6Q, STM32WB05KZV6TR, STM32WB05KZV7TR, STM32WB05TZF6TR, STM32WB05TZF7TR, STM32WB06CCF6TR, STM32WB06CCF7TR, STM32WB06CCV6TR, STM32WB06CCV7TR, STM32WB06KCV6TR, STM32WB06KCV7TR, STM32WB07CCF6TR, STM32WB07CCF7TR, STM32WB07CCV6TR, STM32WB07CCV7TR, STM32WB07KCV6TR, STM32WB07KCV7TR, STM32WB09KEV6TR, STM32WB09KEV7TR, STM32WB09TEF6TR, STM32WB09TEF7TR, STM32WB1MMCH6, STM32WBA50KGU6, STM32WBA50KGU6TR, STM32WBA52CEU6, STM32WBA52CEU6TR, STM32WBA52CEU7, STM32WBA52CEU7TR, STM32WBA52CGU6, STM32WBA52CGU6TR, STM32WBA52CGU6U, STM32WBA52CGU7, STM32WBA52CGU7TR, STM32WBA52KEU6, STM32WBA52KEU6TR, STM32WBA52KGU6, STM32WBA52KGU6TR, STM32WBA54CEU6, STM32WBA54CEU6TR, STM32WBA54CEU7, STM32WBA54CEU7TR, STM32WBA54CGU6, STM32WBA54CGU6TR, STM32WBA54CGU7, STM32WBA54CGU7TR, STM32WBA54KEU6, STM32WBA54KEU6TR, STM32WBA54KEU7, STM32WBA54KEU7TR, STM32WBA54KGU6, STM32WBA54KGU6TR, STM32WBA54KGU7, STM32WBA54KGU7TR, STM32WBA55CEU6, STM32WBA55CEU6TR, STM32WBA55CEU7, STM32WBA55CEU7TR, STM32WBA55CGU6, STM32WBA55CGU6TR, STM32WBA55CGU6U, STM32WBA55CGU7, STM32WBA55CGU7TR, STM32WBA55G-DK1, STM32WBA55HEF6, STM32WBA55HEF7, STM32WBA55HGF6, STM32WBA55HGF7, STM32WBA55UEI6, STM32WBA55UEI6TR, STM32WBA55UEI7, STM32WBA55UEI7TR, STM32WBA55UGI6, STM32WBA55UGI6TR, STM32WBA55UGI7, STM32WBA55UGI7TR, STM32WBA5MMGH6TR, STM32WBA62MGF6, STM32WBA62MIF6, STM32WBA65MGF7, STM32WBA65MIF6, STM32WBA65MIF7, STM32WL30K8V6, STM32WL30KBV6, STM32WL31C8V6, STM32WL31CBV6, STM32WL31K8V6, STM32WL31KBV6, STM32WL33C8V6, STM32WL33C8V6X, STM32WL33CBV6, STM32WL33CBV6X, STM32WL33CCV6, STM32WL33CCV6A, STM32WL33CCV6X, STM32WL33K8V7, STM32WL33K8V7X, STM32WL33KBV7 , STM32WL33KBV7X, STM32WL33KCV7, STM32WL33KCV7X, STM32WL5MOCH6, STM32WL5MOCH6TR]
2026-05-11 16:02:53,966 [INFO] BoardInfo:889 - No configuration file found for board NUCLEO-H5E5ZJ
2026-05-11 16:02:53,970 [INFO] DbBoards:161 - Board is not supported: NUCLEO-H5E5ZJ
2026-05-11 16:02:54,166 [INFO] BoardInfo:889 - No configuration file found for board NUCLEO-U3C5ZI-Q
2026-05-11 16:02:54,176 [INFO] DbBoards:161 - Board is not supported: NUCLEO-U3C5ZI-Q
2026-05-11 16:02:54,234 [INFO] BoardInfo:889 - No configuration file found for board NUCLEO-WBA25CE1
2026-05-11 16:02:54,238 [INFO] DbBoards:161 - Board is not supported: NUCLEO-WBA25CE1
2026-05-11 16:02:54,276 [INFO] BoardInfo:889 - No configuration file found for board NUCLEO-WL3RKB1
2026-05-11 16:02:54,281 [INFO] DbBoards:161 - Board is not supported: NUCLEO-WL3RKB1
2026-05-11 16:02:54,287 [INFO] BoardInfo:889 - No configuration file found for board NUCLEO-WL3RKB2
2026-05-11 16:02:54,289 [INFO] DbBoards:161 - Board is not supported: NUCLEO-WL3RKB2
2026-05-11 16:02:54,320 [INFO] BoardInfo:889 - No configuration file found for board P-NUCLEO-WB55
2026-05-11 16:02:54,323 [INFO] DbBoards:161 - Kit is not supported: P-NUCLEO-WB55
2026-05-11 16:02:54,348 [INFO] BoardInfo:889 - No configuration file found for board STEVAL-BFA001V1B
2026-05-11 16:02:54,357 [INFO] DbBoards:161 - Kit is not supported: STEVAL-BFA001V1B
2026-05-11 16:02:54,360 [INFO] BoardInfo:889 - No configuration file found for board STEVAL-BFA001V2B
2026-05-11 16:02:54,363 [INFO] DbBoards:161 - Kit is not supported: STEVAL-BFA001V2B
2026-05-11 16:02:54,775 [INFO] BoardInfo:889 - No configuration file found for board STM32H5F5J-DK
2026-05-11 16:02:54,775 [INFO] DbBoards:161 - Board is not supported: STM32H5F5J-DK
2026-05-11 16:02:55,120 [INFO] DbBoards:168 - Found 218 boards, 209 are supported
2026-05-11 16:02:55,121 [INFO] DbBoards:169 - Found 218 boards, 43 of them is supported for  Bsp
2026-05-11 16:02:55,129 [INFO] ApiDb:423 - Load user favorites file C:\Users\jahna/.stm32cubeide/favorites.boards.txt: 0 item(s)
2026-05-11 16:02:55,129 [INFO] ApiDb:427 - User favorites Boards=[]
2026-05-11 16:02:55,130 [INFO] DbBoards:198 - Set 0 / 0 favorites Boards
2026-05-11 16:02:55,166 [ERROR] TargetSelectorAdapter:267 - Unable to refresh data
2026-05-11 16:02:55,344 [INFO] McuFinderGlobals:76 - Set McuFinderConnectedMode to true
2026-05-11 16:02:55,351 [INFO] MultiScanPanel:200 - Auto-refresh data requested => check proxy status ongoing
2026-05-11 16:02:55,351 [INFO] FinderPluginLoader:96 - Searching for filters in installed packs
2026-05-11 16:02:57,488 [INFO] LoadUrlFilesThread:185 - End of LoadServerUrlFiles without Thread
2026-05-11 16:02:57,488 [INFO] DetailPanel:341 - Set advertising image to C:/Users/jahna/STM32Cube/Repository/\en.prom-stm32wba2-stm32-nucleo-board-0426.png
2026-05-11 16:02:58,439 [INFO] MultiScanPanel:728 - adjusting invalid saved split location: -0.11
2026-05-11 16:02:58,838 [INFO] MultiScanPanel:728 - adjusting invalid saved split location: -0.11
2026-05-11 16:03:13,233 [INFO] McuFinderGlobals:76 - Set McuFinderConnectedMode to true
2026-05-11 16:03:14,770 [INFO] ApiDb:448 - Save user favorites file C:\Users\jahna/.stm32cubeide/favorites.mcus.txt: 0 item(s)
2026-05-11 16:03:14,770 [INFO] ApiDb:452 - User favorites MCUs=[]
2026-05-11 16:04:35,678 [INFO] MainUpdater:2872 - connection check result : 10
2026-05-11 16:04:35,695 [INFO] McuFinderGlobals:76 - Set McuFinderConnectedMode to true
2026-05-11 16:04:36,090 [INFO] ServerAccessManage:452 - Complete download http(s) 200
2026-05-11 16:04:36,098 [INFO] ServerAccessManage:509 - Download File mcusAds.json._tmp_
2026-05-11 16:04:36,223 [INFO] LoadUrlFilesThread:156 - End of LoadUrlFiles Thread
2026-05-11 16:04:36,427 [INFO] ServerAccessManage:452 - Complete download http(s) 200
2026-05-11 16:04:36,429 [INFO] ServerAccessManage:509 - Download File cube-finder-db.zip
2026-05-11 16:04:41,303 [INFO] FileExtend:248 - Unzip File : cube-finder-db.zip
2026-05-11 16:04:41,303 [INFO] FileExtend:263 - Standard Zip Deflate
2026-05-11 16:04:42,986 [INFO] LoadUrlFilesThread:156 - End of LoadUrlFiles Thread
2026-05-11 16:04:43,544 [INFO] ServerAccessManage:452 - Complete download http(s) 200
2026-05-11 16:04:43,547 [INFO] ServerAccessManage:509 - Download File crdb.zip
2026-05-11 16:04:44,492 [INFO] FileExtend:248 - Unzip File : crdb.zip
2026-05-11 16:04:44,492 [INFO] FileExtend:263 - Standard Zip Deflate
2026-05-11 16:04:44,646 [INFO] LoadUrlFilesThread:156 - End of LoadUrlFiles Thread
2026-05-11 16:04:44,722 [INFO] ServerAccessManage:452 - Complete download http(s) 200
2026-05-11 16:04:44,724 [INFO] ServerAccessManage:509 - Download File tutoVideoDB.zip
2026-05-11 16:04:44,732 [INFO] FileExtend:248 - Unzip File : tutoVideoDB.zip
2026-05-11 16:04:44,733 [INFO] FileExtend:263 - Standard Zip Deflate
2026-05-11 16:04:44,856 [INFO] LoadUrlFilesThread:156 - End of LoadUrlFiles Thread
2026-05-11 16:04:44,865 [WARN] DbFile:41 - Overriding database path with different value: C:\Users\jahna\.stmcufinder\plugins\mcufinder/ => C:\Users\jahna\.stmcufinder\plugins\mcufinder
2026-05-11 16:04:45,526 [ERROR] ServerAccessManage:1212 - Problem, file not found on Server
2026-05-11 16:04:45,528 [ERROR] ServerAccessManage:740 - Problem, file not found on Server : api_config.json.
2026-05-11 16:04:47,526 [INFO] LoadUrlFilesThread:156 - End of LoadUrlFiles Thread
2026-05-11 16:04:49,470 [INFO] DbMcusAds:53 - JSON generation date=Mon Apr 27 13:44:29 IST 2026 (1777277669577)
2026-05-11 16:04:49,477 [INFO] ApiDb:448 - Save user favorites file C:\Users\jahna/.stm32cubeide/favorites.mcus.txt: 0 item(s)
2026-05-11 16:04:49,477 [INFO] ApiDb:452 - User favorites MCUs=[]
2026-05-11 16:04:49,508 [INFO] ApiDb:581 - Connected to CubeFinder SQLite database (C:\Users\jahna\.stmcufinder\plugins\mcufinder\mcu\cube-finder-db.db)
2026-05-11 16:04:49,680 [INFO] ApiDb:668 - CubeFinder database Data Model version=2.1
2026-05-11 16:04:49,680 [INFO] ApiDb:669 - CubeFinder database Configuration version=3.0.42
2026-05-11 16:04:49,681 [INFO] ApiDb:670 - CubeFinder database generation date=2026-05-06 (1778060171)
2026-05-11 16:04:49,681 [INFO] ApiDb:671 - CubeFinder database FW Pack versions=[FP-ATR-ASTRA1_V2.0.0, FP-SNS-FLIGHT1_V5.1.0, FP-SNS-MOTENV1_V5.1.0, FP-SNS-MOTENVWB1_V1.5.0, FP-SNS-SMARTAG2_V1.2.0, FP-SNS-STBOX1_V2.1.0, STM32Cube_FW_C0_V1.4.0, STM32Cube_FW_F4_V1.28.3, STM32Cube_FW_F7_V1.17.4, STM32Cube_FW_G0_V1.6.3, STM32Cube_FW_G4_V1.6.2, STM32Cube_FW_H5_V1.6.0, STM32Cube_FW_H7RS_V1.3.0, STM32Cube_FW_H7_V1.13.0, STM32Cube_FW_L0_V1.12.2, STM32Cube_FW_L4_V1.18.2, STM32Cube_FW_L5_V1.6.0, STM32Cube_FW_N6_V1.3.0, STM32Cube_FW_U0_V1.3.0, STM32Cube_FW_U3_V1.3.0, STM32Cube_FW_U5_V1.8.0, STM32Cube_FW_WB0_V1.4.0, STM32Cube_FW_WBA_V1.9.0, STM32Cube_FW_WB_V1.24.0, STM32Cube_FW_WL3_V1.4.0, STM32Cube_FW_WL_V1.5.0, X-CUBE-ALGOBUILD_V1.4.0, X-CUBE-ALS_V1.0.2, X-CUBE-AZRTOS-F4_V1.1.0, X-CUBE-AZRTOS-F7_V1.1.0, X-CUBE-AZRTOS-G0_V1.1.0, X-CUBE-AZRTOS-G4_V2.0.0, X-CUBE-AZRTOS-H7RS_V1.1.0, X-CUBE-AZRTOS-H7_V3.5.0, X-CUBE-AZRTOS-L4_V2.0.0, X-CUBE-AZRTOS-L5_V2.0.0, X-CUBE-AZRTOS-WB_V2.0.0, X-CUBE-AZRTOS-WL_V2.0.0, X-CUBE-BLE1_V7.1.0, X-CUBE-BLE2_V3.3.0, X-CUBE-BLEMGR_V4.1.0, X-CUBE-EEPRMA1_V5.2.0, X-CUBE-FREERTOS_V1.5.0, X-CUBE-GNSS1_V6.0.0, X-CUBE-MEMS1_V12.0.0, X-CUBE-NFC4_V3.0.0, X-CUBE-NFC7_V2.0.0, X-CUBE-SFXS2LP1_V4.0.0, X-CUBE-ST67W61_V1.2.0, X-CUBE-SUBG2_V5.0.0, X-CUBE-TOF1_V3.4.3]
2026-05-11 16:04:51,771 [INFO] ApiDb:240 - Found 880 in-development CPN: [B-G473E-ZEST1S, B-WB1M-WPAN1, B-WBA5M-WPAN, B-WL5M-SUBG1, NUCLEO-C031C6, NUCLEO-C051C8, NUCLEO-C071RB, NUCLEO-C092RC, NUCLEO-H503RB, NUCLEO-H533RE, NUCLEO-H563ZI, NUCLEO-H7S3L8, NUCLEO-N657X0-Q, NUCLEO-U031R8, NUCLEO-U083RC, NUCLEO-U385RG-Q, NUCLEO-U545RE-Q, NUCLEO-U5A5ZJ-Q, NUCLEO-WB05KZ, NUCLEO-WB07CC, NUCLEO-WB09KE, NUCLEO-WBA52CG, NUCLEO-WBA55CG, NUCLEO-WL33CC1, NUCLEO-WL33CC2, STEVAL-PROTEUS1, STEVAL-SMARTAG2, STEVAL-STWINBX1, STM320518-EVAL, STM32C0116-DK, STM32C011D6Y3TR, STM32C011D6Y6TR, STM32C011F4P3, STM32C011F4P6, STM32C011F4U3, STM32C011F4U6TR, STM32C011F6P3, STM32C011F6P6, STM32C011F6U3, STM32C011F6U6TR, STM32C011J4M3, STM32C011J4M6, STM32C011J6M3, STM32C011J6M6, STM32C0316-DK, STM32C031C4T3, STM32C031C4T6, STM32C031C4U3, STM32C031C4U6, STM32C031C6T3, STM32C031C6T6, STM32C031C6U3, STM32C031C6U6, STM32C031F4P3, STM32C031F4P6, STM32C031F6P3, STM32C031F6P6, STM32C031G4U3, STM32C031G4U6, STM32C031G6U3, STM32C031G6U6, STM32C031K4T3, STM32C031K4T6, STM32C031K4U3, STM32C031K4U6, STM32C031K6T3, STM32C031K6T6, STM32C031K6U3, STM32C031K6U6, STM32C051C6T6, STM32C051C6U6, STM32C051C8T6, STM32C051C8U6, STM32C051D8Y6TR, STM32C051F6P6, STM32C051F8P6, STM32C051G6U6, STM32C051G8U6, STM32C051K6T6, STM32C051K6U6, STM32C051K8T6, STM32C071C8T6, STM32C071C8T6N, STM32C071C8U6, STM32C071C8U6N, STM32C071CBT6, STM32C071CBT6N, STM32C071CBU6, STM32C071CBU6N, STM32C071F8P6, STM32C071F8P6N, STM32C071FBP6, STM32C071FBP6N, STM32C071FBY6TR, STM32C071G8U6, STM32C071G8U6N, STM32C071GBU6, STM32C071GBU6N, STM32C071K8T6, STM32C071K8T6N, STM32C071K8U6, STM32C071K8U6N, STM32C071KBT6, STM32C071KBT6N, STM32C071KBU6, STM32C071KBU6N, STM32C071R8T6, STM32C071R8T6N, STM32C071RBI6N, STM32C071RBT6, STM32C071RBT6N, STM32C091CBT6, STM32C091CBU6, STM32C091CCT6, STM32C091CCU6, STM32C091ECY6TR, STM32C091FBP6, STM32C091FCP6, STM32C091GBU6, STM32C091GCU6, STM32C091KBT6, STM32C091KBU6, STM32C091KCT6, STM32C091KCU6, STM32C091RBT6, STM32C091RCI6, STM32C091RCT6, STM32C092CBT6, STM32C092CBU6, STM32C092CCT6, STM32C092CCU6, STM32C092ECY6TR, STM32C092FBP6, STM32C092FCP6, STM32C092GBU6, STM32C092GCU6, STM32C092KBT6, STM32C092KBU6, STM32C092KCT6, STM32C092KCU6, STM32C092RBT6, STM32C092RCI6, STM32C092RCT6, STM32G071K8TXN, STM32G071K8UXN, STM32G081GBU6N, STM32G081KBT6N, STM32G081KBUXN, STM32G0B1CCT6N, STM32G0B1KCT6, STM32G0B1NEY6TR, STM32G0B1RCT6N, STM32G0C1CCT6, STM32G0C1CCT6N, STM32G0C1CCU6N, STM32G0C1CET6N, STM32G0C1CEU6N, STM32G0C1KCT6, STM32G0C1NEY6TR, STM32G0C1RCI6N, STM32G0C1RCT6N, STM32G0C1REI6N, STM32G0C1RET6N, STM32G0C1VCI6, STM32G0C1VEI6, STM32G411C6T3, STM32G411C6T6, STM32G411C6U3, STM32G411C6U6, STM32G411C8T3, STM32G411C8T6, STM32G411C8U3, STM32G411C8U6, STM32G411CBT3, STM32G411CBT6, STM32G411CBU3, STM32G411CBU6, STM32G411K6T3, STM32G411K6T6, STM32G411K6U3, STM32G411K6U6, STM32G411K8T3, STM32G411K8T6, STM32G411K8U3, STM32G411K8U6, STM32G411KBT3, STM32G411KBT6, STM32G411KBU3, STM32G411KBU6, STM32G411M6T3, STM32G411M6T6, STM32G411M8T3, STM32G411M8T6, STM32G411MBT3, STM32G411MBT6, STM32G411R6T3, STM32G411R6T6, STM32G411R8T3, STM32G411R8T6, STM32G411RBT3, STM32G411RBT6, STM32G414CBT3, STM32G414CBT6, STM32G414CBU3, STM32G414CBU6, STM32G414CCT3, STM32G414CCT6, STM32G414CCU3, STM32G414CCU6, STM32G414MBT3, STM32G414MBT6, STM32G414MCT3, STM32G414MCT6, STM32G414RBT3, STM32G414RBT6, STM32G414RCT3, STM32G414RCT6, STM32G414VBT3, STM32G414VBT6, STM32G414VCT3, STM32G414VCT6, STM32G431CBT3Z, STM32G431RBT3Z, STM32G471CCT6, STM32G471CCU6, STM32G471CET3, STM32G471CET6, STM32G471CEU3, STM32G471CEU6, STM32G471MCT6, STM32G471MET3, STM32G471MET6, STM32G471MEY6TR, STM32G471QCT6, STM32G471QET3, STM32G471RCT6, STM32G471RET3, STM32G471RET6, STM32G471VCH6, STM32G471VCI6, STM32G471VCT6, STM32G471VEH3, STM32G471VEH6, STM32G471VEI3, STM32G471VEI6, STM32G471VET3, STM32G471VET6, STM32G473QET3Z, STM32G473RET3Z, STM32G474CCT6, STM32G491RET3Z, STM32H503CBT6, STM32H503CBU6, STM32H503EBY6TR, STM32H503KBU6, STM32H503RBT6, STM32H523CCT6, STM32H523CCU6, STM32H523CET6, STM32H523CEU6, STM32H523HEY6TR, STM32H523RCT6, STM32H523RET6, STM32H523VCI6, STM32H523VCT6, STM32H523VEI6, STM32H523VET6, STM32H523ZCJ6, STM32H523ZCT6, STM32H523ZEJ6, STM32H523ZET6, STM32H533CET6, STM32H533CEU6, STM32H533HEY6TR, STM32H533RET6, STM32H533VEI6, STM32H533VET6, STM32H533ZEJ6, STM32H533ZET6, STM32H562AGI6, STM32H562AII6, STM32H562IGK6, STM32H562IGT6, STM32H562IIK6, STM32H562IIT6, STM32H562RGT6, STM32H562RGV6, STM32H562RIT6, STM32H562RIV6, STM32H562VGT6, STM32H562VIT6, STM32H562ZGT6, STM32H562ZIT6, STM32H563AGI6, STM32H563AII3Q, STM32H563AII6, STM32H563IGK6, STM32H563IGT6, STM32H563IIK3Q, STM32H563IIK6, STM32H563IIT3Q, STM32H563IIT6, STM32H563MIY3QTR, STM32H563RGT6, STM32H563RGV6, STM32H563RIT6, STM32H563RIV6, STM32H563VGT6, STM32H563VIT3Q, STM32H563VIT6, STM32H563ZGT6, STM32H563ZIT3Q, STM32H563ZIT6, STM32H573AII3Q, STM32H573AII6, STM32H573I-DK, STM32H573IIK3Q, STM32H573IIK6, STM32H573IIT3Q, STM32H573IIT6, STM32H573MIY3QTR, STM32H573RIT6, STM32H573RIV6, STM32H573VIT3Q, STM32H573VIT6, STM32H573ZIT3Q, STM32H573ZIT6, STM32H7R3A8I6, STM32H7R3I8K6, STM32H7R3I8T6, STM32H7R3L8H6, STM32H7R3L8H6H, STM32H7R3R8V6, STM32H7R3V8H6, STM32H7R3V8T6, STM32H7R3V8Y6TR, STM32H7R3Z8J6, STM32H7R3Z8T6, STM32H7R7A8I6, STM32H7R7I8K6, STM32H7R7I8T6, STM32H7R7L8H6, STM32H7R7L8H6H, STM32H7R7Z8J6, STM32H7S3A8I6, STM32H7S3I8K6, STM32H7S3I8T6, STM32H7S3L8H6, STM32H7S3L8H6H, STM32H7S3R8V6, STM32H7S3V8H6, STM32H7S3V8T6, STM32H7S3V8Y6TR, STM32H7S3Z8J6, STM32H7S3Z8T6, STM32H7S78-DK, STM32H7S7A8I6, STM32H7S7I8K6, STM32H7S7I8T6, STM32H7S7L8H6, STM32H7S7L8H6H, STM32H7S7Z8J6, STM32L4R5QGI6STR, STM32MP131AAE3, STM32MP131AAF3, STM32MP131AAG3, STM32MP131CAE3, STM32MP131CAF3, STM32MP131CAG3, STM32MP131DAE7, STM32MP131DAF7, STM32MP131DAG7, STM32MP131FAE7, STM32MP131FAF7, STM32MP131FAG7, STM32MP133AAE3, STM32MP133AAF3, STM32MP133AAG3, STM32MP133CAE3, STM32MP133CAF3, STM32MP133CAG3, STM32MP133DAE7, STM32MP133DAF7, STM32MP133DAG7, STM32MP133FAE7, STM32MP133FAF7, STM32MP133FAG7, STM32MP135AAE3, STM32MP135AAF3, STM32MP135AAG3, STM32MP135CAE3, STM32MP135CAF3, STM32MP135CAG3, STM32MP135DAE7, STM32MP135DAF7, STM32MP135DAG7, STM32MP135F-DK, STM32MP135FAE7, STM32MP135FAF7, STM32MP135FAF7T, STM32MP135FAF7U, STM32MP135FAG7, STM32MP211AAL3, STM32MP211AAM3, STM32MP211AAN3, STM32MP211AAO3, STM32MP211CAL3, STM32MP211CAM3, STM32MP211CAN3, STM32MP211CAO3, STM32MP211DAL3, STM32MP211DAM3, STM32MP211DAN3, STM32MP211DAO3, STM32MP211FAL3, STM32MP211FAM3, STM32MP211FAN3, STM32MP211FAO3, STM32MP213AAL3, STM32MP213AAM3, STM32MP213AAN3, STM32MP213AAO3, STM32MP213CAL3, STM32MP213CAM3, STM32MP213CAN3, STM32MP213CAO3, STM32MP213DAL3, STM32MP213DAM3, STM32MP213DAN3, STM32MP213DAO3, STM32MP213FAL3, STM32MP213FAM3, STM32MP213FAN3, STM32MP213FAO3, STM32MP215AAL3, STM32MP215AAM3, STM32MP215AAN3, STM32MP215AAO3, STM32MP215CAL3, STM32MP215CAM3, STM32MP215CAN3, STM32MP215CAO3, STM32MP215DAL3, STM32MP215DAM3, STM32MP215DAN3, STM32MP215DAO3, STM32MP215F-DK, STM32MP215FAL3, STM32MP215FAM3, STM32MP215FAN3, STM32MP215FAO3, STM32MP231AAJ3, STM32MP231AAK3, STM32MP231AAL3, STM32MP231CAJ3, STM32MP231CAK3, STM32MP231CAL3, STM32MP231DAJ3, STM32MP231DAK3, STM32MP231DAL3, STM32MP231FAJ3, STM32MP231FAK3, STM32MP231FAL3, STM32MP233AAJ3, STM32MP233AAK3, STM32MP233AAL3, STM32MP233CAJ3, STM32MP233CAK3, STM32MP233CAL3, STM32MP233DAJ3, STM32MP233DAK3, STM32MP233DAL3, STM32MP233FAJ3, STM32MP233FAK3, STM32MP233FAL3, STM32MP235AAJ3, STM32MP235AAK3, STM32MP235AAL3, STM32MP235CAJ3, STM32MP235CAK3, STM32MP235CAL3, STM32MP235DAJ3, STM32MP235DAK3, STM32MP235DAL3, STM32MP235FAJ3, STM32MP235FAK3, STM32MP235FAL3, STM32MP251AAI3, STM32MP251AAK3, STM32MP251AAL3, STM32MP251CAI3, STM32MP251CAK3, STM32MP251CAL3, STM32MP251DAI3, STM32MP251DAK3, STM32MP251DAL3, STM32MP251FAI3, STM32MP251FAK3, STM32MP251FAL3, STM32MP253AAI3, STM32MP253AAK3, STM32MP253AAL3, STM32MP253CAI3, STM32MP253CAK3, STM32MP253CAL3, STM32MP253DAI3, STM32MP253DAK3, STM32MP253DAL3, STM32MP253FAI3, STM32MP253FAK3, STM32MP253FAL3, STM32MP255AAI3, STM32MP255AAK3, STM32MP255AAL3, STM32MP255CAI3, STM32MP255CAK3, STM32MP255CAL3, STM32MP255DAI3, STM32MP255DAK3, STM32MP255DAL3, STM32MP255FAI3, STM32MP255FAK3, STM32MP255FAL3, STM32MP257AAI3, STM32MP257AAK3, STM32MP257AAL3, STM32MP257CAI3, STM32MP257CAK3, STM32MP257CAL3, STM32MP257DAI3, STM32MP257DAK3, STM32MP257DAL3, STM32MP257F-DK, STM32MP257F-EV1, STM32MP257FAI3, STM32MP257FAK3, STM32MP257FAL3, STM32N645A0H3Q, STM32N645B0H3Q, STM32N645I0H3Q, STM32N645L0H3Q, STM32N645X0H3Q, STM32N645Z0H3Q, STM32N647A0H3Q, STM32N647B0H3Q, STM32N647I0H3Q, STM32N647L0H3Q, STM32N647X0H3Q, STM32N647Z0H3Q, STM32N655A0H3Q, STM32N655B0H3Q, STM32N655I0H3Q, STM32N655L0H3Q, STM32N655X0H3Q, STM32N655Z0H3Q, STM32N6570-DK, STM32N657A0H3Q, STM32N657B0H3Q, STM32N657I0H3Q, STM32N657L0H3Q, STM32N657X0H3Q, STM32N657Z0H3Q, STM32U031C6T6, STM32U031C6U6, STM32U031C8T6, STM32U031C8U6, STM32U031F4P6, STM32U031F6P6, STM32U031F8P6, STM32U031G6Y6TR, STM32U031G8Y6TR, STM32U031K4U6, STM32U031K6U6, STM32U031K8U6, STM32U031R6I6, STM32U031R6T6, STM32U031R8I6, STM32U031R8T6, STM32U073C8T6, STM32U073C8U6, STM32U073CBT6, STM32U073CBU6, STM32U073CCT6, STM32U073CCU6, STM32U073H8Y6TR, STM32U073HBY6TR, STM32U073HCY6TR, STM32U073K8U6, STM32U073KBU6, STM32U073KCU6, STM32U073M8I6, STM32U073M8T6, STM32U073MBI6, STM32U073MBT6, STM32U073MCI6, STM32U073MCT6, STM32U073R8I6, STM32U073R8T6, STM32U073RBI6, STM32U073RBT6, STM32U073RCI6, STM32U073RCT6, STM32U083C-DK, STM32U083CCT6, STM32U083CCU6, STM32U083HCY6TR, STM32U083KCU6, STM32U083MCI6, STM32U083MCT6, STM32U083RCI6, STM32U083RCT6, STM32U375CET6, STM32U375CET6Q, STM32U375CEU6, STM32U375CEU6Q, STM32U375CEY6QTR, STM32U375CGT6, STM32U375CGT6Q, STM32U375CGU6, STM32U375CGU6Q, STM32U375CGY6QTR, STM32U375KEU6, STM32U375KGU6, STM32U375REI6, STM32U375REI6Q, STM32U375RET6, STM32U375RET6Q, STM32U375REY6GTR, STM32U375REY6QTR, STM32U375RGI6, STM32U375RGI6Q, STM32U375RGT6, STM32U375RGT6Q, STM32U375RGY6GTR, STM32U375RGY6QTR, STM32U375VEI6, STM32U375VEI6Q, STM32U375VET6, STM32U375VET6Q, STM32U375VGI6, STM32U375VGI6Q, STM32U375VGT6, STM32U375VGT6Q, STM32U385CGT6, STM32U385CGT6Q, STM32U385CGU6, STM32U385CGU6Q, STM32U385CGY6QTR, STM32U385KGU6, STM32U385RGI6, STM32U385RGI6Q, STM32U385RGT6, STM32U385RGT6Q, STM32U385RGY6GTR, STM32U385RGY6QTR, STM32U385VGI6, STM32U385VGI6Q, STM32U385VGT6, STM32U385VGT6Q, STM32U535CBT6, STM32U535CBT6Q, STM32U535CBU6, STM32U535CBU6Q, STM32U535CCT6, STM32U535CCT6Q, STM32U535CCU6, STM32U535CCU6Q, STM32U535CET6, STM32U535CET6Q, STM32U535CEU6, STM32U535CEU6Q, STM32U535JEY6QTR, STM32U535NCY6QTR, STM32U535NEY6QTR, STM32U535RBI6, STM32U535RBI6Q, STM32U535RBT6, STM32U535RBT6Q, STM32U535RCI6, STM32U535RCI6Q, STM32U535RCT6, STM32U535RCT6Q, STM32U535REI6, STM32U535REI6Q, STM32U535RET6, STM32U535RET6Q, STM32U535VCI6, STM32U535VCI6Q, STM32U535VCT6, STM32U535VCT6Q, STM32U535VEI6, STM32U535VEI6Q, STM32U535VET6, STM32U535VET6Q, STM32U545CET6, STM32U545CET6Q, STM32U545CEU6, STM32U545CEU6Q, STM32U545JEY6QTR, STM32U545NEY6QTR, STM32U545REI6, STM32U545REI6Q, STM32U545RET6, STM32U545RET6Q, STM32U545VEI6, STM32U545VEI6Q, STM32U545VET6, STM32U545VET6Q, STM32U595AIH6, STM32U595AIH6Q, STM32U595AJH6, STM32U595AJH6Q, STM32U595QII6, STM32U595QII6Q, STM32U595QJI6, STM32U595QJI6Q, STM32U595RIT6, STM32U595RIT6Q, STM32U595RJT6, STM32U595RJT6Q, STM32U595VIT6, STM32U595VIT6Q, STM32U595VJT6, STM32U595VJT6Q, STM32U595ZIT6, STM32U595ZIT6Q, STM32U595ZIY6QTR, STM32U595ZJT6, STM32U595ZJT6Q, STM32U595ZJY6QTR, STM32U599BJY6QTR, STM32U599NIH6Q, STM32U599NJH6Q, STM32U599VIT6Q, STM32U599VJT6, STM32U599VJT6Q, STM32U599ZIT6Q, STM32U599ZIY6QTR, STM32U599ZJT6Q, STM32U599ZJY6QTR, STM32U5A5AJH6, STM32U5A5AJH6Q, STM32U5A5QII3Q , STM32U5A5QJI6, STM32U5A5QJI6Q, STM32U5A5RJT6, STM32U5A5RJT6Q, STM32U5A5VJT6, STM32U5A5VJT6Q, STM32U5A5ZJT6, STM32U5A5ZJT6Q, STM32U5A5ZJY6QTR, STM32U5A9BJY6QTR, STM32U5A9J-DK, STM32U5A9NJH6Q, STM32U5A9VJT6Q, STM32U5A9ZJT6Q, STM32U5A9ZJY6QTR, STM32U5F7VIT6, STM32U5F7VIT6Q, STM32U5F7VJT6, STM32U5F7VJT6Q, STM32U5F9BJY6QTR, STM32U5F9NJH6Q, STM32U5F9VIT6Q, STM32U5F9VJT6Q, STM32U5F9ZIJ6QTR, STM32U5F9ZIT6Q, STM32U5F9ZJJ6QTR, STM32U5F9ZJT6Q, STM32U5G7VJT6, STM32U5G7VJT6Q, STM32U5G9BJY6QTR, STM32U5G9J-DK1, STM32U5G9J-DK2, STM32U5G9NJH6Q, STM32U5G9VJT6Q, STM32U5G9ZJJ6QTR, STM32U5G9ZJT6Q, STM32WB05KZV6TR, STM32WB05KZV7TR, STM32WB05TZF6TR, STM32WB05TZF7TR, STM32WB06CCF6TR, STM32WB06CCF7TR, STM32WB06CCV6TR, STM32WB06CCV7TR, STM32WB06KCV6TR, STM32WB06KCV7TR, STM32WB07CCF6TR, STM32WB07CCF7TR, STM32WB07CCV6TR, STM32WB07CCV7TR, STM32WB07KCV6TR, STM32WB07KCV7TR, STM32WB09KEV6TR, STM32WB09KEV7TR, STM32WB09TEF6TR, STM32WB09TEF7TR, STM32WB1MMCH6, STM32WBA50KGU6, STM32WBA50KGU6TR, STM32WBA52CEU6, STM32WBA52CEU6TR, STM32WBA52CEU7, STM32WBA52CEU7TR, STM32WBA52CGU6, STM32WBA52CGU6TR, STM32WBA52CGU6U, STM32WBA52CGU7, STM32WBA52CGU7TR, STM32WBA52KEU6, STM32WBA52KEU6TR, STM32WBA52KGU6, STM32WBA52KGU6TR, STM32WBA54CEU6, STM32WBA54CEU6TR, STM32WBA54CEU7, STM32WBA54CEU7TR, STM32WBA54CGU6, STM32WBA54CGU6TR, STM32WBA54CGU7, STM32WBA54CGU7TR, STM32WBA54KEU6, STM32WBA54KEU6TR, STM32WBA54KEU7, STM32WBA54KEU7TR, STM32WBA54KGU6, STM32WBA54KGU6TR, STM32WBA54KGU7, STM32WBA54KGU7TR, STM32WBA55CEU6, STM32WBA55CEU6TR, STM32WBA55CEU7, STM32WBA55CEU7TR, STM32WBA55CGU6, STM32WBA55CGU6TR, STM32WBA55CGU6U, STM32WBA55CGU7, STM32WBA55CGU7TR, STM32WBA55G-DK1, STM32WBA55HEF6, STM32WBA55HEF7, STM32WBA55HGF6, STM32WBA55HGF7, STM32WBA55UEI6, STM32WBA55UEI6TR, STM32WBA55UEI7, STM32WBA55UEI7TR, STM32WBA55UGI6, STM32WBA55UGI6TR, STM32WBA55UGI7, STM32WBA55UGI7TR, STM32WBA5MMGH6TR, STM32WBA62MGF6, STM32WBA62MIF6, STM32WBA65MGF7, STM32WBA65MIF6, STM32WBA65MIF7, STM32WL30K8V6, STM32WL30KBV6, STM32WL31C8V6, STM32WL31CBV6, STM32WL31K8V6, STM32WL31KBV6, STM32WL33C8V6, STM32WL33C8V6X, STM32WL33CBV6, STM32WL33CBV6X, STM32WL33CCV6, STM32WL33CCV6A, STM32WL33CCV6X, STM32WL33K8V7, STM32WL33K8V7X, STM32WL33KBV7 , STM32WL33KBV7X, STM32WL33KCV7, STM32WL33KCV7X, STM32WL5MOCH6, STM32WL5MOCH6TR]
2026-05-11 16:04:51,774 [INFO] DbMcus:218 - Found 5086 MCUs, 4968 are supported
2026-05-11 16:04:51,775 [INFO] ApiDb:423 - Load user favorites file C:\Users\jahna/.stm32cubeide/favorites.mcus.txt: 0 item(s)
2026-05-11 16:04:51,775 [INFO] ApiDb:427 - User favorites MCUs=[]
2026-05-11 16:04:51,775 [INFO] DbMcus:224 - Set 0 / 0 favorites MCUs
2026-05-11 16:04:52,094 [INFO] ApiDb:448 - Save user favorites file C:\Users\jahna/.stm32cubeide/favorites.boards.txt: 0 item(s)
2026-05-11 16:04:52,094 [INFO] ApiDb:452 - User favorites Boards=[]
2026-05-11 16:04:52,096 [INFO] ApiDb:581 - Connected to CubeFinder SQLite database (C:\Users\jahna\.stmcufinder\plugins\mcufinder\mcu\cube-finder-db.db)
2026-05-11 16:04:52,206 [INFO] ApiDb:668 - CubeFinder database Data Model version=2.1
2026-05-11 16:04:52,206 [INFO] ApiDb:669 - CubeFinder database Configuration version=3.0.42
2026-05-11 16:04:52,206 [INFO] ApiDb:670 - CubeFinder database generation date=2026-05-06 (1778060171)
2026-05-11 16:04:52,206 [INFO] ApiDb:671 - CubeFinder database FW Pack versions=[FP-ATR-ASTRA1_V2.0.0, FP-SNS-FLIGHT1_V5.1.0, FP-SNS-MOTENV1_V5.1.0, FP-SNS-MOTENVWB1_V1.5.0, FP-SNS-SMARTAG2_V1.2.0, FP-SNS-STBOX1_V2.1.0, STM32Cube_FW_C0_V1.4.0, STM32Cube_FW_F4_V1.28.3, STM32Cube_FW_F7_V1.17.4, STM32Cube_FW_G0_V1.6.3, STM32Cube_FW_G4_V1.6.2, STM32Cube_FW_H5_V1.6.0, STM32Cube_FW_H7RS_V1.3.0, STM32Cube_FW_H7_V1.13.0, STM32Cube_FW_L0_V1.12.2, STM32Cube_FW_L4_V1.18.2, STM32Cube_FW_L5_V1.6.0, STM32Cube_FW_N6_V1.3.0, STM32Cube_FW_U0_V1.3.0, STM32Cube_FW_U3_V1.3.0, STM32Cube_FW_U5_V1.8.0, STM32Cube_FW_WB0_V1.4.0, STM32Cube_FW_WBA_V1.9.0, STM32Cube_FW_WB_V1.24.0, STM32Cube_FW_WL3_V1.4.0, STM32Cube_FW_WL_V1.5.0, X-CUBE-ALGOBUILD_V1.4.0, X-CUBE-ALS_V1.0.2, X-CUBE-AZRTOS-F4_V1.1.0, X-CUBE-AZRTOS-F7_V1.1.0, X-CUBE-AZRTOS-G0_V1.1.0, X-CUBE-AZRTOS-G4_V2.0.0, X-CUBE-AZRTOS-H7RS_V1.1.0, X-CUBE-AZRTOS-H7_V3.5.0, X-CUBE-AZRTOS-L4_V2.0.0, X-CUBE-AZRTOS-L5_V2.0.0, X-CUBE-AZRTOS-WB_V2.0.0, X-CUBE-AZRTOS-WL_V2.0.0, X-CUBE-BLE1_V7.1.0, X-CUBE-BLE2_V3.3.0, X-CUBE-BLEMGR_V4.1.0, X-CUBE-EEPRMA1_V5.2.0, X-CUBE-FREERTOS_V1.5.0, X-CUBE-GNSS1_V6.0.0, X-CUBE-MEMS1_V12.0.0, X-CUBE-NFC4_V3.0.0, X-CUBE-NFC7_V2.0.0, X-CUBE-SFXS2LP1_V4.0.0, X-CUBE-ST67W61_V1.2.0, X-CUBE-SUBG2_V5.0.0, X-CUBE-TOF1_V3.4.3]
2026-05-11 16:04:52,264 [INFO] DbBoardsSqlite:226 - include board P-NUCLEO-WB55-NUCLEO as a kit item of type 'Nucleo-64'
2026-05-11 16:04:52,264 [INFO] DbBoardsSqlite:226 - include board P-NUCLEO-WB55-USBDONGLE as a kit item of type 'Nucleo USB Dongle'
2026-05-11 16:04:52,264 [INFO] DbBoardsSqlite:226 - include board STEVAL-IDP005V1 as a kit item of type 'Evaluation Board'
2026-05-11 16:04:52,264 [INFO] DbBoardsSqlite:226 - include board STEVAL-IDP005V2 as a kit item of type 'Evaluation Board'
2026-05-11 16:04:52,382 [INFO] ApiDb:240 - Found 880 in-development CPN: [B-G473E-ZEST1S, B-WB1M-WPAN1, B-WBA5M-WPAN, B-WL5M-SUBG1, NUCLEO-C031C6, NUCLEO-C051C8, NUCLEO-C071RB, NUCLEO-C092RC, NUCLEO-H503RB, NUCLEO-H533RE, NUCLEO-H563ZI, NUCLEO-H7S3L8, NUCLEO-N657X0-Q, NUCLEO-U031R8, NUCLEO-U083RC, NUCLEO-U385RG-Q, NUCLEO-U545RE-Q, NUCLEO-U5A5ZJ-Q, NUCLEO-WB05KZ, NUCLEO-WB07CC, NUCLEO-WB09KE, NUCLEO-WBA52CG, NUCLEO-WBA55CG, NUCLEO-WL33CC1, NUCLEO-WL33CC2, STEVAL-PROTEUS1, STEVAL-SMARTAG2, STEVAL-STWINBX1, STM320518-EVAL, STM32C0116-DK, STM32C011D6Y3TR, STM32C011D6Y6TR, STM32C011F4P3, STM32C011F4P6, STM32C011F4U3, STM32C011F4U6TR, STM32C011F6P3, STM32C011F6P6, STM32C011F6U3, STM32C011F6U6TR, STM32C011J4M3, STM32C011J4M6, STM32C011J6M3, STM32C011J6M6, STM32C0316-DK, STM32C031C4T3, STM32C031C4T6, STM32C031C4U3, STM32C031C4U6, STM32C031C6T3, STM32C031C6T6, STM32C031C6U3, STM32C031C6U6, STM32C031F4P3, STM32C031F4P6, STM32C031F6P3, STM32C031F6P6, STM32C031G4U3, STM32C031G4U6, STM32C031G6U3, STM32C031G6U6, STM32C031K4T3, STM32C031K4T6, STM32C031K4U3, STM32C031K4U6, STM32C031K6T3, STM32C031K6T6, STM32C031K6U3, STM32C031K6U6, STM32C051C6T6, STM32C051C6U6, STM32C051C8T6, STM32C051C8U6, STM32C051D8Y6TR, STM32C051F6P6, STM32C051F8P6, STM32C051G6U6, STM32C051G8U6, STM32C051K6T6, STM32C051K6U6, STM32C051K8T6, STM32C071C8T6, STM32C071C8T6N, STM32C071C8U6, STM32C071C8U6N, STM32C071CBT6, STM32C071CBT6N, STM32C071CBU6, STM32C071CBU6N, STM32C071F8P6, STM32C071F8P6N, STM32C071FBP6, STM32C071FBP6N, STM32C071FBY6TR, STM32C071G8U6, STM32C071G8U6N, STM32C071GBU6, STM32C071GBU6N, STM32C071K8T6, STM32C071K8T6N, STM32C071K8U6, STM32C071K8U6N, STM32C071KBT6, STM32C071KBT6N, STM32C071KBU6, STM32C071KBU6N, STM32C071R8T6, STM32C071R8T6N, STM32C071RBI6N, STM32C071RBT6, STM32C071RBT6N, STM32C091CBT6, STM32C091CBU6, STM32C091CCT6, STM32C091CCU6, STM32C091ECY6TR, STM32C091FBP6, STM32C091FCP6, STM32C091GBU6, STM32C091GCU6, STM32C091KBT6, STM32C091KBU6, STM32C091KCT6, STM32C091KCU6, STM32C091RBT6, STM32C091RCI6, STM32C091RCT6, STM32C092CBT6, STM32C092CBU6, STM32C092CCT6, STM32C092CCU6, STM32C092ECY6TR, STM32C092FBP6, STM32C092FCP6, STM32C092GBU6, STM32C092GCU6, STM32C092KBT6, STM32C092KBU6, STM32C092KCT6, STM32C092KCU6, STM32C092RBT6, STM32C092RCI6, STM32C092RCT6, STM32G071K8TXN, STM32G071K8UXN, STM32G081GBU6N, STM32G081KBT6N, STM32G081KBUXN, STM32G0B1CCT6N, STM32G0B1KCT6, STM32G0B1NEY6TR, STM32G0B1RCT6N, STM32G0C1CCT6, STM32G0C1CCT6N, STM32G0C1CCU6N, STM32G0C1CET6N, STM32G0C1CEU6N, STM32G0C1KCT6, STM32G0C1NEY6TR, STM32G0C1RCI6N, STM32G0C1RCT6N, STM32G0C1REI6N, STM32G0C1RET6N, STM32G0C1VCI6, STM32G0C1VEI6, STM32G411C6T3, STM32G411C6T6, STM32G411C6U3, STM32G411C6U6, STM32G411C8T3, STM32G411C8T6, STM32G411C8U3, STM32G411C8U6, STM32G411CBT3, STM32G411CBT6, STM32G411CBU3, STM32G411CBU6, STM32G411K6T3, STM32G411K6T6, STM32G411K6U3, STM32G411K6U6, STM32G411K8T3, STM32G411K8T6, STM32G411K8U3, STM32G411K8U6, STM32G411KBT3, STM32G411KBT6, STM32G411KBU3, STM32G411KBU6, STM32G411M6T3, STM32G411M6T6, STM32G411M8T3, STM32G411M8T6, STM32G411MBT3, STM32G411MBT6, STM32G411R6T3, STM32G411R6T6, STM32G411R8T3, STM32G411R8T6, STM32G411RBT3, STM32G411RBT6, STM32G414CBT3, STM32G414CBT6, STM32G414CBU3, STM32G414CBU6, STM32G414CCT3, STM32G414CCT6, STM32G414CCU3, STM32G414CCU6, STM32G414MBT3, STM32G414MBT6, STM32G414MCT3, STM32G414MCT6, STM32G414RBT3, STM32G414RBT6, STM32G414RCT3, STM32G414RCT6, STM32G414VBT3, STM32G414VBT6, STM32G414VCT3, STM32G414VCT6, STM32G431CBT3Z, STM32G431RBT3Z, STM32G471CCT6, STM32G471CCU6, STM32G471CET3, STM32G471CET6, STM32G471CEU3, STM32G471CEU6, STM32G471MCT6, STM32G471MET3, STM32G471MET6, STM32G471MEY6TR, STM32G471QCT6, STM32G471QET3, STM32G471RCT6, STM32G471RET3, STM32G471RET6, STM32G471VCH6, STM32G471VCI6, STM32G471VCT6, STM32G471VEH3, STM32G471VEH6, STM32G471VEI3, STM32G471VEI6, STM32G471VET3, STM32G471VET6, STM32G473QET3Z, STM32G473RET3Z, STM32G474CCT6, STM32G491RET3Z, STM32H503CBT6, STM32H503CBU6, STM32H503EBY6TR, STM32H503KBU6, STM32H503RBT6, STM32H523CCT6, STM32H523CCU6, STM32H523CET6, STM32H523CEU6, STM32H523HEY6TR, STM32H523RCT6, STM32H523RET6, STM32H523VCI6, STM32H523VCT6, STM32H523VEI6, STM32H523VET6, STM32H523ZCJ6, STM32H523ZCT6, STM32H523ZEJ6, STM32H523ZET6, STM32H533CET6, STM32H533CEU6, STM32H533HEY6TR, STM32H533RET6, STM32H533VEI6, STM32H533VET6, STM32H533ZEJ6, STM32H533ZET6, STM32H562AGI6, STM32H562AII6, STM32H562IGK6, STM32H562IGT6, STM32H562IIK6, STM32H562IIT6, STM32H562RGT6, STM32H562RGV6, STM32H562RIT6, STM32H562RIV6, STM32H562VGT6, STM32H562VIT6, STM32H562ZGT6, STM32H562ZIT6, STM32H563AGI6, STM32H563AII3Q, STM32H563AII6, STM32H563IGK6, STM32H563IGT6, STM32H563IIK3Q, STM32H563IIK6, STM32H563IIT3Q, STM32H563IIT6, STM32H563MIY3QTR, STM32H563RGT6, STM32H563RGV6, STM32H563RIT6, STM32H563RIV6, STM32H563VGT6, STM32H563VIT3Q, STM32H563VIT6, STM32H563ZGT6, STM32H563ZIT3Q, STM32H563ZIT6, STM32H573AII3Q, STM32H573AII6, STM32H573I-DK, STM32H573IIK3Q, STM32H573IIK6, STM32H573IIT3Q, STM32H573IIT6, STM32H573MIY3QTR, STM32H573RIT6, STM32H573RIV6, STM32H573VIT3Q, STM32H573VIT6, STM32H573ZIT3Q, STM32H573ZIT6, STM32H7R3A8I6, STM32H7R3I8K6, STM32H7R3I8T6, STM32H7R3L8H6, STM32H7R3L8H6H, STM32H7R3R8V6, STM32H7R3V8H6, STM32H7R3V8T6, STM32H7R3V8Y6TR, STM32H7R3Z8J6, STM32H7R3Z8T6, STM32H7R7A8I6, STM32H7R7I8K6, STM32H7R7I8T6, STM32H7R7L8H6, STM32H7R7L8H6H, STM32H7R7Z8J6, STM32H7S3A8I6, STM32H7S3I8K6, STM32H7S3I8T6, STM32H7S3L8H6, STM32H7S3L8H6H, STM32H7S3R8V6, STM32H7S3V8H6, STM32H7S3V8T6, STM32H7S3V8Y6TR, STM32H7S3Z8J6, STM32H7S3Z8T6, STM32H7S78-DK, STM32H7S7A8I6, STM32H7S7I8K6, STM32H7S7I8T6, STM32H7S7L8H6, STM32H7S7L8H6H, STM32H7S7Z8J6, STM32L4R5QGI6STR, STM32MP131AAE3, STM32MP131AAF3, STM32MP131AAG3, STM32MP131CAE3, STM32MP131CAF3, STM32MP131CAG3, STM32MP131DAE7, STM32MP131DAF7, STM32MP131DAG7, STM32MP131FAE7, STM32MP131FAF7, STM32MP131FAG7, STM32MP133AAE3, STM32MP133AAF3, STM32MP133AAG3, STM32MP133CAE3, STM32MP133CAF3, STM32MP133CAG3, STM32MP133DAE7, STM32MP133DAF7, STM32MP133DAG7, STM32MP133FAE7, STM32MP133FAF7, STM32MP133FAG7, STM32MP135AAE3, STM32MP135AAF3, STM32MP135AAG3, STM32MP135CAE3, STM32MP135CAF3, STM32MP135CAG3, STM32MP135DAE7, STM32MP135DAF7, STM32MP135DAG7, STM32MP135F-DK, STM32MP135FAE7, STM32MP135FAF7, STM32MP135FAF7T, STM32MP135FAF7U, STM32MP135FAG7, STM32MP211AAL3, STM32MP211AAM3, STM32MP211AAN3, STM32MP211AAO3, STM32MP211CAL3, STM32MP211CAM3, STM32MP211CAN3, STM32MP211CAO3, STM32MP211DAL3, STM32MP211DAM3, STM32MP211DAN3, STM32MP211DAO3, STM32MP211FAL3, STM32MP211FAM3, STM32MP211FAN3, STM32MP211FAO3, STM32MP213AAL3, STM32MP213AAM3, STM32MP213AAN3, STM32MP213AAO3, STM32MP213CAL3, STM32MP213CAM3, STM32MP213CAN3, STM32MP213CAO3, STM32MP213DAL3, STM32MP213DAM3, STM32MP213DAN3, STM32MP213DAO3, STM32MP213FAL3, STM32MP213FAM3, STM32MP213FAN3, STM32MP213FAO3, STM32MP215AAL3, STM32MP215AAM3, STM32MP215AAN3, STM32MP215AAO3, STM32MP215CAL3, STM32MP215CAM3, STM32MP215CAN3, STM32MP215CAO3, STM32MP215DAL3, STM32MP215DAM3, STM32MP215DAN3, STM32MP215DAO3, STM32MP215F-DK, STM32MP215FAL3, STM32MP215FAM3, STM32MP215FAN3, STM32MP215FAO3, STM32MP231AAJ3, STM32MP231AAK3, STM32MP231AAL3, STM32MP231CAJ3, STM32MP231CAK3, STM32MP231CAL3, STM32MP231DAJ3, STM32MP231DAK3, STM32MP231DAL3, STM32MP231FAJ3, STM32MP231FAK3, STM32MP231FAL3, STM32MP233AAJ3, STM32MP233AAK3, STM32MP233AAL3, STM32MP233CAJ3, STM32MP233CAK3, STM32MP233CAL3, STM32MP233DAJ3, STM32MP233DAK3, STM32MP233DAL3, STM32MP233FAJ3, STM32MP233FAK3, STM32MP233FAL3, STM32MP235AAJ3, STM32MP235AAK3, STM32MP235AAL3, STM32MP235CAJ3, STM32MP235CAK3, STM32MP235CAL3, STM32MP235DAJ3, STM32MP235DAK3, STM32MP235DAL3, STM32MP235FAJ3, STM32MP235FAK3, STM32MP235FAL3, STM32MP251AAI3, STM32MP251AAK3, STM32MP251AAL3, STM32MP251CAI3, STM32MP251CAK3, STM32MP251CAL3, STM32MP251DAI3, STM32MP251DAK3, STM32MP251DAL3, STM32MP251FAI3, STM32MP251FAK3, STM32MP251FAL3, STM32MP253AAI3, STM32MP253AAK3, STM32MP253AAL3, STM32MP253CAI3, STM32MP253CAK3, STM32MP253CAL3, STM32MP253DAI3, STM32MP253DAK3, STM32MP253DAL3, STM32MP253FAI3, STM32MP253FAK3, STM32MP253FAL3, STM32MP255AAI3, STM32MP255AAK3, STM32MP255AAL3, STM32MP255CAI3, STM32MP255CAK3, STM32MP255CAL3, STM32MP255DAI3, STM32MP255DAK3, STM32MP255DAL3, STM32MP255FAI3, STM32MP255FAK3, STM32MP255FAL3, STM32MP257AAI3, STM32MP257AAK3, STM32MP257AAL3, STM32MP257CAI3, STM32MP257CAK3, STM32MP257CAL3, STM32MP257DAI3, STM32MP257DAK3, STM32MP257DAL3, STM32MP257F-DK, STM32MP257F-EV1, STM32MP257FAI3, STM32MP257FAK3, STM32MP257FAL3, STM32N645A0H3Q, STM32N645B0H3Q, STM32N645I0H3Q, STM32N645L0H3Q, STM32N645X0H3Q, STM32N645Z0H3Q, STM32N647A0H3Q, STM32N647B0H3Q, STM32N647I0H3Q, STM32N647L0H3Q, STM32N647X0H3Q, STM32N647Z0H3Q, STM32N655A0H3Q, STM32N655B0H3Q, STM32N655I0H3Q, STM32N655L0H3Q, STM32N655X0H3Q, STM32N655Z0H3Q, STM32N6570-DK, STM32N657A0H3Q, STM32N657B0H3Q, STM32N657I0H3Q, STM32N657L0H3Q, STM32N657X0H3Q, STM32N657Z0H3Q, STM32U031C6T6, STM32U031C6U6, STM32U031C8T6, STM32U031C8U6, STM32U031F4P6, STM32U031F6P6, STM32U031F8P6, STM32U031G6Y6TR, STM32U031G8Y6TR, STM32U031K4U6, STM32U031K6U6, STM32U031K8U6, STM32U031R6I6, STM32U031R6T6, STM32U031R8I6, STM32U031R8T6, STM32U073C8T6, STM32U073C8U6, STM32U073CBT6, STM32U073CBU6, STM32U073CCT6, STM32U073CCU6, STM32U073H8Y6TR, STM32U073HBY6TR, STM32U073HCY6TR, STM32U073K8U6, STM32U073KBU6, STM32U073KCU6, STM32U073M8I6, STM32U073M8T6, STM32U073MBI6, STM32U073MBT6, STM32U073MCI6, STM32U073MCT6, STM32U073R8I6, STM32U073R8T6, STM32U073RBI6, STM32U073RBT6, STM32U073RCI6, STM32U073RCT6, STM32U083C-DK, STM32U083CCT6, STM32U083CCU6, STM32U083HCY6TR, STM32U083KCU6, STM32U083MCI6, STM32U083MCT6, STM32U083RCI6, STM32U083RCT6, STM32U375CET6, STM32U375CET6Q, STM32U375CEU6, STM32U375CEU6Q, STM32U375CEY6QTR, STM32U375CGT6, STM32U375CGT6Q, STM32U375CGU6, STM32U375CGU6Q, STM32U375CGY6QTR, STM32U375KEU6, STM32U375KGU6, STM32U375REI6, STM32U375REI6Q, STM32U375RET6, STM32U375RET6Q, STM32U375REY6GTR, STM32U375REY6QTR, STM32U375RGI6, STM32U375RGI6Q, STM32U375RGT6, STM32U375RGT6Q, STM32U375RGY6GTR, STM32U375RGY6QTR, STM32U375VEI6, STM32U375VEI6Q, STM32U375VET6, STM32U375VET6Q, STM32U375VGI6, STM32U375VGI6Q, STM32U375VGT6, STM32U375VGT6Q, STM32U385CGT6, STM32U385CGT6Q, STM32U385CGU6, STM32U385CGU6Q, STM32U385CGY6QTR, STM32U385KGU6, STM32U385RGI6, STM32U385RGI6Q, STM32U385RGT6, STM32U385RGT6Q, STM32U385RGY6GTR, STM32U385RGY6QTR, STM32U385VGI6, STM32U385VGI6Q, STM32U385VGT6, STM32U385VGT6Q, STM32U535CBT6, STM32U535CBT6Q, STM32U535CBU6, STM32U535CBU6Q, STM32U535CCT6, STM32U535CCT6Q, STM32U535CCU6, STM32U535CCU6Q, STM32U535CET6, STM32U535CET6Q, STM32U535CEU6, STM32U535CEU6Q, STM32U535JEY6QTR, STM32U535NCY6QTR, STM32U535NEY6QTR, STM32U535RBI6, STM32U535RBI6Q, STM32U535RBT6, STM32U535RBT6Q, STM32U535RCI6, STM32U535RCI6Q, STM32U535RCT6, STM32U535RCT6Q, STM32U535REI6, STM32U535REI6Q, STM32U535RET6, STM32U535RET6Q, STM32U535VCI6, STM32U535VCI6Q, STM32U535VCT6, STM32U535VCT6Q, STM32U535VEI6, STM32U535VEI6Q, STM32U535VET6, STM32U535VET6Q, STM32U545CET6, STM32U545CET6Q, STM32U545CEU6, STM32U545CEU6Q, STM32U545JEY6QTR, STM32U545NEY6QTR, STM32U545REI6, STM32U545REI6Q, STM32U545RET6, STM32U545RET6Q, STM32U545VEI6, STM32U545VEI6Q, STM32U545VET6, STM32U545VET6Q, STM32U595AIH6, STM32U595AIH6Q, STM32U595AJH6, STM32U595AJH6Q, STM32U595QII6, STM32U595QII6Q, STM32U595QJI6, STM32U595QJI6Q, STM32U595RIT6, STM32U595RIT6Q, STM32U595RJT6, STM32U595RJT6Q, STM32U595VIT6, STM32U595VIT6Q, STM32U595VJT6, STM32U595VJT6Q, STM32U595ZIT6, STM32U595ZIT6Q, STM32U595ZIY6QTR, STM32U595ZJT6, STM32U595ZJT6Q, STM32U595ZJY6QTR, STM32U599BJY6QTR, STM32U599NIH6Q, STM32U599NJH6Q, STM32U599VIT6Q, STM32U599VJT6, STM32U599VJT6Q, STM32U599ZIT6Q, STM32U599ZIY6QTR, STM32U599ZJT6Q, STM32U599ZJY6QTR, STM32U5A5AJH6, STM32U5A5AJH6Q, STM32U5A5QII3Q , STM32U5A5QJI6, STM32U5A5QJI6Q, STM32U5A5RJT6, STM32U5A5RJT6Q, STM32U5A5VJT6, STM32U5A5VJT6Q, STM32U5A5ZJT6, STM32U5A5ZJT6Q, STM32U5A5ZJY6QTR, STM32U5A9BJY6QTR, STM32U5A9J-DK, STM32U5A9NJH6Q, STM32U5A9VJT6Q, STM32U5A9ZJT6Q, STM32U5A9ZJY6QTR, STM32U5F7VIT6, STM32U5F7VIT6Q, STM32U5F7VJT6, STM32U5F7VJT6Q, STM32U5F9BJY6QTR, STM32U5F9NJH6Q, STM32U5F9VIT6Q, STM32U5F9VJT6Q, STM32U5F9ZIJ6QTR, STM32U5F9ZIT6Q, STM32U5F9ZJJ6QTR, STM32U5F9ZJT6Q, STM32U5G7VJT6, STM32U5G7VJT6Q, STM32U5G9BJY6QTR, STM32U5G9J-DK1, STM32U5G9J-DK2, STM32U5G9NJH6Q, STM32U5G9VJT6Q, STM32U5G9ZJJ6QTR, STM32U5G9ZJT6Q, STM32WB05KZV6TR, STM32WB05KZV7TR, STM32WB05TZF6TR, STM32WB05TZF7TR, STM32WB06CCF6TR, STM32WB06CCF7TR, STM32WB06CCV6TR, STM32WB06CCV7TR, STM32WB06KCV6TR, STM32WB06KCV7TR, STM32WB07CCF6TR, STM32WB07CCF7TR, STM32WB07CCV6TR, STM32WB07CCV7TR, STM32WB07KCV6TR, STM32WB07KCV7TR, STM32WB09KEV6TR, STM32WB09KEV7TR, STM32WB09TEF6TR, STM32WB09TEF7TR, STM32WB1MMCH6, STM32WBA50KGU6, STM32WBA50KGU6TR, STM32WBA52CEU6, STM32WBA52CEU6TR, STM32WBA52CEU7, STM32WBA52CEU7TR, STM32WBA52CGU6, STM32WBA52CGU6TR, STM32WBA52CGU6U, STM32WBA52CGU7, STM32WBA52CGU7TR, STM32WBA52KEU6, STM32WBA52KEU6TR, STM32WBA52KGU6, STM32WBA52KGU6TR, STM32WBA54CEU6, STM32WBA54CEU6TR, STM32WBA54CEU7, STM32WBA54CEU7TR, STM32WBA54CGU6, STM32WBA54CGU6TR, STM32WBA54CGU7, STM32WBA54CGU7TR, STM32WBA54KEU6, STM32WBA54KEU6TR, STM32WBA54KEU7, STM32WBA54KEU7TR, STM32WBA54KGU6, STM32WBA54KGU6TR, STM32WBA54KGU7, STM32WBA54KGU7TR, STM32WBA55CEU6, STM32WBA55CEU6TR, STM32WBA55CEU7, STM32WBA55CEU7TR, STM32WBA55CGU6, STM32WBA55CGU6TR, STM32WBA55CGU6U, STM32WBA55CGU7, STM32WBA55CGU7TR, STM32WBA55G-DK1, STM32WBA55HEF6, STM32WBA55HEF7, STM32WBA55HGF6, STM32WBA55HGF7, STM32WBA55UEI6, STM32WBA55UEI6TR, STM32WBA55UEI7, STM32WBA55UEI7TR, STM32WBA55UGI6, STM32WBA55UGI6TR, STM32WBA55UGI7, STM32WBA55UGI7TR, STM32WBA5MMGH6TR, STM32WBA62MGF6, STM32WBA62MIF6, STM32WBA65MGF7, STM32WBA65MIF6, STM32WBA65MIF7, STM32WL30K8V6, STM32WL30KBV6, STM32WL31C8V6, STM32WL31CBV6, STM32WL31K8V6, STM32WL31KBV6, STM32WL33C8V6, STM32WL33C8V6X, STM32WL33CBV6, STM32WL33CBV6X, STM32WL33CCV6, STM32WL33CCV6A, STM32WL33CCV6X, STM32WL33K8V7, STM32WL33K8V7X, STM32WL33KBV7 , STM32WL33KBV7X, STM32WL33KCV7, STM32WL33KCV7X, STM32WL5MOCH6, STM32WL5MOCH6TR]
2026-05-11 16:04:52,537 [INFO] BoardInfo:889 - No configuration file found for board NUCLEO-H5E5ZJ
2026-05-11 16:04:52,539 [INFO] DbBoards:161 - Board is not supported: NUCLEO-H5E5ZJ
2026-05-11 16:04:52,615 [INFO] BoardInfo:889 - No configuration file found for board NUCLEO-U3C5ZI-Q
2026-05-11 16:04:52,617 [INFO] DbBoards:161 - Board is not supported: NUCLEO-U3C5ZI-Q
2026-05-11 16:04:52,637 [INFO] BoardInfo:889 - No configuration file found for board NUCLEO-WBA25CE1
2026-05-11 16:04:52,639 [INFO] DbBoards:161 - Board is not supported: NUCLEO-WBA25CE1
2026-05-11 16:04:52,652 [INFO] BoardInfo:889 - No configuration file found for board NUCLEO-WL3RKB1
2026-05-11 16:04:52,653 [INFO] DbBoards:161 - Board is not supported: NUCLEO-WL3RKB1
2026-05-11 16:04:52,654 [INFO] BoardInfo:889 - No configuration file found for board NUCLEO-WL3RKB2
2026-05-11 16:04:52,656 [INFO] DbBoards:161 - Board is not supported: NUCLEO-WL3RKB2
2026-05-11 16:04:52,667 [INFO] BoardInfo:889 - No configuration file found for board P-NUCLEO-WB55
2026-05-11 16:04:52,668 [INFO] DbBoards:161 - Kit is not supported: P-NUCLEO-WB55
2026-05-11 16:04:52,676 [INFO] BoardInfo:889 - No configuration file found for board STEVAL-BFA001V1B
2026-05-11 16:04:52,678 [INFO] DbBoards:161 - Kit is not supported: STEVAL-BFA001V1B
2026-05-11 16:04:52,679 [INFO] BoardInfo:889 - No configuration file found for board STEVAL-BFA001V2B
2026-05-11 16:04:52,679 [INFO] DbBoards:161 - Kit is not supported: STEVAL-BFA001V2B
2026-05-11 16:04:52,825 [INFO] BoardInfo:889 - No configuration file found for board STM32H5F5J-DK
2026-05-11 16:04:52,826 [INFO] DbBoards:161 - Board is not supported: STM32H5F5J-DK
2026-05-11 16:04:52,934 [INFO] DbBoards:168 - Found 218 boards, 209 are supported
2026-05-11 16:04:52,934 [INFO] DbBoards:169 - Found 218 boards, 43 of them is supported for  Bsp
2026-05-11 16:04:52,936 [INFO] ApiDb:423 - Load user favorites file C:\Users\jahna/.stm32cubeide/favorites.boards.txt: 0 item(s)
2026-05-11 16:04:52,936 [INFO] ApiDb:427 - User favorites Boards=[]
2026-05-11 16:04:52,936 [INFO] DbBoards:198 - Set 0 / 0 favorites Boards
2026-05-11 16:04:52,973 [ERROR] TargetSelectorAdapter:267 - Unable to refresh data
2026-05-11 16:04:53,104 [INFO] McuFinderGlobals:76 - Set McuFinderConnectedMode to true
2026-05-11 16:04:53,107 [INFO] MultiScanPanel:200 - Auto-refresh data requested => check proxy status ongoing
2026-05-11 16:04:53,108 [INFO] FinderPluginLoader:96 - Searching for filters in installed packs
2026-05-11 16:04:54,232 [INFO] LoadUrlFilesThread:185 - End of LoadServerUrlFiles without Thread
2026-05-11 16:04:54,233 [INFO] DetailPanel:341 - Set advertising image to C:/Users/jahna/STM32Cube/Repository/\en.prom-stm32wba2-stm32-nucleo-board-0426.png
2026-05-11 16:04:54,735 [INFO] MultiScanPanel:728 - adjusting invalid saved split location: -0.1
2026-05-11 16:04:54,937 [INFO] MultiScanPanel:728 - adjusting invalid saved split location: -0.1
2026-05-11 16:07:03,125 [INFO] MultiScanPanel:200 - Auto-refresh data requested => check proxy status ongoing
2026-05-11 16:07:03,219 [INFO] LoadUrlFilesThread:185 - End of LoadServerUrlFiles without Thread
2026-05-11 16:07:03,219 [INFO] DetailPanel:341 - Set advertising image to C:/Users/jahna/STM32Cube/Repository/\en.prom-stm32wba2-stm32-nucleo-board-0426.png
2026-05-11 16:07:03,232 [INFO] DbBoards:642 - Loading board mini-images...
2026-05-11 16:07:06,238 [INFO] DbBoards:665 - Loaded 218 board mini-images
2026-05-11 16:07:32,598 [INFO] MainUpdater:2872 - connection check result : 10
2026-05-11 16:07:32,598 [INFO] MainUpdater:2872 - connection check result : 10
2026-05-11 16:07:34,133 [INFO] MicroXplorer:468 - Change Database Path : 
2026-05-11 16:07:34,133 [INFO] MicroXplorer:498 - Change Database Version : DB.6.0.150
2026-05-11 16:07:34,190 [ERROR] ProjectManagerView:395 - 
java.lang.NullPointerException: Cannot invoke "javax.swing.JTextField.getText()" because the return value of "java.util.List.get(int)" is null
	at com.st.microxplorer.plugins.projectmanager.gui.ProjectChoiceTab$9.caretUpdate(ProjectChoiceTab.java:2706) ~[filemanager.jar:?]
	at javax.swing.text.JTextComponent.fireCaretUpdate(JTextComponent.java:408) ~[?:?]
	at javax.swing.text.JTextComponent$MutableCaretEvent.fire(JTextComponent.java:4484) ~[?:?]
	at javax.swing.text.JTextComponent$MutableCaretEvent.stateChanged(JTextComponent.java:4506) ~[?:?]
	at javax.swing.text.DefaultCaret.fireStateChanged(DefaultCaret.java:857) ~[?:?]
	at javax.swing.text.DefaultCaret.changeCaretPosition(DefaultCaret.java:1343) ~[?:?]
	at javax.swing.text.DefaultCaret.handleSetDot(DefaultCaret.java:1242) ~[?:?]
	at javax.swing.text.DefaultCaret.setDot(DefaultCaret.java:1223) ~[?:?]
	at javax.swing.text.DefaultCaret$Handler.insertUpdate(DefaultCaret.java:1819) ~[?:?]
	at javax.swing.text.AbstractDocument.fireInsertUpdate(AbstractDocument.java:227) ~[?:?]
	at javax.swing.text.AbstractDocument.handleInsertString(AbstractDocument.java:781) ~[?:?]
	at javax.swing.text.AbstractDocument.insertString(AbstractDocument.java:740) ~[?:?]
	at javax.swing.text.PlainDocument.insertString(PlainDocument.java:131) ~[?:?]
	at javax.swing.text.AbstractDocument.replace(AbstractDocument.java:699) ~[?:?]
	at javax.swing.text.JTextComponent.setText(JTextComponent.java:1725) ~[?:?]
	at com.st.microxplorer.plugins.projectmanager.gui.ProjectChoiceTab.createHeapStackFields(ProjectChoiceTab.java:993) ~[filemanager.jar:?]
	at com.st.microxplorer.plugins.projectmanager.gui.ProjectChoiceTab.buildLinkSettingsPanel(ProjectChoiceTab.java:3813) ~[filemanager.jar:?]
	at com.st.microxplorer.plugins.projectmanager.gui.ProjectChoiceTab.defineWindowsFields(ProjectChoiceTab.java:1987) ~[filemanager.jar:?]
	at com.st.microxplorer.plugins.projectmanager.gui.ProjectChoiceTab.updateSettings(ProjectChoiceTab.java:558) ~[filemanager.jar:?]
	at com.st.microxplorer.plugins.projectmanager.gui.ProjectSettingsPanel.UpdateDialog(ProjectSettingsPanel.java:247) ~[filemanager.jar:?]
	at com.st.microxplorer.plugins.projectmanager.ProjectManagerView.propertyChange(ProjectManagerView.java:392) ~[filemanager.jar:?]
	at java.beans.PropertyChangeSupport.fire(PropertyChangeSupport.java:343) ~[?:?]
	at java.beans.PropertyChangeSupport.firePropertyChange(PropertyChangeSupport.java:335) ~[?:?]
	at java.beans.PropertyChangeSupport.firePropertyChange(PropertyChangeSupport.java:268) ~[?:?]
	at com.st.microxplorer.util.MXPropertyChangeSupport.firePropertyChange(MXPropertyChangeSupport.java:54) ~[STM32CubeMX.jar:?]
	at com.st.microxplorer.mxsystem.MxSystem.closeConfig(MxSystem.java:899) ~[STM32CubeMX.jar:?]
	at com.st.microxplorer.maingui.MainPanel.closeConfig(MainPanel.java:792) ~[STM32CubeMX.jar:?]
	at com.st.microxplorer.plugins.filemanager.engine.OpenFileManager.loadConfigurationFile(OpenFileManager.java:288) ~[filemanager.jar:?]
	at com.st.microxplorer.plugins.filemanager.engine.MainFileManager.userLoadConfig(MainFileManager.java:364) ~[filemanager.jar:?]
	at com.st.microxplorer.plugins.filemanager.FileManagerView.getSpecificTask(FileManagerView.java:268) ~[filemanager.jar:?]
	at com.st.stm32cube.common.mx.editor.CubeMxEditor.getMxTabbedPaneInstance(CubeMxEditor.java:1191) ~[com.st.stm32cube.common.mx_6.15.0.202507011659/:?]
	at com.st.stm32cube.common.mx.editor.CubeMxEditor$12$1.createSwingComponent(CubeMxEditor.java:1068) ~[com.st.stm32cube.common.mx_6.15.0.202507011659/:?]
	at com.st.stm32cube.common.mx.oss.core.awtswtbridge.EmbeddedSwingComposite.doComponentCreation(EmbeddedSwingComposite.java:492) ~[com.st.stm32cube.common.mx.oss_6.15.0.202507011659/:?]
	at com.st.stm32cube.common.mx.oss.core.awtswtbridge.EmbeddedSwingComposite$4.run(EmbeddedSwingComposite.java:291) ~[com.st.stm32cube.common.mx.oss_6.15.0.202507011659/:?]
	at com.st.stm32cube.common.mx.oss.core.awtswtbridge.AwtEnvironment$2.run(AwtEnvironment.java:166) ~[com.st.stm32cube.common.mx.oss_6.15.0.202507011659/:?]
	at java.awt.event.InvocationEvent.dispatch(InvocationEvent.java:318) ~[?:?]
	at java.awt.EventQueue.dispatchEventImpl(EventQueue.java:773) ~[?:?]
	at java.awt.EventQueue$4.run(EventQueue.java:720) ~[?:?]
	at java.awt.EventQueue$4.run(EventQueue.java:714) ~[?:?]
	at java.security.AccessController.doPrivileged(AccessController.java:400) ~[?:?]
	at java.security.ProtectionDomain$JavaSecurityAccessImpl.doIntersectionPrivilege(ProtectionDomain.java:87) ~[?:?]
	at java.awt.EventQueue.dispatchEvent(EventQueue.java:742) ~[?:?]
	at java.awt.EventDispatchThread.pumpOneEventForFilters(EventDispatchThread.java:203) ~[?:?]
	at java.awt.EventDispatchThread.pumpEventsForFilter(EventDispatchThread.java:124) ~[?:?]
	at java.awt.EventDispatchThread.pumpEventsForHierarchy(EventDispatchThread.java:113) ~[?:?]
	at java.awt.EventDispatchThread.pumpEvents(EventDispatchThread.java:109) ~[?:?]
	at java.awt.EventDispatchThread.pumpEvents(EventDispatchThread.java:101) ~[?:?]
	at java.awt.EventDispatchThread.run(EventDispatchThread.java:90) ~[?:?]
2026-05-11 16:07:34,217 [WARN] ThirdParty:871 - waiting for thirdparty lock release [close project]
2026-05-11 16:07:34,217 [INFO] ThirdParty:873 - entering critical section [close project]
2026-05-11 16:07:34,217 [INFO] ThirdParty:883 - exiting critical section [close project]
2026-05-11 16:07:34,219 [INFO] PinOutPanel:1589 - setPackage(No Configuration,No Configuration)
2026-05-11 16:07:34,301 [INFO] UtilMem:75 - Begin LoadConfig() Used Memory: 742958536 Bytes (1073741824)
2026-05-11 16:07:34,304 [INFO] OpenFileManager:355 - Change cursor
2026-05-11 16:07:34,380 [INFO] RulesReader:64 - Compatibility file has been processed (317 Rules)
2026-05-11 16:07:34,394 [INFO] ProjectFactory:514 - No CPN specified for board STM32L0538-DISCO => set CPN to STM32L053C8T6
2026-05-11 16:07:34,394 [INFO] Mcu:2029 - Initializing MCU STM32L053C(6-8)Tx STM32L053C8Tx STM32L053C8T6
2026-05-11 16:07:36,598 [INFO] Context:786 - Trying to add GPIOservice into a context  which must be forbidden
2026-05-11 16:07:37,701 [INFO] Rule:233 - rule 117617 - U5Cobra4M][GTZC] default value MPCBB3 and MPCBB5 - Not Secured memory - MPCBB1 is applicable
2026-05-11 16:07:37,703 [INFO] Rule:233 - rule 117617 - U5Cobra4M][GTZC] default value MPCBB3 and MPCBB5 - Not Secured memory - MPCBB1 is applicable
2026-05-11 16:07:37,703 [INFO] Rule:233 - rule 117617 - U5Cobra4M][GTZC] default value MPCBB3 and MPCBB5 - Not Secured memory - MPCBB2 is applicable
2026-05-11 16:07:37,703 [INFO] Rule:233 - rule 117617 - U5Cobra4M][GTZC] default value MPCBB3 and MPCBB5 - Not Secured memory - MPCBB2 is applicable
2026-05-11 16:07:37,703 [INFO] Rule:233 - rule 117617 - U5Cobra4M][GTZC] default value MPCBB3 and MPCBB5 - Not Secured memory - MPCBB3 is applicable
2026-05-11 16:07:37,703 [INFO] Rule:233 - rule 117617 - U5Cobra4M][GTZC] default value MPCBB3 and MPCBB5 - Not Secured memory - MPCBB3 is applicable
2026-05-11 16:07:37,703 [INFO] Rule:233 - rule 117617 - U5Cobra4M][GTZC] default value MPCBB3 and MPCBB5 - Not Secured memory - MPCBB4 is applicable
2026-05-11 16:07:37,703 [INFO] Rule:233 - rule 117617 - U5Cobra4M][GTZC] default value MPCBB3 and MPCBB5 - Not Secured memory - MPCBB4 is applicable
2026-05-11 16:07:37,703 [INFO] Rule:233 - rule 117617 - U5Cobra4M][GTZC] default value MPCBB3 and MPCBB5 - Secured memory - MPCBB1 is applicable
2026-05-11 16:07:37,703 [INFO] Rule:233 - rule 117617 - U5Cobra4M][GTZC] default value MPCBB3 and MPCBB5 - Secured memory - MPCBB2 is applicable
2026-05-11 16:07:37,703 [INFO] Rule:233 - rule 117617 - U5Cobra4M][GTZC] default value MPCBB3 and MPCBB5 - Secured memory - MPCBB3 is applicable
2026-05-11 16:07:37,703 [INFO] Rule:233 - rule 117617 - U5Cobra4M][GTZC] default value MPCBB3 and MPCBB5 - Secured memory - MPCBB4 is applicable
2026-05-11 16:07:37,703 [INFO] Rule:233 - rule 117617 - U5Cobra4M][GTZC] default value MPCBB3 and MPCBB5 - Privileged memory - MPCBB1 is applicable
2026-05-11 16:07:37,704 [INFO] Rule:233 - rule 117617 - U5Cobra4M][GTZC] default value MPCBB3 and MPCBB5 - Privileged memory - MPCBB2 is applicable
2026-05-11 16:07:37,704 [INFO] Rule:233 - rule 117617 - U5Cobra4M][GTZC] default value MPCBB3 and MPCBB5 - Privileged memory - MPCBB3 is applicable
2026-05-11 16:07:37,704 [INFO] Rule:233 - rule 117617 - U5Cobra4M][GTZC] default value MPCBB3 and MPCBB5 - Privileged memory - MPCBB4 is applicable
2026-05-11 16:07:37,704 [INFO] Rule:233 - rule 117617 - U5Cobra4M][GTZC] default value MPCBB3 and MPCBB5 - Not Privileged memory - MPCBB1 is applicable
2026-05-11 16:07:37,704 [INFO] Rule:233 - rule 117617 - U5Cobra4M][GTZC] default value MPCBB3 and MPCBB5 - Not Privileged memory - MPCBB2 is applicable
2026-05-11 16:07:37,704 [INFO] Rule:233 - rule 117617 - U5Cobra4M][GTZC] default value MPCBB3 and MPCBB5 - Not Privileged memory - MPCBB3 is applicable
2026-05-11 16:07:37,704 [INFO] Rule:233 - rule 117617 - U5Cobra4M][GTZC] default value MPCBB3 and MPCBB5 - Not Privileged memory - MPCBB4 is applicable
2026-05-11 16:07:37,704 [INFO] Rule:233 - rule 117617 - U5Cobra4M][GTZC] default value MPCBB3 and MPCBB5 - Privileged memory - MPCBB1 is applicable
2026-05-11 16:07:37,704 [INFO] Rule:233 - rule 117617 - U5Cobra4M][GTZC] default value MPCBB3 and MPCBB5 - Privileged memory - MPCBB2 is applicable
2026-05-11 16:07:37,704 [INFO] Rule:233 - rule 117617 - U5Cobra4M][GTZC] default value MPCBB3 and MPCBB5 - Privileged memory - MPCBB3 is applicable
2026-05-11 16:07:37,704 [INFO] Rule:233 - rule 117617 - U5Cobra4M][GTZC] default value MPCBB3 and MPCBB5 - Privileged memory - MPCBB4 is applicable
2026-05-11 16:07:37,704 [INFO] Rule:233 - rule 117617 - U5Cobra4M][GTZC] default value MPCBB3 and MPCBB5 - Privileged memory - MPCBB1 is applicable
2026-05-11 16:07:37,704 [INFO] Rule:233 - rule 117617 - U5Cobra4M][GTZC] default value MPCBB3 and MPCBB5 - Privileged memory - MPCBB2 is applicable
2026-05-11 16:07:37,704 [INFO] Rule:233 - rule 117617 - U5Cobra4M][GTZC] default value MPCBB3 and MPCBB5 - Privileged memory - MPCBB3 is applicable
2026-05-11 16:07:37,704 [INFO] Rule:233 - rule 117617 - U5Cobra4M][GTZC] default value MPCBB3 and MPCBB5 - Privileged memory - MPCBB4 is applicable
2026-05-11 16:07:37,704 [INFO] Rule:233 - rule 117617 - U5Cobra4M][GTZC] default value MPCBB3 and MPCBB5 - Not Privileged memory - MPCBB1 is applicable
2026-05-11 16:07:37,704 [INFO] Rule:233 - rule 117617 - U5Cobra4M][GTZC] default value MPCBB3 and MPCBB5 - Not Privileged memory - MPCBB2 is applicable
2026-05-11 16:07:37,704 [INFO] Rule:233 - rule 117617 - U5Cobra4M][GTZC] default value MPCBB3 and MPCBB5 - Not Privileged memory - MPCBB3 is applicable
2026-05-11 16:07:37,705 [INFO] Rule:233 - rule 117617 - U5Cobra4M][GTZC] default value MPCBB3 and MPCBB5 - Not Privileged memory - MPCBB4 is applicable
2026-05-11 16:07:37,705 [INFO] Rule:233 - rule 117617 - U5Cobra4M][GTZC] default value MPCBB3 and MPCBB5 - Privileged memory - MPCBB1 is applicable
2026-05-11 16:07:37,705 [INFO] Rule:233 - rule 117617 - U5Cobra4M][GTZC] default value MPCBB3 and MPCBB5 - Privileged memory - MPCBB2 is applicable
2026-05-11 16:07:37,705 [INFO] Rule:233 - rule 117617 - U5Cobra4M][GTZC] default value MPCBB3 and MPCBB5 - Privileged memory - MPCBB3 is applicable
2026-05-11 16:07:37,705 [INFO] Rule:233 - rule 117617 - U5Cobra4M][GTZC] default value MPCBB3 and MPCBB5 - Privileged memory - MPCBB4 is applicable
2026-05-11 16:07:37,705 [INFO] Rule:233 - rule Rename SubGHz_Phy SUBGHZ_APPLICATION SUBGHZ_PINGPONG to SUBGHZ_ADV_APPLICATION is applicable
2026-05-11 16:07:37,705 [INFO] Rule:233 - rule Rename Enabled to IBEACON is applicable
2026-05-11 16:07:37,705 [INFO] Rule:233 - rule GTZC_S instance for project manager is applicable
2026-05-11 16:07:37,705 [INFO] Rule:233 - rule GTZC_S instance for context M33S is applicable
2026-05-11 16:07:37,705 [INFO] Rule:233 - rule GTZC_S instance value for IP GTZC is applicable
2026-05-11 16:07:37,705 [INFO] Rule:233 - rule GTZC_S instance for mcu.IP is applicable
2026-05-11 16:07:37,705 [INFO] Rule:233 - rule GTZC_S instance for VP is applicable
2026-05-11 16:07:37,705 [INFO] Rule:233 - rule GTZC_S instance for signal is applicable
2026-05-11 16:07:37,705 [INFO] Rule:233 - rule GTZC_S instance for mcu.Pin is applicable
2026-05-11 16:07:37,705 [INFO] Rule:233 - rule GTZC_S instance for VP is applicable
2026-05-11 16:07:37,705 [INFO] Rule:233 - rule GTZC_S instance for signal is applicable
2026-05-11 16:07:37,706 [INFO] Rule:233 - rule GTZC_S instance for mcu is applicable
2026-05-11 16:07:37,706 [INFO] Rule:233 - rule GTZC_S instance for mcu.Pin is applicable
2026-05-11 16:07:37,706 [INFO] Rule:233 - rule GTZC_S instance value for IP GTZC is applicable
2026-05-11 16:07:37,706 [INFO] Rule:233 - rule GTZC_S instance for project manager is applicable
2026-05-11 16:07:37,706 [INFO] Rule:233 - rule GTZC_S instance for context M33S is applicable
2026-05-11 16:07:37,706 [INFO] Rule:233 - rule GTZC_S instance for VP is applicable
2026-05-11 16:07:37,706 [INFO] Rule:233 - rule GTZC_S instance for signal is applicable
2026-05-11 16:07:37,706 [INFO] Rule:233 - rule SPDIFRX instance for mcu is applicable
2026-05-11 16:07:37,706 [INFO] Rule:233 - rule Rename Tracer Mode is applicable
2026-05-11 16:07:37,706 [INFO] Rule:233 - rule SPDIFRX instance value for IP SPDIFRX is applicable
2026-05-11 16:07:37,706 [INFO] Rule:233 - rule SPDIFRX instance for signal is applicable
2026-05-11 16:07:37,706 [INFO] Rule:233 - rule SPDIFRX instance for project manager is applicable
2026-05-11 16:07:37,706 [INFO] Rule:233 - rule SPDIFRX instance for project manager is applicable
2026-05-11 16:07:37,706 [INFO] Rule:233 - rule ADC Scan  fix with FW F7 is applicable
2026-05-11 16:07:37,706 [INFO] Rule:233 - rule ADC Scan  fix with FW F7 is applicable
2026-05-11 16:07:37,706 [INFO] Rule:233 - rule DFSDM instance value for IP DFSDM is applicable
2026-05-11 16:07:37,706 [INFO] Rule:233 - rule DFSDM instance for mcu is applicable
2026-05-11 16:07:37,707 [INFO] Rule:233 - rule DFSDM instance for VP is applicable
2026-05-11 16:07:37,707 [INFO] Rule:233 - rule DFSDM instance for signal is applicable
2026-05-11 16:07:37,707 [INFO] Rule:233 - rule DFSDM instance for shared is applicable
2026-05-11 16:07:37,707 [INFO] Rule:233 - rule BreakInputSource parameter for IP Timer is applicable
2026-05-11 16:07:37,707 [INFO] Rule:233 - rule Sourcebreak parameter for IP Timer is applicable
2026-05-11 16:07:37,707 [INFO] Rule:233 - rule Sourcebreak parameter for IP Timer is applicable
2026-05-11 16:07:37,707 [INFO] Rule:233 - rule DFSDM for PCC is applicable
2026-05-11 16:07:37,707 [INFO] Rule:233 - rule Serial_Wire Mode is applicable
2026-05-11 16:07:37,707 [INFO] Rule:233 - rule JTAG_4_pins Mode is applicable
2026-05-11 16:07:37,707 [INFO] Rule:233 - rule JTAG_5_pins Mode is applicable
2026-05-11 16:07:37,707 [INFO] Rule:233 - rule Trace_Asynchronous_SW Mode is applicable
2026-05-11 16:07:37,707 [INFO] Rule:233 - rule Trace_Synchro_1bit_JTAG Mode is applicable
2026-05-11 16:07:37,707 [INFO] Rule:233 - rule Trace_Synchro_2bits_JTAG Mode is applicable
2026-05-11 16:07:37,707 [INFO] Rule:233 - rule Trace_Synchro_4bits_JTAG Mode is applicable
2026-05-11 16:07:37,707 [INFO] Rule:233 - rule Trace_Synchro_1bit_SW Mode is applicable
2026-05-11 16:07:37,708 [INFO] Rule:233 - rule Trace_Synchro_2bits_SW Mode is applicable
2026-05-11 16:07:37,708 [INFO] Rule:233 - rule Trace_Synchro_4bits_SW Mode is applicable
2026-05-11 16:07:37,708 [INFO] Rule:233 - rule SYS_WakeUp0 Mode is applicable
2026-05-11 16:07:37,708 [INFO] Rule:233 - rule SYS_WakeUp0 Mode for STM32F446 is applicable
2026-05-11 16:07:37,708 [INFO] Rule:233 - rule SYS_WakeUp1 Mode is applicable
2026-05-11 16:07:37,708 [INFO] Rule:233 - rule SYS_WakeUp1 Mode for STM32F446 is applicable
2026-05-11 16:07:37,708 [INFO] Rule:233 - rule SYS_WakeUp2 Mode is applicable
2026-05-11 16:07:37,708 [INFO] Rule:233 - rule SYS_WakeUp3 Mode is applicable
2026-05-11 16:07:37,708 [INFO] Rule:233 - rule SYS_WakeUp4 Mode is applicable
2026-05-11 16:07:37,708 [INFO] Rule:233 - rule SYS_WakeUp5 Mode is applicable
2026-05-11 16:07:37,708 [INFO] Rule:233 - rule SYS_WakeUp6 Mode is applicable
2026-05-11 16:07:37,708 [INFO] Rule:233 - rule SYS_WakeUp7 Mode is applicable
2026-05-11 16:07:37,708 [INFO] Rule:233 - rule WakeUp0 Mode is applicable
2026-05-11 16:07:37,708 [INFO] Rule:233 - rule WakeUp0 SIGNAL is applicable
2026-05-11 16:07:37,708 [INFO] Rule:233 - rule WakeUp1 Mode is applicable
2026-05-11 16:07:37,708 [INFO] Rule:233 - rule WakeUp1 SIGNAL is applicable
2026-05-11 16:07:37,709 [INFO] Rule:233 - rule WakeUp2 Mode is applicable
2026-05-11 16:07:37,709 [INFO] Rule:233 - rule WakeUp2 SIGNAL is applicable
2026-05-11 16:07:37,709 [INFO] Rule:233 - rule WakeUp4 Mode is applicable
2026-05-11 16:07:37,709 [INFO] Rule:233 - rule WakeUp4 SIGNAL is applicable
2026-05-11 16:07:37,709 [INFO] Rule:233 - rule WakeUp5 Mode is applicable
2026-05-11 16:07:37,709 [INFO] Rule:233 - rule WakeUp5 SIGNAL is applicable
2026-05-11 16:07:37,709 [INFO] Rule:233 - rule Mode_PVD_Ext is applicable
2026-05-11 16:07:37,709 [INFO] Rule:233 - rule Mode_PVD_Int is applicable
2026-05-11 16:07:37,709 [INFO] Rule:233 - rule Add RTC Activate Clock Source is applicable
2026-05-11 16:07:37,709 [INFO] Rule:233 - rule Add RTC Activate Calendar 1 is applicable
2026-05-11 16:07:37,709 [INFO] Rule:233 - rule Add RTC Activate Calendar 2 is applicable
2026-05-11 16:07:37,709 [INFO] Rule:233 - rule Add RTC Activate Calendar 3 is applicable
2026-05-11 16:07:37,709 [INFO] Rule:233 - rule UART/USART TX Mode is applicable
2026-05-11 16:07:37,709 [INFO] Rule:233 - rule UART/USART RX Mode is applicable
2026-05-11 16:07:37,709 [INFO] Rule:233 - rule UART/USART RX TX Mode is applicable
2026-05-11 16:07:37,709 [INFO] Rule:233 - rule UART/USART PARITY NONE is applicable
2026-05-11 16:07:37,709 [INFO] Rule:233 - rule UART/USART PARITY EVEN is applicable
2026-05-11 16:07:37,709 [INFO] Rule:233 - rule UART/USART PARITY ODD is applicable
2026-05-11 16:07:37,709 [INFO] Rule:233 - rule USART StopBits 1 is applicable
2026-05-11 16:07:37,709 [INFO] Rule:233 - rule USART StopBits 2 is applicable
2026-05-11 16:07:37,709 [INFO] Rule:233 - rule USART StopBits 1.5 is applicable
2026-05-11 16:07:37,709 [INFO] Rule:233 - rule USART StopBits 0.5 is applicable
2026-05-11 16:07:37,709 [INFO] Rule:233 - rule UART/USART WORD LENGTH 7 is applicable
2026-05-11 16:07:37,710 [INFO] Rule:233 - rule UART/USART WORD LENGTH 8 is applicable
2026-05-11 16:07:37,710 [INFO] Rule:233 - rule UART/USART WORD LENGTH 9 is applicable
2026-05-11 16:07:37,710 [INFO] Rule:233 - rule Rename FMC NAND NCE signal is applicable
2026-05-11 16:07:37,710 [INFO] Rule:233 - rule Rename FMC NAND INT signal is applicable
2026-05-11 16:07:37,710 [INFO] Rule:233 - rule Change Default Value for LSE Drive Capability for WB family is applicable
2026-05-11 16:07:37,710 [INFO] Rule:233 - rule Change Default Value for ADC Clock Prescaler G0 family is applicable
2026-05-11 16:07:37,710 [INFO] Rule:233 - rule Change Default Value for ADC ExternalTrigConv L4 family is applicable
2026-05-11 16:07:37,710 [INFO] Rule:233 - rule Change Default Value for ADC ExternalTrigInjecConv L4 family is applicable
2026-05-11 16:07:37,710 [INFO] Rule:233 - rule Change Default Value for ADC ExternalTrigConv F3 family is applicable
2026-05-11 16:07:37,710 [INFO] Rule:233 - rule Change Default Value for ADC ExternalTrigInjecConv F3 family is applicable
2026-05-11 16:07:37,710 [INFO] Rule:233 - rule Change Default Value for ADC ExternalTrigConv Goldfish serie is applicable
2026-05-11 16:07:37,710 [INFO] Rule:233 - rule Change Default Value for ADC ExternalTrigInjecConv Goldfish serie is applicable
2026-05-11 16:07:37,710 [INFO] Rule:233 - rule Change Default Value for ADC ExternalTrigConv L0 family is applicable
2026-05-11 16:07:37,710 [INFO] Rule:233 - rule Change Default Value for ADC ExternalTrigConv F0 family is applicable
2026-05-11 16:07:37,710 [INFO] Rule:233 - rule Change Default Value for ADC ExternalTrigConvn L1 family is applicable
2026-05-11 16:07:37,710 [INFO] Rule:233 - rule Change Default Value for ADC ExternalTrigInjecConv L1 family is applicable
2026-05-11 16:07:37,710 [INFO] Rule:233 - rule Change Default Value for ADC ExternalTrigConv F1 family is applicable
2026-05-11 16:07:37,710 [INFO] Rule:233 - rule Change Default Value for ADC ExternalTrigInjecConv F1 family is applicable
2026-05-11 16:07:37,710 [INFO] Rule:233 - rule Change Default Value for ADC ExternalTrigConv F7 family is applicable
2026-05-11 16:07:37,710 [INFO] Rule:233 - rule Change Default Value for ADC ExternalTrigInjecConv F7 family is applicable
2026-05-11 16:07:37,710 [INFO] Rule:233 - rule Change Default Value for ADC ExternalTrigConv F4 and F2 family is applicable
2026-05-11 16:07:37,710 [INFO] Rule:233 - rule Change Default Value for ADC ExternalTrigInjecConv F4 and F2 family is applicable
2026-05-11 16:07:37,710 [INFO] Rule:233 - rule ADC SamplingTime fix with FW L0  is applicable
2026-05-11 16:07:37,710 [INFO] Rule:233 - rule ADC SamplingTime fix with FW L0  is applicable
2026-05-11 16:07:37,710 [INFO] Rule:233 - rule ADC SamplingTime fix with FW L0 is applicable
2026-05-11 16:07:37,710 [INFO] Rule:233 - rule ADC SamplingTime fix with FW L0 is applicable
2026-05-11 16:07:37,710 [INFO] Rule:233 - rule ADC SamplingTime fix with FW L0  is applicable
2026-05-11 16:07:37,712 [INFO] Rule:233 - rule ADC SamplingTime fix with FW L0 is applicable
2026-05-11 16:07:37,712 [INFO] Rule:233 - rule Rename USB_OE Signal is applicable
2026-05-11 16:07:37,712 [INFO] Rule:233 - rule Rename Activate_OE Mode is applicable
2026-05-11 16:07:37,712 [INFO] Rule:233 - rule Rename DIE462/DIE415 pin PC14/OSC32_IN -> PC14-OSC32_IN (PC14) is applicable
2026-05-11 16:07:37,712 [INFO] Rule:233 - rule Rename DIE462/DIE415 pin PC15/OSC32_OUT -> PC15-OSC32_OUT (PC15) is applicable
2026-05-11 16:07:37,712 [INFO] Rule:233 - rule Rename DIE462/DIE415 pin PH0/OSC_IN -> PH0-OSC_IN (PH0) is applicable
2026-05-11 16:07:37,712 [INFO] Rule:233 - rule Rename DIE462/DIE415 pin PH1/OSC_OUT -> PH1-OSC_OUT (PH1) is applicable
2026-05-11 16:07:37,712 [INFO] Rule:233 - rule Rename DIE462 pin PA13 -> PA13 (JTMS/SWDIO) is applicable
2026-05-11 16:07:37,712 [INFO] Rule:233 - rule Rename DIE415 pin PA13 -> PA13 (JTMS/SWDIO) is applicable
2026-05-11 16:07:37,712 [INFO] Rule:233 - rule Rename DIE462 pin PA14 -> PA14 (JTCK/SWCLK) is applicable
2026-05-11 16:07:37,712 [INFO] Rule:233 - rule Rename DIE415 pin PA14 -> PA14 (JTCK/SWCLK) is applicable
2026-05-11 16:07:37,712 [INFO] Rule:233 - rule Rename DIE462/DIE415 pin PA15 -> PA15 (JTDI) is applicable
2026-05-11 16:07:37,712 [INFO] Rule:233 - rule Rename DIE462 pin PB3 -> PB3 (JTD0/TRACESWO) is applicable
2026-05-11 16:07:37,712 [INFO] Rule:233 - rule Rename DIE415 pin PB3 -> PB3 (JTD0-TRACESWO) is applicable
2026-05-11 16:07:37,712 [INFO] Rule:233 - rule Rename DIE462/DIE415 pin PB4 -> PB4 (NJTRST) is applicable
2026-05-11 16:07:37,712 [INFO] Rule:233 - rule Rename DIE462 pin PH3/BOOT0 -> PH3-BOOT0 (BOOT0) is applicable
2026-05-11 16:07:37,712 [INFO] Rule:233 - rule Rename CRYP DataEncryptionTypesList to Algorithm is applicable
2026-05-11 16:07:37,712 [INFO] Rule:233 - rule Rename AES DataEncryptionTypesList to Algorithm is applicable
2026-05-11 16:07:37,712 [INFO] Rule:233 - rule Rename TDESECB to CRYP_TDES_ECB is applicable
2026-05-11 16:07:37,712 [INFO] Rule:233 - rule Rename TDESCBC to CRYP_TDES_CBC is applicable
2026-05-11 16:07:37,712 [INFO] Rule:233 - rule Rename DESECB to CRYP_DES_ECB is applicable
2026-05-11 16:07:37,712 [INFO] Rule:233 - rule Rename DESCBC to CRYP_DES_CBC is applicable
2026-05-11 16:07:37,712 [INFO] Rule:233 - rule Rename AESECB to CRYP_AES_ECB is applicable
2026-05-11 16:07:37,712 [INFO] Rule:233 - rule Rename AESCBC to CRYP_AES_CBC is applicable
2026-05-11 16:07:37,712 [INFO] Rule:233 - rule Rename AESCTR to CRYP_AES_CTR is applicable
2026-05-11 16:07:37,712 [INFO] Rule:233 - rule Rename AESGCM to CRYP_AES_GCM is applicable
2026-05-11 16:07:37,712 [INFO] Rule:233 - rule Rename AESCCM to CRYP_AES_CCM is applicable
2026-05-11 16:07:37,712 [INFO] Rule:233 - rule Rename CAN TimeSeg1 to BS1 is applicable
2026-05-11 16:07:37,712 [INFO] Rule:233 - rule Rename CAN TimeSeg2 to BS2 is applicable
2026-05-11 16:07:37,712 [INFO] Rule:233 - rule Rename CAN SyncJumpWidth to SJW is applicable
2026-05-11 16:07:37,712 [INFO] Rule:233 - rule TimeTriggeredMode to TTCM is applicable
2026-05-11 16:07:37,712 [INFO] Rule:233 - rule Rename CAN AutoBusOff to ABOM is applicable
2026-05-11 16:07:37,712 [INFO] Rule:233 - rule Rename CAN AutoWakeUp to AWUM is applicable
2026-05-11 16:07:37,712 [INFO] Rule:233 - rule Rename CAN AutoRetransmission to NART is applicable
2026-05-11 16:07:37,712 [INFO] Rule:233 - rule Rename CAN ReceiveFifoLocked to RFLM is applicable
2026-05-11 16:07:37,713 [INFO] Rule:233 - rule Rename CAN TransmitFifoPriority to TXFP is applicable
2026-05-11 16:07:37,713 [INFO] Rule:233 - rule Rename HRTIMER HRTIM_OUTPUTFAULTLEVEL_HIGH in HRTIMER HRTIM_OUTPUTFAULTLEVEL_HIGHZ is applicable
2026-05-11 16:07:37,713 [INFO] Rule:233 - rule Rename TIMER TIM_CLEARINPUTSOURCE_OCREFCLR in  TIMER TIM_CLEARINPUTSOURCE_NONE for F7 family is applicable
2026-05-11 16:07:37,713 [INFO] Rule:233 - rule FDCAN_R1 - Rename FDCAN mode Master into Classic is applicable
2026-05-11 16:07:37,713 [INFO] Rule:233 - rule FDCAN_R2 - Rename FDCAN mode Slave into Classic is applicable
2026-05-11 16:07:37,713 [INFO] Rule:233 - rule FDCAN1_R3 - if PA10.Mode=FullDuplex, add Pin PA12 is applicable
2026-05-11 16:07:37,713 [INFO] Rule:233 - rule FDCAN1_R3 - if PA9.Mode=FullDuplex, add Pin PA11 is applicable
2026-05-11 16:07:37,713 [INFO] Rule:233 - rule FDCAN1_R3 - Alternatepin_1 - if PE1.Mode=FullDuplex, add Pin PB9 is applicable
2026-05-11 16:07:37,713 [INFO] Rule:233 - rule FDCAN1_R3 - Alternatepin_1 - if PE0.Mode=FullDuplex, add Pin PB8 is applicable
2026-05-11 16:07:37,713 [INFO] Rule:233 - rule FDCAN1_R3 - Alternatepin_2 - if PD5.Mode=FullDuplex, add Pin PD1 is applicable
2026-05-11 16:07:37,713 [INFO] Rule:233 - rule FDCAN1_R3 - Alternatepin_2 - if PD4.Mode=FullDuplex, add Pin PD0 is applicable
2026-05-11 16:07:37,713 [INFO] Rule:233 - rule FDCAN1_R4 - Rename Mode FullDuplex into Enable FDCAN_TXFD for pin PA10 is applicable
2026-05-11 16:07:37,713 [INFO] Rule:233 - rule FDCAN1_R4 - Rename Mode FullDuplex into Enable FDCAN_TXFD for pin PA9 is applicable
2026-05-11 16:07:37,713 [INFO] Rule:233 - rule FDCAN1_R4 - Alternatepin_1 - Rename Mode FullDuplex into Enable FDCAN_TXFD for pin PE1 is applicable
2026-05-11 16:07:37,713 [INFO] Rule:233 - rule FDCAN1_R4 - Alternatepin_1 - Rename Mode FullDuplex into Enable FDCAN_TXFD for pin PE0 is applicable
2026-05-11 16:07:37,713 [INFO] Rule:233 - rule FDCAN1_R4 - Alternatepin_2 - Rename Mode FullDuplex into Enable FDCAN_TXFD for pin PD5 is applicable
2026-05-11 16:07:37,713 [INFO] Rule:233 - rule FDCAN1_R4 - Alternatepin_2 - Rename Mode FullDuplex into Enable FDCAN_TXFD for pin PD4 is applicable
2026-05-11 16:07:37,713 [INFO] Rule:233 - rule FDCAN2_R3 - if PD10.Mode=FullDuplex, add Pin PB13 is applicable
2026-05-11 16:07:37,713 [INFO] Rule:233 - rule FDCAN2_R3 - if PD9.Mode=FullDuplex, add Pin PB12 is applicable
2026-05-11 16:07:37,713 [INFO] Rule:233 - rule FDCAN2_R3 - Alternatepin_1 - if PB7.Mode=FullDuplex, add Pin PB6 is applicable
2026-05-11 16:07:37,713 [INFO] Rule:233 - rule FDCAN2_R3 - Alternatepin_1 - if PD9.Mode=FullDuplex, add Pin PB12 is applicable
2026-05-11 16:07:37,714 [INFO] Rule:233 - rule FDCAN2_R4 - Rename Mode FullDuplex into Enable FDCAN_TXFD for pin PD10 is applicable
2026-05-11 16:07:37,714 [INFO] Rule:233 - rule FDCAN2_R4 - Rename Mode FullDuplex into Enable FDCAN_TXFD for pin PD9 is applicable
2026-05-11 16:07:37,714 [INFO] Rule:233 - rule FDCAN2_R4 - Alternatepin_1 - Rename Mode FullDuplex into Enable FDCAN_TXFD for pin PB7 is applicable
2026-05-11 16:07:37,714 [INFO] Rule:233 - rule FDCAN2_R4 - Alternatepin_1 - Rename Mode FullDuplex into Enable FDCAN_TXFD for pin PD6 is applicable
2026-05-11 16:07:37,714 [INFO] Rule:233 - rule USART TxPinLevelInvertParam Mode is applicable
2026-05-11 16:07:37,714 [INFO] Rule:233 - rule USART RxPinLevelInvertParam Mode is applicable
2026-05-11 16:07:37,714 [INFO] Rule:233 - rule USART DataInvertParam Mode is applicable
2026-05-11 16:07:37,714 [INFO] Rule:233 - rule USART SwapParam Mode is applicable
2026-05-11 16:07:37,714 [INFO] Rule:233 - rule USART OverrunDisableParam Mode is applicable
2026-05-11 16:07:37,714 [INFO] Rule:233 - rule USART DMADisableonRxErrorParam Mode is applicable
2026-05-11 16:07:37,714 [INFO] Rule:233 - rule USART MSBFirstParam Mode is applicable
2026-05-11 16:07:37,714 [INFO] Rule:233 - rule Update MwName for USB_DEVICE is applicable
2026-05-11 16:07:37,714 [INFO] Rule:233 - rule Change PWR_Regulator_Voltage_Scale Default Value for RCC  H7 family is applicable
2026-05-11 16:07:37,714 [INFO] Rule:233 - rule UART/USART IPParameter rename Prescaler parameter to ClockPrescaler is applicable
2026-05-11 16:07:37,714 [INFO] Rule:233 - rule UART/USART Prescaler rename Prescaler parameter to ClockPrescaler is applicable
2026-05-11 16:07:37,714 [INFO] Rule:233 - rule TIM1CLockSelection is applicable
2026-05-11 16:07:37,714 [INFO] Rule:233 - rule TIM15CLockSelection is applicable
2026-05-11 16:07:37,714 [INFO] Rule:233 - rule align RCC SDMMC3CLockSelection default value on MP1 is applicable
2026-05-11 16:07:37,715 [INFO] Rule:233 - rule align RCC SDMMC12CLockSelection default value on MP1 is applicable
2026-05-11 16:07:37,715 [INFO] Rule:233 - rule align RCC QSPICLockSelection default value on MP1 is applicable
2026-05-11 16:07:37,715 [INFO] Rule:233 - rule align RCC QSPICLockSelection default value on MP1 is applicable
2026-05-11 16:07:37,715 [INFO] Rule:233 - rule align RCC SPI6CLockSelection default value on MP1 is applicable
2026-05-11 16:07:37,715 [INFO] Rule:233 - rule align RCC LPTIM23CLockSelection default value on MP1 is applicable
2026-05-11 16:07:37,715 [INFO] Rule:233 - rule align RCC LPTIM1CLockSelection default value on MP1 is applicable
2026-05-11 16:07:37,715 [INFO] Rule:233 - rule align RCC USART1CLockSelection default value on MP1 is applicable
2026-05-11 16:07:37,715 [INFO] Rule:233 - rule align RCC USART24CLockSelection default value on MP1 is applicable
2026-05-11 16:07:37,715 [INFO] Rule:233 - rule align RCC USART6CLockSelection default value on MP1 is applicable
2026-05-11 16:07:37,715 [INFO] Rule:233 - rule align RCC UART78CLockSelection default value on MP1 is applicable
2026-05-11 16:07:37,715 [INFO] Rule:233 - rule align RCC USART35CLockSelection default value on MP1 is applicable
2026-05-11 16:07:37,715 [INFO] Rule:233 - rule align RCC SPI45CLockSelection default value on MP1 is applicable
2026-05-11 16:07:37,715 [INFO] Rule:233 - rule align RCC I2C46CLockSelection BCLK value on MP1 is applicable
2026-05-11 16:07:37,715 [INFO] Rule:233 - rule align RCC SPI45CLockSelection default value on MP1 is applicable
2026-05-11 16:07:37,715 [INFO] Rule:233 - rule align RCC I2C12CLockSelection default value on MP1 is applicable
2026-05-11 16:07:37,715 [INFO] Rule:233 - rule align RCC I2C35CLockSelection default value on MP1 is applicable
2026-05-11 16:07:37,715 [INFO] Rule:233 - rule align RCC LPTIM45CLockSelection default value on MP1 is applicable
2026-05-11 16:07:37,715 [INFO] Rule:233 - rule Rename DCMI PIXCK signal is applicable
2026-05-11 16:07:37,715 [INFO] Rule:233 - rule Change Default Value for I2C46CLockSelection MP1 family is applicable
2026-05-11 16:07:37,715 [INFO] Rule:233 - rule Change Default Value for UART for G4, G0 and WB families is applicable
2026-05-11 16:07:37,716 [INFO] Rule:233 - rule Change Default Value for USART for G4, G0 and WB families is applicable
2026-05-11 16:07:37,716 [INFO] Rule:233 - rule Change Default Value for USART for G4 family is applicable
2026-05-11 16:07:37,716 [INFO] Rule:233 - rule Change USART1CLockSelection refparam name for MP1 is applicable
2026-05-11 16:07:37,716 [INFO] Rule:233 - rule Change USART2CLockSelection refparam name for MP1 is applicable
2026-05-11 16:07:37,716 [INFO] Rule:233 - rule Change USART3CLockSelection refparam name for MP1 is applicable
2026-05-11 16:07:37,716 [INFO] Rule:233 - rule Change UART4CLockSelection refparam name for MP1 is applicable
2026-05-11 16:07:37,716 [INFO] Rule:233 - rule Change UART5CLockSelection refparam name for MP1 is applicable
2026-05-11 16:07:37,716 [INFO] Rule:233 - rule Change LPUART1CLockSelection refparam name for MP1 is applicable
2026-05-11 16:07:37,716 [INFO] Rule:233 - rule Change LPTIM1CLockSelection refparam name for MP1 is applicable
2026-05-11 16:07:37,716 [INFO] Rule:233 - rule Change LPTIM2CLockSelection refparam name for MP1 is applicable
2026-05-11 16:07:37,716 [INFO] Rule:233 - rule Change RCC_MCO1Source refparam name for MP1 is applicable
2026-05-11 16:07:37,716 [INFO] Rule:233 - rule Change LSCOSource1 refparam name for MP1 is applicable
2026-05-11 16:07:37,716 [INFO] Rule:233 - rule Change SMPSCLockSelection refparam name for MP1 is applicable
2026-05-11 16:07:37,716 [INFO] Rule:233 - rule Change LPTIM3CLockSelection refparam name for MP1 is applicable
2026-05-11 16:07:37,716 [INFO] Rule:233 - rule Change MPCBB* Default Template Mode to Parameters is applicable
2026-05-11 16:07:37,716 [INFO] Rule:233 - rule Change MPCWM* or MPCBB* Secure Mode to Parameters is applicable
2026-05-11 16:07:37,716 [INFO] Rule:233 - rule Change MPCWM* or MPCBB* No Secure Mode to Parameters is applicable
2026-05-11 16:07:37,716 [INFO] Rule:233 - rule Change TZSC IP Secure Mode to Parameters is applicable
2026-05-11 16:07:37,717 [INFO] Rule:233 - rule Change TZSC IP No Secure Mode to Parameters is applicable
2026-05-11 16:07:37,717 [INFO] Rule:233 - rule Change TZSC IP Privilege Mode to Parameters is applicable
2026-05-11 16:07:37,717 [INFO] Rule:233 - rule Change TZSC IP No Privilege Mode to Parameters is applicable
2026-05-11 16:07:37,717 [INFO] Rule:233 - rule Change TZIC IT Secure Mode to Parameters is applicable
2026-05-11 16:07:37,717 [INFO] Rule:233 - rule Change TZIC IT No Secure Mode to Parameters is applicable
2026-05-11 16:07:37,717 [INFO] Rule:233 - rule Add MPCBB1_NonSecureArea_Start_Address value with referenced to MPCBB1_NonSecureArea_Start value is applicable
2026-05-11 16:07:37,717 [INFO] Rule:233 - rule Add MPCBB2_NonSecureArea_Start_Address value with referenced to MPCBB2_NonSecureArea_Start value is applicable
2026-05-11 16:07:37,717 [INFO] Rule:233 - rule Add MPCWM1_NonSecureArea*_Start_Address value with referenced to MPCWM1_NonSecureArea*_Start value is applicable
2026-05-11 16:07:37,717 [INFO] Rule:233 - rule Add MPCWM2_NonSecureArea*_Start_Address value with referenced to MPCWM2_NonSecureArea*_Start value is applicable
2026-05-11 16:07:37,717 [INFO] Rule:233 - rule Add MPCWM3_NonSecureArea_Start_Address value with referenced to MPCWM3_NonSecureArea_Start value is applicable
2026-05-11 16:07:37,717 [INFO] Rule:233 - rule Change Default Value for PLL1UserDefinedConfig is applicable
2026-05-11 16:07:37,717 [INFO] Rule:233 - rule Change GPIO_PuPd Default Value for USART in async mode is applicable
2026-05-11 16:07:37,717 [INFO] Rule:233 - rule Change SMPSDivider Default Value is applicable
2026-05-11 16:07:37,718 [INFO] Rule:233 - rule OPAMP is applicable
2026-05-11 16:07:37,718 [INFO] Rule:233 - rule LPUART IPParameter rename Prescaler parameter to ClockPrescaler for STM32H7 is applicable
2026-05-11 16:07:37,718 [INFO] Rule:233 - rule LPUART IPParameter rename Prescaler parameter to ClockPrescaler for STM32H7 is applicable
2026-05-11 16:07:37,718 [INFO] Rule:233 - rule LPUART IPParameter rename Prescaler parameter to ClockPrescaler for STM32WB is applicable
2026-05-11 16:07:37,718 [INFO] Rule:233 - rule LPUART IPParameter rename Prescaler parameter to ClockPrescaler for STM32WB is applicable
2026-05-11 16:07:37,718 [INFO] Rule:233 - rule LPUART IPParameter rename Prescaler parameter to ClockPrescaler for STM32G4 is applicable
2026-05-11 16:07:37,718 [INFO] Rule:233 - rule LPUART IPParameter rename Prescaler parameter to ClockPrescaler for STM32G4 is applicable
2026-05-11 16:07:37,718 [INFO] Rule:233 - rule LPUART IPParameter rename Prescaler parameter to ClockPrescaler for STM32L5 is applicable
2026-05-11 16:07:37,718 [INFO] Rule:233 - rule LPUART IPParameter rename Prescaler parameter to ClockPrescaler for STM32L5 is applicable
2026-05-11 16:07:37,718 [INFO] Rule:233 - rule LPUART IPParameter rename Prescaler parameter to ClockPrescaler for STM32G4 is applicable
2026-05-11 16:07:37,718 [INFO] Rule:233 - rule LPUART IPParameter rename Prescaler parameter to ClockPrescaler for STM32G4 is applicable
2026-05-11 16:07:37,718 [INFO] Rule:233 - rule USB device lib V2.5.3 for L0 rename USBD_SUPPORT_USER_STRING parameter to USBD_SUPPORT_USER_STRING_DESC4 is applicable
2026-05-11 16:07:37,718 [INFO] Rule:233 - rule I2SCLockSelection clock entry align is applicable
2026-05-11 16:07:37,718 [INFO] Rule:233 - rule Assign TIMx context if used as SYS timebase is applicable
2026-05-11 16:07:37,718 [INFO] Rule:233 - rule Change GPIO_Pu Default Value for I2C is applicable
2026-05-11 16:07:37,718 [INFO] Rule:233 - rule Change GPIO_Pu Default Value for SMBus is applicable
2026-05-11 16:07:37,718 [INFO] Rule:233 - rule change FDCAN default value is applicable
2026-05-11 16:07:37,718 [INFO] Rule:233 - rule Change mode sai is applicable
2026-05-11 16:07:37,718 [INFO] Rule:233 - rule **Change sai mode is applicable
2026-05-11 16:07:37,718 [INFO] Rule:233 - rule Rename STM32WPAN CFG_BLE_IRK to CFG_BLE_IR is applicable
2026-05-11 16:07:37,718 [INFO] Rule:233 - rule Rename STM32WPAN CFG_BLE_ERK to CFG_BLE_ER is applicable
2026-05-11 16:07:37,718 [INFO] Rule:233 - rule Rename STM32WPAN CFG_BLE_IRK_HEX to CFG_BLE_IR_HEX is applicable
2026-05-11 16:07:37,719 [INFO] Rule:233 - rule Rename STM32WPAN CFG_BLE_ERK_HEX to CFG_BLE_ER_HEX is applicable
2026-05-11 16:07:37,719 [INFO] Rule:233 - rule Adapt Old IOC before rework replace old CORTEX_M33/CORTEX_M55 attributes by the new one. is applicable
2026-05-11 16:07:37,719 [INFO] Rule:233 - rule Rename parametre of RCC RCC_APBDBG_DIV2 to RCC_TIMPRES_DIV2 is applicable
2026-05-11 16:07:37,719 [INFO] Rule:233 - rule Rename DIE493 pin PA10 [PA12] -> PA10 is applicable
2026-05-11 16:07:37,719 [INFO] Rule:233 - rule Rename DIE493 pin PA9 [PA11] -> PA9 is applicable
2026-05-11 16:07:37,719 [INFO] Rule:233 - rule Rename DIE492 PartNumber CPN STM32WBA5MJGHx -> STM32WBA5MMGHx is applicable
2026-05-11 16:07:37,809 [INFO] Rule:233 - rule Rename DIE492 PartNumber  Name STM32WBA5MJGHx -> STM32WBA5MMGHx is applicable
2026-05-11 16:07:37,809 [INFO] Rule:233 - rule Rename DIE492 PartNumber UserName STM32WBA5MJGHx -> STM32WBA5MMGHx is applicable
2026-05-11 16:07:37,809 [INFO] Rule:233 - rule Rename DIE492 PartNumber DeviceId STM32WBA5MJGHx -> STM32WBA5MMGHx is applicable
2026-05-11 16:07:37,809 [INFO] Rule:233 - rule Adapt Old IOC CSI. is applicable
2026-05-11 16:07:37,809 [INFO] Rule:233 - rule Adapt Old IOC DCMIPP. is applicable
2026-05-11 16:07:37,810 [INFO] Rule:233 - rule Adapt Old IOC DCMIPP Mode Parallel. is applicable
2026-05-11 16:07:37,810 [INFO] Rule:233 - rule Adapt Old IOC LTDC. is applicable
2026-05-11 16:07:37,810 [INFO] Rule:233 - rule Rename STM32MP2 RIF Peripheral LTDC RIF.RISUP.LTDC_L0L1.Privilege -> RIF.RISUP.LTDC_L1L2.Privilege is applicable
2026-05-11 16:07:37,811 [INFO] Rule:233 - rule Rename STM32MP2 RIF Peripheral LTDC RIF.RISUP.LTDC_L0L1.Privilege -> RIF.RISUP.LTDC_L1L2.Privilege is applicable
2026-05-11 16:07:37,811 [INFO] Rule:233 - rule Rename STM32MP2 RIF Peripheral LTDC RIF.RISUP.LTDC_L0L1.Lock -> RIF.RISUP.LTDC_L1L2.Lock is applicable
2026-05-11 16:07:37,811 [INFO] Rule:233 - rule Rename STM32MP2 RIF Peripheral LTDC RIF.RISUP.LTDC_L2.Lock -> RIF.RISUP.LTDC_L3.Lock is applicable
2026-05-11 16:07:37,811 [INFO] Rule:233 - rule Adapt the old IOC example for updating the SYS when it is misconfigured. is applicable
2026-05-11 16:07:37,811 [INFO] Rule:233 - rule Rename STM32C09 Mcu.Package LQFP64 -> LQFP48 is applicable
2026-05-11 16:07:37,811 [INFO] Rule:233 - rule Adapt the old IOC example for updating the SYS when it is misconfigured. is applicable
2026-05-11 16:07:37,811 [INFO] Rule:233 - rule Adapt the old IOC example for updating the SYS when it is misconfigured. is applicable
2026-05-11 16:07:37,880 [INFO] DbConfProperties:307 - Apply Compatibility (81/313 Rules)
2026-05-11 16:07:40,099 [INFO] ImportTextPane:234 - (OptionalMessage_ERROR) Unable to find key (Mcu.ThirdPartyNb) in loaded IOC file
2026-05-11 16:07:40,101 [INFO] ImportTextPane:234 - (OptionalMessage_ERROR) Pin32 (VP_RIF_VS_RIF1) cannot be retrieved for this MCU
2026-05-11 16:07:40,346 [INFO] RtosManager:558 - Registered RTOS mode: class=CMSIS, group=RTOS, mode=CMSIS_V1, owner=FREERTOS
2026-05-11 16:07:40,346 [INFO] RtosManager:558 - Registered RTOS mode: class=CMSIS, group=RTOS2, mode=CMSIS_V2, owner=FREERTOS
2026-05-11 16:07:40,347 [INFO] RtosManager:558 - Registered RTOS mode: class=RTOS, group=Core, mode=CMSIS_V1, owner=FREERTOS
2026-05-11 16:07:40,347 [INFO] RtosManager:558 - Registered RTOS mode: class=RTOS, group=Core, mode=CMSIS_V2, owner=FREERTOS
2026-05-11 16:07:40,347 [WARN] ModelIntegratedComponent:184 - Missing modes for component STMicroelectronics:FreeRTOS:0.0.1:STMicroelectronics:RTOS:FreeRTOS:Core:::10.2.0:
2026-05-11 16:07:40,367 [WARN] ModelIntegratedComponent:63 - No mode defined for component null
2026-05-11 16:07:40,367 [WARN] ModelIntegratedComponent:63 - No mode defined for component null
2026-05-11 16:07:40,368 [WARN] ModelIntegratedComponent:63 - No mode defined for component null
2026-05-11 16:07:40,368 [WARN] ModelIntegratedComponent:63 - No mode defined for component null
2026-05-11 16:07:40,368 [WARN] ModelIntegratedComponent:63 - No mode defined for component null
2026-05-11 16:07:40,368 [WARN] ModelIntegratedComponent:63 - No mode defined for component null
2026-05-11 16:07:40,368 [WARN] ModelIntegratedComponent:63 - No mode defined for component null
2026-05-11 16:07:40,368 [WARN] ModelIntegratedComponent:63 - No mode defined for component null
2026-05-11 16:07:40,368 [WARN] ModelIntegratedComponent:63 - No mode defined for component null
2026-05-11 16:07:40,368 [WARN] ModelIntegratedComponent:63 - No mode defined for component null
2026-05-11 16:07:40,368 [WARN] ModelIntegratedComponent:63 - No mode defined for component null
2026-05-11 16:07:40,368 [WARN] ModelIntegratedComponent:63 - No mode defined for component null
2026-05-11 16:07:40,368 [WARN] ModelIntegratedComponent:63 - No mode defined for component null
2026-05-11 16:07:40,368 [WARN] ModelIntegratedComponent:63 - No mode defined for component null
2026-05-11 16:07:40,368 [WARN] ModelIntegratedComponent:63 - No mode defined for component null
2026-05-11 16:07:40,368 [WARN] ModelIntegratedComponent:63 - No mode defined for component null
2026-05-11 16:07:40,368 [WARN] ModelIntegratedComponent:63 - No mode defined for component null
2026-05-11 16:07:40,368 [WARN] ModelIntegratedComponent:63 - No mode defined for component null
2026-05-11 16:07:40,368 [WARN] ModelIntegratedComponent:63 - No mode defined for component null
2026-05-11 16:07:40,369 [WARN] ModelIntegratedComponent:63 - No mode defined for component null
2026-05-11 16:07:40,369 [WARN] ModelIntegratedComponent:63 - No mode defined for component null
2026-05-11 16:07:40,369 [WARN] ModelIntegratedComponent:63 - No mode defined for component null
2026-05-11 16:07:40,369 [WARN] ModelIntegratedComponent:63 - No mode defined for component null
2026-05-11 16:07:40,369 [WARN] ModelIntegratedComponent:63 - No mode defined for component null
2026-05-11 16:07:40,369 [WARN] ModelIntegratedComponent:63 - No mode defined for component null
2026-05-11 16:07:40,369 [WARN] ModelIntegratedComponent:63 - No mode defined for component null
2026-05-11 16:07:40,369 [WARN] ModelIntegratedComponent:63 - No mode defined for component null
2026-05-11 16:07:40,369 [WARN] ModelIntegratedComponent:63 - No mode defined for component null
2026-05-11 16:07:40,369 [WARN] ModelIntegratedComponent:63 - No mode defined for component null
2026-05-11 16:07:40,369 [WARN] ModelIntegratedComponent:63 - No mode defined for component null
2026-05-11 16:07:40,369 [WARN] ModelIntegratedComponent:63 - No mode defined for component null
2026-05-11 16:07:40,369 [WARN] ModelIntegratedComponent:63 - No mode defined for component null
2026-05-11 16:07:40,369 [WARN] ModelIntegratedComponent:63 - No mode defined for component null
2026-05-11 16:07:40,369 [WARN] ModelIntegratedComponent:63 - No mode defined for component null
2026-05-11 16:07:40,369 [WARN] ModelIntegratedComponent:63 - No mode defined for component null
2026-05-11 16:07:40,369 [WARN] ModelPack:524 - Component already loaded: STMicroelectronics:HAL Drivers:0.0.0:STMicroelectronics:Device:STMicro_Driver:XSPI:HAL::0.0.1:HAL_XSPI
2026-05-11 16:07:40,486 [INFO] ThirdPartyModel:298 - Start build external matchings
2026-05-11 16:07:41,708 [INFO] ThirdPartyModel:316 - End build external matchings
2026-05-11 16:07:42,097 [INFO] UtilMem:75 - End LoadConfig() Used Memory: 811824040 Bytes (1073741824)
2026-05-11 16:07:42,581 [WARN] ThirdParty:833 - waiting for thirdparty lock release [change project]
2026-05-11 16:07:42,581 [INFO] ThirdParty:835 - entering critical section [change project]
2026-05-11 16:07:42,581 [INFO] ThirdParty:1030 - CMSIS Pack Vendor :STMicroelectronics X-CUBE-AZRTOS-H7 3.5.0
2026-05-11 16:07:42,581 [INFO] ThirdParty:1030 - CMSIS Pack Vendor :STMicroelectronics X-CUBE-PM33A1 1.0.0
2026-05-11 16:07:42,581 [INFO] ThirdParty:1030 - CMSIS Pack Vendor :STMicroelectronics USBPD 4.1
2026-05-11 16:07:42,582 [INFO] ThirdParty:1030 - CMSIS Pack Vendor :STMicroelectronics X-CUBE-NFC9 1.0.0
2026-05-11 16:07:42,582 [INFO] ThirdParty:1030 - CMSIS Pack Vendor :STMicroelectronics USB_HOST 2.0.0
2026-05-11 16:07:42,582 [INFO] ThirdParty:1030 - CMSIS Pack Vendor :STMicroelectronics X-CUBE-AZRTOS-F4 1.1.0
2026-05-11 16:07:42,582 [INFO] ThirdParty:1030 - CMSIS Pack Vendor :STMicroelectronics LIBJPEG 8.0.0
2026-05-11 16:07:42,582 [INFO] ThirdParty:1030 - CMSIS Pack Vendor :STMicroelectronics FP-ATR-ASTRA1 2.0.2
2026-05-11 16:07:42,582 [INFO] ThirdParty:1030 - CMSIS Pack Vendor :STMicroelectronics X-CUBE-BLE1 7.1.0
2026-05-11 16:07:42,582 [INFO] ThirdParty:1030 - CMSIS Pack Vendor :STMicroelectronics X-CUBE-SMBUS 2.1.0
2026-05-11 16:07:42,582 [INFO] ThirdParty:1030 - CMSIS Pack Vendor :wolfSSL I-CUBE-wolfMQTT 1.19.2
2026-05-11 16:07:42,582 [INFO] ThirdParty:1030 - CMSIS Pack Vendor :STMicroelectronics USB_DEVICE 3.0.0
2026-05-11 16:07:42,582 [INFO] ThirdParty:1030 - CMSIS Pack Vendor :STMicroelectronics X-CUBE-ISPU 2.1.0
2026-05-11 16:07:42,582 [INFO] ThirdParty:1030 - CMSIS Pack Vendor :STMicroelectronics X-CUBE-EEPRMA1 5.2.0
2026-05-11 16:07:42,582 [INFO] ThirdParty:1030 - CMSIS Pack Vendor :STMicroelectronics X-CUBE-IPS 3.2.0
2026-05-11 16:07:42,582 [INFO] ThirdParty:1030 - CMSIS Pack Vendor :STMicroelectronics X-CUBE-BLEMGR 4.1.0
2026-05-11 16:07:42,582 [INFO] ThirdParty:1030 - CMSIS Pack Vendor :STMicroelectronics eDS-WB_DPC_TT-BIDIR 2.1.1
2026-05-11 16:07:42,583 [INFO] ThirdParty:1030 - CMSIS Pack Vendor :STMicroelectronics X-CUBE-AZRTOS-WB 2.0.0
2026-05-11 16:07:42,583 [INFO] ThirdParty:1030 - CMSIS Pack Vendor :wolfSSL I-CUBE-wolfSSL 5.8.4
2026-05-11 16:07:42,583 [INFO] ThirdParty:1030 - CMSIS Pack Vendor :Cesanta I-CUBE-Mongoose 7.20.0
2026-05-11 16:07:42,583 [INFO] ThirdParty:1030 - CMSIS Pack Vendor :STMicroelectronics X-CUBE-NFC12 1.0.0
2026-05-11 16:07:42,584 [INFO] ThirdParty:1030 - CMSIS Pack Vendor :STMicroelectronics X-CUBE-AZRTOS-F7 1.1.0
2026-05-11 16:07:42,584 [INFO] ThirdParty:1030 - CMSIS Pack Vendor :STMicroelectronics X-CUBE-AZRTOS-L5 2.0.0
2026-05-11 16:07:42,584 [INFO] ThirdParty:1030 - CMSIS Pack Vendor :STMicroelectronics USB_DEVICE 2.0.0
2026-05-11 16:07:42,584 [INFO] ThirdParty:1030 - CMSIS Pack Vendor :STMicroelectronics FP-SNS-STAIOTCFT 1.1.0
2026-05-11 16:07:42,584 [INFO] ThirdParty:1030 - CMSIS Pack Vendor :quantropi X-CUBE-qispace-sdk-base 2.1.0
2026-05-11 16:07:42,584 [INFO] ThirdParty:1030 - CMSIS Pack Vendor :STMicroelectronics X-CUBE-MEMS1 12.0.0
2026-05-11 16:07:42,584 [INFO] ThirdParty:1030 - CMSIS Pack Vendor :STMicroelectronics X-CUBE-STSE01 2.0.0
2026-05-11 16:07:42,584 [INFO] ThirdParty:1030 - CMSIS Pack Vendor :STMicroelectronics FP-SNS-MOTENV1 5.1.0
2026-05-11 16:07:42,584 [INFO] ThirdParty:1030 - CMSIS Pack Vendor :STMicroelectronics FreeRTOS 0.0.1
2026-05-11 16:07:42,584 [INFO] ThirdParty:1030 - CMSIS Pack Vendor :STMicroelectronics X-CUBE-AZRTOS-G0 1.1.0
2026-05-11 16:07:42,584 [INFO] ThirdParty:1030 - CMSIS Pack Vendor :STMicroelectronics X-CUBE-NFC4 3.0.0
2026-05-11 16:07:42,584 [INFO] ThirdParty:1030 - CMSIS Pack Vendor :STMicroelectronics X-CUBE-SUBG2 5.0.0
2026-05-11 16:07:42,584 [INFO] ThirdParty:1030 - CMSIS Pack Vendor :STMicroelectronics STM32_WPAN 1.0.0
2026-05-11 16:07:42,584 [INFO] ThirdParty:1030 - CMSIS Pack Vendor :STMicroelectronics eDS-WB_DPC_VIENNA 1.2.0
2026-05-11 16:07:42,584 [INFO] ThirdParty:1030 - CMSIS Pack Vendor :EmbeddedOffice I-CUBE-FS-RTOS 1.0.1
2026-05-11 16:07:42,584 [INFO] ThirdParty:1030 - CMSIS Pack Vendor :STMicroelectronics lwIP 2.0.3
2026-05-11 16:07:42,584 [INFO] ThirdParty:1030 - CMSIS Pack Vendor :WES I-CUBE-Cesium 1.4.0
2026-05-11 16:07:42,586 [INFO] ThirdParty:1030 - CMSIS Pack Vendor :STMicroelectronics eDS-WB_DPC_3PH2L-BIDIR 1.1.1
2026-05-11 16:07:42,586 [INFO] ThirdParty:1030 - CMSIS Pack Vendor :STMicroelectronics USB_HOST 1.0.0
2026-05-11 16:07:42,586 [INFO] ThirdParty:1030 - CMSIS Pack Vendor :STMicroelectronics X-CUBE-AZRTOS-G4 2.0.0
2026-05-11 16:07:42,586 [INFO] ThirdParty:1030 - CMSIS Pack Vendor :STMicroelectronics X-CUBE-WB05N 2.0.0
2026-05-11 16:07:42,586 [INFO] ThirdParty:1030 - CMSIS Pack Vendor :STMicroelectronics PDM2PCM 3.1.0
2026-05-11 16:07:42,586 [INFO] ThirdParty:1030 - CMSIS Pack Vendor :STMicroelectronics PDM2PCM 3.3.0
2026-05-11 16:07:42,586 [INFO] ThirdParty:1030 - CMSIS Pack Vendor :wolfSSL I-CUBE-wolfTPM 3.8.0
2026-05-11 16:07:42,586 [INFO] ThirdParty:1030 - CMSIS Pack Vendor :STMicroelectronics X-CUBE-DISPLAY 3.0.0
2026-05-11 16:07:42,586 [INFO] ThirdParty:1030 - CMSIS Pack Vendor :wolfSSL I-CUBE-wolfSSH 1.4.20
2026-05-11 16:07:42,586 [INFO] ThirdParty:1030 - CMSIS Pack Vendor :STMicroelectronics X-CUBE-NFC7 2.0.0
2026-05-11 16:07:42,586 [INFO] ThirdParty:1030 - CMSIS Pack Vendor :STMicroelectronics X-CUBE-GNSS1 7.1.1
2026-05-11 16:07:42,586 [INFO] ThirdParty:1030 - CMSIS Pack Vendor :STMicroelectronics FP-SNS-MOTENVWB1 1.5.0
2026-05-11 16:07:42,586 [INFO] ThirdParty:1030 - CMSIS Pack Vendor :STMicroelectronics X-CUBE-TCPP 4.2.0
2026-05-11 16:07:42,586 [INFO] ThirdParty:1030 - CMSIS Pack Vendor :RealThread X-CUBE-RT-Thread_Nano 4.1.1
2026-05-11 16:07:42,586 [INFO] ThirdParty:1030 - CMSIS Pack Vendor :STMicroelectronics FP-ATR-SIGFOX1 3.2.0
2026-05-11 16:07:42,586 [INFO] ThirdParty:1030 - CMSIS Pack Vendor :wolfSSL I-CUBE-wolfSSL 5.9.1
2026-05-11 16:07:42,586 [INFO] ThirdParty:1030 - CMSIS Pack Vendor :STMicroelectronics X-CUBE-NFC10 1.0.0
2026-05-11 16:07:42,586 [INFO] ThirdParty:1030 - CMSIS Pack Vendor :STMicroelectronics HAL Drivers 0.0.0
2026-05-11 16:07:42,586 [INFO] ThirdParty:1030 - CMSIS Pack Vendor :STMicroelectronics X-CUBE-FREERTOS 1.5.0
2026-05-11 16:07:42,586 [INFO] ThirdParty:1030 - CMSIS Pack Vendor :STMicroelectronics MBEDTLS 2.16.2
2026-05-11 16:07:42,586 [INFO] ThirdParty:1030 - CMSIS Pack Vendor :STMicroelectronics X-CUBE-ST60 1.1.0
2026-05-11 16:07:42,587 [INFO] ThirdParty:1030 - CMSIS Pack Vendor :STMicroelectronics X-CUBE-ALS 1.0.2
2026-05-11 16:07:42,587 [INFO] ThirdParty:1030 - CMSIS Pack Vendor :emotas I-CUBE-CANOPEN 1.3.0
2026-05-11 16:07:42,587 [INFO] ThirdParty:1030 - CMSIS Pack Vendor :STMicroelectronics MBEDTLS 2.14.1
2026-05-11 16:07:42,587 [INFO] ThirdParty:1030 - CMSIS Pack Vendor :STMicroelectronics X-CUBE-GNSS1 7.1.0
2026-05-11 16:07:42,587 [INFO] ThirdParty:1030 - CMSIS Pack Vendor :ITTIA_DB I-CUBE-ITTIADB 8.9.0
2026-05-11 16:07:42,587 [INFO] ThirdParty:1030 - CMSIS Pack Vendor :STMicroelectronics X-CUBE-TOUCHGFX 4.26.1
2026-05-11 16:07:42,587 [INFO] ThirdParty:1030 - CMSIS Pack Vendor :Cesanta I-CUBE-Mongoose 7.21.6
2026-05-11 16:07:42,587 [INFO] ThirdParty:1030 - CMSIS Pack Vendor :STMicroelectronics X-CUBE-NFC6 3.2.0
2026-05-11 16:07:42,587 [INFO] ThirdParty:1030 - CMSIS Pack Vendor :STMicroelectronics FP-SNS-STBOX1 2.1.0
2026-05-11 16:07:42,587 [INFO] ThirdParty:1030 - CMSIS Pack Vendor :STMicroelectronics X-CUBE-AI 10.2.0
2026-05-11 16:07:42,587 [INFO] ThirdParty:1030 - CMSIS Pack Vendor :STMicroelectronics FP-SNS-STAIOTCFT 1.0.0
2026-05-11 16:07:42,587 [INFO] ThirdParty:1030 - CMSIS Pack Vendor :STMicroelectronics ThreadX 1.0.0
2026-05-11 16:07:42,587 [INFO] ThirdParty:1030 - CMSIS Pack Vendor :STMicroelectronics FP-SNS-SMARTAG2 1.2.0
2026-05-11 16:07:42,587 [INFO] ThirdParty:1030 - CMSIS Pack Vendor :STMicroelectronics X-CUBE-MEMS1 12.1.0
2026-05-11 16:07:42,587 [INFO] ThirdParty:1030 - CMSIS Pack Vendor :STMicroelectronics FP-SNS-FLIGHT1 5.1.0
2026-05-11 16:07:42,587 [INFO] ThirdParty:1030 - CMSIS Pack Vendor :STMicroelectronics X-CUBE-AZRTOS-WL 2.0.0
2026-05-11 16:07:42,587 [INFO] ThirdParty:1030 - CMSIS Pack Vendor :SEGGER I-CUBE-embOS 1.3.1
2026-05-11 16:07:42,587 [INFO] ThirdParty:1030 - CMSIS Pack Vendor :STMicroelectronics X-CUBE-ALGOBUILD 1.4.0
2026-05-11 16:07:42,587 [INFO] ThirdParty:1030 - CMSIS Pack Vendor :STMicroelectronics X-CUBE-DPower 1.3.0
2026-05-11 16:07:42,587 [INFO] ThirdParty:1030 - CMSIS Pack Vendor :STMicroelectronics USB_DEVICE 1.0.0
2026-05-11 16:07:42,587 [INFO] ThirdParty:1030 - CMSIS Pack Vendor :STMicroelectronics X-CUBE-AZRTOS-H7RS 1.2.0
2026-05-11 16:07:42,587 [INFO] ThirdParty:1030 - CMSIS Pack Vendor :STMicroelectronics X-CUBE-AZRTOS-L4 2.0.0
2026-05-11 16:07:42,587 [INFO] ThirdParty:1030 - CMSIS Pack Vendor :STMicroelectronics ThreadX 0.0.2
2026-05-11 16:07:42,587 [INFO] ThirdParty:1030 - CMSIS Pack Vendor :STMicroelectronics lwIP 2.1.2
2026-05-11 16:07:42,587 [INFO] ThirdParty:1030 - CMSIS Pack Vendor :STMicroelectronics X-CUBE-SFXS2LP1 4.0.0
2026-05-11 16:07:42,587 [INFO] ThirdParty:1030 - CMSIS Pack Vendor :STMicroelectronics X-CUBE-BLE2 3.3.0
2026-05-11 16:07:42,587 [INFO] ThirdParty:1030 - CMSIS Pack Vendor :Avnet-IOTCONNECT X-CUBE-iotc-st67-sdk 1.0.0
2026-05-11 16:07:42,587 [INFO] ThirdParty:1030 - CMSIS Pack Vendor :STMicroelectronics X-CUBE-TOF1 3.4.3
2026-05-11 16:07:42,588 [INFO] ThirdParty:1030 - CMSIS Pack Vendor :Infineon AIROC-Wi-Fi-Bluetooth-STM32 1.8.0
2026-05-11 16:07:42,588 [INFO] ThirdParty:1030 - CMSIS Pack Vendor :STMicroelectronics PDM2PCM 3.2.0
2026-05-11 16:07:42,588 [INFO] ThirdParty:1030 - CMSIS Pack Vendor :STMicroelectronics X-CUBE-WB05N 2.1.0
2026-05-11 16:07:42,588 [INFO] ThirdParty:1030 - CMSIS Pack Vendor :STMicroelectronics X-CUBE-ST67W61 1.2.0
2026-05-11 16:07:42,588 [INFO] ThirdParty:841 - exiting critical section [change project]
2026-05-11 16:07:42,944 [INFO] PinOutPanel:1589 - setPackage(No Configuration,No Configuration)
2026-05-11 16:07:42,949 [INFO] PinOutPanel:1589 - setPackage(STM32L053C8Tx,LQFP48)
2026-05-11 16:07:43,527 [INFO] UtilMem:75 - Before build in PCC Used Memory: 915939528 Bytes (1073741824)
2026-05-11 16:07:44,174 [INFO] UtilMem:75 - After build in PCC Used Memory: 771752264 Bytes (1073741824)
2026-05-11 16:07:44,213 [INFO] IPUIPlugin:80 - create IPUIPlugin
2026-05-11 16:07:44,214 [INFO] IPUIPlugin:80 - create IPUIPlugin
2026-05-11 16:07:44,214 [INFO] IPUIPlugin:80 - create IPUIPlugin
2026-05-11 16:07:44,214 [INFO] IPUIPlugin:80 - create IPUIPlugin
2026-05-11 16:07:44,215 [INFO] IPUIPlugin:80 - create IPUIPlugin
2026-05-11 16:07:44,215 [INFO] IPUIPlugin:80 - create IPUIPlugin
2026-05-11 16:07:44,215 [INFO] IPUIPlugin:80 - create IPUIPlugin
2026-05-11 16:07:44,217 [INFO] IPUIPlugin:80 - create IPUIPlugin
2026-05-11 16:07:44,218 [INFO] IPUIPlugin:80 - create IPUIPlugin
2026-05-11 16:07:44,219 [INFO] IPUIPlugin:80 - create IPUIPlugin
2026-05-11 16:07:44,219 [INFO] IPUIPlugin:80 - create IPUIPlugin
2026-05-11 16:07:44,219 [INFO] IPUIPlugin:80 - create IPUIPlugin
2026-05-11 16:07:44,219 [INFO] IPUIPlugin:80 - create IPUIPlugin
2026-05-11 16:07:44,219 [INFO] IPUIPlugin:80 - create IPUIPlugin
2026-05-11 16:07:44,220 [INFO] IPUIPlugin:80 - create IPUIPlugin
2026-05-11 16:07:44,220 [INFO] IPUIPlugin:80 - create IPUIPlugin
2026-05-11 16:07:44,221 [INFO] IPUIPlugin:80 - create IPUIPlugin
2026-05-11 16:07:44,221 [INFO] IPUIPlugin:80 - create IPUIPlugin
2026-05-11 16:07:44,221 [INFO] IPUIPlugin:80 - create IPUIPlugin
2026-05-11 16:07:44,222 [INFO] IPUIPlugin:80 - create IPUIPlugin
2026-05-11 16:07:44,222 [INFO] IPUIPlugin:80 - create IPUIPlugin
2026-05-11 16:07:44,222 [INFO] IPUIPlugin:80 - create IPUIPlugin
2026-05-11 16:07:44,222 [INFO] IPUIPlugin:80 - create IPUIPlugin
2026-05-11 16:07:44,223 [INFO] IPUIPlugin:80 - create IPUIPlugin
2026-05-11 16:07:44,223 [INFO] IPUIPlugin:80 - create IPUIPlugin
2026-05-11 16:07:44,223 [INFO] IPUIPlugin:80 - create IPUIPlugin
2026-05-11 16:07:44,224 [INFO] IPUIPlugin:80 - create IPUIPlugin
2026-05-11 16:07:44,225 [INFO] IPUIPlugin:80 - create IPUIPlugin
2026-05-11 16:07:44,225 [INFO] IPUIPlugin:80 - create IPUIPlugin
2026-05-11 16:07:44,227 [INFO] IPUIPlugin:80 - create IPUIPlugin
2026-05-11 16:07:44,227 [INFO] IPUIPlugin:80 - create IPUIPlugin
2026-05-11 16:07:44,228 [INFO] IPUIPlugin:80 - create IPUIPlugin
2026-05-11 16:07:44,228 [INFO] IPUIPlugin:80 - create IPUIPlugin
2026-05-11 16:07:44,229 [INFO] IPUIPlugin:80 - create IPUIPlugin
2026-05-11 16:07:44,313 [INFO] CADModel:165 - CPN selected for project levelSTM32L053C8T6
2026-05-11 16:07:44,313 [INFO] CADModel:114 - Register for checkConnection events
2026-05-11 16:07:44,356 [INFO] OpenFileManager:386 - Restore cursor
2026-05-11 16:07:45,691 [INFO] UtilMem:75 - End SaveConfig() Used Memory: 836134128 Bytes (1073741824)
2026-05-11 16:07:46,059 [INFO] UtilMem:75 - End SaveConfig() Used Memory: 847530136 Bytes (1073741824)
2026-05-11 16:07:46,523 [INFO] BlockDiagram:2775 - set Specific Code input for plugin: NVIC
2026-05-11 16:07:46,524 [INFO] BlockDiagram:2775 - set Specific Code input for plugin: GPIO
2026-05-11 16:07:46,524 [INFO] BlockDiagram:2775 - set Specific Code input for plugin: RCC
2026-05-11 16:07:46,527 [INFO] CodeGenerator:892 - code generatio: config db path: C:\ST\STM32CubeIDE_1.19.0\STM32CubeIDE\plugins\com.st.stm32cube.common.mx_6.15.0.202507011659\\db\
2026-05-11 16:07:46,794 [INFO] CodeEngine:265 - oldGeneratedFile, D:\stm32L0\001_user_button\MXTmpFiles\license.tmp_save
2026-05-11 16:07:47,865 [INFO] CodeEngine:289 - Generated code: D:\stm32L0\001_user_button\MXTmpFiles\license.tmp
2026-05-11 16:07:48,360 [INFO] CodeEngine:265 - oldGeneratedFile, D:\stm32L0\001_user_button\MXTmpFiles\gpio.tmp_save
2026-05-11 16:07:49,175 [INFO] CodeEngine:289 - Generated code: D:\stm32L0\001_user_button\MXTmpFiles\gpio.tmp
2026-05-11 16:07:49,277 [INFO] CodeEngine:265 - oldGeneratedFile, D:\stm32L0\001_user_button\Core\Src\stm32l0xx_it.c_save
2026-05-11 16:07:50,597 [INFO] CodeEngine:289 - Generated code: D:\stm32L0\001_user_button\Core\Src\stm32l0xx_it.c
2026-05-11 16:07:50,617 [INFO] CodeEngine:265 - oldGeneratedFile, D:\stm32L0\001_user_button\Core\Inc\stm32l0xx_it.h_save
2026-05-11 16:07:50,840 [INFO] CodeEngine:289 - Generated code: D:\stm32L0\001_user_button\Core\Inc\stm32l0xx_it.h
2026-05-11 16:07:51,229 [INFO] CodeEngine:265 - oldGeneratedFile, D:\stm32L0\001_user_button\Core\Src\stm32l0xx_hal_msp.c_save
2026-05-11 16:07:51,735 [INFO] CodeEngine:289 - Generated code: D:\stm32L0\001_user_button\Core\Src\stm32l0xx_hal_msp.c
2026-05-11 16:07:51,763 [INFO] CodeEngine:265 - oldGeneratedFile, D:\stm32L0\001_user_button\MXTmpFiles\system.tmp_save
2026-05-11 16:07:52,035 [INFO] CodeEngine:289 - Generated code: D:\stm32L0\001_user_button\MXTmpFiles\system.tmp
2026-05-11 16:07:52,132 [INFO] CodeEngine:321 - oldGeneratedFile, D:\stm32L0\001_user_button\Core\Inc\stm32l0xx_hal_conf.h_save
2026-05-11 16:07:52,427 [INFO] CodeEngine:345 - Generated code: D:\stm32L0\001_user_button\Core\Inc\stm32l0xx_hal_conf.h
2026-05-11 16:07:52,513 [INFO] ApiDbMcu:532 - Load IP Config File for RCC
2026-05-11 16:07:52,555 [INFO] CodeEngine:265 - oldGeneratedFile, D:\stm32L0\001_user_button\Core\Inc\main.h_save
2026-05-11 16:07:53,644 [INFO] CodeEngine:289 - Generated code: D:\stm32L0\001_user_button\Core\Inc\main.h
2026-05-11 16:07:53,662 [INFO] CodeEngine:265 - oldGeneratedFile, D:\stm32L0\001_user_button\Core\Src\main.c_save
2026-05-11 16:07:54,035 [INFO] CodeEngine:289 - Generated code: D:\stm32L0\001_user_button\Core\Src\main.c
2026-05-11 16:07:55,131 [INFO] ProjectBuilder:3606 - Time for Copy HAL[1] : 499mS.
2026-05-11 16:07:55,142 [INFO] ProjectBuilder:5216 - Project Generator version: 4.7.0-B52
2026-05-11 16:07:55,312 [INFO] ConfigFileManager:1595 - The Die is : DIE417
2026-05-11 16:07:55,318 [INFO] ApiDbMcu:532 - Load IP Config File for FATFS
2026-05-11 16:07:55,328 [INFO] ApiDbMcu:532 - Load IP Config File for FREERTOS
2026-05-11 16:07:55,342 [INFO] ApiDbMcu:532 - Load IP Config File for TOUCHSENSING
2026-05-11 16:07:55,353 [INFO] ApiDbMcu:532 - Load IP Config File for USB_DEVICE
2026-05-11 16:08:04,519 [INFO] ProjectBuilder:5496 - Time for Generating toolchain IDE Files: 9375mS.
2026-05-11 16:08:04,524 [INFO] ProjectBuilder:3463 - Time for Copy CMSIS : 4mS.
2026-05-11 16:08:04,527 [INFO] ProjectBuilder:3463 - Time for Copy CMSIS : 1mS.
2026-05-11 16:08:07,010 [INFO] McuFinderGlobals:76 - Set McuFinderConnectedMode to true
2026-05-11 16:08:07,022 [INFO] ApiDb:448 - Save user favorites file C:\Users\jahna/.stm32cubeide/favorites.mcus.txt: 0 item(s)
2026-05-11 16:08:07,022 [INFO] ApiDb:452 - User favorites MCUs=[]
2026-05-11 16:08:07,032 [INFO] ApiDb:448 - Save user favorites file C:\Users\jahna/.stm32cubeide/favorites.boards.txt: 0 item(s)
2026-05-11 16:08:07,033 [INFO] ApiDb:452 - User favorites Boards=[]
2026-05-11 16:26:04,529 [INFO] WebApp:194 - Connection lost
2026-05-11 16:26:07,826 [INFO] WebApp:191 - Connection restablished
2026-05-11 16:26:07,836 [INFO] WebApp:194 - Connection lost
2026-05-11 16:26:08,080 [INFO] WebApp:191 - Connection restablished
2026-05-11 16:28:14,658 [INFO] WebApp:194 - Connection lost
2026-05-11 16:28:15,015 [INFO] WebApp:191 - Connection restablished
2026-05-11 17:26:37,212 [INFO] NvicIntPanel:101 - NVIC parent = com.st.microxplorer.plugins.ip.nvic.MultiNvicIntPanel[,0,0,0x0,invalid,layout=javax.swing.BoxLayout,alignmentX=0.0,alignmentY=0.0,border=,flags=9,maximumSize=,minimumSize=,preferredSize=]
2026-05-11 17:28:18,948 [INFO] WebApp:194 - Connection lost
2026-05-11 17:28:19,091 [INFO] UtilMem:75 - End SaveConfig() Used Memory: 918645496 Bytes (1073741824)
2026-05-11 17:28:24,568 [INFO] WebApp:191 - Connection restablished
2026-05-11 17:28:25,404 [INFO] MainUpdater:2872 - connection check result : 10
2026-05-11 17:28:25,406 [INFO] MainUpdater:2872 - connection check result : 10
2026-05-11 17:28:25,973 [INFO] MicroXplorer:468 - Change Database Path : 
2026-05-11 17:28:25,976 [INFO] MicroXplorer:498 - Change Database Version : DB.6.0.150
2026-05-11 17:28:26,163 [ERROR] ProjectManagerView:395 - 
java.lang.NullPointerException: Cannot invoke "javax.swing.JTextField.getText()" because the return value of "java.util.List.get(int)" is null
	at com.st.microxplorer.plugins.projectmanager.gui.ProjectChoiceTab$9.caretUpdate(ProjectChoiceTab.java:2706) ~[filemanager.jar:?]
	at javax.swing.text.JTextComponent.fireCaretUpdate(JTextComponent.java:408) ~[?:?]
	at javax.swing.text.JTextComponent$MutableCaretEvent.fire(JTextComponent.java:4484) ~[?:?]
	at javax.swing.text.JTextComponent$MutableCaretEvent.stateChanged(JTextComponent.java:4506) ~[?:?]
	at javax.swing.text.DefaultCaret.fireStateChanged(DefaultCaret.java:857) ~[?:?]
	at javax.swing.text.DefaultCaret.changeCaretPosition(DefaultCaret.java:1343) ~[?:?]
	at javax.swing.text.DefaultCaret.handleSetDot(DefaultCaret.java:1242) ~[?:?]
	at javax.swing.text.DefaultCaret.setDot(DefaultCaret.java:1223) ~[?:?]
	at javax.swing.text.DefaultCaret$Handler.insertUpdate(DefaultCaret.java:1819) ~[?:?]
	at javax.swing.text.AbstractDocument.fireInsertUpdate(AbstractDocument.java:227) ~[?:?]
	at javax.swing.text.AbstractDocument.handleInsertString(AbstractDocument.java:781) ~[?:?]
	at javax.swing.text.AbstractDocument.insertString(AbstractDocument.java:740) ~[?:?]
	at javax.swing.text.PlainDocument.insertString(PlainDocument.java:131) ~[?:?]
	at javax.swing.text.AbstractDocument.replace(AbstractDocument.java:699) ~[?:?]
	at javax.swing.text.JTextComponent.setText(JTextComponent.java:1725) ~[?:?]
	at com.st.microxplorer.plugins.projectmanager.gui.ProjectChoiceTab.createHeapStackFields(ProjectChoiceTab.java:993) ~[filemanager.jar:?]
	at com.st.microxplorer.plugins.projectmanager.gui.ProjectChoiceTab.buildLinkSettingsPanel(ProjectChoiceTab.java:3813) ~[filemanager.jar:?]
	at com.st.microxplorer.plugins.projectmanager.gui.ProjectChoiceTab.defineWindowsFields(ProjectChoiceTab.java:1987) ~[filemanager.jar:?]
	at com.st.microxplorer.plugins.projectmanager.gui.ProjectChoiceTab.updateSettings(ProjectChoiceTab.java:558) ~[filemanager.jar:?]
	at com.st.microxplorer.plugins.projectmanager.gui.ProjectSettingsPanel.UpdateDialog(ProjectSettingsPanel.java:247) ~[filemanager.jar:?]
	at com.st.microxplorer.plugins.projectmanager.ProjectManagerView.propertyChange(ProjectManagerView.java:392) ~[filemanager.jar:?]
	at java.beans.PropertyChangeSupport.fire(PropertyChangeSupport.java:343) ~[?:?]
	at java.beans.PropertyChangeSupport.firePropertyChange(PropertyChangeSupport.java:335) ~[?:?]
	at java.beans.PropertyChangeSupport.firePropertyChange(PropertyChangeSupport.java:268) ~[?:?]
	at com.st.microxplorer.util.MXPropertyChangeSupport.firePropertyChange(MXPropertyChangeSupport.java:54) ~[STM32CubeMX.jar:?]
	at com.st.microxplorer.mxsystem.MxSystem.closeConfig(MxSystem.java:899) ~[STM32CubeMX.jar:?]
	at com.st.microxplorer.maingui.MainPanel.closeConfig(MainPanel.java:792) ~[STM32CubeMX.jar:?]
	at com.st.microxplorer.plugins.filemanager.engine.OpenFileManager.loadConfigurationFile(OpenFileManager.java:288) ~[filemanager.jar:?]
	at com.st.microxplorer.plugins.filemanager.engine.MainFileManager.userLoadConfig(MainFileManager.java:364) ~[filemanager.jar:?]
	at com.st.microxplorer.plugins.filemanager.engine.MainFileManager.userLoadConfig(MainFileManager.java:342) ~[filemanager.jar:?]
	at com.st.microxplorer.plugins.filemanager.FileManagerView.getSpecificTask(FileManagerView.java:264) ~[filemanager.jar:?]
	at com.st.stm32cube.common.mx.editor.CubeMxEditor.getMxTabbedPaneInstance(CubeMxEditor.java:1198) ~[com.st.stm32cube.common.mx_6.15.0.202507011659/:?]
	at com.st.stm32cube.common.mx.editor.CubeMxEditor$12$1.createSwingComponent(CubeMxEditor.java:1068) ~[com.st.stm32cube.common.mx_6.15.0.202507011659/:?]
	at com.st.stm32cube.common.mx.oss.core.awtswtbridge.EmbeddedSwingComposite.doComponentCreation(EmbeddedSwingComposite.java:492) ~[com.st.stm32cube.common.mx.oss_6.15.0.202507011659/:?]
	at com.st.stm32cube.common.mx.oss.core.awtswtbridge.EmbeddedSwingComposite$4.run(EmbeddedSwingComposite.java:291) ~[com.st.stm32cube.common.mx.oss_6.15.0.202507011659/:?]
	at com.st.stm32cube.common.mx.oss.core.awtswtbridge.AwtEnvironment$2.run(AwtEnvironment.java:166) ~[com.st.stm32cube.common.mx.oss_6.15.0.202507011659/:?]
	at java.awt.event.InvocationEvent.dispatch(InvocationEvent.java:318) ~[?:?]
	at java.awt.EventQueue.dispatchEventImpl(EventQueue.java:773) ~[?:?]
	at java.awt.EventQueue$4.run(EventQueue.java:720) ~[?:?]
	at java.awt.EventQueue$4.run(EventQueue.java:714) ~[?:?]
	at java.security.AccessController.doPrivileged(AccessController.java:400) ~[?:?]
	at java.security.ProtectionDomain$JavaSecurityAccessImpl.doIntersectionPrivilege(ProtectionDomain.java:87) ~[?:?]
	at java.awt.EventQueue.dispatchEvent(EventQueue.java:742) ~[?:?]
	at java.awt.EventDispatchThread.pumpOneEventForFilters(EventDispatchThread.java:203) ~[?:?]
	at java.awt.EventDispatchThread.pumpEventsForFilter(EventDispatchThread.java:124) ~[?:?]
	at java.awt.EventDispatchThread.pumpEventsForHierarchy(EventDispatchThread.java:113) ~[?:?]
	at java.awt.EventDispatchThread.pumpEvents(EventDispatchThread.java:109) ~[?:?]
	at java.awt.EventDispatchThread.pumpEvents(EventDispatchThread.java:101) ~[?:?]
	at java.awt.EventDispatchThread.run(EventDispatchThread.java:90) ~[?:?]
2026-05-11 17:28:26,184 [WARN] ThirdParty:871 - waiting for thirdparty lock release [close project]
2026-05-11 17:28:26,186 [INFO] ThirdParty:873 - entering critical section [close project]
2026-05-11 17:28:26,188 [INFO] ThirdParty:883 - exiting critical section [close project]
2026-05-11 17:28:26,204 [INFO] PinOutPanel:1589 - setPackage(No Configuration,No Configuration)
2026-05-11 17:28:26,227 [INFO] UtilMem:75 - Begin LoadConfig() Used Memory: 832801888 Bytes (1073741824)
2026-05-11 17:28:26,233 [INFO] MicroXplorer:468 - Change Database Path : 
2026-05-11 17:28:26,234 [INFO] MicroXplorer:498 - Change Database Version : DB.6.0.150
2026-05-11 17:28:26,234 [INFO] OpenFileManager:355 - Change cursor
2026-05-11 17:28:26,423 [INFO] RulesReader:64 - Compatibility file has been processed (317 Rules)
2026-05-11 17:28:26,468 [INFO] Mcu:2029 - Initializing MCU STM32L053C(6-8)Tx STM32L053C8Tx STM32L053C8T6
2026-05-11 17:28:35,856 [INFO] Context:786 - Trying to add GPIOservice into a context  which must be forbidden
2026-05-11 17:28:38,434 [INFO] ImportTextPane:234 - (OptionalMessage_ERROR) Pin17 (VP_RIF_VS_RIF1) cannot be retrieved for this MCU
2026-05-11 17:28:39,393 [INFO] RtosManager:558 - Registered RTOS mode: class=CMSIS, group=RTOS, mode=CMSIS_V1, owner=FREERTOS
2026-05-11 17:28:39,393 [INFO] RtosManager:558 - Registered RTOS mode: class=CMSIS, group=RTOS2, mode=CMSIS_V2, owner=FREERTOS
2026-05-11 17:28:39,394 [INFO] RtosManager:558 - Registered RTOS mode: class=RTOS, group=Core, mode=CMSIS_V1, owner=FREERTOS
2026-05-11 17:28:39,394 [INFO] RtosManager:558 - Registered RTOS mode: class=RTOS, group=Core, mode=CMSIS_V2, owner=FREERTOS
2026-05-11 17:28:39,395 [WARN] ModelIntegratedComponent:184 - Missing modes for component STMicroelectronics:FreeRTOS:0.0.1:STMicroelectronics:RTOS:FreeRTOS:Core:::10.2.0:
2026-05-11 17:28:39,413 [WARN] ModelIntegratedComponent:63 - No mode defined for component null
2026-05-11 17:28:39,414 [WARN] ModelIntegratedComponent:63 - No mode defined for component null
2026-05-11 17:28:39,414 [WARN] ModelIntegratedComponent:63 - No mode defined for component null
2026-05-11 17:28:39,415 [WARN] ModelIntegratedComponent:63 - No mode defined for component null
2026-05-11 17:28:39,415 [WARN] ModelIntegratedComponent:63 - No mode defined for component null
2026-05-11 17:28:39,415 [WARN] ModelIntegratedComponent:63 - No mode defined for component null
2026-05-11 17:28:39,415 [WARN] ModelIntegratedComponent:63 - No mode defined for component null
2026-05-11 17:28:39,415 [WARN] ModelIntegratedComponent:63 - No mode defined for component null
2026-05-11 17:28:39,417 [WARN] ModelIntegratedComponent:63 - No mode defined for component null
2026-05-11 17:28:39,417 [WARN] ModelIntegratedComponent:63 - No mode defined for component null
2026-05-11 17:28:39,417 [WARN] ModelIntegratedComponent:63 - No mode defined for component null
2026-05-11 17:28:39,417 [WARN] ModelIntegratedComponent:63 - No mode defined for component null
2026-05-11 17:28:39,417 [WARN] ModelIntegratedComponent:63 - No mode defined for component null
2026-05-11 17:28:39,417 [WARN] ModelIntegratedComponent:63 - No mode defined for component null
2026-05-11 17:28:39,418 [WARN] ModelIntegratedComponent:63 - No mode defined for component null
2026-05-11 17:28:39,418 [WARN] ModelIntegratedComponent:63 - No mode defined for component null
2026-05-11 17:28:39,418 [WARN] ModelIntegratedComponent:63 - No mode defined for component null
2026-05-11 17:28:39,418 [WARN] ModelIntegratedComponent:63 - No mode defined for component null
2026-05-11 17:28:39,420 [WARN] ModelIntegratedComponent:63 - No mode defined for component null
2026-05-11 17:28:39,420 [WARN] ModelIntegratedComponent:63 - No mode defined for component null
2026-05-11 17:28:39,420 [WARN] ModelIntegratedComponent:63 - No mode defined for component null
2026-05-11 17:28:39,420 [WARN] ModelIntegratedComponent:63 - No mode defined for component null
2026-05-11 17:28:39,421 [WARN] ModelIntegratedComponent:63 - No mode defined for component null
2026-05-11 17:28:39,421 [WARN] ModelIntegratedComponent:63 - No mode defined for component null
2026-05-11 17:28:39,421 [WARN] ModelIntegratedComponent:63 - No mode defined for component null
2026-05-11 17:28:39,421 [WARN] ModelIntegratedComponent:63 - No mode defined for component null
2026-05-11 17:28:39,421 [WARN] ModelIntegratedComponent:63 - No mode defined for component null
2026-05-11 17:28:39,421 [WARN] ModelIntegratedComponent:63 - No mode defined for component null
2026-05-11 17:28:39,421 [WARN] ModelIntegratedComponent:63 - No mode defined for component null
2026-05-11 17:28:39,421 [WARN] ModelIntegratedComponent:63 - No mode defined for component null
2026-05-11 17:28:39,421 [WARN] ModelIntegratedComponent:63 - No mode defined for component null
2026-05-11 17:28:39,423 [WARN] ModelIntegratedComponent:63 - No mode defined for component null
2026-05-11 17:28:39,423 [WARN] ModelIntegratedComponent:63 - No mode defined for component null
2026-05-11 17:28:39,423 [WARN] ModelIntegratedComponent:63 - No mode defined for component null
2026-05-11 17:28:39,423 [WARN] ModelIntegratedComponent:63 - No mode defined for component null
2026-05-11 17:28:39,424 [WARN] ModelPack:524 - Component already loaded: STMicroelectronics:HAL Drivers:0.0.0:STMicroelectronics:Device:STMicro_Driver:XSPI:HAL::0.0.1:HAL_XSPI
2026-05-11 17:28:39,690 [INFO] ThirdPartyModel:298 - Start build external matchings
2026-05-11 17:28:41,895 [INFO] ThirdPartyModel:316 - End build external matchings
2026-05-11 17:28:41,984 [INFO] ImportTextPane:234 - (OptionalMessage_ERROR) IP (RCC) : Invalid parameter (FamilyName)
2026-05-11 17:28:41,992 [INFO] ImportTextPane:234 - (OptionalMessage_ERROR) IP (RCC) : Invalid parameter (PWRFreq_Value)
2026-05-11 17:28:41,992 [INFO] ImportTextPane:234 - (OptionalMessage_ERROR) IP (RCC) : Parameter (RTCHSEDivFreq_Value) has invalid value (4000000)
2026-05-11 17:28:41,993 [INFO] ImportTextPane:234 - (OptionalMessage_ERROR) IP (RCC) : Invalid parameter (TIMFreq_Value)
2026-05-11 17:28:41,999 [WARN] IP:2250 - TSC_G4_IO1 not found: check if there is a RefParameter without a condition.
2026-05-11 17:28:41,999 [WARN] IP:2250 - TSC_G6_IO1 not found: check if there is a RefParameter without a condition.
2026-05-11 17:28:42,000 [WARN] IP:2250 - TSC_G7_IO2 not found: check if there is a RefParameter without a condition.
2026-05-11 17:28:42,014 [WARN] IP:2250 - TSC_G2_IO1 not found: check if there is a RefParameter without a condition.
2026-05-11 17:28:42,016 [WARN] IP:2250 - TSC_G2_IO3 not found: check if there is a RefParameter without a condition.
2026-05-11 17:28:42,017 [WARN] IP:2250 - TSC_G4_IO1 not found: check if there is a RefParameter without a condition.
2026-05-11 17:28:42,018 [WARN] IP:2250 - TSC_G6_IO1 not found: check if there is a RefParameter without a condition.
2026-05-11 17:28:42,018 [WARN] IP:2250 - TSC_G7_IO2 not found: check if there is a RefParameter without a condition.
2026-05-11 17:28:42,021 [WARN] IP:2250 - TSC_G2_IO1 not found: check if there is a RefParameter without a condition.
2026-05-11 17:28:42,022 [WARN] IP:2250 - TSC_G2_IO3 not found: check if there is a RefParameter without a condition.
2026-05-11 17:28:42,676 [INFO] ImportTextPane:234 - (OptionalMessage_ERROR) IP (TSC) : Parameter (ChannelIOs) has Id (G1_IO2) currently not set
2026-05-11 17:28:42,679 [WARN] IP:2250 - TSC_G4_IO1 not found: check if there is a RefParameter without a condition.
2026-05-11 17:28:42,679 [WARN] IP:2250 - TSC_G6_IO1 not found: check if there is a RefParameter without a condition.
2026-05-11 17:28:42,679 [WARN] IP:2250 - TSC_G7_IO2 not found: check if there is a RefParameter without a condition.
2026-05-11 17:28:42,679 [WARN] IP:2250 - TSC_G2_IO1 not found: check if there is a RefParameter without a condition.
2026-05-11 17:28:42,682 [WARN] IP:2250 - TSC_G2_IO3 not found: check if there is a RefParameter without a condition.
2026-05-11 17:28:42,682 [INFO] ImportTextPane:234 - (OptionalMessage_ERROR) IP (TSC) : Parameter (ChannelIOs) has Id (G1_IO3) currently not set
2026-05-11 17:28:42,683 [INFO] ImportTextPane:234 - (OptionalMessage_ERROR) IP (TSC) : Parameter (SamplingIOs) has Id (G1_IO1) currently not set
2026-05-11 17:28:42,683 [INFO] ImportTextPane:234 - (OptionalMessage_ERROR) IP (TSC) : Parameter (ChannelIOs) has Id (G1_IO4) currently not set
2026-05-11 17:28:42,684 [INFO] ImportTextPane:234 - (OptionalMessage_ERROR) IP (TSC) : Parameter (SamplingIOs) has Id (G2_IO1) currently not set
2026-05-11 17:28:42,684 [INFO] ImportTextPane:234 - (OptionalMessage_ERROR) IP (TSC) : Parameter (ChannelIOs) has Id (G2_IO2) currently not set
2026-05-11 17:28:43,803 [INFO] UtilMem:75 - End LoadConfig() Used Memory: 951956680 Bytes (1073741824)
2026-05-11 17:28:43,875 [WARN] ThirdParty:833 - waiting for thirdparty lock release [change project]
2026-05-11 17:28:43,878 [INFO] ThirdParty:835 - entering critical section [change project]
2026-05-11 17:28:43,880 [INFO] ThirdParty:1030 - CMSIS Pack Vendor :STMicroelectronics X-CUBE-AZRTOS-H7 3.5.0
2026-05-11 17:28:43,881 [INFO] ThirdParty:1030 - CMSIS Pack Vendor :STMicroelectronics X-CUBE-PM33A1 1.0.0
2026-05-11 17:28:43,881 [INFO] ThirdParty:1030 - CMSIS Pack Vendor :STMicroelectronics USBPD 4.1
2026-05-11 17:28:43,881 [INFO] ThirdParty:1030 - CMSIS Pack Vendor :STMicroelectronics X-CUBE-NFC9 1.0.0
2026-05-11 17:28:43,882 [INFO] ThirdParty:1030 - CMSIS Pack Vendor :STMicroelectronics USB_HOST 2.0.0
2026-05-11 17:28:43,882 [INFO] ThirdParty:1030 - CMSIS Pack Vendor :STMicroelectronics X-CUBE-AZRTOS-F4 1.1.0
2026-05-11 17:28:43,882 [INFO] ThirdParty:1030 - CMSIS Pack Vendor :STMicroelectronics LIBJPEG 8.0.0
2026-05-11 17:28:43,882 [INFO] ThirdParty:1030 - CMSIS Pack Vendor :STMicroelectronics FP-ATR-ASTRA1 2.0.2
2026-05-11 17:28:43,882 [INFO] ThirdParty:1030 - CMSIS Pack Vendor :STMicroelectronics X-CUBE-BLE1 7.1.0
2026-05-11 17:28:43,882 [INFO] ThirdParty:1030 - CMSIS Pack Vendor :STMicroelectronics X-CUBE-SMBUS 2.1.0
2026-05-11 17:28:43,882 [INFO] ThirdParty:1030 - CMSIS Pack Vendor :wolfSSL I-CUBE-wolfMQTT 1.19.2
2026-05-11 17:28:43,882 [INFO] ThirdParty:1030 - CMSIS Pack Vendor :STMicroelectronics USB_DEVICE 3.0.0
2026-05-11 17:28:43,882 [INFO] ThirdParty:1030 - CMSIS Pack Vendor :STMicroelectronics X-CUBE-ISPU 2.1.0
2026-05-11 17:28:43,882 [INFO] ThirdParty:1030 - CMSIS Pack Vendor :STMicroelectronics X-CUBE-EEPRMA1 5.2.0
2026-05-11 17:28:43,883 [INFO] ThirdParty:1030 - CMSIS Pack Vendor :STMicroelectronics X-CUBE-IPS 3.2.0
2026-05-11 17:28:43,883 [INFO] ThirdParty:1030 - CMSIS Pack Vendor :STMicroelectronics X-CUBE-BLEMGR 4.1.0
2026-05-11 17:28:43,883 [INFO] ThirdParty:1030 - CMSIS Pack Vendor :STMicroelectronics eDS-WB_DPC_TT-BIDIR 2.1.1
2026-05-11 17:28:43,883 [INFO] ThirdParty:1030 - CMSIS Pack Vendor :STMicroelectronics X-CUBE-AZRTOS-WB 2.0.0
2026-05-11 17:28:43,883 [INFO] ThirdParty:1030 - CMSIS Pack Vendor :wolfSSL I-CUBE-wolfSSL 5.8.4
2026-05-11 17:28:43,883 [INFO] ThirdParty:1030 - CMSIS Pack Vendor :Cesanta I-CUBE-Mongoose 7.20.0
2026-05-11 17:28:43,883 [INFO] ThirdParty:1030 - CMSIS Pack Vendor :STMicroelectronics X-CUBE-NFC12 1.0.0
2026-05-11 17:28:43,883 [INFO] ThirdParty:1030 - CMSIS Pack Vendor :STMicroelectronics X-CUBE-AZRTOS-F7 1.1.0
2026-05-11 17:28:43,883 [INFO] ThirdParty:1030 - CMSIS Pack Vendor :STMicroelectronics X-CUBE-AZRTOS-L5 2.0.0
2026-05-11 17:28:43,883 [INFO] ThirdParty:1030 - CMSIS Pack Vendor :STMicroelectronics USB_DEVICE 2.0.0
2026-05-11 17:28:43,884 [INFO] ThirdParty:1030 - CMSIS Pack Vendor :STMicroelectronics FP-SNS-STAIOTCFT 1.1.0
2026-05-11 17:28:43,884 [INFO] ThirdParty:1030 - CMSIS Pack Vendor :quantropi X-CUBE-qispace-sdk-base 2.1.0
2026-05-11 17:28:43,884 [INFO] ThirdParty:1030 - CMSIS Pack Vendor :STMicroelectronics X-CUBE-MEMS1 12.0.0
2026-05-11 17:28:43,884 [INFO] ThirdParty:1030 - CMSIS Pack Vendor :STMicroelectronics X-CUBE-STSE01 2.0.0
2026-05-11 17:28:43,884 [INFO] ThirdParty:1030 - CMSIS Pack Vendor :STMicroelectronics FP-SNS-MOTENV1 5.1.0
2026-05-11 17:28:43,884 [INFO] ThirdParty:1030 - CMSIS Pack Vendor :STMicroelectronics FreeRTOS 0.0.1
2026-05-11 17:28:43,884 [INFO] ThirdParty:1030 - CMSIS Pack Vendor :STMicroelectronics X-CUBE-AZRTOS-G0 1.1.0
2026-05-11 17:28:43,884 [INFO] ThirdParty:1030 - CMSIS Pack Vendor :STMicroelectronics X-CUBE-NFC4 3.0.0
2026-05-11 17:28:43,884 [INFO] ThirdParty:1030 - CMSIS Pack Vendor :STMicroelectronics X-CUBE-SUBG2 5.0.0
2026-05-11 17:28:43,884 [INFO] ThirdParty:1030 - CMSIS Pack Vendor :STMicroelectronics STM32_WPAN 1.0.0
2026-05-11 17:28:43,884 [INFO] ThirdParty:1030 - CMSIS Pack Vendor :STMicroelectronics eDS-WB_DPC_VIENNA 1.2.0
2026-05-11 17:28:43,884 [INFO] ThirdParty:1030 - CMSIS Pack Vendor :EmbeddedOffice I-CUBE-FS-RTOS 1.0.1
2026-05-11 17:28:43,884 [INFO] ThirdParty:1030 - CMSIS Pack Vendor :STMicroelectronics lwIP 2.0.3
2026-05-11 17:28:43,884 [INFO] ThirdParty:1030 - CMSIS Pack Vendor :WES I-CUBE-Cesium 1.4.0
2026-05-11 17:28:43,884 [INFO] ThirdParty:1030 - CMSIS Pack Vendor :STMicroelectronics eDS-WB_DPC_3PH2L-BIDIR 1.1.1
2026-05-11 17:28:43,885 [INFO] ThirdParty:1030 - CMSIS Pack Vendor :STMicroelectronics USB_HOST 1.0.0
2026-05-11 17:28:43,885 [INFO] ThirdParty:1030 - CMSIS Pack Vendor :STMicroelectronics X-CUBE-AZRTOS-G4 2.0.0
2026-05-11 17:28:43,885 [INFO] ThirdParty:1030 - CMSIS Pack Vendor :STMicroelectronics X-CUBE-WB05N 2.0.0
2026-05-11 17:28:43,885 [INFO] ThirdParty:1030 - CMSIS Pack Vendor :STMicroelectronics PDM2PCM 3.1.0
2026-05-11 17:28:43,885 [INFO] ThirdParty:1030 - CMSIS Pack Vendor :STMicroelectronics PDM2PCM 3.3.0
2026-05-11 17:28:43,885 [INFO] ThirdParty:1030 - CMSIS Pack Vendor :wolfSSL I-CUBE-wolfTPM 3.8.0
2026-05-11 17:28:43,887 [INFO] ThirdParty:1030 - CMSIS Pack Vendor :STMicroelectronics X-CUBE-DISPLAY 3.0.0
2026-05-11 17:28:43,887 [INFO] ThirdParty:1030 - CMSIS Pack Vendor :wolfSSL I-CUBE-wolfSSH 1.4.20
2026-05-11 17:28:43,887 [INFO] ThirdParty:1030 - CMSIS Pack Vendor :STMicroelectronics X-CUBE-NFC7 2.0.0
2026-05-11 17:28:43,887 [INFO] ThirdParty:1030 - CMSIS Pack Vendor :STMicroelectronics X-CUBE-GNSS1 7.1.1
2026-05-11 17:28:43,887 [INFO] ThirdParty:1030 - CMSIS Pack Vendor :STMicroelectronics FP-SNS-MOTENVWB1 1.5.0
2026-05-11 17:28:43,887 [INFO] ThirdParty:1030 - CMSIS Pack Vendor :STMicroelectronics X-CUBE-TCPP 4.2.0
2026-05-11 17:28:43,887 [INFO] ThirdParty:1030 - CMSIS Pack Vendor :RealThread X-CUBE-RT-Thread_Nano 4.1.1
2026-05-11 17:28:43,887 [INFO] ThirdParty:1030 - CMSIS Pack Vendor :STMicroelectronics FP-ATR-SIGFOX1 3.2.0
2026-05-11 17:28:43,887 [INFO] ThirdParty:1030 - CMSIS Pack Vendor :wolfSSL I-CUBE-wolfSSL 5.9.1
2026-05-11 17:28:43,887 [INFO] ThirdParty:1030 - CMSIS Pack Vendor :STMicroelectronics X-CUBE-NFC10 1.0.0
2026-05-11 17:28:43,887 [INFO] ThirdParty:1030 - CMSIS Pack Vendor :STMicroelectronics HAL Drivers 0.0.0
2026-05-11 17:28:43,887 [INFO] ThirdParty:1030 - CMSIS Pack Vendor :STMicroelectronics X-CUBE-FREERTOS 1.5.0
2026-05-11 17:28:43,887 [INFO] ThirdParty:1030 - CMSIS Pack Vendor :STMicroelectronics MBEDTLS 2.16.2
2026-05-11 17:28:43,887 [INFO] ThirdParty:1030 - CMSIS Pack Vendor :STMicroelectronics X-CUBE-ST60 1.1.0
2026-05-11 17:28:43,887 [INFO] ThirdParty:1030 - CMSIS Pack Vendor :STMicroelectronics X-CUBE-ALS 1.0.2
2026-05-11 17:28:43,887 [INFO] ThirdParty:1030 - CMSIS Pack Vendor :emotas I-CUBE-CANOPEN 1.3.0
2026-05-11 17:28:43,887 [INFO] ThirdParty:1030 - CMSIS Pack Vendor :STMicroelectronics MBEDTLS 2.14.1
2026-05-11 17:28:43,888 [INFO] ThirdParty:1030 - CMSIS Pack Vendor :STMicroelectronics X-CUBE-GNSS1 7.1.0
2026-05-11 17:28:43,888 [INFO] ThirdParty:1030 - CMSIS Pack Vendor :ITTIA_DB I-CUBE-ITTIADB 8.9.0
2026-05-11 17:28:43,888 [INFO] ThirdParty:1030 - CMSIS Pack Vendor :STMicroelectronics X-CUBE-TOUCHGFX 4.26.1
2026-05-11 17:28:43,888 [INFO] ThirdParty:1030 - CMSIS Pack Vendor :Cesanta I-CUBE-Mongoose 7.21.6
2026-05-11 17:28:43,889 [INFO] ThirdParty:1030 - CMSIS Pack Vendor :STMicroelectronics X-CUBE-NFC6 3.2.0
2026-05-11 17:28:43,889 [INFO] ThirdParty:1030 - CMSIS Pack Vendor :STMicroelectronics FP-SNS-STBOX1 2.1.0
2026-05-11 17:28:43,889 [INFO] ThirdParty:1030 - CMSIS Pack Vendor :STMicroelectronics X-CUBE-AI 10.2.0
2026-05-11 17:28:43,891 [INFO] ThirdParty:1030 - CMSIS Pack Vendor :STMicroelectronics FP-SNS-STAIOTCFT 1.0.0
2026-05-11 17:28:43,891 [INFO] ThirdParty:1030 - CMSIS Pack Vendor :STMicroelectronics ThreadX 1.0.0
2026-05-11 17:28:43,891 [INFO] ThirdParty:1030 - CMSIS Pack Vendor :STMicroelectronics FP-SNS-SMARTAG2 1.2.0
2026-05-11 17:28:43,892 [INFO] ThirdParty:1030 - CMSIS Pack Vendor :STMicroelectronics X-CUBE-MEMS1 12.1.0
2026-05-11 17:28:43,892 [INFO] ThirdParty:1030 - CMSIS Pack Vendor :STMicroelectronics FP-SNS-FLIGHT1 5.1.0
2026-05-11 17:28:43,892 [INFO] ThirdParty:1030 - CMSIS Pack Vendor :STMicroelectronics X-CUBE-AZRTOS-WL 2.0.0
2026-05-11 17:28:43,892 [INFO] ThirdParty:1030 - CMSIS Pack Vendor :SEGGER I-CUBE-embOS 1.3.1
2026-05-11 17:28:43,892 [INFO] ThirdParty:1030 - CMSIS Pack Vendor :STMicroelectronics X-CUBE-ALGOBUILD 1.4.0
2026-05-11 17:28:43,892 [INFO] ThirdParty:1030 - CMSIS Pack Vendor :STMicroelectronics X-CUBE-DPower 1.3.0
2026-05-11 17:28:43,893 [INFO] ThirdParty:1030 - CMSIS Pack Vendor :STMicroelectronics USB_DEVICE 1.0.0
2026-05-11 17:28:43,893 [INFO] ThirdParty:1030 - CMSIS Pack Vendor :STMicroelectronics X-CUBE-AZRTOS-H7RS 1.2.0
2026-05-11 17:28:43,893 [INFO] ThirdParty:1030 - CMSIS Pack Vendor :STMicroelectronics X-CUBE-AZRTOS-L4 2.0.0
2026-05-11 17:28:43,893 [INFO] ThirdParty:1030 - CMSIS Pack Vendor :STMicroelectronics ThreadX 0.0.2
2026-05-11 17:28:43,893 [INFO] ThirdParty:1030 - CMSIS Pack Vendor :STMicroelectronics lwIP 2.1.2
2026-05-11 17:28:43,893 [INFO] ThirdParty:1030 - CMSIS Pack Vendor :STMicroelectronics X-CUBE-SFXS2LP1 4.0.0
2026-05-11 17:28:43,893 [INFO] ThirdParty:1030 - CMSIS Pack Vendor :STMicroelectronics X-CUBE-BLE2 3.3.0
2026-05-11 17:28:43,893 [INFO] ThirdParty:1030 - CMSIS Pack Vendor :Avnet-IOTCONNECT X-CUBE-iotc-st67-sdk 1.0.0
2026-05-11 17:28:43,893 [INFO] ThirdParty:1030 - CMSIS Pack Vendor :STMicroelectronics X-CUBE-TOF1 3.4.3
2026-05-11 17:28:43,893 [INFO] ThirdParty:1030 - CMSIS Pack Vendor :Infineon AIROC-Wi-Fi-Bluetooth-STM32 1.8.0
2026-05-11 17:28:43,893 [INFO] ThirdParty:1030 - CMSIS Pack Vendor :STMicroelectronics PDM2PCM 3.2.0
2026-05-11 17:28:43,893 [INFO] ThirdParty:1030 - CMSIS Pack Vendor :STMicroelectronics X-CUBE-WB05N 2.1.0
2026-05-11 17:28:43,893 [INFO] ThirdParty:1030 - CMSIS Pack Vendor :STMicroelectronics X-CUBE-ST67W61 1.2.0
2026-05-11 17:28:43,894 [INFO] ThirdParty:841 - exiting critical section [change project]
2026-05-11 17:28:44,712 [INFO] PinOutPanel:1589 - setPackage(No Configuration,No Configuration)
2026-05-11 17:28:44,717 [INFO] PinOutPanel:1589 - setPackage(STM32L053C8Tx,LQFP48)
2026-05-11 17:28:46,772 [INFO] UtilMem:75 - Before build in PCC Used Memory: 896376816 Bytes (1073741824)
2026-05-11 17:28:48,294 [INFO] UtilMem:75 - After build in PCC Used Memory: 949327856 Bytes (1073741824)
2026-05-11 17:28:48,389 [INFO] IPUIPlugin:80 - create IPUIPlugin
2026-05-11 17:28:48,392 [INFO] IPUIPlugin:80 - create IPUIPlugin
2026-05-11 17:28:48,395 [INFO] IPUIPlugin:80 - create IPUIPlugin
2026-05-11 17:28:48,396 [INFO] IPUIPlugin:80 - create IPUIPlugin
2026-05-11 17:28:48,399 [INFO] IPUIPlugin:80 - create IPUIPlugin
2026-05-11 17:28:48,399 [INFO] IPUIPlugin:80 - create IPUIPlugin
2026-05-11 17:28:48,400 [INFO] IPUIPlugin:80 - create IPUIPlugin
2026-05-11 17:28:48,406 [INFO] IPUIPlugin:80 - create IPUIPlugin
2026-05-11 17:28:48,408 [INFO] IPUIPlugin:80 - create IPUIPlugin
2026-05-11 17:28:48,408 [INFO] IPUIPlugin:80 - create IPUIPlugin
2026-05-11 17:28:48,409 [INFO] IPUIPlugin:80 - create IPUIPlugin
2026-05-11 17:28:48,411 [INFO] IPUIPlugin:80 - create IPUIPlugin
2026-05-11 17:28:48,412 [INFO] IPUIPlugin:80 - create IPUIPlugin
2026-05-11 17:28:48,413 [INFO] IPUIPlugin:80 - create IPUIPlugin
2026-05-11 17:28:48,413 [INFO] IPUIPlugin:80 - create IPUIPlugin
2026-05-11 17:28:48,413 [INFO] IPUIPlugin:80 - create IPUIPlugin
2026-05-11 17:28:48,414 [INFO] IPUIPlugin:80 - create IPUIPlugin
2026-05-11 17:28:48,414 [INFO] IPUIPlugin:80 - create IPUIPlugin
2026-05-11 17:28:48,414 [INFO] IPUIPlugin:80 - create IPUIPlugin
2026-05-11 17:28:48,415 [INFO] IPUIPlugin:80 - create IPUIPlugin
2026-05-11 17:28:48,416 [INFO] IPUIPlugin:80 - create IPUIPlugin
2026-05-11 17:28:48,416 [INFO] IPUIPlugin:80 - create IPUIPlugin
2026-05-11 17:28:48,417 [INFO] IPUIPlugin:80 - create IPUIPlugin
2026-05-11 17:28:48,418 [INFO] IPUIPlugin:80 - create IPUIPlugin
2026-05-11 17:28:48,420 [INFO] IPUIPlugin:80 - create IPUIPlugin
2026-05-11 17:28:48,420 [INFO] IPUIPlugin:80 - create IPUIPlugin
2026-05-11 17:28:48,425 [INFO] IPUIPlugin:80 - create IPUIPlugin
2026-05-11 17:28:48,427 [INFO] IPUIPlugin:80 - create IPUIPlugin
2026-05-11 17:28:48,428 [INFO] IPUIPlugin:80 - create IPUIPlugin
2026-05-11 17:28:48,429 [INFO] IPUIPlugin:80 - create IPUIPlugin
2026-05-11 17:28:48,430 [INFO] IPUIPlugin:80 - create IPUIPlugin
2026-05-11 17:28:48,430 [INFO] IPUIPlugin:80 - create IPUIPlugin
2026-05-11 17:28:48,431 [INFO] IPUIPlugin:80 - create IPUIPlugin
2026-05-11 17:28:48,432 [INFO] IPUIPlugin:80 - create IPUIPlugin
2026-05-11 17:28:48,659 [INFO] CADModel:165 - CPN selected for project levelSTM32L053C8T6
2026-05-11 17:28:48,659 [INFO] CADModel:114 - Register for checkConnection events
2026-05-11 17:28:48,711 [INFO] OpenFileManager:386 - Restore cursor
2026-05-11 17:28:50,135 [WARN] IP:2250 - TSC_G4_IO1 not found: check if there is a RefParameter without a condition.
2026-05-11 17:28:50,136 [WARN] IP:2250 - TSC_G6_IO1 not found: check if there is a RefParameter without a condition.
2026-05-11 17:28:50,137 [WARN] IP:2250 - TSC_G7_IO2 not found: check if there is a RefParameter without a condition.
2026-05-11 17:28:50,137 [WARN] IP:2250 - TSC_G2_IO1 not found: check if there is a RefParameter without a condition.
2026-05-11 17:28:50,137 [WARN] IP:2250 - TSC_G2_IO3 not found: check if there is a RefParameter without a condition.
2026-05-11 17:28:50,143 [WARN] IP:2250 - TSC_G4_IO1 not found: check if there is a RefParameter without a condition.
2026-05-11 17:28:50,143 [WARN] IP:2250 - TSC_G6_IO1 not found: check if there is a RefParameter without a condition.
2026-05-11 17:28:50,143 [WARN] IP:2250 - TSC_G7_IO2 not found: check if there is a RefParameter without a condition.
2026-05-11 17:28:50,143 [WARN] IP:2250 - TSC_G2_IO1 not found: check if there is a RefParameter without a condition.
2026-05-11 17:28:50,143 [WARN] IP:2250 - TSC_G2_IO3 not found: check if there is a RefParameter without a condition.
2026-05-11 17:28:50,144 [WARN] IP:2250 - TSC_G4_IO1 not found: check if there is a RefParameter without a condition.
2026-05-11 17:28:50,144 [WARN] IP:2250 - TSC_G6_IO1 not found: check if there is a RefParameter without a condition.
2026-05-11 17:28:50,144 [WARN] IP:2250 - TSC_G7_IO2 not found: check if there is a RefParameter without a condition.
2026-05-11 17:28:50,144 [WARN] IP:2250 - TSC_G2_IO1 not found: check if there is a RefParameter without a condition.
2026-05-11 17:28:50,144 [WARN] IP:2250 - TSC_G2_IO3 not found: check if there is a RefParameter without a condition.
2026-05-11 17:28:50,144 [WARN] IP:2250 - TSC_G4_IO1 not found: check if there is a RefParameter without a condition.
2026-05-11 17:28:50,145 [WARN] IP:2250 - TSC_G6_IO1 not found: check if there is a RefParameter without a condition.
2026-05-11 17:28:50,145 [WARN] IP:2250 - TSC_G7_IO2 not found: check if there is a RefParameter without a condition.
2026-05-11 17:28:50,145 [WARN] IP:2250 - TSC_G2_IO1 not found: check if there is a RefParameter without a condition.
2026-05-11 17:28:50,145 [WARN] IP:2250 - TSC_G2_IO3 not found: check if there is a RefParameter without a condition.
2026-05-11 17:28:50,145 [WARN] IP:2250 - TSC_G4_IO1 not found: check if there is a RefParameter without a condition.
2026-05-11 17:28:50,145 [WARN] IP:2250 - TSC_G6_IO1 not found: check if there is a RefParameter without a condition.
2026-05-11 17:28:50,145 [WARN] IP:2250 - TSC_G7_IO2 not found: check if there is a RefParameter without a condition.
2026-05-11 17:28:50,145 [WARN] IP:2250 - TSC_G2_IO1 not found: check if there is a RefParameter without a condition.
2026-05-11 17:28:50,145 [WARN] IP:2250 - TSC_G2_IO3 not found: check if there is a RefParameter without a condition.
2026-05-11 17:28:50,146 [WARN] IP:2250 - TSC_G4_IO1 not found: check if there is a RefParameter without a condition.
2026-05-11 17:28:50,146 [WARN] IP:2250 - TSC_G6_IO1 not found: check if there is a RefParameter without a condition.
2026-05-11 17:28:50,146 [WARN] IP:2250 - TSC_G7_IO2 not found: check if there is a RefParameter without a condition.
2026-05-11 17:28:50,146 [WARN] IP:2250 - TSC_G2_IO1 not found: check if there is a RefParameter without a condition.
2026-05-11 17:28:50,146 [WARN] IP:2250 - TSC_G2_IO3 not found: check if there is a RefParameter without a condition.
2026-05-11 17:29:16,454 [ERROR] LogOutputStream:75 - [STDERR_REDIRECT] Exception in thread "AWT-EventQueue-0" java.lang.ClassCastException: class sun.awt.windows.WEmbeddedFrame cannot be cast to class javax.swing.JFrame (sun.awt.windows.WEmbeddedFrame and javax.swing.JFrame are in module java.desktop of loader 'bootstrap')
2026-05-11 17:29:16,475 [ERROR] LogOutputStream:75 - [STDERR_REDIRECT] 	at com.st.microxplorer.plugins.clock.ClockConfigurationView.activatePlugin(ClockConfigurationView.java:424)
2026-05-11 17:29:16,477 [ERROR] LogOutputStream:75 - [STDERR_REDIRECT] 	at com.st.microxplorer.maingui.MainPanel$1.stateChanged(MainPanel.java:385)
2026-05-11 17:29:16,478 [ERROR] LogOutputStream:75 - [STDERR_REDIRECT] 	at java.desktop/javax.swing.JTabbedPane.fireStateChanged(JTabbedPane.java:446)
2026-05-11 17:29:16,481 [ERROR] LogOutputStream:75 - [STDERR_REDIRECT] 	at java.desktop/javax.swing.JTabbedPane$ModelListener.stateChanged(JTabbedPane.java:297)
2026-05-11 17:29:16,484 [ERROR] LogOutputStream:75 - [STDERR_REDIRECT] 	at java.desktop/javax.swing.DefaultSingleSelectionModel.fireStateChanged(DefaultSingleSelectionModel.java:148)
2026-05-11 17:29:16,488 [ERROR] LogOutputStream:75 - [STDERR_REDIRECT] 	at java.desktop/javax.swing.DefaultSingleSelectionModel.setSelectedIndex(DefaultSingleSelectionModel.java:79)
2026-05-11 17:29:16,492 [ERROR] LogOutputStream:75 - [STDERR_REDIRECT] 	at java.desktop/javax.swing.JTabbedPane.setSelectedIndexImpl(JTabbedPane.java:650)
2026-05-11 17:29:16,494 [ERROR] LogOutputStream:75 - [STDERR_REDIRECT] 	at java.desktop/javax.swing.JTabbedPane.setSelectedIndex(JTabbedPane.java:625)
2026-05-11 17:29:16,496 [ERROR] LogOutputStream:75 - [STDERR_REDIRECT] 	at java.desktop/javax.swing.plaf.basic.BasicTabbedPaneUI$Handler.mousePressed(BasicTabbedPaneUI.java:4140)
2026-05-11 17:29:16,498 [ERROR] LogOutputStream:75 - [STDERR_REDIRECT] 	at java.desktop/java.awt.Component.processMouseEvent(Component.java:6618)
2026-05-11 17:29:16,501 [ERROR] LogOutputStream:75 - [STDERR_REDIRECT] 	at java.desktop/javax.swing.JComponent.processMouseEvent(JComponent.java:3398)
2026-05-11 17:29:16,505 [ERROR] LogOutputStream:75 - [STDERR_REDIRECT] 	at java.desktop/java.awt.Component.processEvent(Component.java:6386)
2026-05-11 17:29:16,508 [ERROR] LogOutputStream:75 - [STDERR_REDIRECT] 	at java.desktop/java.awt.Container.processEvent(Container.java:2266)
2026-05-11 17:29:16,510 [ERROR] LogOutputStream:75 - [STDERR_REDIRECT] 	at java.desktop/java.awt.Component.dispatchEventImpl(Component.java:4996)
2026-05-11 17:29:16,513 [ERROR] LogOutputStream:75 - [STDERR_REDIRECT] 	at java.desktop/java.awt.Container.dispatchEventImpl(Container.java:2324)
2026-05-11 17:29:16,516 [ERROR] LogOutputStream:75 - [STDERR_REDIRECT] 	at java.desktop/java.awt.Component.dispatchEvent(Component.java:4828)
2026-05-11 17:29:16,517 [ERROR] LogOutputStream:75 - [STDERR_REDIRECT] 	at java.desktop/java.awt.LightweightDispatcher.retargetMouseEvent(Container.java:4948)
2026-05-11 17:29:16,520 [ERROR] LogOutputStream:75 - [STDERR_REDIRECT] 	at java.desktop/java.awt.LightweightDispatcher.processMouseEvent(Container.java:4572)
2026-05-11 17:29:16,523 [ERROR] LogOutputStream:75 - [STDERR_REDIRECT] 	at java.desktop/java.awt.LightweightDispatcher.dispatchEvent(Container.java:4516)
2026-05-11 17:29:16,526 [ERROR] LogOutputStream:75 - [STDERR_REDIRECT] 	at java.desktop/java.awt.Container.dispatchEventImpl(Container.java:2310)
2026-05-11 17:29:16,528 [ERROR] LogOutputStream:75 - [STDERR_REDIRECT] 	at java.desktop/java.awt.Component.dispatchEvent(Component.java:4828)
2026-05-11 17:29:16,532 [ERROR] LogOutputStream:75 - [STDERR_REDIRECT] 	at java.desktop/java.awt.EventQueue.dispatchEventImpl(EventQueue.java:775)
2026-05-11 17:29:16,533 [ERROR] LogOutputStream:75 - [STDERR_REDIRECT] 	at java.desktop/java.awt.EventQueue$4.run(EventQueue.java:720)
2026-05-11 17:29:16,535 [ERROR] LogOutputStream:75 - [STDERR_REDIRECT] 	at java.desktop/java.awt.EventQueue$4.run(EventQueue.java:714)
2026-05-11 17:29:16,538 [ERROR] LogOutputStream:75 - [STDERR_REDIRECT] 	at java.base/java.security.AccessController.doPrivileged(AccessController.java:400)
2026-05-11 17:29:16,543 [ERROR] LogOutputStream:75 - [STDERR_REDIRECT] 	at java.base/java.security.ProtectionDomain$JavaSecurityAccessImpl.doIntersectionPrivilege(ProtectionDomain.java:87)
2026-05-11 17:29:16,545 [ERROR] LogOutputStream:75 - [STDERR_REDIRECT] 	at java.base/java.security.ProtectionDomain$JavaSecurityAccessImpl.doIntersectionPrivilege(ProtectionDomain.java:98)
2026-05-11 17:29:16,547 [ERROR] LogOutputStream:75 - [STDERR_REDIRECT] 	at java.desktop/java.awt.EventQueue$5.run(EventQueue.java:747)
2026-05-11 17:29:16,547 [ERROR] LogOutputStream:75 - [STDERR_REDIRECT] 	at java.desktop/java.awt.EventQueue$5.run(EventQueue.java:745)
2026-05-11 17:29:16,550 [ERROR] LogOutputStream:75 - [STDERR_REDIRECT] 	at java.base/java.security.AccessController.doPrivileged(AccessController.java:400)
2026-05-11 17:29:16,553 [ERROR] LogOutputStream:75 - [STDERR_REDIRECT] 	at java.base/java.security.ProtectionDomain$JavaSecurityAccessImpl.doIntersectionPrivilege(ProtectionDomain.java:87)
2026-05-11 17:29:16,558 [ERROR] LogOutputStream:75 - [STDERR_REDIRECT] 	at java.desktop/java.awt.EventQueue.dispatchEvent(EventQueue.java:744)
2026-05-11 17:29:16,560 [ERROR] LogOutputStream:75 - [STDERR_REDIRECT] 	at java.desktop/java.awt.EventDispatchThread.pumpOneEventForFilters(EventDispatchThread.java:203)
2026-05-11 17:29:16,563 [ERROR] LogOutputStream:75 - [STDERR_REDIRECT] 	at java.desktop/java.awt.EventDispatchThread.pumpEventsForFilter(EventDispatchThread.java:124)
2026-05-11 17:29:16,565 [ERROR] LogOutputStream:75 - [STDERR_REDIRECT] 	at java.desktop/java.awt.EventDispatchThread.pumpEventsForHierarchy(EventDispatchThread.java:113)
2026-05-11 17:29:16,567 [ERROR] LogOutputStream:75 - [STDERR_REDIRECT] 	at java.desktop/java.awt.EventDispatchThread.pumpEvents(EventDispatchThread.java:109)
2026-05-11 17:29:16,568 [ERROR] LogOutputStream:75 - [STDERR_REDIRECT] 	at java.desktop/java.awt.EventDispatchThread.pumpEvents(EventDispatchThread.java:101)
2026-05-11 17:29:16,571 [ERROR] LogOutputStream:75 - [STDERR_REDIRECT] 	at java.desktop/java.awt.EventDispatchThread.run(EventDispatchThread.java:90)
2026-05-11 17:29:47,275 [INFO] UtilMem:75 - End SaveConfig() Used Memory: 917638872 Bytes (1073741824)
2026-05-11 17:29:51,793 [INFO] UtilMem:75 - End SaveConfig() Used Memory: 949814496 Bytes (1073741824)
2026-05-11 17:29:58,721 [INFO] UtilMem:75 - End SaveConfig() Used Memory: 790797184 Bytes (1073741824)
2026-05-11 17:30:03,812 [INFO] BlockDiagram:2775 - set Specific Code input for plugin: SPI
2026-05-11 17:30:03,813 [INFO] BlockDiagram:2775 - set Specific Code input for plugin: NVIC
2026-05-11 17:30:03,814 [INFO] BlockDiagram:2775 - set Specific Code input for plugin: TSC
2026-05-11 17:30:03,816 [INFO] BlockDiagram:2775 - set Specific Code input for plugin: LCD
2026-05-11 17:30:03,816 [INFO] BlockDiagram:2775 - set Specific Code input for plugin: SYS
2026-05-11 17:30:03,823 [INFO] BlockDiagram:2775 - set Specific Code input for plugin: GPIO
2026-05-11 17:30:03,823 [INFO] BlockDiagram:2775 - set Specific Code input for plugin: RCC
2026-05-11 17:30:03,856 [INFO] CodeGenerator:892 - code generatio: config db path: C:\ST\STM32CubeIDE_1.19.0\STM32CubeIDE\plugins\com.st.stm32cube.common.mx_6.15.0.202507011659\\db\
2026-05-11 17:30:04,073 [WARN] IP:2250 - TSC_G4_IO1 not found: check if there is a RefParameter without a condition.
2026-05-11 17:30:04,073 [WARN] IP:2250 - TSC_G6_IO1 not found: check if there is a RefParameter without a condition.
2026-05-11 17:30:04,073 [WARN] IP:2250 - TSC_G7_IO2 not found: check if there is a RefParameter without a condition.
2026-05-11 17:30:04,073 [WARN] IP:2250 - TSC_G2_IO1 not found: check if there is a RefParameter without a condition.
2026-05-11 17:30:04,073 [WARN] IP:2250 - TSC_G2_IO3 not found: check if there is a RefParameter without a condition.
2026-05-11 17:30:04,076 [WARN] IP:2250 - TSC_G4_IO1 not found: check if there is a RefParameter without a condition.
2026-05-11 17:30:04,076 [WARN] IP:2250 - TSC_G6_IO1 not found: check if there is a RefParameter without a condition.
2026-05-11 17:30:04,076 [WARN] IP:2250 - TSC_G7_IO2 not found: check if there is a RefParameter without a condition.
2026-05-11 17:30:04,076 [WARN] IP:2250 - TSC_G2_IO1 not found: check if there is a RefParameter without a condition.
2026-05-11 17:30:04,076 [WARN] IP:2250 - TSC_G2_IO3 not found: check if there is a RefParameter without a condition.
2026-05-11 17:30:04,076 [WARN] IP:2250 - TSC_G4_IO1 not found: check if there is a RefParameter without a condition.
2026-05-11 17:30:04,077 [WARN] IP:2250 - TSC_G6_IO1 not found: check if there is a RefParameter without a condition.
2026-05-11 17:30:04,077 [WARN] IP:2250 - TSC_G7_IO2 not found: check if there is a RefParameter without a condition.
2026-05-11 17:30:04,077 [WARN] IP:2250 - TSC_G2_IO1 not found: check if there is a RefParameter without a condition.
2026-05-11 17:30:04,077 [WARN] IP:2250 - TSC_G2_IO3 not found: check if there is a RefParameter without a condition.
2026-05-11 17:30:04,077 [WARN] IP:2250 - TSC_G4_IO1 not found: check if there is a RefParameter without a condition.
2026-05-11 17:30:04,077 [WARN] IP:2250 - TSC_G6_IO1 not found: check if there is a RefParameter without a condition.
2026-05-11 17:30:04,077 [WARN] IP:2250 - TSC_G7_IO2 not found: check if there is a RefParameter without a condition.
2026-05-11 17:30:04,077 [WARN] IP:2250 - TSC_G2_IO1 not found: check if there is a RefParameter without a condition.
2026-05-11 17:30:04,077 [WARN] IP:2250 - TSC_G2_IO3 not found: check if there is a RefParameter without a condition.
2026-05-11 17:30:04,078 [WARN] IP:2250 - TSC_G4_IO1 not found: check if there is a RefParameter without a condition.
2026-05-11 17:30:04,078 [WARN] IP:2250 - TSC_G6_IO1 not found: check if there is a RefParameter without a condition.
2026-05-11 17:30:04,078 [WARN] IP:2250 - TSC_G7_IO2 not found: check if there is a RefParameter without a condition.
2026-05-11 17:30:04,078 [WARN] IP:2250 - TSC_G2_IO1 not found: check if there is a RefParameter without a condition.
2026-05-11 17:30:04,078 [WARN] IP:2250 - TSC_G2_IO3 not found: check if there is a RefParameter without a condition.
2026-05-11 17:30:04,079 [WARN] IP:2250 - TSC_G4_IO1 not found: check if there is a RefParameter without a condition.
2026-05-11 17:30:04,079 [WARN] IP:2250 - TSC_G6_IO1 not found: check if there is a RefParameter without a condition.
2026-05-11 17:30:04,079 [WARN] IP:2250 - TSC_G7_IO2 not found: check if there is a RefParameter without a condition.
2026-05-11 17:30:04,079 [WARN] IP:2250 - TSC_G2_IO1 not found: check if there is a RefParameter without a condition.
2026-05-11 17:30:04,079 [WARN] IP:2250 - TSC_G2_IO3 not found: check if there is a RefParameter without a condition.
2026-05-11 17:30:04,547 [INFO] CodeEngine:265 - oldGeneratedFile, D:\stm32L0\first\MXTmpFiles\license.tmp_save
2026-05-11 17:30:07,846 [INFO] CodeEngine:289 - Generated code: D:\stm32L0\first\MXTmpFiles\license.tmp
2026-05-11 17:30:08,302 [INFO] CodeEngine:265 - oldGeneratedFile, D:\stm32L0\first\MXTmpFiles\gpio.tmp_save
2026-05-11 17:30:08,662 [INFO] CodeEngine:289 - Generated code: D:\stm32L0\first\MXTmpFiles\gpio.tmp
2026-05-11 17:30:09,539 [WARN] IP:2250 - TSC_G4_IO1 not found: check if there is a RefParameter without a condition.
2026-05-11 17:30:09,540 [WARN] IP:2250 - TSC_G6_IO1 not found: check if there is a RefParameter without a condition.
2026-05-11 17:30:09,540 [WARN] IP:2250 - TSC_G7_IO2 not found: check if there is a RefParameter without a condition.
2026-05-11 17:30:09,540 [WARN] IP:2250 - TSC_G2_IO1 not found: check if there is a RefParameter without a condition.
2026-05-11 17:30:09,540 [WARN] IP:2250 - TSC_G2_IO3 not found: check if there is a RefParameter without a condition.
2026-05-11 17:30:09,542 [WARN] IP:2250 - TSC_G4_IO1 not found: check if there is a RefParameter without a condition.
2026-05-11 17:30:09,542 [WARN] IP:2250 - TSC_G6_IO1 not found: check if there is a RefParameter without a condition.
2026-05-11 17:30:09,542 [WARN] IP:2250 - TSC_G7_IO2 not found: check if there is a RefParameter without a condition.
2026-05-11 17:30:09,542 [WARN] IP:2250 - TSC_G2_IO1 not found: check if there is a RefParameter without a condition.
2026-05-11 17:30:09,542 [WARN] IP:2250 - TSC_G2_IO3 not found: check if there is a RefParameter without a condition.
2026-05-11 17:30:09,543 [WARN] IP:2250 - TSC_G4_IO1 not found: check if there is a RefParameter without a condition.
2026-05-11 17:30:09,543 [WARN] IP:2250 - TSC_G6_IO1 not found: check if there is a RefParameter without a condition.
2026-05-11 17:30:09,544 [WARN] IP:2250 - TSC_G7_IO2 not found: check if there is a RefParameter without a condition.
2026-05-11 17:30:09,544 [WARN] IP:2250 - TSC_G2_IO1 not found: check if there is a RefParameter without a condition.
2026-05-11 17:30:09,544 [WARN] IP:2250 - TSC_G2_IO3 not found: check if there is a RefParameter without a condition.
2026-05-11 17:30:09,545 [WARN] IP:2250 - TSC_G4_IO1 not found: check if there is a RefParameter without a condition.
2026-05-11 17:30:09,545 [WARN] IP:2250 - TSC_G6_IO1 not found: check if there is a RefParameter without a condition.
2026-05-11 17:30:09,545 [WARN] IP:2250 - TSC_G7_IO2 not found: check if there is a RefParameter without a condition.
2026-05-11 17:30:09,545 [WARN] IP:2250 - TSC_G2_IO1 not found: check if there is a RefParameter without a condition.
2026-05-11 17:30:09,545 [WARN] IP:2250 - TSC_G2_IO3 not found: check if there is a RefParameter without a condition.
2026-05-11 17:30:09,546 [WARN] IP:2250 - TSC_G4_IO1 not found: check if there is a RefParameter without a condition.
2026-05-11 17:30:09,546 [WARN] IP:2250 - TSC_G6_IO1 not found: check if there is a RefParameter without a condition.
2026-05-11 17:30:09,546 [WARN] IP:2250 - TSC_G7_IO2 not found: check if there is a RefParameter without a condition.
2026-05-11 17:30:09,546 [WARN] IP:2250 - TSC_G2_IO1 not found: check if there is a RefParameter without a condition.
2026-05-11 17:30:09,546 [WARN] IP:2250 - TSC_G2_IO3 not found: check if there is a RefParameter without a condition.
2026-05-11 17:30:09,993 [INFO] CodeEngine:265 - oldGeneratedFile, D:\stm32L0\first\Core\Src\stm32l0xx_it.c_save
2026-05-11 17:30:10,717 [INFO] CodeEngine:289 - Generated code: D:\stm32L0\first\Core\Src\stm32l0xx_it.c
2026-05-11 17:30:10,753 [INFO] CodeEngine:265 - oldGeneratedFile, D:\stm32L0\first\Core\Inc\stm32l0xx_it.h_save
2026-05-11 17:30:10,984 [INFO] CodeEngine:289 - Generated code: D:\stm32L0\first\Core\Inc\stm32l0xx_it.h
2026-05-11 17:30:11,039 [INFO] CodeEngine:265 - oldGeneratedFile, D:\stm32L0\first\Core\Src\stm32l0xx_hal_msp.c_save
2026-05-11 17:30:11,454 [INFO] CodeEngine:289 - Generated code: D:\stm32L0\first\Core\Src\stm32l0xx_hal_msp.c
2026-05-11 17:30:11,472 [INFO] CodeEngine:265 - oldGeneratedFile, D:\stm32L0\first\MXTmpFiles\system.tmp_save
2026-05-11 17:30:11,747 [INFO] CodeEngine:289 - Generated code: D:\stm32L0\first\MXTmpFiles\system.tmp
2026-05-11 17:30:11,823 [INFO] CodeEngine:321 - oldGeneratedFile, D:\stm32L0\first\Core\Inc\stm32l0xx_hal_conf.h_save
2026-05-11 17:30:12,045 [INFO] CodeEngine:345 - Generated code: D:\stm32L0\first\Core\Inc\stm32l0xx_hal_conf.h
2026-05-11 17:30:12,112 [INFO] ApiDbMcu:532 - Load IP Config File for LCD
2026-05-11 17:30:12,123 [INFO] ApiDbMcu:532 - Load IP Config File for SPI1
2026-05-11 17:30:12,129 [INFO] ApiDbMcu:532 - Load IP Config File for TSC
2026-05-11 17:30:12,139 [INFO] ApiDbMcu:532 - Load IP Config File for RCC
2026-05-11 17:30:12,173 [INFO] CodeEngine:265 - oldGeneratedFile, D:\stm32L0\first\Core\Inc\main.h_save
2026-05-11 17:30:12,384 [INFO] CodeEngine:289 - Generated code: D:\stm32L0\first\Core\Inc\main.h
2026-05-11 17:30:12,403 [INFO] CodeEngine:265 - oldGeneratedFile, D:\stm32L0\first\Core\Src\main.c_save
2026-05-11 17:30:12,734 [INFO] CodeEngine:289 - Generated code: D:\stm32L0\first\Core\Src\main.c
2026-05-11 17:30:14,588 [INFO] ProjectBuilder:3606 - Time for Copy HAL[1] : 960mS.
2026-05-11 17:30:14,606 [INFO] ProjectBuilder:5216 - Project Generator version: 4.7.0-B52
2026-05-11 17:30:14,966 [INFO] ConfigFileManager:1595 - The Die is : DIE417
2026-05-11 17:30:14,987 [INFO] ApiDbMcu:532 - Load IP Config File for FATFS
2026-05-11 17:30:15,005 [INFO] ApiDbMcu:532 - Load IP Config File for FREERTOS
2026-05-11 17:30:15,042 [INFO] ApiDbMcu:532 - Load IP Config File for TOUCHSENSING
2026-05-11 17:30:15,079 [INFO] ApiDbMcu:532 - Load IP Config File for USB_DEVICE
2026-05-11 17:30:24,737 [INFO] ProjectBuilder:5496 - Time for Generating toolchain IDE Files: 10137mS.
2026-05-11 17:30:24,776 [INFO] ProjectBuilder:3463 - Time for Copy CMSIS : 37mS.
2026-05-11 17:30:24,790 [INFO] ProjectBuilder:3463 - Time for Copy CMSIS : 0mS.
2026-05-11 17:30:27,696 [INFO] MainUpdater:2872 - connection check result : 10
2026-05-11 17:30:27,696 [INFO] MainUpdater:2872 - connection check result : 10
2026-05-11 17:30:28,478 [INFO] MicroXplorer:468 - Change Database Path : 
2026-05-11 17:30:28,478 [INFO] MicroXplorer:498 - Change Database Version : DB.6.0.150
2026-05-11 17:30:28,528 [ERROR] ProjectManagerView:395 - 
java.lang.NullPointerException: Cannot invoke "javax.swing.JTextField.getText()" because the return value of "java.util.List.get(int)" is null
	at com.st.microxplorer.plugins.projectmanager.gui.ProjectChoiceTab$9.caretUpdate(ProjectChoiceTab.java:2706) ~[filemanager.jar:?]
	at javax.swing.text.JTextComponent.fireCaretUpdate(JTextComponent.java:408) ~[?:?]
	at javax.swing.text.JTextComponent$MutableCaretEvent.fire(JTextComponent.java:4484) ~[?:?]
	at javax.swing.text.JTextComponent$MutableCaretEvent.stateChanged(JTextComponent.java:4506) ~[?:?]
	at javax.swing.text.DefaultCaret.fireStateChanged(DefaultCaret.java:857) ~[?:?]
	at javax.swing.text.DefaultCaret.changeCaretPosition(DefaultCaret.java:1343) ~[?:?]
	at javax.swing.text.DefaultCaret.handleSetDot(DefaultCaret.java:1242) ~[?:?]
	at javax.swing.text.DefaultCaret.setDot(DefaultCaret.java:1223) ~[?:?]
	at javax.swing.text.DefaultCaret$Handler.insertUpdate(DefaultCaret.java:1819) ~[?:?]
	at javax.swing.text.AbstractDocument.fireInsertUpdate(AbstractDocument.java:227) ~[?:?]
	at javax.swing.text.AbstractDocument.handleInsertString(AbstractDocument.java:781) ~[?:?]
	at javax.swing.text.AbstractDocument.insertString(AbstractDocument.java:740) ~[?:?]
	at javax.swing.text.PlainDocument.insertString(PlainDocument.java:131) ~[?:?]
	at javax.swing.text.AbstractDocument.replace(AbstractDocument.java:699) ~[?:?]
	at javax.swing.text.JTextComponent.setText(JTextComponent.java:1725) ~[?:?]
	at com.st.microxplorer.plugins.projectmanager.gui.ProjectChoiceTab.createHeapStackFields(ProjectChoiceTab.java:993) ~[filemanager.jar:?]
	at com.st.microxplorer.plugins.projectmanager.gui.ProjectChoiceTab.buildLinkSettingsPanel(ProjectChoiceTab.java:3813) ~[filemanager.jar:?]
	at com.st.microxplorer.plugins.projectmanager.gui.ProjectChoiceTab.defineWindowsFields(ProjectChoiceTab.java:1987) ~[filemanager.jar:?]
	at com.st.microxplorer.plugins.projectmanager.gui.ProjectChoiceTab.updateSettings(ProjectChoiceTab.java:558) ~[filemanager.jar:?]
	at com.st.microxplorer.plugins.projectmanager.gui.ProjectSettingsPanel.UpdateDialog(ProjectSettingsPanel.java:247) ~[filemanager.jar:?]
	at com.st.microxplorer.plugins.projectmanager.ProjectManagerView.propertyChange(ProjectManagerView.java:392) ~[filemanager.jar:?]
	at java.beans.PropertyChangeSupport.fire(PropertyChangeSupport.java:343) ~[?:?]
	at java.beans.PropertyChangeSupport.firePropertyChange(PropertyChangeSupport.java:335) ~[?:?]
	at java.beans.PropertyChangeSupport.firePropertyChange(PropertyChangeSupport.java:268) ~[?:?]
	at com.st.microxplorer.util.MXPropertyChangeSupport.firePropertyChange(MXPropertyChangeSupport.java:54) ~[STM32CubeMX.jar:?]
	at com.st.microxplorer.mxsystem.MxSystem.closeConfig(MxSystem.java:899) ~[STM32CubeMX.jar:?]
	at com.st.microxplorer.maingui.MainPanel.closeConfig(MainPanel.java:792) ~[STM32CubeMX.jar:?]
	at com.st.microxplorer.plugins.filemanager.engine.OpenFileManager.loadConfigurationFile(OpenFileManager.java:288) ~[filemanager.jar:?]
	at com.st.microxplorer.plugins.filemanager.engine.MainFileManager.userLoadConfig(MainFileManager.java:364) ~[filemanager.jar:?]
	at com.st.microxplorer.plugins.filemanager.engine.MainFileManager.userLoadConfig(MainFileManager.java:342) ~[filemanager.jar:?]
	at com.st.microxplorer.plugins.filemanager.FileManagerView.getSpecificTask(FileManagerView.java:264) ~[filemanager.jar:?]
	at com.st.stm32cube.common.mx.editor.CubeMxEditor.getMxTabbedPaneInstance(CubeMxEditor.java:1198) ~[com.st.stm32cube.common.mx_6.15.0.202507011659/:?]
	at com.st.stm32cube.common.mx.editor.CubeMxEditor$12$1.createSwingComponent(CubeMxEditor.java:1068) ~[com.st.stm32cube.common.mx_6.15.0.202507011659/:?]
	at com.st.stm32cube.common.mx.oss.core.awtswtbridge.EmbeddedSwingComposite.doComponentCreation(EmbeddedSwingComposite.java:492) ~[com.st.stm32cube.common.mx.oss_6.15.0.202507011659/:?]
	at com.st.stm32cube.common.mx.oss.core.awtswtbridge.EmbeddedSwingComposite$4.run(EmbeddedSwingComposite.java:291) ~[com.st.stm32cube.common.mx.oss_6.15.0.202507011659/:?]
	at com.st.stm32cube.common.mx.oss.core.awtswtbridge.AwtEnvironment$2.run(AwtEnvironment.java:166) ~[com.st.stm32cube.common.mx.oss_6.15.0.202507011659/:?]
	at java.awt.event.InvocationEvent.dispatch(InvocationEvent.java:318) ~[?:?]
	at java.awt.EventQueue.dispatchEventImpl(EventQueue.java:773) ~[?:?]
	at java.awt.EventQueue$4.run(EventQueue.java:720) ~[?:?]
	at java.awt.EventQueue$4.run(EventQueue.java:714) ~[?:?]
	at java.security.AccessController.doPrivileged(AccessController.java:400) ~[?:?]
	at java.security.ProtectionDomain$JavaSecurityAccessImpl.doIntersectionPrivilege(ProtectionDomain.java:87) ~[?:?]
	at java.awt.EventQueue.dispatchEvent(EventQueue.java:742) ~[?:?]
	at java.awt.EventDispatchThread.pumpOneEventForFilters(EventDispatchThread.java:203) ~[?:?]
	at java.awt.EventDispatchThread.pumpEventsForFilter(EventDispatchThread.java:124) ~[?:?]
	at java.awt.EventDispatchThread.pumpEventsForHierarchy(EventDispatchThread.java:113) ~[?:?]
	at java.awt.EventDispatchThread.pumpEvents(EventDispatchThread.java:109) ~[?:?]
	at java.awt.EventDispatchThread.pumpEvents(EventDispatchThread.java:101) ~[?:?]
	at java.awt.EventDispatchThread.run(EventDispatchThread.java:90) ~[?:?]
2026-05-11 17:30:28,543 [WARN] ThirdParty:871 - waiting for thirdparty lock release [close project]
2026-05-11 17:30:28,543 [INFO] ThirdParty:873 - entering critical section [close project]
2026-05-11 17:30:28,544 [INFO] ThirdParty:883 - exiting critical section [close project]
2026-05-11 17:30:28,548 [INFO] PinOutPanel:1589 - setPackage(No Configuration,No Configuration)
2026-05-11 17:30:28,565 [INFO] UtilMem:75 - Begin LoadConfig() Used Memory: 832861776 Bytes (1073741824)
2026-05-11 17:30:28,568 [INFO] MicroXplorer:468 - Change Database Path : 
2026-05-11 17:30:28,572 [INFO] MicroXplorer:498 - Change Database Version : DB.6.0.150
2026-05-11 17:30:28,573 [INFO] OpenFileManager:355 - Change cursor
2026-05-11 17:30:28,647 [INFO] RulesReader:64 - Compatibility file has been processed (317 Rules)
2026-05-11 17:30:28,654 [INFO] Mcu:2029 - Initializing MCU STM32L053C(6-8)Tx STM32L053C8Tx STM32L053C8T6
2026-05-11 17:30:30,813 [INFO] Context:786 - Trying to add GPIOservice into a context  which must be forbidden
2026-05-11 17:30:31,233 [INFO] ImportTextPane:234 - (OptionalMessage_ERROR) Pin7 (VP_RIF_VS_RIF1) cannot be retrieved for this MCU
2026-05-11 17:30:31,413 [INFO] RtosManager:558 - Registered RTOS mode: class=CMSIS, group=RTOS, mode=CMSIS_V1, owner=FREERTOS
2026-05-11 17:30:31,414 [INFO] RtosManager:558 - Registered RTOS mode: class=CMSIS, group=RTOS2, mode=CMSIS_V2, owner=FREERTOS
2026-05-11 17:30:31,414 [INFO] RtosManager:558 - Registered RTOS mode: class=RTOS, group=Core, mode=CMSIS_V1, owner=FREERTOS
2026-05-11 17:30:31,414 [INFO] RtosManager:558 - Registered RTOS mode: class=RTOS, group=Core, mode=CMSIS_V2, owner=FREERTOS
2026-05-11 17:30:31,414 [WARN] ModelIntegratedComponent:184 - Missing modes for component STMicroelectronics:FreeRTOS:0.0.1:STMicroelectronics:RTOS:FreeRTOS:Core:::10.2.0:
2026-05-11 17:30:31,428 [WARN] ModelIntegratedComponent:63 - No mode defined for component null
2026-05-11 17:30:31,428 [WARN] ModelIntegratedComponent:63 - No mode defined for component null
2026-05-11 17:30:31,428 [WARN] ModelIntegratedComponent:63 - No mode defined for component null
2026-05-11 17:30:31,428 [WARN] ModelIntegratedComponent:63 - No mode defined for component null
2026-05-11 17:30:31,428 [WARN] ModelIntegratedComponent:63 - No mode defined for component null
2026-05-11 17:30:31,428 [WARN] ModelIntegratedComponent:63 - No mode defined for component null
2026-05-11 17:30:31,428 [WARN] ModelIntegratedComponent:63 - No mode defined for component null
2026-05-11 17:30:31,428 [WARN] ModelIntegratedComponent:63 - No mode defined for component null
2026-05-11 17:30:31,428 [WARN] ModelIntegratedComponent:63 - No mode defined for component null
2026-05-11 17:30:31,428 [WARN] ModelIntegratedComponent:63 - No mode defined for component null
2026-05-11 17:30:31,428 [WARN] ModelIntegratedComponent:63 - No mode defined for component null
2026-05-11 17:30:31,428 [WARN] ModelIntegratedComponent:63 - No mode defined for component null
2026-05-11 17:30:31,428 [WARN] ModelIntegratedComponent:63 - No mode defined for component null
2026-05-11 17:30:31,428 [WARN] ModelIntegratedComponent:63 - No mode defined for component null
2026-05-11 17:30:31,429 [WARN] ModelIntegratedComponent:63 - No mode defined for component null
2026-05-11 17:30:31,429 [WARN] ModelIntegratedComponent:63 - No mode defined for component null
2026-05-11 17:30:31,429 [WARN] ModelIntegratedComponent:63 - No mode defined for component null
2026-05-11 17:30:31,429 [WARN] ModelIntegratedComponent:63 - No mode defined for component null
2026-05-11 17:30:31,429 [WARN] ModelIntegratedComponent:63 - No mode defined for component null
2026-05-11 17:30:31,429 [WARN] ModelIntegratedComponent:63 - No mode defined for component null
2026-05-11 17:30:31,429 [WARN] ModelIntegratedComponent:63 - No mode defined for component null
2026-05-11 17:30:31,429 [WARN] ModelIntegratedComponent:63 - No mode defined for component null
2026-05-11 17:30:31,429 [WARN] ModelIntegratedComponent:63 - No mode defined for component null
2026-05-11 17:30:31,429 [WARN] ModelIntegratedComponent:63 - No mode defined for component null
2026-05-11 17:30:31,429 [WARN] ModelIntegratedComponent:63 - No mode defined for component null
2026-05-11 17:30:31,429 [WARN] ModelIntegratedComponent:63 - No mode defined for component null
2026-05-11 17:30:31,429 [WARN] ModelIntegratedComponent:63 - No mode defined for component null
2026-05-11 17:30:31,429 [WARN] ModelIntegratedComponent:63 - No mode defined for component null
2026-05-11 17:30:31,429 [WARN] ModelIntegratedComponent:63 - No mode defined for component null
2026-05-11 17:30:31,429 [WARN] ModelIntegratedComponent:63 - No mode defined for component null
2026-05-11 17:30:31,429 [WARN] ModelIntegratedComponent:63 - No mode defined for component null
2026-05-11 17:30:31,429 [WARN] ModelIntegratedComponent:63 - No mode defined for component null
2026-05-11 17:30:31,429 [WARN] ModelIntegratedComponent:63 - No mode defined for component null
2026-05-11 17:30:31,429 [WARN] ModelIntegratedComponent:63 - No mode defined for component null
2026-05-11 17:30:31,429 [WARN] ModelIntegratedComponent:63 - No mode defined for component null
2026-05-11 17:30:31,429 [WARN] ModelPack:524 - Component already loaded: STMicroelectronics:HAL Drivers:0.0.0:STMicroelectronics:Device:STMicro_Driver:XSPI:HAL::0.0.1:HAL_XSPI
2026-05-11 17:30:31,597 [INFO] ThirdPartyModel:298 - Start build external matchings
2026-05-11 17:30:35,174 [INFO] ThirdPartyModel:316 - End build external matchings
2026-05-11 17:30:35,278 [INFO] ImportTextPane:234 - (OptionalMessage_ERROR) IP (RCC) : Invalid parameter (FamilyName)
2026-05-11 17:30:35,285 [INFO] ImportTextPane:234 - (OptionalMessage_ERROR) IP (RCC) : Invalid parameter (PWRFreq_Value)
2026-05-11 17:30:35,286 [INFO] ImportTextPane:234 - (OptionalMessage_ERROR) IP (RCC) : Parameter (RTCHSEDivFreq_Value) has invalid value (4000000)
2026-05-11 17:30:35,286 [INFO] ImportTextPane:234 - (OptionalMessage_ERROR) IP (RCC) : Invalid parameter (TIMFreq_Value)
2026-05-11 17:30:36,140 [INFO] UtilMem:75 - End LoadConfig() Used Memory: 996817024 Bytes (1073741824)
2026-05-11 17:30:36,376 [WARN] ThirdParty:833 - waiting for thirdparty lock release [change project]
2026-05-11 17:30:36,377 [INFO] ThirdParty:835 - entering critical section [change project]
2026-05-11 17:30:36,379 [INFO] ThirdParty:1030 - CMSIS Pack Vendor :STMicroelectronics X-CUBE-AZRTOS-H7 3.5.0
2026-05-11 17:30:36,379 [INFO] ThirdParty:1030 - CMSIS Pack Vendor :STMicroelectronics X-CUBE-PM33A1 1.0.0
2026-05-11 17:30:36,379 [INFO] ThirdParty:1030 - CMSIS Pack Vendor :STMicroelectronics USBPD 4.1
2026-05-11 17:30:36,379 [INFO] ThirdParty:1030 - CMSIS Pack Vendor :STMicroelectronics X-CUBE-NFC9 1.0.0
2026-05-11 17:30:36,379 [INFO] ThirdParty:1030 - CMSIS Pack Vendor :STMicroelectronics USB_HOST 2.0.0
2026-05-11 17:30:36,379 [INFO] ThirdParty:1030 - CMSIS Pack Vendor :STMicroelectronics X-CUBE-AZRTOS-F4 1.1.0
2026-05-11 17:30:36,379 [INFO] ThirdParty:1030 - CMSIS Pack Vendor :STMicroelectronics LIBJPEG 8.0.0
2026-05-11 17:30:36,379 [INFO] ThirdParty:1030 - CMSIS Pack Vendor :STMicroelectronics FP-ATR-ASTRA1 2.0.2
2026-05-11 17:30:36,379 [INFO] ThirdParty:1030 - CMSIS Pack Vendor :STMicroelectronics X-CUBE-BLE1 7.1.0
2026-05-11 17:30:36,379 [INFO] ThirdParty:1030 - CMSIS Pack Vendor :STMicroelectronics X-CUBE-SMBUS 2.1.0
2026-05-11 17:30:36,379 [INFO] ThirdParty:1030 - CMSIS Pack Vendor :wolfSSL I-CUBE-wolfMQTT 1.19.2
2026-05-11 17:30:36,379 [INFO] ThirdParty:1030 - CMSIS Pack Vendor :STMicroelectronics USB_DEVICE 3.0.0
2026-05-11 17:30:36,379 [INFO] ThirdParty:1030 - CMSIS Pack Vendor :STMicroelectronics X-CUBE-ISPU 2.1.0
2026-05-11 17:30:36,379 [INFO] ThirdParty:1030 - CMSIS Pack Vendor :STMicroelectronics X-CUBE-EEPRMA1 5.2.0
2026-05-11 17:30:36,379 [INFO] ThirdParty:1030 - CMSIS Pack Vendor :STMicroelectronics X-CUBE-IPS 3.2.0
2026-05-11 17:30:36,379 [INFO] ThirdParty:1030 - CMSIS Pack Vendor :STMicroelectronics X-CUBE-BLEMGR 4.1.0
2026-05-11 17:30:36,379 [INFO] ThirdParty:1030 - CMSIS Pack Vendor :STMicroelectronics eDS-WB_DPC_TT-BIDIR 2.1.1
2026-05-11 17:30:36,379 [INFO] ThirdParty:1030 - CMSIS Pack Vendor :STMicroelectronics X-CUBE-AZRTOS-WB 2.0.0
2026-05-11 17:30:36,379 [INFO] ThirdParty:1030 - CMSIS Pack Vendor :wolfSSL I-CUBE-wolfSSL 5.8.4
2026-05-11 17:30:36,379 [INFO] ThirdParty:1030 - CMSIS Pack Vendor :Cesanta I-CUBE-Mongoose 7.20.0
2026-05-11 17:30:36,379 [INFO] ThirdParty:1030 - CMSIS Pack Vendor :STMicroelectronics X-CUBE-NFC12 1.0.0
2026-05-11 17:30:36,379 [INFO] ThirdParty:1030 - CMSIS Pack Vendor :STMicroelectronics X-CUBE-AZRTOS-F7 1.1.0
2026-05-11 17:30:36,379 [INFO] ThirdParty:1030 - CMSIS Pack Vendor :STMicroelectronics X-CUBE-AZRTOS-L5 2.0.0
2026-05-11 17:30:36,379 [INFO] ThirdParty:1030 - CMSIS Pack Vendor :STMicroelectronics USB_DEVICE 2.0.0
2026-05-11 17:30:36,379 [INFO] ThirdParty:1030 - CMSIS Pack Vendor :STMicroelectronics FP-SNS-STAIOTCFT 1.1.0
2026-05-11 17:30:36,379 [INFO] ThirdParty:1030 - CMSIS Pack Vendor :quantropi X-CUBE-qispace-sdk-base 2.1.0
2026-05-11 17:30:36,379 [INFO] ThirdParty:1030 - CMSIS Pack Vendor :STMicroelectronics X-CUBE-MEMS1 12.0.0
2026-05-11 17:30:36,379 [INFO] ThirdParty:1030 - CMSIS Pack Vendor :STMicroelectronics X-CUBE-STSE01 2.0.0
2026-05-11 17:30:36,379 [INFO] ThirdParty:1030 - CMSIS Pack Vendor :STMicroelectronics FP-SNS-MOTENV1 5.1.0
2026-05-11 17:30:36,379 [INFO] ThirdParty:1030 - CMSIS Pack Vendor :STMicroelectronics FreeRTOS 0.0.1
2026-05-11 17:30:36,379 [INFO] ThirdParty:1030 - CMSIS Pack Vendor :STMicroelectronics X-CUBE-AZRTOS-G0 1.1.0
2026-05-11 17:30:36,380 [INFO] ThirdParty:1030 - CMSIS Pack Vendor :STMicroelectronics X-CUBE-NFC4 3.0.0
2026-05-11 17:30:36,380 [INFO] ThirdParty:1030 - CMSIS Pack Vendor :STMicroelectronics X-CUBE-SUBG2 5.0.0
2026-05-11 17:30:36,380 [INFO] ThirdParty:1030 - CMSIS Pack Vendor :STMicroelectronics STM32_WPAN 1.0.0
2026-05-11 17:30:36,380 [INFO] ThirdParty:1030 - CMSIS Pack Vendor :STMicroelectronics eDS-WB_DPC_VIENNA 1.2.0
2026-05-11 17:30:36,380 [INFO] ThirdParty:1030 - CMSIS Pack Vendor :EmbeddedOffice I-CUBE-FS-RTOS 1.0.1
2026-05-11 17:30:36,380 [INFO] ThirdParty:1030 - CMSIS Pack Vendor :STMicroelectronics lwIP 2.0.3
2026-05-11 17:30:36,380 [INFO] ThirdParty:1030 - CMSIS Pack Vendor :WES I-CUBE-Cesium 1.4.0
2026-05-11 17:30:36,380 [INFO] ThirdParty:1030 - CMSIS Pack Vendor :STMicroelectronics eDS-WB_DPC_3PH2L-BIDIR 1.1.1
2026-05-11 17:30:36,380 [INFO] ThirdParty:1030 - CMSIS Pack Vendor :STMicroelectronics USB_HOST 1.0.0
2026-05-11 17:30:36,380 [INFO] ThirdParty:1030 - CMSIS Pack Vendor :STMicroelectronics X-CUBE-AZRTOS-G4 2.0.0
2026-05-11 17:30:36,380 [INFO] ThirdParty:1030 - CMSIS Pack Vendor :STMicroelectronics X-CUBE-WB05N 2.0.0
2026-05-11 17:30:36,380 [INFO] ThirdParty:1030 - CMSIS Pack Vendor :STMicroelectronics PDM2PCM 3.1.0
2026-05-11 17:30:36,380 [INFO] ThirdParty:1030 - CMSIS Pack Vendor :STMicroelectronics PDM2PCM 3.3.0
2026-05-11 17:30:36,380 [INFO] ThirdParty:1030 - CMSIS Pack Vendor :wolfSSL I-CUBE-wolfTPM 3.8.0
2026-05-11 17:30:36,380 [INFO] ThirdParty:1030 - CMSIS Pack Vendor :STMicroelectronics X-CUBE-DISPLAY 3.0.0
2026-05-11 17:30:36,381 [INFO] ThirdParty:1030 - CMSIS Pack Vendor :wolfSSL I-CUBE-wolfSSH 1.4.20
2026-05-11 17:30:36,381 [INFO] ThirdParty:1030 - CMSIS Pack Vendor :STMicroelectronics X-CUBE-NFC7 2.0.0
2026-05-11 17:30:36,381 [INFO] ThirdParty:1030 - CMSIS Pack Vendor :STMicroelectronics X-CUBE-GNSS1 7.1.1
2026-05-11 17:30:36,381 [INFO] ThirdParty:1030 - CMSIS Pack Vendor :STMicroelectronics FP-SNS-MOTENVWB1 1.5.0
2026-05-11 17:30:36,381 [INFO] ThirdParty:1030 - CMSIS Pack Vendor :STMicroelectronics X-CUBE-TCPP 4.2.0
2026-05-11 17:30:36,381 [INFO] ThirdParty:1030 - CMSIS Pack Vendor :RealThread X-CUBE-RT-Thread_Nano 4.1.1
2026-05-11 17:30:36,381 [INFO] ThirdParty:1030 - CMSIS Pack Vendor :STMicroelectronics FP-ATR-SIGFOX1 3.2.0
2026-05-11 17:30:36,381 [INFO] ThirdParty:1030 - CMSIS Pack Vendor :wolfSSL I-CUBE-wolfSSL 5.9.1
2026-05-11 17:30:36,381 [INFO] ThirdParty:1030 - CMSIS Pack Vendor :STMicroelectronics X-CUBE-NFC10 1.0.0
2026-05-11 17:30:36,381 [INFO] ThirdParty:1030 - CMSIS Pack Vendor :STMicroelectronics HAL Drivers 0.0.0
2026-05-11 17:30:36,381 [INFO] ThirdParty:1030 - CMSIS Pack Vendor :STMicroelectronics X-CUBE-FREERTOS 1.5.0
2026-05-11 17:30:36,381 [INFO] ThirdParty:1030 - CMSIS Pack Vendor :STMicroelectronics MBEDTLS 2.16.2
2026-05-11 17:30:36,381 [INFO] ThirdParty:1030 - CMSIS Pack Vendor :STMicroelectronics X-CUBE-ST60 1.1.0
2026-05-11 17:30:36,381 [INFO] ThirdParty:1030 - CMSIS Pack Vendor :STMicroelectronics X-CUBE-ALS 1.0.2
2026-05-11 17:30:36,381 [INFO] ThirdParty:1030 - CMSIS Pack Vendor :emotas I-CUBE-CANOPEN 1.3.0
2026-05-11 17:30:36,381 [INFO] ThirdParty:1030 - CMSIS Pack Vendor :STMicroelectronics MBEDTLS 2.14.1
2026-05-11 17:30:36,381 [INFO] ThirdParty:1030 - CMSIS Pack Vendor :STMicroelectronics X-CUBE-GNSS1 7.1.0
2026-05-11 17:30:36,382 [INFO] ThirdParty:1030 - CMSIS Pack Vendor :ITTIA_DB I-CUBE-ITTIADB 8.9.0
2026-05-11 17:30:36,382 [INFO] ThirdParty:1030 - CMSIS Pack Vendor :STMicroelectronics X-CUBE-TOUCHGFX 4.26.1
2026-05-11 17:30:36,382 [INFO] ThirdParty:1030 - CMSIS Pack Vendor :Cesanta I-CUBE-Mongoose 7.21.6
2026-05-11 17:30:36,382 [INFO] ThirdParty:1030 - CMSIS Pack Vendor :STMicroelectronics X-CUBE-NFC6 3.2.0
2026-05-11 17:30:36,382 [INFO] ThirdParty:1030 - CMSIS Pack Vendor :STMicroelectronics FP-SNS-STBOX1 2.1.0
2026-05-11 17:30:36,382 [INFO] ThirdParty:1030 - CMSIS Pack Vendor :STMicroelectronics X-CUBE-AI 10.2.0
2026-05-11 17:30:36,382 [INFO] ThirdParty:1030 - CMSIS Pack Vendor :STMicroelectronics FP-SNS-STAIOTCFT 1.0.0
2026-05-11 17:30:36,383 [INFO] ThirdParty:1030 - CMSIS Pack Vendor :STMicroelectronics ThreadX 1.0.0
2026-05-11 17:30:36,383 [INFO] ThirdParty:1030 - CMSIS Pack Vendor :STMicroelectronics FP-SNS-SMARTAG2 1.2.0
2026-05-11 17:30:36,383 [INFO] ThirdParty:1030 - CMSIS Pack Vendor :STMicroelectronics X-CUBE-MEMS1 12.1.0
2026-05-11 17:30:36,383 [INFO] ThirdParty:1030 - CMSIS Pack Vendor :STMicroelectronics FP-SNS-FLIGHT1 5.1.0
2026-05-11 17:30:36,383 [INFO] ThirdParty:1030 - CMSIS Pack Vendor :STMicroelectronics X-CUBE-AZRTOS-WL 2.0.0
2026-05-11 17:30:36,383 [INFO] ThirdParty:1030 - CMSIS Pack Vendor :SEGGER I-CUBE-embOS 1.3.1
2026-05-11 17:30:36,383 [INFO] ThirdParty:1030 - CMSIS Pack Vendor :STMicroelectronics X-CUBE-ALGOBUILD 1.4.0
2026-05-11 17:30:36,383 [INFO] ThirdParty:1030 - CMSIS Pack Vendor :STMicroelectronics X-CUBE-DPower 1.3.0
2026-05-11 17:30:36,383 [INFO] ThirdParty:1030 - CMSIS Pack Vendor :STMicroelectronics USB_DEVICE 1.0.0
2026-05-11 17:30:36,383 [INFO] ThirdParty:1030 - CMSIS Pack Vendor :STMicroelectronics X-CUBE-AZRTOS-H7RS 1.2.0
2026-05-11 17:30:36,383 [INFO] ThirdParty:1030 - CMSIS Pack Vendor :STMicroelectronics X-CUBE-AZRTOS-L4 2.0.0
2026-05-11 17:30:36,383 [INFO] ThirdParty:1030 - CMSIS Pack Vendor :STMicroelectronics ThreadX 0.0.2
2026-05-11 17:30:36,383 [INFO] ThirdParty:1030 - CMSIS Pack Vendor :STMicroelectronics lwIP 2.1.2
2026-05-11 17:30:36,383 [INFO] ThirdParty:1030 - CMSIS Pack Vendor :STMicroelectronics X-CUBE-SFXS2LP1 4.0.0
2026-05-11 17:30:36,383 [INFO] ThirdParty:1030 - CMSIS Pack Vendor :STMicroelectronics X-CUBE-BLE2 3.3.0
2026-05-11 17:30:36,383 [INFO] ThirdParty:1030 - CMSIS Pack Vendor :Avnet-IOTCONNECT X-CUBE-iotc-st67-sdk 1.0.0
2026-05-11 17:30:36,383 [INFO] ThirdParty:1030 - CMSIS Pack Vendor :STMicroelectronics X-CUBE-TOF1 3.4.3
2026-05-11 17:30:36,383 [INFO] ThirdParty:1030 - CMSIS Pack Vendor :Infineon AIROC-Wi-Fi-Bluetooth-STM32 1.8.0
2026-05-11 17:30:36,383 [INFO] ThirdParty:1030 - CMSIS Pack Vendor :STMicroelectronics PDM2PCM 3.2.0
2026-05-11 17:30:36,383 [INFO] ThirdParty:1030 - CMSIS Pack Vendor :STMicroelectronics X-CUBE-WB05N 2.1.0
2026-05-11 17:30:36,383 [INFO] ThirdParty:1030 - CMSIS Pack Vendor :STMicroelectronics X-CUBE-ST67W61 1.2.0
2026-05-11 17:30:36,384 [INFO] ThirdParty:841 - exiting critical section [change project]
2026-05-11 17:30:36,955 [INFO] PinOutPanel:1589 - setPackage(No Configuration,No Configuration)
2026-05-11 17:30:36,962 [INFO] PinOutPanel:1589 - setPackage(STM32L053C8Tx,LQFP48)
2026-05-11 17:30:38,492 [INFO] UtilMem:75 - Before build in PCC Used Memory: 895307784 Bytes (1073741824)
2026-05-11 17:30:39,351 [INFO] UtilMem:75 - After build in PCC Used Memory: 948793312 Bytes (1073741824)
2026-05-11 17:30:39,405 [INFO] IPUIPlugin:80 - create IPUIPlugin
2026-05-11 17:30:39,405 [INFO] IPUIPlugin:80 - create IPUIPlugin
2026-05-11 17:30:39,405 [INFO] IPUIPlugin:80 - create IPUIPlugin
2026-05-11 17:30:39,406 [INFO] IPUIPlugin:80 - create IPUIPlugin
2026-05-11 17:30:39,406 [INFO] IPUIPlugin:80 - create IPUIPlugin
2026-05-11 17:30:39,406 [INFO] IPUIPlugin:80 - create IPUIPlugin
2026-05-11 17:30:39,406 [INFO] IPUIPlugin:80 - create IPUIPlugin
2026-05-11 17:30:39,408 [INFO] IPUIPlugin:80 - create IPUIPlugin
2026-05-11 17:30:39,408 [INFO] IPUIPlugin:80 - create IPUIPlugin
2026-05-11 17:30:39,409 [INFO] IPUIPlugin:80 - create IPUIPlugin
2026-05-11 17:30:39,409 [INFO] IPUIPlugin:80 - create IPUIPlugin
2026-05-11 17:30:39,409 [INFO] IPUIPlugin:80 - create IPUIPlugin
2026-05-11 17:30:39,410 [INFO] IPUIPlugin:80 - create IPUIPlugin
2026-05-11 17:30:39,410 [INFO] IPUIPlugin:80 - create IPUIPlugin
2026-05-11 17:30:39,410 [INFO] IPUIPlugin:80 - create IPUIPlugin
2026-05-11 17:30:39,411 [INFO] IPUIPlugin:80 - create IPUIPlugin
2026-05-11 17:30:39,411 [INFO] IPUIPlugin:80 - create IPUIPlugin
2026-05-11 17:30:39,411 [INFO] IPUIPlugin:80 - create IPUIPlugin
2026-05-11 17:30:39,412 [INFO] IPUIPlugin:80 - create IPUIPlugin
2026-05-11 17:30:39,412 [INFO] IPUIPlugin:80 - create IPUIPlugin
2026-05-11 17:30:39,413 [INFO] IPUIPlugin:80 - create IPUIPlugin
2026-05-11 17:30:39,413 [INFO] IPUIPlugin:80 - create IPUIPlugin
2026-05-11 17:30:39,414 [INFO] IPUIPlugin:80 - create IPUIPlugin
2026-05-11 17:30:39,414 [INFO] IPUIPlugin:80 - create IPUIPlugin
2026-05-11 17:30:39,415 [INFO] IPUIPlugin:80 - create IPUIPlugin
2026-05-11 17:30:39,416 [INFO] IPUIPlugin:80 - create IPUIPlugin
2026-05-11 17:30:39,416 [INFO] IPUIPlugin:80 - create IPUIPlugin
2026-05-11 17:30:39,416 [INFO] IPUIPlugin:80 - create IPUIPlugin
2026-05-11 17:30:39,421 [INFO] IPUIPlugin:80 - create IPUIPlugin
2026-05-11 17:30:39,422 [INFO] IPUIPlugin:80 - create IPUIPlugin
2026-05-11 17:30:39,423 [INFO] IPUIPlugin:80 - create IPUIPlugin
2026-05-11 17:30:39,423 [INFO] IPUIPlugin:80 - create IPUIPlugin
2026-05-11 17:30:39,424 [INFO] IPUIPlugin:80 - create IPUIPlugin
2026-05-11 17:30:39,425 [INFO] IPUIPlugin:80 - create IPUIPlugin
2026-05-11 17:30:39,581 [INFO] CADModel:165 - CPN selected for project levelSTM32L053C8T6
2026-05-11 17:30:39,581 [INFO] CADModel:114 - Register for checkConnection events
2026-05-11 17:30:39,630 [INFO] OpenFileManager:386 - Restore cursor
2026-05-11 17:32:57,553 [INFO] MainUpdater:2872 - connection check result : 10
2026-05-11 17:32:57,568 [INFO] MainUpdater:2872 - connection check result : 10
2026-05-11 17:32:57,898 [INFO] MicroXplorer:468 - Change Database Path : 
2026-05-11 17:32:57,898 [INFO] MicroXplorer:498 - Change Database Version : DB.6.0.150
2026-05-11 17:32:57,949 [ERROR] ProjectManagerView:395 - 
java.lang.NullPointerException: Cannot invoke "javax.swing.JTextField.getText()" because the return value of "java.util.List.get(int)" is null
	at com.st.microxplorer.plugins.projectmanager.gui.ProjectChoiceTab$9.caretUpdate(ProjectChoiceTab.java:2706) ~[filemanager.jar:?]
	at javax.swing.text.JTextComponent.fireCaretUpdate(JTextComponent.java:408) ~[?:?]
	at javax.swing.text.JTextComponent$MutableCaretEvent.fire(JTextComponent.java:4484) ~[?:?]
	at javax.swing.text.JTextComponent$MutableCaretEvent.stateChanged(JTextComponent.java:4506) ~[?:?]
	at javax.swing.text.DefaultCaret.fireStateChanged(DefaultCaret.java:857) ~[?:?]
	at javax.swing.text.DefaultCaret.changeCaretPosition(DefaultCaret.java:1343) ~[?:?]
	at javax.swing.text.DefaultCaret.handleSetDot(DefaultCaret.java:1242) ~[?:?]
	at javax.swing.text.DefaultCaret.setDot(DefaultCaret.java:1223) ~[?:?]
	at javax.swing.text.DefaultCaret$Handler.insertUpdate(DefaultCaret.java:1819) ~[?:?]
	at javax.swing.text.AbstractDocument.fireInsertUpdate(AbstractDocument.java:227) ~[?:?]
	at javax.swing.text.AbstractDocument.handleInsertString(AbstractDocument.java:781) ~[?:?]
	at javax.swing.text.AbstractDocument.insertString(AbstractDocument.java:740) ~[?:?]
	at javax.swing.text.PlainDocument.insertString(PlainDocument.java:131) ~[?:?]
	at javax.swing.text.AbstractDocument.replace(AbstractDocument.java:699) ~[?:?]
	at javax.swing.text.JTextComponent.setText(JTextComponent.java:1725) ~[?:?]
	at com.st.microxplorer.plugins.projectmanager.gui.ProjectChoiceTab.createHeapStackFields(ProjectChoiceTab.java:993) ~[filemanager.jar:?]
	at com.st.microxplorer.plugins.projectmanager.gui.ProjectChoiceTab.buildLinkSettingsPanel(ProjectChoiceTab.java:3813) ~[filemanager.jar:?]
	at com.st.microxplorer.plugins.projectmanager.gui.ProjectChoiceTab.defineWindowsFields(ProjectChoiceTab.java:1987) ~[filemanager.jar:?]
	at com.st.microxplorer.plugins.projectmanager.gui.ProjectChoiceTab.updateSettings(ProjectChoiceTab.java:558) ~[filemanager.jar:?]
	at com.st.microxplorer.plugins.projectmanager.gui.ProjectSettingsPanel.UpdateDialog(ProjectSettingsPanel.java:247) ~[filemanager.jar:?]
	at com.st.microxplorer.plugins.projectmanager.ProjectManagerView.propertyChange(ProjectManagerView.java:392) ~[filemanager.jar:?]
	at java.beans.PropertyChangeSupport.fire(PropertyChangeSupport.java:343) ~[?:?]
	at java.beans.PropertyChangeSupport.firePropertyChange(PropertyChangeSupport.java:335) ~[?:?]
	at java.beans.PropertyChangeSupport.firePropertyChange(PropertyChangeSupport.java:268) ~[?:?]
	at com.st.microxplorer.util.MXPropertyChangeSupport.firePropertyChange(MXPropertyChangeSupport.java:54) ~[STM32CubeMX.jar:?]
	at com.st.microxplorer.mxsystem.MxSystem.closeConfig(MxSystem.java:899) ~[STM32CubeMX.jar:?]
	at com.st.microxplorer.maingui.MainPanel.closeConfig(MainPanel.java:792) ~[STM32CubeMX.jar:?]
	at com.st.microxplorer.plugins.filemanager.engine.OpenFileManager.loadConfigurationFile(OpenFileManager.java:288) ~[filemanager.jar:?]
	at com.st.microxplorer.plugins.filemanager.engine.MainFileManager.userLoadConfig(MainFileManager.java:364) ~[filemanager.jar:?]
	at com.st.microxplorer.plugins.filemanager.engine.MainFileManager.userLoadConfig(MainFileManager.java:342) ~[filemanager.jar:?]
	at com.st.microxplorer.plugins.filemanager.FileManagerView.getSpecificTask(FileManagerView.java:264) ~[filemanager.jar:?]
	at com.st.stm32cube.common.mx.editor.CubeMxEditor.getMxTabbedPaneInstance(CubeMxEditor.java:1198) ~[com.st.stm32cube.common.mx_6.15.0.202507011659/:?]
	at com.st.stm32cube.common.mx.editor.CubeMxEditor$12$1.createSwingComponent(CubeMxEditor.java:1068) ~[com.st.stm32cube.common.mx_6.15.0.202507011659/:?]
	at com.st.stm32cube.common.mx.oss.core.awtswtbridge.EmbeddedSwingComposite.doComponentCreation(EmbeddedSwingComposite.java:492) ~[com.st.stm32cube.common.mx.oss_6.15.0.202507011659/:?]
	at com.st.stm32cube.common.mx.oss.core.awtswtbridge.EmbeddedSwingComposite$4.run(EmbeddedSwingComposite.java:291) ~[com.st.stm32cube.common.mx.oss_6.15.0.202507011659/:?]
	at com.st.stm32cube.common.mx.oss.core.awtswtbridge.AwtEnvironment$2.run(AwtEnvironment.java:166) ~[com.st.stm32cube.common.mx.oss_6.15.0.202507011659/:?]
	at java.awt.event.InvocationEvent.dispatch(InvocationEvent.java:318) ~[?:?]
	at java.awt.EventQueue.dispatchEventImpl(EventQueue.java:773) ~[?:?]
	at java.awt.EventQueue$4.run(EventQueue.java:720) ~[?:?]
	at java.awt.EventQueue$4.run(EventQueue.java:714) ~[?:?]
	at java.security.AccessController.doPrivileged(AccessController.java:400) ~[?:?]
	at java.security.ProtectionDomain$JavaSecurityAccessImpl.doIntersectionPrivilege(ProtectionDomain.java:87) ~[?:?]
	at java.awt.EventQueue.dispatchEvent(EventQueue.java:742) ~[?:?]
	at java.awt.EventDispatchThread.pumpOneEventForFilters(EventDispatchThread.java:203) ~[?:?]
	at java.awt.EventDispatchThread.pumpEventsForFilter(EventDispatchThread.java:124) ~[?:?]
	at java.awt.EventDispatchThread.pumpEventsForHierarchy(EventDispatchThread.java:113) ~[?:?]
	at java.awt.EventDispatchThread.pumpEvents(EventDispatchThread.java:109) ~[?:?]
	at java.awt.EventDispatchThread.pumpEvents(EventDispatchThread.java:101) ~[?:?]
	at java.awt.EventDispatchThread.run(EventDispatchThread.java:90) ~[?:?]
2026-05-11 17:32:57,959 [WARN] ThirdParty:871 - waiting for thirdparty lock release [close project]
2026-05-11 17:32:57,960 [INFO] ThirdParty:873 - entering critical section [close project]
2026-05-11 17:32:57,961 [INFO] ThirdParty:883 - exiting critical section [close project]
2026-05-11 17:32:57,964 [INFO] PinOutPanel:1589 - setPackage(No Configuration,No Configuration)
2026-05-11 17:32:57,970 [INFO] UtilMem:75 - Begin LoadConfig() Used Memory: 840234456 Bytes (1073741824)
2026-05-11 17:32:57,972 [INFO] MicroXplorer:468 - Change Database Path : 
2026-05-11 17:32:57,973 [INFO] MicroXplorer:498 - Change Database Version : DB.6.0.150
2026-05-11 17:32:57,973 [INFO] OpenFileManager:355 - Change cursor
2026-05-11 17:32:58,003 [INFO] Mcu:2029 - Initializing MCU STM32L053C(6-8)Tx STM32L053C8Tx STM32L053C8T6
2026-05-11 17:32:59,119 [INFO] Context:786 - Trying to add GPIOservice into a context  which must be forbidden
2026-05-11 17:32:59,679 [INFO] ImportTextPane:234 - (OptionalMessage_ERROR) Pin19 (VP_RIF_VS_RIF1) cannot be retrieved for this MCU
2026-05-11 17:32:59,950 [INFO] RtosManager:558 - Registered RTOS mode: class=CMSIS, group=RTOS, mode=CMSIS_V1, owner=FREERTOS
2026-05-11 17:32:59,986 [INFO] RtosManager:558 - Registered RTOS mode: class=CMSIS, group=RTOS2, mode=CMSIS_V2, owner=FREERTOS
2026-05-11 17:32:59,986 [INFO] RtosManager:558 - Registered RTOS mode: class=RTOS, group=Core, mode=CMSIS_V1, owner=FREERTOS
2026-05-11 17:32:59,986 [INFO] RtosManager:558 - Registered RTOS mode: class=RTOS, group=Core, mode=CMSIS_V2, owner=FREERTOS
2026-05-11 17:32:59,986 [WARN] ModelIntegratedComponent:184 - Missing modes for component STMicroelectronics:FreeRTOS:0.0.1:STMicroelectronics:RTOS:FreeRTOS:Core:::10.2.0:
2026-05-11 17:32:59,998 [WARN] ModelIntegratedComponent:63 - No mode defined for component null
2026-05-11 17:32:59,998 [WARN] ModelIntegratedComponent:63 - No mode defined for component null
2026-05-11 17:32:59,999 [WARN] ModelIntegratedComponent:63 - No mode defined for component null
2026-05-11 17:32:59,999 [WARN] ModelIntegratedComponent:63 - No mode defined for component null
2026-05-11 17:33:00,000 [WARN] ModelIntegratedComponent:63 - No mode defined for component null
2026-05-11 17:33:00,000 [WARN] ModelIntegratedComponent:63 - No mode defined for component null
2026-05-11 17:33:00,000 [WARN] ModelIntegratedComponent:63 - No mode defined for component null
2026-05-11 17:33:00,000 [WARN] ModelIntegratedComponent:63 - No mode defined for component null
2026-05-11 17:33:00,001 [WARN] ModelIntegratedComponent:63 - No mode defined for component null
2026-05-11 17:33:00,001 [WARN] ModelIntegratedComponent:63 - No mode defined for component null
2026-05-11 17:33:00,001 [WARN] ModelIntegratedComponent:63 - No mode defined for component null
2026-05-11 17:33:00,001 [WARN] ModelIntegratedComponent:63 - No mode defined for component null
2026-05-11 17:33:00,001 [WARN] ModelIntegratedComponent:63 - No mode defined for component null
2026-05-11 17:33:00,002 [WARN] ModelIntegratedComponent:63 - No mode defined for component null
2026-05-11 17:33:00,002 [WARN] ModelIntegratedComponent:63 - No mode defined for component null
2026-05-11 17:33:00,002 [WARN] ModelIntegratedComponent:63 - No mode defined for component null
2026-05-11 17:33:00,002 [WARN] ModelIntegratedComponent:63 - No mode defined for component null
2026-05-11 17:33:00,002 [WARN] ModelIntegratedComponent:63 - No mode defined for component null
2026-05-11 17:33:00,002 [WARN] ModelIntegratedComponent:63 - No mode defined for component null
2026-05-11 17:33:00,002 [WARN] ModelIntegratedComponent:63 - No mode defined for component null
2026-05-11 17:33:00,003 [WARN] ModelIntegratedComponent:63 - No mode defined for component null
2026-05-11 17:33:00,003 [WARN] ModelIntegratedComponent:63 - No mode defined for component null
2026-05-11 17:33:00,003 [WARN] ModelIntegratedComponent:63 - No mode defined for component null
2026-05-11 17:33:00,003 [WARN] ModelIntegratedComponent:63 - No mode defined for component null
2026-05-11 17:33:00,003 [WARN] ModelIntegratedComponent:63 - No mode defined for component null
2026-05-11 17:33:00,004 [WARN] ModelIntegratedComponent:63 - No mode defined for component null
2026-05-11 17:33:00,004 [WARN] ModelIntegratedComponent:63 - No mode defined for component null
2026-05-11 17:33:00,004 [WARN] ModelIntegratedComponent:63 - No mode defined for component null
2026-05-11 17:33:00,004 [WARN] ModelIntegratedComponent:63 - No mode defined for component null
2026-05-11 17:33:00,004 [WARN] ModelIntegratedComponent:63 - No mode defined for component null
2026-05-11 17:33:00,004 [WARN] ModelIntegratedComponent:63 - No mode defined for component null
2026-05-11 17:33:00,004 [WARN] ModelIntegratedComponent:63 - No mode defined for component null
2026-05-11 17:33:00,004 [WARN] ModelIntegratedComponent:63 - No mode defined for component null
2026-05-11 17:33:00,004 [WARN] ModelIntegratedComponent:63 - No mode defined for component null
2026-05-11 17:33:00,004 [WARN] ModelIntegratedComponent:63 - No mode defined for component null
2026-05-11 17:33:00,005 [WARN] ModelPack:524 - Component already loaded: STMicroelectronics:HAL Drivers:0.0.0:STMicroelectronics:Device:STMicro_Driver:XSPI:HAL::0.0.1:HAL_XSPI
2026-05-11 17:33:00,144 [INFO] ThirdPartyModel:298 - Start build external matchings
2026-05-11 17:33:00,789 [INFO] ThirdPartyModel:316 - End build external matchings
2026-05-11 17:33:00,815 [INFO] ImportTextPane:234 - (OptionalMessage_ERROR) IP (RCC) : Invalid parameter (FamilyName)
2026-05-11 17:33:00,817 [INFO] ImportTextPane:234 - (OptionalMessage_ERROR) IP (RCC) : Invalid parameter (PWRFreq_Value)
2026-05-11 17:33:00,817 [INFO] ImportTextPane:234 - (OptionalMessage_ERROR) IP (RCC) : Parameter (RTCHSEDivFreq_Value) has invalid value (4000000)
2026-05-11 17:33:00,817 [INFO] ImportTextPane:234 - (OptionalMessage_ERROR) IP (RCC) : Invalid parameter (TIMFreq_Value)
2026-05-11 17:33:00,819 [WARN] IP:2250 - TSC_G4_IO1 not found: check if there is a RefParameter without a condition.
2026-05-11 17:33:00,820 [WARN] IP:2250 - TSC_G6_IO1 not found: check if there is a RefParameter without a condition.
2026-05-11 17:33:00,820 [WARN] IP:2250 - TSC_G7_IO2 not found: check if there is a RefParameter without a condition.
2026-05-11 17:33:00,820 [WARN] IP:2250 - TSC_G2_IO1 not found: check if there is a RefParameter without a condition.
2026-05-11 17:33:00,820 [WARN] IP:2250 - TSC_G2_IO3 not found: check if there is a RefParameter without a condition.
2026-05-11 17:33:00,820 [WARN] IP:2250 - TSC_G4_IO1 not found: check if there is a RefParameter without a condition.
2026-05-11 17:33:00,820 [WARN] IP:2250 - TSC_G6_IO1 not found: check if there is a RefParameter without a condition.
2026-05-11 17:33:00,820 [WARN] IP:2250 - TSC_G7_IO2 not found: check if there is a RefParameter without a condition.
2026-05-11 17:33:00,821 [WARN] IP:2250 - TSC_G2_IO1 not found: check if there is a RefParameter without a condition.
2026-05-11 17:33:00,821 [WARN] IP:2250 - TSC_G2_IO3 not found: check if there is a RefParameter without a condition.
2026-05-11 17:33:00,821 [INFO] ImportTextPane:234 - (OptionalMessage_ERROR) IP (TSC) : Parameter (ChannelIOs) has Id (G1_IO2) currently not set
2026-05-11 17:33:00,821 [WARN] IP:2250 - TSC_G4_IO1 not found: check if there is a RefParameter without a condition.
2026-05-11 17:33:00,821 [WARN] IP:2250 - TSC_G6_IO1 not found: check if there is a RefParameter without a condition.
2026-05-11 17:33:00,821 [WARN] IP:2250 - TSC_G7_IO2 not found: check if there is a RefParameter without a condition.
2026-05-11 17:33:00,821 [WARN] IP:2250 - TSC_G2_IO1 not found: check if there is a RefParameter without a condition.
2026-05-11 17:33:00,822 [WARN] IP:2250 - TSC_G2_IO3 not found: check if there is a RefParameter without a condition.
2026-05-11 17:33:00,822 [INFO] ImportTextPane:234 - (OptionalMessage_ERROR) IP (TSC) : Parameter (ChannelIOs) has Id (G1_IO3) currently not set
2026-05-11 17:33:00,822 [INFO] ImportTextPane:234 - (OptionalMessage_ERROR) IP (TSC) : Parameter (SamplingIOs) has Id (G1_IO1) currently not set
2026-05-11 17:33:00,822 [INFO] ImportTextPane:234 - (OptionalMessage_ERROR) IP (TSC) : Parameter (ChannelIOs) has Id (G1_IO4) currently not set
2026-05-11 17:33:00,822 [INFO] ImportTextPane:234 - (OptionalMessage_ERROR) IP (TSC) : Parameter (SamplingIOs) has Id (G2_IO1) currently not set
2026-05-11 17:33:00,822 [INFO] ImportTextPane:234 - (OptionalMessage_ERROR) IP (TSC) : Parameter (ChannelIOs) has Id (G2_IO2) currently not set
2026-05-11 17:33:01,056 [INFO] UtilMem:75 - End LoadConfig() Used Memory: 991600320 Bytes (1073741824)
2026-05-11 17:33:01,174 [WARN] ThirdParty:833 - waiting for thirdparty lock release [change project]
2026-05-11 17:33:01,174 [INFO] ThirdParty:835 - entering critical section [change project]
2026-05-11 17:33:01,175 [INFO] ThirdParty:1030 - CMSIS Pack Vendor :STMicroelectronics X-CUBE-AZRTOS-H7 3.5.0
2026-05-11 17:33:01,175 [INFO] ThirdParty:1030 - CMSIS Pack Vendor :STMicroelectronics X-CUBE-PM33A1 1.0.0
2026-05-11 17:33:01,175 [INFO] ThirdParty:1030 - CMSIS Pack Vendor :STMicroelectronics USBPD 4.1
2026-05-11 17:33:01,175 [INFO] ThirdParty:1030 - CMSIS Pack Vendor :STMicroelectronics X-CUBE-NFC9 1.0.0
2026-05-11 17:33:01,175 [INFO] ThirdParty:1030 - CMSIS Pack Vendor :STMicroelectronics USB_HOST 2.0.0
2026-05-11 17:33:01,176 [INFO] ThirdParty:1030 - CMSIS Pack Vendor :STMicroelectronics X-CUBE-AZRTOS-F4 1.1.0
2026-05-11 17:33:01,177 [INFO] ThirdParty:1030 - CMSIS Pack Vendor :STMicroelectronics LIBJPEG 8.0.0
2026-05-11 17:33:01,177 [INFO] ThirdParty:1030 - CMSIS Pack Vendor :STMicroelectronics FP-ATR-ASTRA1 2.0.2
2026-05-11 17:33:01,177 [INFO] ThirdParty:1030 - CMSIS Pack Vendor :STMicroelectronics X-CUBE-BLE1 7.1.0
2026-05-11 17:33:01,177 [INFO] ThirdParty:1030 - CMSIS Pack Vendor :STMicroelectronics X-CUBE-SMBUS 2.1.0
2026-05-11 17:33:01,177 [INFO] ThirdParty:1030 - CMSIS Pack Vendor :wolfSSL I-CUBE-wolfMQTT 1.19.2
2026-05-11 17:33:01,177 [INFO] ThirdParty:1030 - CMSIS Pack Vendor :STMicroelectronics USB_DEVICE 3.0.0
2026-05-11 17:33:01,177 [INFO] ThirdParty:1030 - CMSIS Pack Vendor :STMicroelectronics X-CUBE-ISPU 2.1.0
2026-05-11 17:33:01,177 [INFO] ThirdParty:1030 - CMSIS Pack Vendor :STMicroelectronics X-CUBE-EEPRMA1 5.2.0
2026-05-11 17:33:01,177 [INFO] ThirdParty:1030 - CMSIS Pack Vendor :STMicroelectronics X-CUBE-IPS 3.2.0
2026-05-11 17:33:01,177 [INFO] ThirdParty:1030 - CMSIS Pack Vendor :STMicroelectronics X-CUBE-BLEMGR 4.1.0
2026-05-11 17:33:01,177 [INFO] ThirdParty:1030 - CMSIS Pack Vendor :STMicroelectronics eDS-WB_DPC_TT-BIDIR 2.1.1
2026-05-11 17:33:01,178 [INFO] ThirdParty:1030 - CMSIS Pack Vendor :STMicroelectronics X-CUBE-AZRTOS-WB 2.0.0
2026-05-11 17:33:01,178 [INFO] ThirdParty:1030 - CMSIS Pack Vendor :wolfSSL I-CUBE-wolfSSL 5.8.4
2026-05-11 17:33:01,178 [INFO] ThirdParty:1030 - CMSIS Pack Vendor :Cesanta I-CUBE-Mongoose 7.20.0
2026-05-11 17:33:01,178 [INFO] ThirdParty:1030 - CMSIS Pack Vendor :STMicroelectronics X-CUBE-NFC12 1.0.0
2026-05-11 17:33:01,178 [INFO] ThirdParty:1030 - CMSIS Pack Vendor :STMicroelectronics X-CUBE-AZRTOS-F7 1.1.0
2026-05-11 17:33:01,178 [INFO] ThirdParty:1030 - CMSIS Pack Vendor :STMicroelectronics X-CUBE-AZRTOS-L5 2.0.0
2026-05-11 17:33:01,178 [INFO] ThirdParty:1030 - CMSIS Pack Vendor :STMicroelectronics USB_DEVICE 2.0.0
2026-05-11 17:33:01,178 [INFO] ThirdParty:1030 - CMSIS Pack Vendor :STMicroelectronics FP-SNS-STAIOTCFT 1.1.0
2026-05-11 17:33:01,178 [INFO] ThirdParty:1030 - CMSIS Pack Vendor :quantropi X-CUBE-qispace-sdk-base 2.1.0
2026-05-11 17:33:01,178 [INFO] ThirdParty:1030 - CMSIS Pack Vendor :STMicroelectronics X-CUBE-MEMS1 12.0.0
2026-05-11 17:33:01,178 [INFO] ThirdParty:1030 - CMSIS Pack Vendor :STMicroelectronics X-CUBE-STSE01 2.0.0
2026-05-11 17:33:01,178 [INFO] ThirdParty:1030 - CMSIS Pack Vendor :STMicroelectronics FP-SNS-MOTENV1 5.1.0
2026-05-11 17:33:01,178 [INFO] ThirdParty:1030 - CMSIS Pack Vendor :STMicroelectronics FreeRTOS 0.0.1
2026-05-11 17:33:01,178 [INFO] ThirdParty:1030 - CMSIS Pack Vendor :STMicroelectronics X-CUBE-AZRTOS-G0 1.1.0
2026-05-11 17:33:01,178 [INFO] ThirdParty:1030 - CMSIS Pack Vendor :STMicroelectronics X-CUBE-NFC4 3.0.0
2026-05-11 17:33:01,178 [INFO] ThirdParty:1030 - CMSIS Pack Vendor :STMicroelectronics X-CUBE-SUBG2 5.0.0
2026-05-11 17:33:01,179 [INFO] ThirdParty:1030 - CMSIS Pack Vendor :STMicroelectronics STM32_WPAN 1.0.0
2026-05-11 17:33:01,179 [INFO] ThirdParty:1030 - CMSIS Pack Vendor :STMicroelectronics eDS-WB_DPC_VIENNA 1.2.0
2026-05-11 17:33:01,179 [INFO] ThirdParty:1030 - CMSIS Pack Vendor :EmbeddedOffice I-CUBE-FS-RTOS 1.0.1
2026-05-11 17:33:01,179 [INFO] ThirdParty:1030 - CMSIS Pack Vendor :STMicroelectronics lwIP 2.0.3
2026-05-11 17:33:01,179 [INFO] ThirdParty:1030 - CMSIS Pack Vendor :WES I-CUBE-Cesium 1.4.0
2026-05-11 17:33:01,179 [INFO] ThirdParty:1030 - CMSIS Pack Vendor :STMicroelectronics eDS-WB_DPC_3PH2L-BIDIR 1.1.1
2026-05-11 17:33:01,179 [INFO] ThirdParty:1030 - CMSIS Pack Vendor :STMicroelectronics USB_HOST 1.0.0
2026-05-11 17:33:01,179 [INFO] ThirdParty:1030 - CMSIS Pack Vendor :STMicroelectronics X-CUBE-AZRTOS-G4 2.0.0
2026-05-11 17:33:01,180 [INFO] ThirdParty:1030 - CMSIS Pack Vendor :STMicroelectronics X-CUBE-WB05N 2.0.0
2026-05-11 17:33:01,180 [INFO] ThirdParty:1030 - CMSIS Pack Vendor :STMicroelectronics PDM2PCM 3.1.0
2026-05-11 17:33:01,180 [INFO] ThirdParty:1030 - CMSIS Pack Vendor :STMicroelectronics PDM2PCM 3.3.0
2026-05-11 17:33:01,180 [INFO] ThirdParty:1030 - CMSIS Pack Vendor :wolfSSL I-CUBE-wolfTPM 3.8.0
2026-05-11 17:33:01,180 [INFO] ThirdParty:1030 - CMSIS Pack Vendor :STMicroelectronics X-CUBE-DISPLAY 3.0.0
2026-05-11 17:33:01,180 [INFO] ThirdParty:1030 - CMSIS Pack Vendor :wolfSSL I-CUBE-wolfSSH 1.4.20
2026-05-11 17:33:01,180 [INFO] ThirdParty:1030 - CMSIS Pack Vendor :STMicroelectronics X-CUBE-NFC7 2.0.0
2026-05-11 17:33:01,180 [INFO] ThirdParty:1030 - CMSIS Pack Vendor :STMicroelectronics X-CUBE-GNSS1 7.1.1
2026-05-11 17:33:01,180 [INFO] ThirdParty:1030 - CMSIS Pack Vendor :STMicroelectronics FP-SNS-MOTENVWB1 1.5.0
2026-05-11 17:33:01,180 [INFO] ThirdParty:1030 - CMSIS Pack Vendor :STMicroelectronics X-CUBE-TCPP 4.2.0
2026-05-11 17:33:01,180 [INFO] ThirdParty:1030 - CMSIS Pack Vendor :RealThread X-CUBE-RT-Thread_Nano 4.1.1
2026-05-11 17:33:01,180 [INFO] ThirdParty:1030 - CMSIS Pack Vendor :STMicroelectronics FP-ATR-SIGFOX1 3.2.0
2026-05-11 17:33:01,180 [INFO] ThirdParty:1030 - CMSIS Pack Vendor :wolfSSL I-CUBE-wolfSSL 5.9.1
2026-05-11 17:33:01,180 [INFO] ThirdParty:1030 - CMSIS Pack Vendor :STMicroelectronics X-CUBE-NFC10 1.0.0
2026-05-11 17:33:01,180 [INFO] ThirdParty:1030 - CMSIS Pack Vendor :STMicroelectronics HAL Drivers 0.0.0
2026-05-11 17:33:01,180 [INFO] ThirdParty:1030 - CMSIS Pack Vendor :STMicroelectronics X-CUBE-FREERTOS 1.5.0
2026-05-11 17:33:01,180 [INFO] ThirdParty:1030 - CMSIS Pack Vendor :STMicroelectronics MBEDTLS 2.16.2
2026-05-11 17:33:01,180 [INFO] ThirdParty:1030 - CMSIS Pack Vendor :STMicroelectronics X-CUBE-ST60 1.1.0
2026-05-11 17:33:01,180 [INFO] ThirdParty:1030 - CMSIS Pack Vendor :STMicroelectronics X-CUBE-ALS 1.0.2
2026-05-11 17:33:01,180 [INFO] ThirdParty:1030 - CMSIS Pack Vendor :emotas I-CUBE-CANOPEN 1.3.0
2026-05-11 17:33:01,180 [INFO] ThirdParty:1030 - CMSIS Pack Vendor :STMicroelectronics MBEDTLS 2.14.1
2026-05-11 17:33:01,180 [INFO] ThirdParty:1030 - CMSIS Pack Vendor :STMicroelectronics X-CUBE-GNSS1 7.1.0
2026-05-11 17:33:01,180 [INFO] ThirdParty:1030 - CMSIS Pack Vendor :ITTIA_DB I-CUBE-ITTIADB 8.9.0
2026-05-11 17:33:01,182 [INFO] ThirdParty:1030 - CMSIS Pack Vendor :STMicroelectronics X-CUBE-TOUCHGFX 4.26.1
2026-05-11 17:33:01,182 [INFO] ThirdParty:1030 - CMSIS Pack Vendor :Cesanta I-CUBE-Mongoose 7.21.6
2026-05-11 17:33:01,182 [INFO] ThirdParty:1030 - CMSIS Pack Vendor :STMicroelectronics X-CUBE-NFC6 3.2.0
2026-05-11 17:33:01,182 [INFO] ThirdParty:1030 - CMSIS Pack Vendor :STMicroelectronics FP-SNS-STBOX1 2.1.0
2026-05-11 17:33:01,183 [INFO] ThirdParty:1030 - CMSIS Pack Vendor :STMicroelectronics X-CUBE-AI 10.2.0
2026-05-11 17:33:01,183 [INFO] ThirdParty:1030 - CMSIS Pack Vendor :STMicroelectronics FP-SNS-STAIOTCFT 1.0.0
2026-05-11 17:33:01,184 [INFO] ThirdParty:1030 - CMSIS Pack Vendor :STMicroelectronics ThreadX 1.0.0
2026-05-11 17:33:01,184 [INFO] ThirdParty:1030 - CMSIS Pack Vendor :STMicroelectronics FP-SNS-SMARTAG2 1.2.0
2026-05-11 17:33:01,184 [INFO] ThirdParty:1030 - CMSIS Pack Vendor :STMicroelectronics X-CUBE-MEMS1 12.1.0
2026-05-11 17:33:01,184 [INFO] ThirdParty:1030 - CMSIS Pack Vendor :STMicroelectronics FP-SNS-FLIGHT1 5.1.0
2026-05-11 17:33:01,184 [INFO] ThirdParty:1030 - CMSIS Pack Vendor :STMicroelectronics X-CUBE-AZRTOS-WL 2.0.0
2026-05-11 17:33:01,184 [INFO] ThirdParty:1030 - CMSIS Pack Vendor :SEGGER I-CUBE-embOS 1.3.1
2026-05-11 17:33:01,184 [INFO] ThirdParty:1030 - CMSIS Pack Vendor :STMicroelectronics X-CUBE-ALGOBUILD 1.4.0
2026-05-11 17:33:01,184 [INFO] ThirdParty:1030 - CMSIS Pack Vendor :STMicroelectronics X-CUBE-DPower 1.3.0
2026-05-11 17:33:01,184 [INFO] ThirdParty:1030 - CMSIS Pack Vendor :STMicroelectronics USB_DEVICE 1.0.0
2026-05-11 17:33:01,184 [INFO] ThirdParty:1030 - CMSIS Pack Vendor :STMicroelectronics X-CUBE-AZRTOS-H7RS 1.2.0
2026-05-11 17:33:01,184 [INFO] ThirdParty:1030 - CMSIS Pack Vendor :STMicroelectronics X-CUBE-AZRTOS-L4 2.0.0
2026-05-11 17:33:01,184 [INFO] ThirdParty:1030 - CMSIS Pack Vendor :STMicroelectronics ThreadX 0.0.2
2026-05-11 17:33:01,184 [INFO] ThirdParty:1030 - CMSIS Pack Vendor :STMicroelectronics lwIP 2.1.2
2026-05-11 17:33:01,184 [INFO] ThirdParty:1030 - CMSIS Pack Vendor :STMicroelectronics X-CUBE-SFXS2LP1 4.0.0
2026-05-11 17:33:01,184 [INFO] ThirdParty:1030 - CMSIS Pack Vendor :STMicroelectronics X-CUBE-BLE2 3.3.0
2026-05-11 17:33:01,184 [INFO] ThirdParty:1030 - CMSIS Pack Vendor :Avnet-IOTCONNECT X-CUBE-iotc-st67-sdk 1.0.0
2026-05-11 17:33:01,184 [INFO] ThirdParty:1030 - CMSIS Pack Vendor :STMicroelectronics X-CUBE-TOF1 3.4.3
2026-05-11 17:33:01,184 [INFO] ThirdParty:1030 - CMSIS Pack Vendor :Infineon AIROC-Wi-Fi-Bluetooth-STM32 1.8.0
2026-05-11 17:33:01,184 [INFO] ThirdParty:1030 - CMSIS Pack Vendor :STMicroelectronics PDM2PCM 3.2.0
2026-05-11 17:33:01,184 [INFO] ThirdParty:1030 - CMSIS Pack Vendor :STMicroelectronics X-CUBE-WB05N 2.1.0
2026-05-11 17:33:01,184 [INFO] ThirdParty:1030 - CMSIS Pack Vendor :STMicroelectronics X-CUBE-ST67W61 1.2.0
2026-05-11 17:33:01,185 [INFO] ThirdParty:841 - exiting critical section [change project]
2026-05-11 17:33:01,409 [INFO] PinOutPanel:1589 - setPackage(No Configuration,No Configuration)
2026-05-11 17:33:01,411 [INFO] PinOutPanel:1589 - setPackage(STM32L053C8Tx,LQFP48)
2026-05-11 17:33:01,742 [INFO] UtilMem:75 - Before build in PCC Used Memory: 952523896 Bytes (1073741824)
2026-05-11 17:33:02,017 [INFO] UtilMem:75 - After build in PCC Used Memory: 760165168 Bytes (1073741824)
2026-05-11 17:33:02,036 [INFO] IPUIPlugin:80 - create IPUIPlugin
2026-05-11 17:33:02,036 [INFO] IPUIPlugin:80 - create IPUIPlugin
2026-05-11 17:33:02,036 [INFO] IPUIPlugin:80 - create IPUIPlugin
2026-05-11 17:33:02,036 [INFO] IPUIPlugin:80 - create IPUIPlugin
2026-05-11 17:33:02,036 [INFO] IPUIPlugin:80 - create IPUIPlugin
2026-05-11 17:33:02,036 [INFO] IPUIPlugin:80 - create IPUIPlugin
2026-05-11 17:33:02,036 [INFO] IPUIPlugin:80 - create IPUIPlugin
2026-05-11 17:33:02,037 [INFO] IPUIPlugin:80 - create IPUIPlugin
2026-05-11 17:33:02,037 [INFO] IPUIPlugin:80 - create IPUIPlugin
2026-05-11 17:33:02,037 [INFO] IPUIPlugin:80 - create IPUIPlugin
2026-05-11 17:33:02,037 [INFO] IPUIPlugin:80 - create IPUIPlugin
2026-05-11 17:33:02,037 [INFO] IPUIPlugin:80 - create IPUIPlugin
2026-05-11 17:33:02,037 [INFO] IPUIPlugin:80 - create IPUIPlugin
2026-05-11 17:33:02,037 [INFO] IPUIPlugin:80 - create IPUIPlugin
2026-05-11 17:33:02,038 [INFO] IPUIPlugin:80 - create IPUIPlugin
2026-05-11 17:33:02,038 [INFO] IPUIPlugin:80 - create IPUIPlugin
2026-05-11 17:33:02,038 [INFO] IPUIPlugin:80 - create IPUIPlugin
2026-05-11 17:33:02,038 [INFO] IPUIPlugin:80 - create IPUIPlugin
2026-05-11 17:33:02,038 [INFO] IPUIPlugin:80 - create IPUIPlugin
2026-05-11 17:33:02,039 [INFO] IPUIPlugin:80 - create IPUIPlugin
2026-05-11 17:33:02,039 [INFO] IPUIPlugin:80 - create IPUIPlugin
2026-05-11 17:33:02,039 [INFO] IPUIPlugin:80 - create IPUIPlugin
2026-05-11 17:33:02,039 [INFO] IPUIPlugin:80 - create IPUIPlugin
2026-05-11 17:33:02,040 [INFO] IPUIPlugin:80 - create IPUIPlugin
2026-05-11 17:33:02,040 [INFO] IPUIPlugin:80 - create IPUIPlugin
2026-05-11 17:33:02,040 [INFO] IPUIPlugin:80 - create IPUIPlugin
2026-05-11 17:33:02,040 [INFO] IPUIPlugin:80 - create IPUIPlugin
2026-05-11 17:33:02,040 [INFO] IPUIPlugin:80 - create IPUIPlugin
2026-05-11 17:33:02,041 [INFO] IPUIPlugin:80 - create IPUIPlugin
2026-05-11 17:33:02,041 [INFO] IPUIPlugin:80 - create IPUIPlugin
2026-05-11 17:33:02,042 [INFO] IPUIPlugin:80 - create IPUIPlugin
2026-05-11 17:33:02,042 [INFO] IPUIPlugin:80 - create IPUIPlugin
2026-05-11 17:33:02,042 [INFO] IPUIPlugin:80 - create IPUIPlugin
2026-05-11 17:33:02,043 [INFO] IPUIPlugin:80 - create IPUIPlugin
2026-05-11 17:33:02,105 [INFO] CADModel:165 - CPN selected for project levelSTM32L053C8T6
2026-05-11 17:33:02,105 [INFO] CADModel:114 - Register for checkConnection events
2026-05-11 17:33:02,179 [INFO] OpenFileManager:386 - Restore cursor
2026-05-11 17:33:02,222 [WARN] IP:2250 - TSC_G4_IO1 not found: check if there is a RefParameter without a condition.
2026-05-11 17:33:02,222 [WARN] IP:2250 - TSC_G6_IO1 not found: check if there is a RefParameter without a condition.
2026-05-11 17:33:02,222 [WARN] IP:2250 - TSC_G7_IO2 not found: check if there is a RefParameter without a condition.
2026-05-11 17:33:02,222 [WARN] IP:2250 - TSC_G2_IO1 not found: check if there is a RefParameter without a condition.
2026-05-11 17:33:02,223 [WARN] IP:2250 - TSC_G2_IO3 not found: check if there is a RefParameter without a condition.
2026-05-11 17:33:02,223 [WARN] IP:2250 - TSC_G4_IO1 not found: check if there is a RefParameter without a condition.
2026-05-11 17:33:02,223 [WARN] IP:2250 - TSC_G6_IO1 not found: check if there is a RefParameter without a condition.
2026-05-11 17:33:02,223 [WARN] IP:2250 - TSC_G7_IO2 not found: check if there is a RefParameter without a condition.
2026-05-11 17:33:02,223 [WARN] IP:2250 - TSC_G2_IO1 not found: check if there is a RefParameter without a condition.
2026-05-11 17:33:02,223 [WARN] IP:2250 - TSC_G2_IO3 not found: check if there is a RefParameter without a condition.
2026-05-11 17:33:02,223 [WARN] IP:2250 - TSC_G4_IO1 not found: check if there is a RefParameter without a condition.
2026-05-11 17:33:02,223 [WARN] IP:2250 - TSC_G6_IO1 not found: check if there is a RefParameter without a condition.
2026-05-11 17:33:02,224 [WARN] IP:2250 - TSC_G7_IO2 not found: check if there is a RefParameter without a condition.
2026-05-11 17:33:02,224 [WARN] IP:2250 - TSC_G2_IO1 not found: check if there is a RefParameter without a condition.
2026-05-11 17:33:02,224 [WARN] IP:2250 - TSC_G2_IO3 not found: check if there is a RefParameter without a condition.
2026-05-11 17:33:02,224 [WARN] IP:2250 - TSC_G4_IO1 not found: check if there is a RefParameter without a condition.
2026-05-11 17:33:02,224 [WARN] IP:2250 - TSC_G6_IO1 not found: check if there is a RefParameter without a condition.
2026-05-11 17:33:02,224 [WARN] IP:2250 - TSC_G7_IO2 not found: check if there is a RefParameter without a condition.
2026-05-11 17:33:02,224 [WARN] IP:2250 - TSC_G2_IO1 not found: check if there is a RefParameter without a condition.
2026-05-11 17:33:02,224 [WARN] IP:2250 - TSC_G2_IO3 not found: check if there is a RefParameter without a condition.
2026-05-11 17:33:02,224 [WARN] IP:2250 - TSC_G4_IO1 not found: check if there is a RefParameter without a condition.
2026-05-11 17:33:02,224 [WARN] IP:2250 - TSC_G6_IO1 not found: check if there is a RefParameter without a condition.
2026-05-11 17:33:02,224 [WARN] IP:2250 - TSC_G7_IO2 not found: check if there is a RefParameter without a condition.
2026-05-11 17:33:02,224 [WARN] IP:2250 - TSC_G2_IO1 not found: check if there is a RefParameter without a condition.
2026-05-11 17:33:02,224 [WARN] IP:2250 - TSC_G2_IO3 not found: check if there is a RefParameter without a condition.
2026-05-11 17:33:02,225 [WARN] IP:2250 - TSC_G4_IO1 not found: check if there is a RefParameter without a condition.
2026-05-11 17:33:02,225 [WARN] IP:2250 - TSC_G6_IO1 not found: check if there is a RefParameter without a condition.
2026-05-11 17:33:02,225 [WARN] IP:2250 - TSC_G7_IO2 not found: check if there is a RefParameter without a condition.
2026-05-11 17:33:02,225 [WARN] IP:2250 - TSC_G2_IO1 not found: check if there is a RefParameter without a condition.
2026-05-11 17:33:02,225 [WARN] IP:2250 - TSC_G2_IO3 not found: check if there is a RefParameter without a condition.
2026-05-11 17:33:07,636 [WARN] IP:2250 - TSC_G4_IO1 not found: check if there is a RefParameter without a condition.
2026-05-11 17:33:07,638 [WARN] IP:2250 - TSC_G6_IO1 not found: check if there is a RefParameter without a condition.
2026-05-11 17:33:07,638 [WARN] IP:2250 - TSC_G7_IO2 not found: check if there is a RefParameter without a condition.
2026-05-11 17:33:07,638 [WARN] IP:2250 - TSC_G2_IO1 not found: check if there is a RefParameter without a condition.
2026-05-11 17:33:07,638 [WARN] IP:2250 - TSC_G2_IO3 not found: check if there is a RefParameter without a condition.
2026-05-11 17:33:07,638 [WARN] IP:2250 - TSC_G4_IO1 not found: check if there is a RefParameter without a condition.
2026-05-11 17:33:07,638 [WARN] IP:2250 - TSC_G6_IO1 not found: check if there is a RefParameter without a condition.
2026-05-11 17:33:07,638 [WARN] IP:2250 - TSC_G7_IO2 not found: check if there is a RefParameter without a condition.
2026-05-11 17:33:07,638 [WARN] IP:2250 - TSC_G2_IO1 not found: check if there is a RefParameter without a condition.
2026-05-11 17:33:07,638 [WARN] IP:2250 - TSC_G2_IO3 not found: check if there is a RefParameter without a condition.
2026-05-11 17:33:07,638 [WARN] IP:2250 - TSC_G4_IO1 not found: check if there is a RefParameter without a condition.
2026-05-11 17:33:07,638 [WARN] IP:2250 - TSC_G6_IO1 not found: check if there is a RefParameter without a condition.
2026-05-11 17:33:07,638 [WARN] IP:2250 - TSC_G7_IO2 not found: check if there is a RefParameter without a condition.
2026-05-11 17:33:07,638 [WARN] IP:2250 - TSC_G2_IO1 not found: check if there is a RefParameter without a condition.
2026-05-11 17:33:07,638 [WARN] IP:2250 - TSC_G2_IO3 not found: check if there is a RefParameter without a condition.
2026-05-11 17:33:07,639 [WARN] IP:2250 - TSC_G4_IO1 not found: check if there is a RefParameter without a condition.
2026-05-11 17:33:07,639 [WARN] IP:2250 - TSC_G6_IO1 not found: check if there is a RefParameter without a condition.
2026-05-11 17:33:07,639 [WARN] IP:2250 - TSC_G7_IO2 not found: check if there is a RefParameter without a condition.
2026-05-11 17:33:07,639 [WARN] IP:2250 - TSC_G2_IO1 not found: check if there is a RefParameter without a condition.
2026-05-11 17:33:07,639 [WARN] IP:2250 - TSC_G2_IO3 not found: check if there is a RefParameter without a condition.
2026-05-11 17:33:07,639 [WARN] IP:2250 - TSC_G4_IO1 not found: check if there is a RefParameter without a condition.
2026-05-11 17:33:07,639 [WARN] IP:2250 - TSC_G6_IO1 not found: check if there is a RefParameter without a condition.
2026-05-11 17:33:07,639 [WARN] IP:2250 - TSC_G7_IO2 not found: check if there is a RefParameter without a condition.
2026-05-11 17:33:07,639 [WARN] IP:2250 - TSC_G2_IO1 not found: check if there is a RefParameter without a condition.
2026-05-11 17:33:07,639 [WARN] IP:2250 - TSC_G2_IO3 not found: check if there is a RefParameter without a condition.
2026-05-11 17:33:07,639 [WARN] IP:2250 - TSC_G4_IO1 not found: check if there is a RefParameter without a condition.
2026-05-11 17:33:07,642 [WARN] IP:2250 - TSC_G6_IO1 not found: check if there is a RefParameter without a condition.
2026-05-11 17:33:07,642 [WARN] IP:2250 - TSC_G7_IO2 not found: check if there is a RefParameter without a condition.
2026-05-11 17:33:07,642 [WARN] IP:2250 - TSC_G2_IO1 not found: check if there is a RefParameter without a condition.
2026-05-11 17:33:07,642 [WARN] IP:2250 - TSC_G2_IO3 not found: check if there is a RefParameter without a condition.
2026-05-11 17:38:45,493 [INFO] MainUpdater:2872 - connection check result : 10
2026-05-11 17:38:45,494 [INFO] MainUpdater:2872 - connection check result : 10
2026-05-11 17:38:45,732 [INFO] MicroXplorer:468 - Change Database Path : 
2026-05-11 17:38:45,732 [INFO] MicroXplorer:498 - Change Database Version : DB.6.0.150
2026-05-11 17:38:45,757 [ERROR] ProjectManagerView:395 - 
java.lang.NullPointerException: Cannot invoke "javax.swing.JTextField.getText()" because the return value of "java.util.List.get(int)" is null
	at com.st.microxplorer.plugins.projectmanager.gui.ProjectChoiceTab$9.caretUpdate(ProjectChoiceTab.java:2706) ~[filemanager.jar:?]
	at javax.swing.text.JTextComponent.fireCaretUpdate(JTextComponent.java:408) ~[?:?]
	at javax.swing.text.JTextComponent$MutableCaretEvent.fire(JTextComponent.java:4484) ~[?:?]
	at javax.swing.text.JTextComponent$MutableCaretEvent.stateChanged(JTextComponent.java:4506) ~[?:?]
	at javax.swing.text.DefaultCaret.fireStateChanged(DefaultCaret.java:857) ~[?:?]
	at javax.swing.text.DefaultCaret.changeCaretPosition(DefaultCaret.java:1343) ~[?:?]
	at javax.swing.text.DefaultCaret.handleSetDot(DefaultCaret.java:1242) ~[?:?]
	at javax.swing.text.DefaultCaret.setDot(DefaultCaret.java:1223) ~[?:?]
	at javax.swing.text.DefaultCaret$Handler.insertUpdate(DefaultCaret.java:1819) ~[?:?]
	at javax.swing.text.AbstractDocument.fireInsertUpdate(AbstractDocument.java:227) ~[?:?]
	at javax.swing.text.AbstractDocument.handleInsertString(AbstractDocument.java:781) ~[?:?]
	at javax.swing.text.AbstractDocument.insertString(AbstractDocument.java:740) ~[?:?]
	at javax.swing.text.PlainDocument.insertString(PlainDocument.java:131) ~[?:?]
	at javax.swing.text.AbstractDocument.replace(AbstractDocument.java:699) ~[?:?]
	at javax.swing.text.JTextComponent.setText(JTextComponent.java:1725) ~[?:?]
	at com.st.microxplorer.plugins.projectmanager.gui.ProjectChoiceTab.createHeapStackFields(ProjectChoiceTab.java:993) ~[filemanager.jar:?]
	at com.st.microxplorer.plugins.projectmanager.gui.ProjectChoiceTab.buildLinkSettingsPanel(ProjectChoiceTab.java:3813) ~[filemanager.jar:?]
	at com.st.microxplorer.plugins.projectmanager.gui.ProjectChoiceTab.defineWindowsFields(ProjectChoiceTab.java:1987) ~[filemanager.jar:?]
	at com.st.microxplorer.plugins.projectmanager.gui.ProjectChoiceTab.updateSettings(ProjectChoiceTab.java:558) ~[filemanager.jar:?]
	at com.st.microxplorer.plugins.projectmanager.gui.ProjectSettingsPanel.UpdateDialog(ProjectSettingsPanel.java:247) ~[filemanager.jar:?]
	at com.st.microxplorer.plugins.projectmanager.ProjectManagerView.propertyChange(ProjectManagerView.java:392) ~[filemanager.jar:?]
	at java.beans.PropertyChangeSupport.fire(PropertyChangeSupport.java:343) ~[?:?]
	at java.beans.PropertyChangeSupport.firePropertyChange(PropertyChangeSupport.java:335) ~[?:?]
	at java.beans.PropertyChangeSupport.firePropertyChange(PropertyChangeSupport.java:268) ~[?:?]
	at com.st.microxplorer.util.MXPropertyChangeSupport.firePropertyChange(MXPropertyChangeSupport.java:54) ~[STM32CubeMX.jar:?]
	at com.st.microxplorer.mxsystem.MxSystem.closeConfig(MxSystem.java:899) ~[STM32CubeMX.jar:?]
	at com.st.microxplorer.maingui.MainPanel.closeConfig(MainPanel.java:792) ~[STM32CubeMX.jar:?]
	at com.st.microxplorer.plugins.filemanager.engine.OpenFileManager.loadConfigurationFile(OpenFileManager.java:288) ~[filemanager.jar:?]
	at com.st.microxplorer.plugins.filemanager.engine.MainFileManager.userLoadConfig(MainFileManager.java:364) ~[filemanager.jar:?]
	at com.st.microxplorer.plugins.filemanager.engine.MainFileManager.userLoadConfig(MainFileManager.java:342) ~[filemanager.jar:?]
	at com.st.microxplorer.plugins.filemanager.FileManagerView.getSpecificTask(FileManagerView.java:264) ~[filemanager.jar:?]
	at com.st.stm32cube.common.mx.editor.CubeMxEditor.getMxTabbedPaneInstance(CubeMxEditor.java:1198) ~[com.st.stm32cube.common.mx_6.15.0.202507011659/:?]
	at com.st.stm32cube.common.mx.editor.CubeMxEditor$12$1.createSwingComponent(CubeMxEditor.java:1068) ~[com.st.stm32cube.common.mx_6.15.0.202507011659/:?]
	at com.st.stm32cube.common.mx.oss.core.awtswtbridge.EmbeddedSwingComposite.doComponentCreation(EmbeddedSwingComposite.java:492) ~[com.st.stm32cube.common.mx.oss_6.15.0.202507011659/:?]
	at com.st.stm32cube.common.mx.oss.core.awtswtbridge.EmbeddedSwingComposite$4.run(EmbeddedSwingComposite.java:291) ~[com.st.stm32cube.common.mx.oss_6.15.0.202507011659/:?]
	at com.st.stm32cube.common.mx.oss.core.awtswtbridge.AwtEnvironment$2.run(AwtEnvironment.java:166) ~[com.st.stm32cube.common.mx.oss_6.15.0.202507011659/:?]
	at java.awt.event.InvocationEvent.dispatch(InvocationEvent.java:318) ~[?:?]
	at java.awt.EventQueue.dispatchEventImpl(EventQueue.java:773) ~[?:?]
	at java.awt.EventQueue$4.run(EventQueue.java:720) ~[?:?]
	at java.awt.EventQueue$4.run(EventQueue.java:714) ~[?:?]
	at java.security.AccessController.doPrivileged(AccessController.java:400) ~[?:?]
	at java.security.ProtectionDomain$JavaSecurityAccessImpl.doIntersectionPrivilege(ProtectionDomain.java:87) ~[?:?]
	at java.awt.EventQueue.dispatchEvent(EventQueue.java:742) ~[?:?]
	at java.awt.EventDispatchThread.pumpOneEventForFilters(EventDispatchThread.java:203) ~[?:?]
	at java.awt.EventDispatchThread.pumpEventsForFilter(EventDispatchThread.java:124) ~[?:?]
	at java.awt.EventDispatchThread.pumpEventsForHierarchy(EventDispatchThread.java:113) ~[?:?]
	at java.awt.EventDispatchThread.pumpEvents(EventDispatchThread.java:109) ~[?:?]
	at java.awt.EventDispatchThread.pumpEvents(EventDispatchThread.java:101) ~[?:?]
	at java.awt.EventDispatchThread.run(EventDispatchThread.java:90) ~[?:?]
2026-05-11 17:38:45,759 [WARN] ThirdParty:871 - waiting for thirdparty lock release [close project]
2026-05-11 17:38:45,759 [INFO] ThirdParty:873 - entering critical section [close project]
2026-05-11 17:38:45,759 [INFO] ThirdParty:883 - exiting critical section [close project]
2026-05-11 17:38:45,764 [INFO] PinOutPanel:1589 - setPackage(No Configuration,No Configuration)
2026-05-11 17:38:45,770 [INFO] UtilMem:75 - Begin LoadConfig() Used Memory: 852320776 Bytes (1073741824)
2026-05-11 17:38:45,771 [INFO] MicroXplorer:468 - Change Database Path : 
2026-05-11 17:38:45,771 [INFO] MicroXplorer:498 - Change Database Version : DB.6.0.150
2026-05-11 17:38:45,771 [INFO] OpenFileManager:355 - Change cursor
2026-05-11 17:38:45,787 [INFO] Mcu:2029 - Initializing MCU STM32L053C(6-8)Tx STM32L053C8Tx STM32L053C8T6
2026-05-11 17:38:46,549 [INFO] Context:786 - Trying to add GPIOservice into a context  which must be forbidden
2026-05-11 17:38:46,750 [INFO] ImportTextPane:234 - (OptionalMessage_ERROR) Pin7 (VP_RIF_VS_RIF1) cannot be retrieved for this MCU
2026-05-11 17:38:46,918 [INFO] RtosManager:558 - Registered RTOS mode: class=CMSIS, group=RTOS, mode=CMSIS_V1, owner=FREERTOS
2026-05-11 17:38:46,918 [INFO] RtosManager:558 - Registered RTOS mode: class=CMSIS, group=RTOS2, mode=CMSIS_V2, owner=FREERTOS
2026-05-11 17:38:46,918 [INFO] RtosManager:558 - Registered RTOS mode: class=RTOS, group=Core, mode=CMSIS_V1, owner=FREERTOS
2026-05-11 17:38:46,918 [INFO] RtosManager:558 - Registered RTOS mode: class=RTOS, group=Core, mode=CMSIS_V2, owner=FREERTOS
2026-05-11 17:38:46,918 [WARN] ModelIntegratedComponent:184 - Missing modes for component STMicroelectronics:FreeRTOS:0.0.1:STMicroelectronics:RTOS:FreeRTOS:Core:::10.2.0:
2026-05-11 17:38:46,926 [WARN] ModelIntegratedComponent:63 - No mode defined for component null
2026-05-11 17:38:46,927 [WARN] ModelIntegratedComponent:63 - No mode defined for component null
2026-05-11 17:38:46,927 [WARN] ModelIntegratedComponent:63 - No mode defined for component null
2026-05-11 17:38:46,927 [WARN] ModelIntegratedComponent:63 - No mode defined for component null
2026-05-11 17:38:46,927 [WARN] ModelIntegratedComponent:63 - No mode defined for component null
2026-05-11 17:38:46,927 [WARN] ModelIntegratedComponent:63 - No mode defined for component null
2026-05-11 17:38:46,927 [WARN] ModelIntegratedComponent:63 - No mode defined for component null
2026-05-11 17:38:46,927 [WARN] ModelIntegratedComponent:63 - No mode defined for component null
2026-05-11 17:38:46,927 [WARN] ModelIntegratedComponent:63 - No mode defined for component null
2026-05-11 17:38:46,927 [WARN] ModelIntegratedComponent:63 - No mode defined for component null
2026-05-11 17:38:46,927 [WARN] ModelIntegratedComponent:63 - No mode defined for component null
2026-05-11 17:38:46,927 [WARN] ModelIntegratedComponent:63 - No mode defined for component null
2026-05-11 17:38:46,927 [WARN] ModelIntegratedComponent:63 - No mode defined for component null
2026-05-11 17:38:46,927 [WARN] ModelIntegratedComponent:63 - No mode defined for component null
2026-05-11 17:38:46,927 [WARN] ModelIntegratedComponent:63 - No mode defined for component null
2026-05-11 17:38:46,927 [WARN] ModelIntegratedComponent:63 - No mode defined for component null
2026-05-11 17:38:46,927 [WARN] ModelIntegratedComponent:63 - No mode defined for component null
2026-05-11 17:38:46,927 [WARN] ModelIntegratedComponent:63 - No mode defined for component null
2026-05-11 17:38:46,927 [WARN] ModelIntegratedComponent:63 - No mode defined for component null
2026-05-11 17:38:46,927 [WARN] ModelIntegratedComponent:63 - No mode defined for component null
2026-05-11 17:38:46,927 [WARN] ModelIntegratedComponent:63 - No mode defined for component null
2026-05-11 17:38:46,927 [WARN] ModelIntegratedComponent:63 - No mode defined for component null
2026-05-11 17:38:46,927 [WARN] ModelIntegratedComponent:63 - No mode defined for component null
2026-05-11 17:38:46,927 [WARN] ModelIntegratedComponent:63 - No mode defined for component null
2026-05-11 17:38:46,927 [WARN] ModelIntegratedComponent:63 - No mode defined for component null
2026-05-11 17:38:46,927 [WARN] ModelIntegratedComponent:63 - No mode defined for component null
2026-05-11 17:38:46,927 [WARN] ModelIntegratedComponent:63 - No mode defined for component null
2026-05-11 17:38:46,927 [WARN] ModelIntegratedComponent:63 - No mode defined for component null
2026-05-11 17:38:46,927 [WARN] ModelIntegratedComponent:63 - No mode defined for component null
2026-05-11 17:38:46,927 [WARN] ModelIntegratedComponent:63 - No mode defined for component null
2026-05-11 17:38:46,927 [WARN] ModelIntegratedComponent:63 - No mode defined for component null
2026-05-11 17:38:46,927 [WARN] ModelIntegratedComponent:63 - No mode defined for component null
2026-05-11 17:38:46,927 [WARN] ModelIntegratedComponent:63 - No mode defined for component null
2026-05-11 17:38:46,927 [WARN] ModelIntegratedComponent:63 - No mode defined for component null
2026-05-11 17:38:46,928 [WARN] ModelIntegratedComponent:63 - No mode defined for component null
2026-05-11 17:38:46,928 [WARN] ModelPack:524 - Component already loaded: STMicroelectronics:HAL Drivers:0.0.0:STMicroelectronics:Device:STMicro_Driver:XSPI:HAL::0.0.1:HAL_XSPI
2026-05-11 17:38:47,037 [INFO] ThirdPartyModel:298 - Start build external matchings
2026-05-11 17:38:47,690 [INFO] ThirdPartyModel:316 - End build external matchings
2026-05-11 17:38:47,709 [INFO] ImportTextPane:234 - (OptionalMessage_ERROR) IP (RCC) : Invalid parameter (FamilyName)
2026-05-11 17:38:47,843 [INFO] ImportTextPane:234 - (OptionalMessage_ERROR) IP (RCC) : Invalid parameter (PWRFreq_Value)
2026-05-11 17:38:47,844 [INFO] ImportTextPane:234 - (OptionalMessage_ERROR) IP (RCC) : Parameter (RTCHSEDivFreq_Value) has invalid value (4000000)
2026-05-11 17:38:47,844 [INFO] ImportTextPane:234 - (OptionalMessage_ERROR) IP (RCC) : Invalid parameter (TIMFreq_Value)
2026-05-11 17:38:48,090 [INFO] UtilMem:75 - End LoadConfig() Used Memory: 850351664 Bytes (1073741824)
2026-05-11 17:38:48,173 [WARN] ThirdParty:833 - waiting for thirdparty lock release [change project]
2026-05-11 17:38:48,173 [INFO] ThirdParty:835 - entering critical section [change project]
2026-05-11 17:38:48,173 [INFO] ThirdParty:1030 - CMSIS Pack Vendor :STMicroelectronics X-CUBE-AZRTOS-H7 3.5.0
2026-05-11 17:38:48,173 [INFO] ThirdParty:1030 - CMSIS Pack Vendor :STMicroelectronics X-CUBE-PM33A1 1.0.0
2026-05-11 17:38:48,173 [INFO] ThirdParty:1030 - CMSIS Pack Vendor :STMicroelectronics USBPD 4.1
2026-05-11 17:38:48,173 [INFO] ThirdParty:1030 - CMSIS Pack Vendor :STMicroelectronics X-CUBE-NFC9 1.0.0
2026-05-11 17:38:48,173 [INFO] ThirdParty:1030 - CMSIS Pack Vendor :STMicroelectronics USB_HOST 2.0.0
2026-05-11 17:38:48,173 [INFO] ThirdParty:1030 - CMSIS Pack Vendor :STMicroelectronics X-CUBE-AZRTOS-F4 1.1.0
2026-05-11 17:38:48,173 [INFO] ThirdParty:1030 - CMSIS Pack Vendor :STMicroelectronics LIBJPEG 8.0.0
2026-05-11 17:38:48,173 [INFO] ThirdParty:1030 - CMSIS Pack Vendor :STMicroelectronics FP-ATR-ASTRA1 2.0.2
2026-05-11 17:38:48,173 [INFO] ThirdParty:1030 - CMSIS Pack Vendor :STMicroelectronics X-CUBE-BLE1 7.1.0
2026-05-11 17:38:48,173 [INFO] ThirdParty:1030 - CMSIS Pack Vendor :STMicroelectronics X-CUBE-SMBUS 2.1.0
2026-05-11 17:38:48,173 [INFO] ThirdParty:1030 - CMSIS Pack Vendor :wolfSSL I-CUBE-wolfMQTT 1.19.2
2026-05-11 17:38:48,173 [INFO] ThirdParty:1030 - CMSIS Pack Vendor :STMicroelectronics USB_DEVICE 3.0.0
2026-05-11 17:38:48,173 [INFO] ThirdParty:1030 - CMSIS Pack Vendor :STMicroelectronics X-CUBE-ISPU 2.1.0
2026-05-11 17:38:48,173 [INFO] ThirdParty:1030 - CMSIS Pack Vendor :STMicroelectronics X-CUBE-EEPRMA1 5.2.0
2026-05-11 17:38:48,173 [INFO] ThirdParty:1030 - CMSIS Pack Vendor :STMicroelectronics X-CUBE-IPS 3.2.0
2026-05-11 17:38:48,173 [INFO] ThirdParty:1030 - CMSIS Pack Vendor :STMicroelectronics X-CUBE-BLEMGR 4.1.0
2026-05-11 17:38:48,173 [INFO] ThirdParty:1030 - CMSIS Pack Vendor :STMicroelectronics eDS-WB_DPC_TT-BIDIR 2.1.1
2026-05-11 17:38:48,173 [INFO] ThirdParty:1030 - CMSIS Pack Vendor :STMicroelectronics X-CUBE-AZRTOS-WB 2.0.0
2026-05-11 17:38:48,173 [INFO] ThirdParty:1030 - CMSIS Pack Vendor :wolfSSL I-CUBE-wolfSSL 5.8.4
2026-05-11 17:38:48,173 [INFO] ThirdParty:1030 - CMSIS Pack Vendor :Cesanta I-CUBE-Mongoose 7.20.0
2026-05-11 17:38:48,173 [INFO] ThirdParty:1030 - CMSIS Pack Vendor :STMicroelectronics X-CUBE-NFC12 1.0.0
2026-05-11 17:38:48,173 [INFO] ThirdParty:1030 - CMSIS Pack Vendor :STMicroelectronics X-CUBE-AZRTOS-F7 1.1.0
2026-05-11 17:38:48,173 [INFO] ThirdParty:1030 - CMSIS Pack Vendor :STMicroelectronics X-CUBE-AZRTOS-L5 2.0.0
2026-05-11 17:38:48,173 [INFO] ThirdParty:1030 - CMSIS Pack Vendor :STMicroelectronics USB_DEVICE 2.0.0
2026-05-11 17:38:48,173 [INFO] ThirdParty:1030 - CMSIS Pack Vendor :STMicroelectronics FP-SNS-STAIOTCFT 1.1.0
2026-05-11 17:38:48,174 [INFO] ThirdParty:1030 - CMSIS Pack Vendor :quantropi X-CUBE-qispace-sdk-base 2.1.0
2026-05-11 17:38:48,174 [INFO] ThirdParty:1030 - CMSIS Pack Vendor :STMicroelectronics X-CUBE-MEMS1 12.0.0
2026-05-11 17:38:48,174 [INFO] ThirdParty:1030 - CMSIS Pack Vendor :STMicroelectronics X-CUBE-STSE01 2.0.0
2026-05-11 17:38:48,174 [INFO] ThirdParty:1030 - CMSIS Pack Vendor :STMicroelectronics FP-SNS-MOTENV1 5.1.0
2026-05-11 17:38:48,174 [INFO] ThirdParty:1030 - CMSIS Pack Vendor :STMicroelectronics FreeRTOS 0.0.1
2026-05-11 17:38:48,174 [INFO] ThirdParty:1030 - CMSIS Pack Vendor :STMicroelectronics X-CUBE-AZRTOS-G0 1.1.0
2026-05-11 17:38:48,174 [INFO] ThirdParty:1030 - CMSIS Pack Vendor :STMicroelectronics X-CUBE-NFC4 3.0.0
2026-05-11 17:38:48,174 [INFO] ThirdParty:1030 - CMSIS Pack Vendor :STMicroelectronics X-CUBE-SUBG2 5.0.0
2026-05-11 17:38:48,174 [INFO] ThirdParty:1030 - CMSIS Pack Vendor :STMicroelectronics STM32_WPAN 1.0.0
2026-05-11 17:38:48,174 [INFO] ThirdParty:1030 - CMSIS Pack Vendor :STMicroelectronics eDS-WB_DPC_VIENNA 1.2.0
2026-05-11 17:38:48,174 [INFO] ThirdParty:1030 - CMSIS Pack Vendor :EmbeddedOffice I-CUBE-FS-RTOS 1.0.1
2026-05-11 17:38:48,174 [INFO] ThirdParty:1030 - CMSIS Pack Vendor :STMicroelectronics lwIP 2.0.3
2026-05-11 17:38:48,174 [INFO] ThirdParty:1030 - CMSIS Pack Vendor :WES I-CUBE-Cesium 1.4.0
2026-05-11 17:38:48,174 [INFO] ThirdParty:1030 - CMSIS Pack Vendor :STMicroelectronics eDS-WB_DPC_3PH2L-BIDIR 1.1.1
2026-05-11 17:38:48,174 [INFO] ThirdParty:1030 - CMSIS Pack Vendor :STMicroelectronics USB_HOST 1.0.0
2026-05-11 17:38:48,174 [INFO] ThirdParty:1030 - CMSIS Pack Vendor :STMicroelectronics X-CUBE-AZRTOS-G4 2.0.0
2026-05-11 17:38:48,174 [INFO] ThirdParty:1030 - CMSIS Pack Vendor :STMicroelectronics X-CUBE-WB05N 2.0.0
2026-05-11 17:38:48,174 [INFO] ThirdParty:1030 - CMSIS Pack Vendor :STMicroelectronics PDM2PCM 3.1.0
2026-05-11 17:38:48,174 [INFO] ThirdParty:1030 - CMSIS Pack Vendor :STMicroelectronics PDM2PCM 3.3.0
2026-05-11 17:38:48,174 [INFO] ThirdParty:1030 - CMSIS Pack Vendor :wolfSSL I-CUBE-wolfTPM 3.8.0
2026-05-11 17:38:48,174 [INFO] ThirdParty:1030 - CMSIS Pack Vendor :STMicroelectronics X-CUBE-DISPLAY 3.0.0
2026-05-11 17:38:48,174 [INFO] ThirdParty:1030 - CMSIS Pack Vendor :wolfSSL I-CUBE-wolfSSH 1.4.20
2026-05-11 17:38:48,174 [INFO] ThirdParty:1030 - CMSIS Pack Vendor :STMicroelectronics X-CUBE-NFC7 2.0.0
2026-05-11 17:38:48,174 [INFO] ThirdParty:1030 - CMSIS Pack Vendor :STMicroelectronics X-CUBE-GNSS1 7.1.1
2026-05-11 17:38:48,174 [INFO] ThirdParty:1030 - CMSIS Pack Vendor :STMicroelectronics FP-SNS-MOTENVWB1 1.5.0
2026-05-11 17:38:48,174 [INFO] ThirdParty:1030 - CMSIS Pack Vendor :STMicroelectronics X-CUBE-TCPP 4.2.0
2026-05-11 17:38:48,175 [INFO] ThirdParty:1030 - CMSIS Pack Vendor :RealThread X-CUBE-RT-Thread_Nano 4.1.1
2026-05-11 17:38:48,175 [INFO] ThirdParty:1030 - CMSIS Pack Vendor :STMicroelectronics FP-ATR-SIGFOX1 3.2.0
2026-05-11 17:38:48,175 [INFO] ThirdParty:1030 - CMSIS Pack Vendor :wolfSSL I-CUBE-wolfSSL 5.9.1
2026-05-11 17:38:48,175 [INFO] ThirdParty:1030 - CMSIS Pack Vendor :STMicroelectronics X-CUBE-NFC10 1.0.0
2026-05-11 17:38:48,175 [INFO] ThirdParty:1030 - CMSIS Pack Vendor :STMicroelectronics HAL Drivers 0.0.0
2026-05-11 17:38:48,175 [INFO] ThirdParty:1030 - CMSIS Pack Vendor :STMicroelectronics X-CUBE-FREERTOS 1.5.0
2026-05-11 17:38:48,175 [INFO] ThirdParty:1030 - CMSIS Pack Vendor :STMicroelectronics MBEDTLS 2.16.2
2026-05-11 17:38:48,175 [INFO] ThirdParty:1030 - CMSIS Pack Vendor :STMicroelectronics X-CUBE-ST60 1.1.0
2026-05-11 17:38:48,175 [INFO] ThirdParty:1030 - CMSIS Pack Vendor :STMicroelectronics X-CUBE-ALS 1.0.2
2026-05-11 17:38:48,175 [INFO] ThirdParty:1030 - CMSIS Pack Vendor :emotas I-CUBE-CANOPEN 1.3.0
2026-05-11 17:38:48,175 [INFO] ThirdParty:1030 - CMSIS Pack Vendor :STMicroelectronics MBEDTLS 2.14.1
2026-05-11 17:38:48,175 [INFO] ThirdParty:1030 - CMSIS Pack Vendor :STMicroelectronics X-CUBE-GNSS1 7.1.0
2026-05-11 17:38:48,175 [INFO] ThirdParty:1030 - CMSIS Pack Vendor :ITTIA_DB I-CUBE-ITTIADB 8.9.0
2026-05-11 17:38:48,175 [INFO] ThirdParty:1030 - CMSIS Pack Vendor :STMicroelectronics X-CUBE-TOUCHGFX 4.26.1
2026-05-11 17:38:48,175 [INFO] ThirdParty:1030 - CMSIS Pack Vendor :Cesanta I-CUBE-Mongoose 7.21.6
2026-05-11 17:38:48,175 [INFO] ThirdParty:1030 - CMSIS Pack Vendor :STMicroelectronics X-CUBE-NFC6 3.2.0
2026-05-11 17:38:48,175 [INFO] ThirdParty:1030 - CMSIS Pack Vendor :STMicroelectronics FP-SNS-STBOX1 2.1.0
2026-05-11 17:38:48,175 [INFO] ThirdParty:1030 - CMSIS Pack Vendor :STMicroelectronics X-CUBE-AI 10.2.0
2026-05-11 17:38:48,175 [INFO] ThirdParty:1030 - CMSIS Pack Vendor :STMicroelectronics FP-SNS-STAIOTCFT 1.0.0
2026-05-11 17:38:48,175 [INFO] ThirdParty:1030 - CMSIS Pack Vendor :STMicroelectronics ThreadX 1.0.0
2026-05-11 17:38:48,175 [INFO] ThirdParty:1030 - CMSIS Pack Vendor :STMicroelectronics FP-SNS-SMARTAG2 1.2.0
2026-05-11 17:38:48,175 [INFO] ThirdParty:1030 - CMSIS Pack Vendor :STMicroelectronics X-CUBE-MEMS1 12.1.0
2026-05-11 17:38:48,175 [INFO] ThirdParty:1030 - CMSIS Pack Vendor :STMicroelectronics FP-SNS-FLIGHT1 5.1.0
2026-05-11 17:38:48,175 [INFO] ThirdParty:1030 - CMSIS Pack Vendor :STMicroelectronics X-CUBE-AZRTOS-WL 2.0.0
2026-05-11 17:38:48,175 [INFO] ThirdParty:1030 - CMSIS Pack Vendor :SEGGER I-CUBE-embOS 1.3.1
2026-05-11 17:38:48,175 [INFO] ThirdParty:1030 - CMSIS Pack Vendor :STMicroelectronics X-CUBE-ALGOBUILD 1.4.0
2026-05-11 17:38:48,175 [INFO] ThirdParty:1030 - CMSIS Pack Vendor :STMicroelectronics X-CUBE-DPower 1.3.0
2026-05-11 17:38:48,175 [INFO] ThirdParty:1030 - CMSIS Pack Vendor :STMicroelectronics USB_DEVICE 1.0.0
2026-05-11 17:38:48,175 [INFO] ThirdParty:1030 - CMSIS Pack Vendor :STMicroelectronics X-CUBE-AZRTOS-H7RS 1.2.0
2026-05-11 17:38:48,175 [INFO] ThirdParty:1030 - CMSIS Pack Vendor :STMicroelectronics X-CUBE-AZRTOS-L4 2.0.0
2026-05-11 17:38:48,175 [INFO] ThirdParty:1030 - CMSIS Pack Vendor :STMicroelectronics ThreadX 0.0.2
2026-05-11 17:38:48,175 [INFO] ThirdParty:1030 - CMSIS Pack Vendor :STMicroelectronics lwIP 2.1.2
2026-05-11 17:38:48,175 [INFO] ThirdParty:1030 - CMSIS Pack Vendor :STMicroelectronics X-CUBE-SFXS2LP1 4.0.0
2026-05-11 17:38:48,175 [INFO] ThirdParty:1030 - CMSIS Pack Vendor :STMicroelectronics X-CUBE-BLE2 3.3.0
2026-05-11 17:38:48,175 [INFO] ThirdParty:1030 - CMSIS Pack Vendor :Avnet-IOTCONNECT X-CUBE-iotc-st67-sdk 1.0.0
2026-05-11 17:38:48,175 [INFO] ThirdParty:1030 - CMSIS Pack Vendor :STMicroelectronics X-CUBE-TOF1 3.4.3
2026-05-11 17:38:48,176 [INFO] ThirdParty:1030 - CMSIS Pack Vendor :Infineon AIROC-Wi-Fi-Bluetooth-STM32 1.8.0
2026-05-11 17:38:48,176 [INFO] ThirdParty:1030 - CMSIS Pack Vendor :STMicroelectronics PDM2PCM 3.2.0
2026-05-11 17:38:48,176 [INFO] ThirdParty:1030 - CMSIS Pack Vendor :STMicroelectronics X-CUBE-WB05N 2.1.0
2026-05-11 17:38:48,176 [INFO] ThirdParty:1030 - CMSIS Pack Vendor :STMicroelectronics X-CUBE-ST67W61 1.2.0
2026-05-11 17:38:48,176 [INFO] ThirdParty:841 - exiting critical section [change project]
2026-05-11 17:38:48,365 [INFO] PinOutPanel:1589 - setPackage(No Configuration,No Configuration)
2026-05-11 17:38:48,366 [INFO] PinOutPanel:1589 - setPackage(STM32L053C8Tx,LQFP48)
2026-05-11 17:38:48,671 [INFO] UtilMem:75 - Before build in PCC Used Memory: 798855536 Bytes (1073741824)
2026-05-11 17:38:49,109 [INFO] UtilMem:75 - After build in PCC Used Memory: 853907824 Bytes (1073741824)
2026-05-11 17:38:49,156 [INFO] IPUIPlugin:80 - create IPUIPlugin
2026-05-11 17:38:49,156 [INFO] IPUIPlugin:80 - create IPUIPlugin
2026-05-11 17:38:49,156 [INFO] IPUIPlugin:80 - create IPUIPlugin
2026-05-11 17:38:49,156 [INFO] IPUIPlugin:80 - create IPUIPlugin
2026-05-11 17:38:49,156 [INFO] IPUIPlugin:80 - create IPUIPlugin
2026-05-11 17:38:49,157 [INFO] IPUIPlugin:80 - create IPUIPlugin
2026-05-11 17:38:49,157 [INFO] IPUIPlugin:80 - create IPUIPlugin
2026-05-11 17:38:49,157 [INFO] IPUIPlugin:80 - create IPUIPlugin
2026-05-11 17:38:49,157 [INFO] IPUIPlugin:80 - create IPUIPlugin
2026-05-11 17:38:49,157 [INFO] IPUIPlugin:80 - create IPUIPlugin
2026-05-11 17:38:49,157 [INFO] IPUIPlugin:80 - create IPUIPlugin
2026-05-11 17:38:49,157 [INFO] IPUIPlugin:80 - create IPUIPlugin
2026-05-11 17:38:49,158 [INFO] IPUIPlugin:80 - create IPUIPlugin
2026-05-11 17:38:49,158 [INFO] IPUIPlugin:80 - create IPUIPlugin
2026-05-11 17:38:49,158 [INFO] IPUIPlugin:80 - create IPUIPlugin
2026-05-11 17:38:49,158 [INFO] IPUIPlugin:80 - create IPUIPlugin
2026-05-11 17:38:49,159 [INFO] IPUIPlugin:80 - create IPUIPlugin
2026-05-11 17:38:49,159 [INFO] IPUIPlugin:80 - create IPUIPlugin
2026-05-11 17:38:49,159 [INFO] IPUIPlugin:80 - create IPUIPlugin
2026-05-11 17:38:49,159 [INFO] IPUIPlugin:80 - create IPUIPlugin
2026-05-11 17:38:49,160 [INFO] IPUIPlugin:80 - create IPUIPlugin
2026-05-11 17:38:49,160 [INFO] IPUIPlugin:80 - create IPUIPlugin
2026-05-11 17:38:49,160 [INFO] IPUIPlugin:80 - create IPUIPlugin
2026-05-11 17:38:49,160 [INFO] IPUIPlugin:80 - create IPUIPlugin
2026-05-11 17:38:49,161 [INFO] IPUIPlugin:80 - create IPUIPlugin
2026-05-11 17:38:49,161 [INFO] IPUIPlugin:80 - create IPUIPlugin
2026-05-11 17:38:49,161 [INFO] IPUIPlugin:80 - create IPUIPlugin
2026-05-11 17:38:49,161 [INFO] IPUIPlugin:80 - create IPUIPlugin
2026-05-11 17:38:49,162 [INFO] IPUIPlugin:80 - create IPUIPlugin
2026-05-11 17:38:49,162 [INFO] IPUIPlugin:80 - create IPUIPlugin
2026-05-11 17:38:49,162 [INFO] IPUIPlugin:80 - create IPUIPlugin
2026-05-11 17:38:49,164 [INFO] IPUIPlugin:80 - create IPUIPlugin
2026-05-11 17:38:49,164 [INFO] IPUIPlugin:80 - create IPUIPlugin
2026-05-11 17:38:49,165 [INFO] IPUIPlugin:80 - create IPUIPlugin
2026-05-11 17:38:49,238 [INFO] CADModel:165 - CPN selected for project levelSTM32L053C8T6
2026-05-11 17:38:49,238 [INFO] CADModel:114 - Register for checkConnection events
2026-05-11 17:38:49,314 [INFO] OpenFileManager:386 - Restore cursor
2026-05-11 17:40:16,012 [INFO] UtilMem:75 - End SaveConfig() Used Memory: 939356040 Bytes (1073741824)
2026-05-11 17:40:17,692 [INFO] UtilMem:75 - End SaveConfig() Used Memory: 965182528 Bytes (1073741824)
2026-05-11 17:40:21,219 [INFO] UtilMem:75 - End SaveConfig() Used Memory: 755542000 Bytes (1073741824)
2026-05-11 17:40:22,369 [INFO] BlockDiagram:2775 - set Specific Code input for plugin: SPI
2026-05-11 17:40:22,370 [INFO] BlockDiagram:2775 - set Specific Code input for plugin: NVIC
2026-05-11 17:40:22,370 [INFO] BlockDiagram:2775 - set Specific Code input for plugin: SYS
2026-05-11 17:40:22,370 [INFO] BlockDiagram:2775 - set Specific Code input for plugin: GPIO
2026-05-11 17:40:22,371 [INFO] BlockDiagram:2775 - set Specific Code input for plugin: RCC
2026-05-11 17:40:22,416 [INFO] CodeGenerator:892 - code generatio: config db path: C:\ST\STM32CubeIDE_1.19.0\STM32CubeIDE\plugins\com.st.stm32cube.common.mx_6.15.0.202507011659\\db\
2026-05-11 17:40:22,553 [INFO] CodeEngine:265 - oldGeneratedFile, D:\stm32L0\001_user_button\MXTmpFiles\license.tmp_save
2026-05-11 17:40:22,964 [INFO] CodeEngine:289 - Generated code: D:\stm32L0\001_user_button\MXTmpFiles\license.tmp
2026-05-11 17:40:23,068 [INFO] CodeEngine:265 - oldGeneratedFile, D:\stm32L0\001_user_button\MXTmpFiles\gpio.tmp_save
2026-05-11 17:40:23,254 [INFO] CodeEngine:289 - Generated code: D:\stm32L0\001_user_button\MXTmpFiles\gpio.tmp
2026-05-11 17:40:23,367 [INFO] CodeEngine:265 - oldGeneratedFile, D:\stm32L0\001_user_button\Core\Src\stm32l0xx_it.c_save
2026-05-11 17:40:23,707 [INFO] CodeEngine:289 - Generated code: D:\stm32L0\001_user_button\Core\Src\stm32l0xx_it.c
2026-05-11 17:40:23,720 [INFO] CodeEngine:265 - oldGeneratedFile, D:\stm32L0\001_user_button\Core\Inc\stm32l0xx_it.h_save
2026-05-11 17:40:23,891 [INFO] CodeEngine:289 - Generated code: D:\stm32L0\001_user_button\Core\Inc\stm32l0xx_it.h
2026-05-11 17:40:23,914 [INFO] CodeEngine:265 - oldGeneratedFile, D:\stm32L0\001_user_button\Core\Src\stm32l0xx_hal_msp.c_save
2026-05-11 17:40:24,147 [INFO] CodeEngine:289 - Generated code: D:\stm32L0\001_user_button\Core\Src\stm32l0xx_hal_msp.c
2026-05-11 17:40:24,166 [INFO] CodeEngine:265 - oldGeneratedFile, D:\stm32L0\001_user_button\MXTmpFiles\system.tmp_save
2026-05-11 17:40:24,295 [INFO] CodeEngine:289 - Generated code: D:\stm32L0\001_user_button\MXTmpFiles\system.tmp
2026-05-11 17:40:24,326 [INFO] CodeEngine:321 - oldGeneratedFile, D:\stm32L0\001_user_button\Core\Inc\stm32l0xx_hal_conf.h_save
2026-05-11 17:40:24,475 [INFO] CodeEngine:345 - Generated code: D:\stm32L0\001_user_button\Core\Inc\stm32l0xx_hal_conf.h
2026-05-11 17:40:24,511 [INFO] ApiDbMcu:532 - Load IP Config File for SPI1
2026-05-11 17:40:24,516 [INFO] ApiDbMcu:532 - Load IP Config File for RCC
2026-05-11 17:40:24,535 [INFO] CodeEngine:265 - oldGeneratedFile, D:\stm32L0\001_user_button\Core\Inc\main.h_save
2026-05-11 17:40:24,735 [INFO] CodeEngine:289 - Generated code: D:\stm32L0\001_user_button\Core\Inc\main.h
2026-05-11 17:40:24,756 [INFO] CodeEngine:265 - oldGeneratedFile, D:\stm32L0\001_user_button\Core\Src\main.c_save
2026-05-11 17:40:24,932 [INFO] CodeEngine:289 - Generated code: D:\stm32L0\001_user_button\Core\Src\main.c
2026-05-11 17:40:25,550 [INFO] ProjectBuilder:3606 - Time for Copy HAL[1] : 345mS.
2026-05-11 17:40:25,555 [INFO] ProjectBuilder:5216 - Project Generator version: 4.7.0-B52
2026-05-11 17:40:25,695 [INFO] ConfigFileManager:1595 - The Die is : DIE417
2026-05-11 17:40:25,703 [INFO] ApiDbMcu:532 - Load IP Config File for FATFS
2026-05-11 17:40:25,713 [INFO] ApiDbMcu:532 - Load IP Config File for FREERTOS
2026-05-11 17:40:25,731 [INFO] ApiDbMcu:532 - Load IP Config File for TOUCHSENSING
2026-05-11 17:40:25,737 [INFO] ApiDbMcu:532 - Load IP Config File for USB_DEVICE
2026-05-11 17:40:28,064 [INFO] ProjectBuilder:5496 - Time for Generating toolchain IDE Files: 2507mS.
2026-05-11 17:40:28,066 [INFO] ProjectBuilder:3463 - Time for Copy CMSIS : 1mS.
2026-05-11 17:40:28,068 [INFO] ProjectBuilder:3463 - Time for Copy CMSIS : 0mS.
2026-05-11 18:28:18,431 [INFO] WebApp:194 - Connection lost
2026-05-11 18:28:19,921 [INFO] WebApp:191 - Connection restablished
2026-05-11 19:10:25,199 [INFO] MainUpdater:2872 - connection check result : 10
2026-05-11 19:10:25,304 [INFO] McuFinderGlobals:76 - Set McuFinderConnectedMode to true
2026-05-11 19:10:25,617 [INFO] ServerAccessManage:452 - Complete download http(s) 200
2026-05-11 19:10:25,622 [INFO] ServerAccessManage:509 - Download File mcusAds.json._tmp_
2026-05-11 19:10:25,747 [INFO] LoadUrlFilesThread:156 - End of LoadUrlFiles Thread
2026-05-11 19:10:25,875 [INFO] ServerAccessManage:452 - Complete download http(s) 200
2026-05-11 19:10:25,876 [INFO] ServerAccessManage:509 - Download File cube-finder-db.zip
2026-05-11 19:10:27,818 [INFO] FileExtend:248 - Unzip File : cube-finder-db.zip
2026-05-11 19:10:27,820 [INFO] FileExtend:263 - Standard Zip Deflate
2026-05-11 19:10:29,129 [INFO] LoadUrlFilesThread:156 - End of LoadUrlFiles Thread
2026-05-11 19:10:30,392 [INFO] ServerAccessManage:452 - Complete download http(s) 200
2026-05-11 19:10:30,394 [INFO] ServerAccessManage:509 - Download File crdb.zip
2026-05-11 19:10:31,307 [INFO] FileExtend:248 - Unzip File : crdb.zip
2026-05-11 19:10:31,307 [INFO] FileExtend:263 - Standard Zip Deflate
2026-05-11 19:10:31,441 [INFO] LoadUrlFilesThread:156 - End of LoadUrlFiles Thread
2026-05-11 19:10:31,555 [INFO] ServerAccessManage:452 - Complete download http(s) 200
2026-05-11 19:10:31,556 [INFO] ServerAccessManage:509 - Download File tutoVideoDB.zip
2026-05-11 19:10:31,564 [INFO] FileExtend:248 - Unzip File : tutoVideoDB.zip
2026-05-11 19:10:31,564 [INFO] FileExtend:263 - Standard Zip Deflate
2026-05-11 19:10:31,684 [INFO] LoadUrlFilesThread:156 - End of LoadUrlFiles Thread
2026-05-11 19:10:31,684 [WARN] DbFile:41 - Overriding database path with different value: C:\Users\jahna\.stmcufinder\plugins\mcufinder/ => C:\Users\jahna\.stmcufinder\plugins\mcufinder
2026-05-11 19:10:31,723 [ERROR] ServerAccessManage:1212 - Problem, file not found on Server
2026-05-11 19:10:31,724 [ERROR] ServerAccessManage:740 - Problem, file not found on Server : api_config.json.
2026-05-11 19:10:34,264 [INFO] LoadUrlFilesThread:156 - End of LoadUrlFiles Thread
2026-05-11 19:10:35,633 [INFO] DbMcusAds:53 - JSON generation date=Mon Apr 27 13:44:29 IST 2026 (1777277669577)
2026-05-11 19:10:35,642 [INFO] ApiDb:448 - Save user favorites file C:\Users\jahna/.stm32cubeide/favorites.mcus.txt: 0 item(s)
2026-05-11 19:10:35,643 [INFO] ApiDb:452 - User favorites MCUs=[]
2026-05-11 19:10:35,696 [INFO] ApiDb:581 - Connected to CubeFinder SQLite database (C:\Users\jahna\.stmcufinder\plugins\mcufinder\mcu\cube-finder-db.db)
2026-05-11 19:10:35,821 [INFO] ApiDb:668 - CubeFinder database Data Model version=2.1
2026-05-11 19:10:35,821 [INFO] ApiDb:669 - CubeFinder database Configuration version=3.0.42
2026-05-11 19:10:35,821 [INFO] ApiDb:670 - CubeFinder database generation date=2026-05-06 (1778060171)
2026-05-11 19:10:35,821 [INFO] ApiDb:671 - CubeFinder database FW Pack versions=[FP-ATR-ASTRA1_V2.0.0, FP-SNS-FLIGHT1_V5.1.0, FP-SNS-MOTENV1_V5.1.0, FP-SNS-MOTENVWB1_V1.5.0, FP-SNS-SMARTAG2_V1.2.0, FP-SNS-STBOX1_V2.1.0, STM32Cube_FW_C0_V1.4.0, STM32Cube_FW_F4_V1.28.3, STM32Cube_FW_F7_V1.17.4, STM32Cube_FW_G0_V1.6.3, STM32Cube_FW_G4_V1.6.2, STM32Cube_FW_H5_V1.6.0, STM32Cube_FW_H7RS_V1.3.0, STM32Cube_FW_H7_V1.13.0, STM32Cube_FW_L0_V1.12.2, STM32Cube_FW_L4_V1.18.2, STM32Cube_FW_L5_V1.6.0, STM32Cube_FW_N6_V1.3.0, STM32Cube_FW_U0_V1.3.0, STM32Cube_FW_U3_V1.3.0, STM32Cube_FW_U5_V1.8.0, STM32Cube_FW_WB0_V1.4.0, STM32Cube_FW_WBA_V1.9.0, STM32Cube_FW_WB_V1.24.0, STM32Cube_FW_WL3_V1.4.0, STM32Cube_FW_WL_V1.5.0, X-CUBE-ALGOBUILD_V1.4.0, X-CUBE-ALS_V1.0.2, X-CUBE-AZRTOS-F4_V1.1.0, X-CUBE-AZRTOS-F7_V1.1.0, X-CUBE-AZRTOS-G0_V1.1.0, X-CUBE-AZRTOS-G4_V2.0.0, X-CUBE-AZRTOS-H7RS_V1.1.0, X-CUBE-AZRTOS-H7_V3.5.0, X-CUBE-AZRTOS-L4_V2.0.0, X-CUBE-AZRTOS-L5_V2.0.0, X-CUBE-AZRTOS-WB_V2.0.0, X-CUBE-AZRTOS-WL_V2.0.0, X-CUBE-BLE1_V7.1.0, X-CUBE-BLE2_V3.3.0, X-CUBE-BLEMGR_V4.1.0, X-CUBE-EEPRMA1_V5.2.0, X-CUBE-FREERTOS_V1.5.0, X-CUBE-GNSS1_V6.0.0, X-CUBE-MEMS1_V12.0.0, X-CUBE-NFC4_V3.0.0, X-CUBE-NFC7_V2.0.0, X-CUBE-SFXS2LP1_V4.0.0, X-CUBE-ST67W61_V1.2.0, X-CUBE-SUBG2_V5.0.0, X-CUBE-TOF1_V3.4.3]
2026-05-11 19:10:38,208 [INFO] ApiDb:240 - Found 880 in-development CPN: [B-G473E-ZEST1S, B-WB1M-WPAN1, B-WBA5M-WPAN, B-WL5M-SUBG1, NUCLEO-C031C6, NUCLEO-C051C8, NUCLEO-C071RB, NUCLEO-C092RC, NUCLEO-H503RB, NUCLEO-H533RE, NUCLEO-H563ZI, NUCLEO-H7S3L8, NUCLEO-N657X0-Q, NUCLEO-U031R8, NUCLEO-U083RC, NUCLEO-U385RG-Q, NUCLEO-U545RE-Q, NUCLEO-U5A5ZJ-Q, NUCLEO-WB05KZ, NUCLEO-WB07CC, NUCLEO-WB09KE, NUCLEO-WBA52CG, NUCLEO-WBA55CG, NUCLEO-WL33CC1, NUCLEO-WL33CC2, STEVAL-PROTEUS1, STEVAL-SMARTAG2, STEVAL-STWINBX1, STM320518-EVAL, STM32C0116-DK, STM32C011D6Y3TR, STM32C011D6Y6TR, STM32C011F4P3, STM32C011F4P6, STM32C011F4U3, STM32C011F4U6TR, STM32C011F6P3, STM32C011F6P6, STM32C011F6U3, STM32C011F6U6TR, STM32C011J4M3, STM32C011J4M6, STM32C011J6M3, STM32C011J6M6, STM32C0316-DK, STM32C031C4T3, STM32C031C4T6, STM32C031C4U3, STM32C031C4U6, STM32C031C6T3, STM32C031C6T6, STM32C031C6U3, STM32C031C6U6, STM32C031F4P3, STM32C031F4P6, STM32C031F6P3, STM32C031F6P6, STM32C031G4U3, STM32C031G4U6, STM32C031G6U3, STM32C031G6U6, STM32C031K4T3, STM32C031K4T6, STM32C031K4U3, STM32C031K4U6, STM32C031K6T3, STM32C031K6T6, STM32C031K6U3, STM32C031K6U6, STM32C051C6T6, STM32C051C6U6, STM32C051C8T6, STM32C051C8U6, STM32C051D8Y6TR, STM32C051F6P6, STM32C051F8P6, STM32C051G6U6, STM32C051G8U6, STM32C051K6T6, STM32C051K6U6, STM32C051K8T6, STM32C071C8T6, STM32C071C8T6N, STM32C071C8U6, STM32C071C8U6N, STM32C071CBT6, STM32C071CBT6N, STM32C071CBU6, STM32C071CBU6N, STM32C071F8P6, STM32C071F8P6N, STM32C071FBP6, STM32C071FBP6N, STM32C071FBY6TR, STM32C071G8U6, STM32C071G8U6N, STM32C071GBU6, STM32C071GBU6N, STM32C071K8T6, STM32C071K8T6N, STM32C071K8U6, STM32C071K8U6N, STM32C071KBT6, STM32C071KBT6N, STM32C071KBU6, STM32C071KBU6N, STM32C071R8T6, STM32C071R8T6N, STM32C071RBI6N, STM32C071RBT6, STM32C071RBT6N, STM32C091CBT6, STM32C091CBU6, STM32C091CCT6, STM32C091CCU6, STM32C091ECY6TR, STM32C091FBP6, STM32C091FCP6, STM32C091GBU6, STM32C091GCU6, STM32C091KBT6, STM32C091KBU6, STM32C091KCT6, STM32C091KCU6, STM32C091RBT6, STM32C091RCI6, STM32C091RCT6, STM32C092CBT6, STM32C092CBU6, STM32C092CCT6, STM32C092CCU6, STM32C092ECY6TR, STM32C092FBP6, STM32C092FCP6, STM32C092GBU6, STM32C092GCU6, STM32C092KBT6, STM32C092KBU6, STM32C092KCT6, STM32C092KCU6, STM32C092RBT6, STM32C092RCI6, STM32C092RCT6, STM32G071K8TXN, STM32G071K8UXN, STM32G081GBU6N, STM32G081KBT6N, STM32G081KBUXN, STM32G0B1CCT6N, STM32G0B1KCT6, STM32G0B1NEY6TR, STM32G0B1RCT6N, STM32G0C1CCT6, STM32G0C1CCT6N, STM32G0C1CCU6N, STM32G0C1CET6N, STM32G0C1CEU6N, STM32G0C1KCT6, STM32G0C1NEY6TR, STM32G0C1RCI6N, STM32G0C1RCT6N, STM32G0C1REI6N, STM32G0C1RET6N, STM32G0C1VCI6, STM32G0C1VEI6, STM32G411C6T3, STM32G411C6T6, STM32G411C6U3, STM32G411C6U6, STM32G411C8T3, STM32G411C8T6, STM32G411C8U3, STM32G411C8U6, STM32G411CBT3, STM32G411CBT6, STM32G411CBU3, STM32G411CBU6, STM32G411K6T3, STM32G411K6T6, STM32G411K6U3, STM32G411K6U6, STM32G411K8T3, STM32G411K8T6, STM32G411K8U3, STM32G411K8U6, STM32G411KBT3, STM32G411KBT6, STM32G411KBU3, STM32G411KBU6, STM32G411M6T3, STM32G411M6T6, STM32G411M8T3, STM32G411M8T6, STM32G411MBT3, STM32G411MBT6, STM32G411R6T3, STM32G411R6T6, STM32G411R8T3, STM32G411R8T6, STM32G411RBT3, STM32G411RBT6, STM32G414CBT3, STM32G414CBT6, STM32G414CBU3, STM32G414CBU6, STM32G414CCT3, STM32G414CCT6, STM32G414CCU3, STM32G414CCU6, STM32G414MBT3, STM32G414MBT6, STM32G414MCT3, STM32G414MCT6, STM32G414RBT3, STM32G414RBT6, STM32G414RCT3, STM32G414RCT6, STM32G414VBT3, STM32G414VBT6, STM32G414VCT3, STM32G414VCT6, STM32G431CBT3Z, STM32G431RBT3Z, STM32G471CCT6, STM32G471CCU6, STM32G471CET3, STM32G471CET6, STM32G471CEU3, STM32G471CEU6, STM32G471MCT6, STM32G471MET3, STM32G471MET6, STM32G471MEY6TR, STM32G471QCT6, STM32G471QET3, STM32G471RCT6, STM32G471RET3, STM32G471RET6, STM32G471VCH6, STM32G471VCI6, STM32G471VCT6, STM32G471VEH3, STM32G471VEH6, STM32G471VEI3, STM32G471VEI6, STM32G471VET3, STM32G471VET6, STM32G473QET3Z, STM32G473RET3Z, STM32G474CCT6, STM32G491RET3Z, STM32H503CBT6, STM32H503CBU6, STM32H503EBY6TR, STM32H503KBU6, STM32H503RBT6, STM32H523CCT6, STM32H523CCU6, STM32H523CET6, STM32H523CEU6, STM32H523HEY6TR, STM32H523RCT6, STM32H523RET6, STM32H523VCI6, STM32H523VCT6, STM32H523VEI6, STM32H523VET6, STM32H523ZCJ6, STM32H523ZCT6, STM32H523ZEJ6, STM32H523ZET6, STM32H533CET6, STM32H533CEU6, STM32H533HEY6TR, STM32H533RET6, STM32H533VEI6, STM32H533VET6, STM32H533ZEJ6, STM32H533ZET6, STM32H562AGI6, STM32H562AII6, STM32H562IGK6, STM32H562IGT6, STM32H562IIK6, STM32H562IIT6, STM32H562RGT6, STM32H562RGV6, STM32H562RIT6, STM32H562RIV6, STM32H562VGT6, STM32H562VIT6, STM32H562ZGT6, STM32H562ZIT6, STM32H563AGI6, STM32H563AII3Q, STM32H563AII6, STM32H563IGK6, STM32H563IGT6, STM32H563IIK3Q, STM32H563IIK6, STM32H563IIT3Q, STM32H563IIT6, STM32H563MIY3QTR, STM32H563RGT6, STM32H563RGV6, STM32H563RIT6, STM32H563RIV6, STM32H563VGT6, STM32H563VIT3Q, STM32H563VIT6, STM32H563ZGT6, STM32H563ZIT3Q, STM32H563ZIT6, STM32H573AII3Q, STM32H573AII6, STM32H573I-DK, STM32H573IIK3Q, STM32H573IIK6, STM32H573IIT3Q, STM32H573IIT6, STM32H573MIY3QTR, STM32H573RIT6, STM32H573RIV6, STM32H573VIT3Q, STM32H573VIT6, STM32H573ZIT3Q, STM32H573ZIT6, STM32H7R3A8I6, STM32H7R3I8K6, STM32H7R3I8T6, STM32H7R3L8H6, STM32H7R3L8H6H, STM32H7R3R8V6, STM32H7R3V8H6, STM32H7R3V8T6, STM32H7R3V8Y6TR, STM32H7R3Z8J6, STM32H7R3Z8T6, STM32H7R7A8I6, STM32H7R7I8K6, STM32H7R7I8T6, STM32H7R7L8H6, STM32H7R7L8H6H, STM32H7R7Z8J6, STM32H7S3A8I6, STM32H7S3I8K6, STM32H7S3I8T6, STM32H7S3L8H6, STM32H7S3L8H6H, STM32H7S3R8V6, STM32H7S3V8H6, STM32H7S3V8T6, STM32H7S3V8Y6TR, STM32H7S3Z8J6, STM32H7S3Z8T6, STM32H7S78-DK, STM32H7S7A8I6, STM32H7S7I8K6, STM32H7S7I8T6, STM32H7S7L8H6, STM32H7S7L8H6H, STM32H7S7Z8J6, STM32L4R5QGI6STR, STM32MP131AAE3, STM32MP131AAF3, STM32MP131AAG3, STM32MP131CAE3, STM32MP131CAF3, STM32MP131CAG3, STM32MP131DAE7, STM32MP131DAF7, STM32MP131DAG7, STM32MP131FAE7, STM32MP131FAF7, STM32MP131FAG7, STM32MP133AAE3, STM32MP133AAF3, STM32MP133AAG3, STM32MP133CAE3, STM32MP133CAF3, STM32MP133CAG3, STM32MP133DAE7, STM32MP133DAF7, STM32MP133DAG7, STM32MP133FAE7, STM32MP133FAF7, STM32MP133FAG7, STM32MP135AAE3, STM32MP135AAF3, STM32MP135AAG3, STM32MP135CAE3, STM32MP135CAF3, STM32MP135CAG3, STM32MP135DAE7, STM32MP135DAF7, STM32MP135DAG7, STM32MP135F-DK, STM32MP135FAE7, STM32MP135FAF7, STM32MP135FAF7T, STM32MP135FAF7U, STM32MP135FAG7, STM32MP211AAL3, STM32MP211AAM3, STM32MP211AAN3, STM32MP211AAO3, STM32MP211CAL3, STM32MP211CAM3, STM32MP211CAN3, STM32MP211CAO3, STM32MP211DAL3, STM32MP211DAM3, STM32MP211DAN3, STM32MP211DAO3, STM32MP211FAL3, STM32MP211FAM3, STM32MP211FAN3, STM32MP211FAO3, STM32MP213AAL3, STM32MP213AAM3, STM32MP213AAN3, STM32MP213AAO3, STM32MP213CAL3, STM32MP213CAM3, STM32MP213CAN3, STM32MP213CAO3, STM32MP213DAL3, STM32MP213DAM3, STM32MP213DAN3, STM32MP213DAO3, STM32MP213FAL3, STM32MP213FAM3, STM32MP213FAN3, STM32MP213FAO3, STM32MP215AAL3, STM32MP215AAM3, STM32MP215AAN3, STM32MP215AAO3, STM32MP215CAL3, STM32MP215CAM3, STM32MP215CAN3, STM32MP215CAO3, STM32MP215DAL3, STM32MP215DAM3, STM32MP215DAN3, STM32MP215DAO3, STM32MP215F-DK, STM32MP215FAL3, STM32MP215FAM3, STM32MP215FAN3, STM32MP215FAO3, STM32MP231AAJ3, STM32MP231AAK3, STM32MP231AAL3, STM32MP231CAJ3, STM32MP231CAK3, STM32MP231CAL3, STM32MP231DAJ3, STM32MP231DAK3, STM32MP231DAL3, STM32MP231FAJ3, STM32MP231FAK3, STM32MP231FAL3, STM32MP233AAJ3, STM32MP233AAK3, STM32MP233AAL3, STM32MP233CAJ3, STM32MP233CAK3, STM32MP233CAL3, STM32MP233DAJ3, STM32MP233DAK3, STM32MP233DAL3, STM32MP233FAJ3, STM32MP233FAK3, STM32MP233FAL3, STM32MP235AAJ3, STM32MP235AAK3, STM32MP235AAL3, STM32MP235CAJ3, STM32MP235CAK3, STM32MP235CAL3, STM32MP235DAJ3, STM32MP235DAK3, STM32MP235DAL3, STM32MP235FAJ3, STM32MP235FAK3, STM32MP235FAL3, STM32MP251AAI3, STM32MP251AAK3, STM32MP251AAL3, STM32MP251CAI3, STM32MP251CAK3, STM32MP251CAL3, STM32MP251DAI3, STM32MP251DAK3, STM32MP251DAL3, STM32MP251FAI3, STM32MP251FAK3, STM32MP251FAL3, STM32MP253AAI3, STM32MP253AAK3, STM32MP253AAL3, STM32MP253CAI3, STM32MP253CAK3, STM32MP253CAL3, STM32MP253DAI3, STM32MP253DAK3, STM32MP253DAL3, STM32MP253FAI3, STM32MP253FAK3, STM32MP253FAL3, STM32MP255AAI3, STM32MP255AAK3, STM32MP255AAL3, STM32MP255CAI3, STM32MP255CAK3, STM32MP255CAL3, STM32MP255DAI3, STM32MP255DAK3, STM32MP255DAL3, STM32MP255FAI3, STM32MP255FAK3, STM32MP255FAL3, STM32MP257AAI3, STM32MP257AAK3, STM32MP257AAL3, STM32MP257CAI3, STM32MP257CAK3, STM32MP257CAL3, STM32MP257DAI3, STM32MP257DAK3, STM32MP257DAL3, STM32MP257F-DK, STM32MP257F-EV1, STM32MP257FAI3, STM32MP257FAK3, STM32MP257FAL3, STM32N645A0H3Q, STM32N645B0H3Q, STM32N645I0H3Q, STM32N645L0H3Q, STM32N645X0H3Q, STM32N645Z0H3Q, STM32N647A0H3Q, STM32N647B0H3Q, STM32N647I0H3Q, STM32N647L0H3Q, STM32N647X0H3Q, STM32N647Z0H3Q, STM32N655A0H3Q, STM32N655B0H3Q, STM32N655I0H3Q, STM32N655L0H3Q, STM32N655X0H3Q, STM32N655Z0H3Q, STM32N6570-DK, STM32N657A0H3Q, STM32N657B0H3Q, STM32N657I0H3Q, STM32N657L0H3Q, STM32N657X0H3Q, STM32N657Z0H3Q, STM32U031C6T6, STM32U031C6U6, STM32U031C8T6, STM32U031C8U6, STM32U031F4P6, STM32U031F6P6, STM32U031F8P6, STM32U031G6Y6TR, STM32U031G8Y6TR, STM32U031K4U6, STM32U031K6U6, STM32U031K8U6, STM32U031R6I6, STM32U031R6T6, STM32U031R8I6, STM32U031R8T6, STM32U073C8T6, STM32U073C8U6, STM32U073CBT6, STM32U073CBU6, STM32U073CCT6, STM32U073CCU6, STM32U073H8Y6TR, STM32U073HBY6TR, STM32U073HCY6TR, STM32U073K8U6, STM32U073KBU6, STM32U073KCU6, STM32U073M8I6, STM32U073M8T6, STM32U073MBI6, STM32U073MBT6, STM32U073MCI6, STM32U073MCT6, STM32U073R8I6, STM32U073R8T6, STM32U073RBI6, STM32U073RBT6, STM32U073RCI6, STM32U073RCT6, STM32U083C-DK, STM32U083CCT6, STM32U083CCU6, STM32U083HCY6TR, STM32U083KCU6, STM32U083MCI6, STM32U083MCT6, STM32U083RCI6, STM32U083RCT6, STM32U375CET6, STM32U375CET6Q, STM32U375CEU6, STM32U375CEU6Q, STM32U375CEY6QTR, STM32U375CGT6, STM32U375CGT6Q, STM32U375CGU6, STM32U375CGU6Q, STM32U375CGY6QTR, STM32U375KEU6, STM32U375KGU6, STM32U375REI6, STM32U375REI6Q, STM32U375RET6, STM32U375RET6Q, STM32U375REY6GTR, STM32U375REY6QTR, STM32U375RGI6, STM32U375RGI6Q, STM32U375RGT6, STM32U375RGT6Q, STM32U375RGY6GTR, STM32U375RGY6QTR, STM32U375VEI6, STM32U375VEI6Q, STM32U375VET6, STM32U375VET6Q, STM32U375VGI6, STM32U375VGI6Q, STM32U375VGT6, STM32U375VGT6Q, STM32U385CGT6, STM32U385CGT6Q, STM32U385CGU6, STM32U385CGU6Q, STM32U385CGY6QTR, STM32U385KGU6, STM32U385RGI6, STM32U385RGI6Q, STM32U385RGT6, STM32U385RGT6Q, STM32U385RGY6GTR, STM32U385RGY6QTR, STM32U385VGI6, STM32U385VGI6Q, STM32U385VGT6, STM32U385VGT6Q, STM32U535CBT6, STM32U535CBT6Q, STM32U535CBU6, STM32U535CBU6Q, STM32U535CCT6, STM32U535CCT6Q, STM32U535CCU6, STM32U535CCU6Q, STM32U535CET6, STM32U535CET6Q, STM32U535CEU6, STM32U535CEU6Q, STM32U535JEY6QTR, STM32U535NCY6QTR, STM32U535NEY6QTR, STM32U535RBI6, STM32U535RBI6Q, STM32U535RBT6, STM32U535RBT6Q, STM32U535RCI6, STM32U535RCI6Q, STM32U535RCT6, STM32U535RCT6Q, STM32U535REI6, STM32U535REI6Q, STM32U535RET6, STM32U535RET6Q, STM32U535VCI6, STM32U535VCI6Q, STM32U535VCT6, STM32U535VCT6Q, STM32U535VEI6, STM32U535VEI6Q, STM32U535VET6, STM32U535VET6Q, STM32U545CET6, STM32U545CET6Q, STM32U545CEU6, STM32U545CEU6Q, STM32U545JEY6QTR, STM32U545NEY6QTR, STM32U545REI6, STM32U545REI6Q, STM32U545RET6, STM32U545RET6Q, STM32U545VEI6, STM32U545VEI6Q, STM32U545VET6, STM32U545VET6Q, STM32U595AIH6, STM32U595AIH6Q, STM32U595AJH6, STM32U595AJH6Q, STM32U595QII6, STM32U595QII6Q, STM32U595QJI6, STM32U595QJI6Q, STM32U595RIT6, STM32U595RIT6Q, STM32U595RJT6, STM32U595RJT6Q, STM32U595VIT6, STM32U595VIT6Q, STM32U595VJT6, STM32U595VJT6Q, STM32U595ZIT6, STM32U595ZIT6Q, STM32U595ZIY6QTR, STM32U595ZJT6, STM32U595ZJT6Q, STM32U595ZJY6QTR, STM32U599BJY6QTR, STM32U599NIH6Q, STM32U599NJH6Q, STM32U599VIT6Q, STM32U599VJT6, STM32U599VJT6Q, STM32U599ZIT6Q, STM32U599ZIY6QTR, STM32U599ZJT6Q, STM32U599ZJY6QTR, STM32U5A5AJH6, STM32U5A5AJH6Q, STM32U5A5QII3Q , STM32U5A5QJI6, STM32U5A5QJI6Q, STM32U5A5RJT6, STM32U5A5RJT6Q, STM32U5A5VJT6, STM32U5A5VJT6Q, STM32U5A5ZJT6, STM32U5A5ZJT6Q, STM32U5A5ZJY6QTR, STM32U5A9BJY6QTR, STM32U5A9J-DK, STM32U5A9NJH6Q, STM32U5A9VJT6Q, STM32U5A9ZJT6Q, STM32U5A9ZJY6QTR, STM32U5F7VIT6, STM32U5F7VIT6Q, STM32U5F7VJT6, STM32U5F7VJT6Q, STM32U5F9BJY6QTR, STM32U5F9NJH6Q, STM32U5F9VIT6Q, STM32U5F9VJT6Q, STM32U5F9ZIJ6QTR, STM32U5F9ZIT6Q, STM32U5F9ZJJ6QTR, STM32U5F9ZJT6Q, STM32U5G7VJT6, STM32U5G7VJT6Q, STM32U5G9BJY6QTR, STM32U5G9J-DK1, STM32U5G9J-DK2, STM32U5G9NJH6Q, STM32U5G9VJT6Q, STM32U5G9ZJJ6QTR, STM32U5G9ZJT6Q, STM32WB05KZV6TR, STM32WB05KZV7TR, STM32WB05TZF6TR, STM32WB05TZF7TR, STM32WB06CCF6TR, STM32WB06CCF7TR, STM32WB06CCV6TR, STM32WB06CCV7TR, STM32WB06KCV6TR, STM32WB06KCV7TR, STM32WB07CCF6TR, STM32WB07CCF7TR, STM32WB07CCV6TR, STM32WB07CCV7TR, STM32WB07KCV6TR, STM32WB07KCV7TR, STM32WB09KEV6TR, STM32WB09KEV7TR, STM32WB09TEF6TR, STM32WB09TEF7TR, STM32WB1MMCH6, STM32WBA50KGU6, STM32WBA50KGU6TR, STM32WBA52CEU6, STM32WBA52CEU6TR, STM32WBA52CEU7, STM32WBA52CEU7TR, STM32WBA52CGU6, STM32WBA52CGU6TR, STM32WBA52CGU6U, STM32WBA52CGU7, STM32WBA52CGU7TR, STM32WBA52KEU6, STM32WBA52KEU6TR, STM32WBA52KGU6, STM32WBA52KGU6TR, STM32WBA54CEU6, STM32WBA54CEU6TR, STM32WBA54CEU7, STM32WBA54CEU7TR, STM32WBA54CGU6, STM32WBA54CGU6TR, STM32WBA54CGU7, STM32WBA54CGU7TR, STM32WBA54KEU6, STM32WBA54KEU6TR, STM32WBA54KEU7, STM32WBA54KEU7TR, STM32WBA54KGU6, STM32WBA54KGU6TR, STM32WBA54KGU7, STM32WBA54KGU7TR, STM32WBA55CEU6, STM32WBA55CEU6TR, STM32WBA55CEU7, STM32WBA55CEU7TR, STM32WBA55CGU6, STM32WBA55CGU6TR, STM32WBA55CGU6U, STM32WBA55CGU7, STM32WBA55CGU7TR, STM32WBA55G-DK1, STM32WBA55HEF6, STM32WBA55HEF7, STM32WBA55HGF6, STM32WBA55HGF7, STM32WBA55UEI6, STM32WBA55UEI6TR, STM32WBA55UEI7, STM32WBA55UEI7TR, STM32WBA55UGI6, STM32WBA55UGI6TR, STM32WBA55UGI7, STM32WBA55UGI7TR, STM32WBA5MMGH6TR, STM32WBA62MGF6, STM32WBA62MIF6, STM32WBA65MGF7, STM32WBA65MIF6, STM32WBA65MIF7, STM32WL30K8V6, STM32WL30KBV6, STM32WL31C8V6, STM32WL31CBV6, STM32WL31K8V6, STM32WL31KBV6, STM32WL33C8V6, STM32WL33C8V6X, STM32WL33CBV6, STM32WL33CBV6X, STM32WL33CCV6, STM32WL33CCV6A, STM32WL33CCV6X, STM32WL33K8V7, STM32WL33K8V7X, STM32WL33KBV7 , STM32WL33KBV7X, STM32WL33KCV7, STM32WL33KCV7X, STM32WL5MOCH6, STM32WL5MOCH6TR]
2026-05-11 19:10:38,215 [INFO] DbMcus:218 - Found 5086 MCUs, 4968 are supported
2026-05-11 19:10:38,216 [INFO] ApiDb:423 - Load user favorites file C:\Users\jahna/.stm32cubeide/favorites.mcus.txt: 0 item(s)
2026-05-11 19:10:38,217 [INFO] ApiDb:427 - User favorites MCUs=[]
2026-05-11 19:10:38,217 [INFO] DbMcus:224 - Set 0 / 0 favorites MCUs
2026-05-11 19:10:39,038 [INFO] ApiDb:448 - Save user favorites file C:\Users\jahna/.stm32cubeide/favorites.boards.txt: 0 item(s)
2026-05-11 19:10:39,038 [INFO] ApiDb:452 - User favorites Boards=[]
2026-05-11 19:10:39,041 [INFO] ApiDb:581 - Connected to CubeFinder SQLite database (C:\Users\jahna\.stmcufinder\plugins\mcufinder\mcu\cube-finder-db.db)
2026-05-11 19:10:39,153 [INFO] ApiDb:668 - CubeFinder database Data Model version=2.1
2026-05-11 19:10:39,153 [INFO] ApiDb:669 - CubeFinder database Configuration version=3.0.42
2026-05-11 19:10:39,153 [INFO] ApiDb:670 - CubeFinder database generation date=2026-05-06 (1778060171)
2026-05-11 19:10:39,153 [INFO] ApiDb:671 - CubeFinder database FW Pack versions=[FP-ATR-ASTRA1_V2.0.0, FP-SNS-FLIGHT1_V5.1.0, FP-SNS-MOTENV1_V5.1.0, FP-SNS-MOTENVWB1_V1.5.0, FP-SNS-SMARTAG2_V1.2.0, FP-SNS-STBOX1_V2.1.0, STM32Cube_FW_C0_V1.4.0, STM32Cube_FW_F4_V1.28.3, STM32Cube_FW_F7_V1.17.4, STM32Cube_FW_G0_V1.6.3, STM32Cube_FW_G4_V1.6.2, STM32Cube_FW_H5_V1.6.0, STM32Cube_FW_H7RS_V1.3.0, STM32Cube_FW_H7_V1.13.0, STM32Cube_FW_L0_V1.12.2, STM32Cube_FW_L4_V1.18.2, STM32Cube_FW_L5_V1.6.0, STM32Cube_FW_N6_V1.3.0, STM32Cube_FW_U0_V1.3.0, STM32Cube_FW_U3_V1.3.0, STM32Cube_FW_U5_V1.8.0, STM32Cube_FW_WB0_V1.4.0, STM32Cube_FW_WBA_V1.9.0, STM32Cube_FW_WB_V1.24.0, STM32Cube_FW_WL3_V1.4.0, STM32Cube_FW_WL_V1.5.0, X-CUBE-ALGOBUILD_V1.4.0, X-CUBE-ALS_V1.0.2, X-CUBE-AZRTOS-F4_V1.1.0, X-CUBE-AZRTOS-F7_V1.1.0, X-CUBE-AZRTOS-G0_V1.1.0, X-CUBE-AZRTOS-G4_V2.0.0, X-CUBE-AZRTOS-H7RS_V1.1.0, X-CUBE-AZRTOS-H7_V3.5.0, X-CUBE-AZRTOS-L4_V2.0.0, X-CUBE-AZRTOS-L5_V2.0.0, X-CUBE-AZRTOS-WB_V2.0.0, X-CUBE-AZRTOS-WL_V2.0.0, X-CUBE-BLE1_V7.1.0, X-CUBE-BLE2_V3.3.0, X-CUBE-BLEMGR_V4.1.0, X-CUBE-EEPRMA1_V5.2.0, X-CUBE-FREERTOS_V1.5.0, X-CUBE-GNSS1_V6.0.0, X-CUBE-MEMS1_V12.0.0, X-CUBE-NFC4_V3.0.0, X-CUBE-NFC7_V2.0.0, X-CUBE-SFXS2LP1_V4.0.0, X-CUBE-ST67W61_V1.2.0, X-CUBE-SUBG2_V5.0.0, X-CUBE-TOF1_V3.4.3]
2026-05-11 19:10:39,238 [INFO] DbBoardsSqlite:226 - include board P-NUCLEO-WB55-NUCLEO as a kit item of type 'Nucleo-64'
2026-05-11 19:10:39,240 [INFO] DbBoardsSqlite:226 - include board P-NUCLEO-WB55-USBDONGLE as a kit item of type 'Nucleo USB Dongle'
2026-05-11 19:10:39,240 [INFO] DbBoardsSqlite:226 - include board STEVAL-IDP005V1 as a kit item of type 'Evaluation Board'
2026-05-11 19:10:39,240 [INFO] DbBoardsSqlite:226 - include board STEVAL-IDP005V2 as a kit item of type 'Evaluation Board'
2026-05-11 19:10:39,351 [INFO] ApiDb:240 - Found 880 in-development CPN: [B-G473E-ZEST1S, B-WB1M-WPAN1, B-WBA5M-WPAN, B-WL5M-SUBG1, NUCLEO-C031C6, NUCLEO-C051C8, NUCLEO-C071RB, NUCLEO-C092RC, NUCLEO-H503RB, NUCLEO-H533RE, NUCLEO-H563ZI, NUCLEO-H7S3L8, NUCLEO-N657X0-Q, NUCLEO-U031R8, NUCLEO-U083RC, NUCLEO-U385RG-Q, NUCLEO-U545RE-Q, NUCLEO-U5A5ZJ-Q, NUCLEO-WB05KZ, NUCLEO-WB07CC, NUCLEO-WB09KE, NUCLEO-WBA52CG, NUCLEO-WBA55CG, NUCLEO-WL33CC1, NUCLEO-WL33CC2, STEVAL-PROTEUS1, STEVAL-SMARTAG2, STEVAL-STWINBX1, STM320518-EVAL, STM32C0116-DK, STM32C011D6Y3TR, STM32C011D6Y6TR, STM32C011F4P3, STM32C011F4P6, STM32C011F4U3, STM32C011F4U6TR, STM32C011F6P3, STM32C011F6P6, STM32C011F6U3, STM32C011F6U6TR, STM32C011J4M3, STM32C011J4M6, STM32C011J6M3, STM32C011J6M6, STM32C0316-DK, STM32C031C4T3, STM32C031C4T6, STM32C031C4U3, STM32C031C4U6, STM32C031C6T3, STM32C031C6T6, STM32C031C6U3, STM32C031C6U6, STM32C031F4P3, STM32C031F4P6, STM32C031F6P3, STM32C031F6P6, STM32C031G4U3, STM32C031G4U6, STM32C031G6U3, STM32C031G6U6, STM32C031K4T3, STM32C031K4T6, STM32C031K4U3, STM32C031K4U6, STM32C031K6T3, STM32C031K6T6, STM32C031K6U3, STM32C031K6U6, STM32C051C6T6, STM32C051C6U6, STM32C051C8T6, STM32C051C8U6, STM32C051D8Y6TR, STM32C051F6P6, STM32C051F8P6, STM32C051G6U6, STM32C051G8U6, STM32C051K6T6, STM32C051K6U6, STM32C051K8T6, STM32C071C8T6, STM32C071C8T6N, STM32C071C8U6, STM32C071C8U6N, STM32C071CBT6, STM32C071CBT6N, STM32C071CBU6, STM32C071CBU6N, STM32C071F8P6, STM32C071F8P6N, STM32C071FBP6, STM32C071FBP6N, STM32C071FBY6TR, STM32C071G8U6, STM32C071G8U6N, STM32C071GBU6, STM32C071GBU6N, STM32C071K8T6, STM32C071K8T6N, STM32C071K8U6, STM32C071K8U6N, STM32C071KBT6, STM32C071KBT6N, STM32C071KBU6, STM32C071KBU6N, STM32C071R8T6, STM32C071R8T6N, STM32C071RBI6N, STM32C071RBT6, STM32C071RBT6N, STM32C091CBT6, STM32C091CBU6, STM32C091CCT6, STM32C091CCU6, STM32C091ECY6TR, STM32C091FBP6, STM32C091FCP6, STM32C091GBU6, STM32C091GCU6, STM32C091KBT6, STM32C091KBU6, STM32C091KCT6, STM32C091KCU6, STM32C091RBT6, STM32C091RCI6, STM32C091RCT6, STM32C092CBT6, STM32C092CBU6, STM32C092CCT6, STM32C092CCU6, STM32C092ECY6TR, STM32C092FBP6, STM32C092FCP6, STM32C092GBU6, STM32C092GCU6, STM32C092KBT6, STM32C092KBU6, STM32C092KCT6, STM32C092KCU6, STM32C092RBT6, STM32C092RCI6, STM32C092RCT6, STM32G071K8TXN, STM32G071K8UXN, STM32G081GBU6N, STM32G081KBT6N, STM32G081KBUXN, STM32G0B1CCT6N, STM32G0B1KCT6, STM32G0B1NEY6TR, STM32G0B1RCT6N, STM32G0C1CCT6, STM32G0C1CCT6N, STM32G0C1CCU6N, STM32G0C1CET6N, STM32G0C1CEU6N, STM32G0C1KCT6, STM32G0C1NEY6TR, STM32G0C1RCI6N, STM32G0C1RCT6N, STM32G0C1REI6N, STM32G0C1RET6N, STM32G0C1VCI6, STM32G0C1VEI6, STM32G411C6T3, STM32G411C6T6, STM32G411C6U3, STM32G411C6U6, STM32G411C8T3, STM32G411C8T6, STM32G411C8U3, STM32G411C8U6, STM32G411CBT3, STM32G411CBT6, STM32G411CBU3, STM32G411CBU6, STM32G411K6T3, STM32G411K6T6, STM32G411K6U3, STM32G411K6U6, STM32G411K8T3, STM32G411K8T6, STM32G411K8U3, STM32G411K8U6, STM32G411KBT3, STM32G411KBT6, STM32G411KBU3, STM32G411KBU6, STM32G411M6T3, STM32G411M6T6, STM32G411M8T3, STM32G411M8T6, STM32G411MBT3, STM32G411MBT6, STM32G411R6T3, STM32G411R6T6, STM32G411R8T3, STM32G411R8T6, STM32G411RBT3, STM32G411RBT6, STM32G414CBT3, STM32G414CBT6, STM32G414CBU3, STM32G414CBU6, STM32G414CCT3, STM32G414CCT6, STM32G414CCU3, STM32G414CCU6, STM32G414MBT3, STM32G414MBT6, STM32G414MCT3, STM32G414MCT6, STM32G414RBT3, STM32G414RBT6, STM32G414RCT3, STM32G414RCT6, STM32G414VBT3, STM32G414VBT6, STM32G414VCT3, STM32G414VCT6, STM32G431CBT3Z, STM32G431RBT3Z, STM32G471CCT6, STM32G471CCU6, STM32G471CET3, STM32G471CET6, STM32G471CEU3, STM32G471CEU6, STM32G471MCT6, STM32G471MET3, STM32G471MET6, STM32G471MEY6TR, STM32G471QCT6, STM32G471QET3, STM32G471RCT6, STM32G471RET3, STM32G471RET6, STM32G471VCH6, STM32G471VCI6, STM32G471VCT6, STM32G471VEH3, STM32G471VEH6, STM32G471VEI3, STM32G471VEI6, STM32G471VET3, STM32G471VET6, STM32G473QET3Z, STM32G473RET3Z, STM32G474CCT6, STM32G491RET3Z, STM32H503CBT6, STM32H503CBU6, STM32H503EBY6TR, STM32H503KBU6, STM32H503RBT6, STM32H523CCT6, STM32H523CCU6, STM32H523CET6, STM32H523CEU6, STM32H523HEY6TR, STM32H523RCT6, STM32H523RET6, STM32H523VCI6, STM32H523VCT6, STM32H523VEI6, STM32H523VET6, STM32H523ZCJ6, STM32H523ZCT6, STM32H523ZEJ6, STM32H523ZET6, STM32H533CET6, STM32H533CEU6, STM32H533HEY6TR, STM32H533RET6, STM32H533VEI6, STM32H533VET6, STM32H533ZEJ6, STM32H533ZET6, STM32H562AGI6, STM32H562AII6, STM32H562IGK6, STM32H562IGT6, STM32H562IIK6, STM32H562IIT6, STM32H562RGT6, STM32H562RGV6, STM32H562RIT6, STM32H562RIV6, STM32H562VGT6, STM32H562VIT6, STM32H562ZGT6, STM32H562ZIT6, STM32H563AGI6, STM32H563AII3Q, STM32H563AII6, STM32H563IGK6, STM32H563IGT6, STM32H563IIK3Q, STM32H563IIK6, STM32H563IIT3Q, STM32H563IIT6, STM32H563MIY3QTR, STM32H563RGT6, STM32H563RGV6, STM32H563RIT6, STM32H563RIV6, STM32H563VGT6, STM32H563VIT3Q, STM32H563VIT6, STM32H563ZGT6, STM32H563ZIT3Q, STM32H563ZIT6, STM32H573AII3Q, STM32H573AII6, STM32H573I-DK, STM32H573IIK3Q, STM32H573IIK6, STM32H573IIT3Q, STM32H573IIT6, STM32H573MIY3QTR, STM32H573RIT6, STM32H573RIV6, STM32H573VIT3Q, STM32H573VIT6, STM32H573ZIT3Q, STM32H573ZIT6, STM32H7R3A8I6, STM32H7R3I8K6, STM32H7R3I8T6, STM32H7R3L8H6, STM32H7R3L8H6H, STM32H7R3R8V6, STM32H7R3V8H6, STM32H7R3V8T6, STM32H7R3V8Y6TR, STM32H7R3Z8J6, STM32H7R3Z8T6, STM32H7R7A8I6, STM32H7R7I8K6, STM32H7R7I8T6, STM32H7R7L8H6, STM32H7R7L8H6H, STM32H7R7Z8J6, STM32H7S3A8I6, STM32H7S3I8K6, STM32H7S3I8T6, STM32H7S3L8H6, STM32H7S3L8H6H, STM32H7S3R8V6, STM32H7S3V8H6, STM32H7S3V8T6, STM32H7S3V8Y6TR, STM32H7S3Z8J6, STM32H7S3Z8T6, STM32H7S78-DK, STM32H7S7A8I6, STM32H7S7I8K6, STM32H7S7I8T6, STM32H7S7L8H6, STM32H7S7L8H6H, STM32H7S7Z8J6, STM32L4R5QGI6STR, STM32MP131AAE3, STM32MP131AAF3, STM32MP131AAG3, STM32MP131CAE3, STM32MP131CAF3, STM32MP131CAG3, STM32MP131DAE7, STM32MP131DAF7, STM32MP131DAG7, STM32MP131FAE7, STM32MP131FAF7, STM32MP131FAG7, STM32MP133AAE3, STM32MP133AAF3, STM32MP133AAG3, STM32MP133CAE3, STM32MP133CAF3, STM32MP133CAG3, STM32MP133DAE7, STM32MP133DAF7, STM32MP133DAG7, STM32MP133FAE7, STM32MP133FAF7, STM32MP133FAG7, STM32MP135AAE3, STM32MP135AAF3, STM32MP135AAG3, STM32MP135CAE3, STM32MP135CAF3, STM32MP135CAG3, STM32MP135DAE7, STM32MP135DAF7, STM32MP135DAG7, STM32MP135F-DK, STM32MP135FAE7, STM32MP135FAF7, STM32MP135FAF7T, STM32MP135FAF7U, STM32MP135FAG7, STM32MP211AAL3, STM32MP211AAM3, STM32MP211AAN3, STM32MP211AAO3, STM32MP211CAL3, STM32MP211CAM3, STM32MP211CAN3, STM32MP211CAO3, STM32MP211DAL3, STM32MP211DAM3, STM32MP211DAN3, STM32MP211DAO3, STM32MP211FAL3, STM32MP211FAM3, STM32MP211FAN3, STM32MP211FAO3, STM32MP213AAL3, STM32MP213AAM3, STM32MP213AAN3, STM32MP213AAO3, STM32MP213CAL3, STM32MP213CAM3, STM32MP213CAN3, STM32MP213CAO3, STM32MP213DAL3, STM32MP213DAM3, STM32MP213DAN3, STM32MP213DAO3, STM32MP213FAL3, STM32MP213FAM3, STM32MP213FAN3, STM32MP213FAO3, STM32MP215AAL3, STM32MP215AAM3, STM32MP215AAN3, STM32MP215AAO3, STM32MP215CAL3, STM32MP215CAM3, STM32MP215CAN3, STM32MP215CAO3, STM32MP215DAL3, STM32MP215DAM3, STM32MP215DAN3, STM32MP215DAO3, STM32MP215F-DK, STM32MP215FAL3, STM32MP215FAM3, STM32MP215FAN3, STM32MP215FAO3, STM32MP231AAJ3, STM32MP231AAK3, STM32MP231AAL3, STM32MP231CAJ3, STM32MP231CAK3, STM32MP231CAL3, STM32MP231DAJ3, STM32MP231DAK3, STM32MP231DAL3, STM32MP231FAJ3, STM32MP231FAK3, STM32MP231FAL3, STM32MP233AAJ3, STM32MP233AAK3, STM32MP233AAL3, STM32MP233CAJ3, STM32MP233CAK3, STM32MP233CAL3, STM32MP233DAJ3, STM32MP233DAK3, STM32MP233DAL3, STM32MP233FAJ3, STM32MP233FAK3, STM32MP233FAL3, STM32MP235AAJ3, STM32MP235AAK3, STM32MP235AAL3, STM32MP235CAJ3, STM32MP235CAK3, STM32MP235CAL3, STM32MP235DAJ3, STM32MP235DAK3, STM32MP235DAL3, STM32MP235FAJ3, STM32MP235FAK3, STM32MP235FAL3, STM32MP251AAI3, STM32MP251AAK3, STM32MP251AAL3, STM32MP251CAI3, STM32MP251CAK3, STM32MP251CAL3, STM32MP251DAI3, STM32MP251DAK3, STM32MP251DAL3, STM32MP251FAI3, STM32MP251FAK3, STM32MP251FAL3, STM32MP253AAI3, STM32MP253AAK3, STM32MP253AAL3, STM32MP253CAI3, STM32MP253CAK3, STM32MP253CAL3, STM32MP253DAI3, STM32MP253DAK3, STM32MP253DAL3, STM32MP253FAI3, STM32MP253FAK3, STM32MP253FAL3, STM32MP255AAI3, STM32MP255AAK3, STM32MP255AAL3, STM32MP255CAI3, STM32MP255CAK3, STM32MP255CAL3, STM32MP255DAI3, STM32MP255DAK3, STM32MP255DAL3, STM32MP255FAI3, STM32MP255FAK3, STM32MP255FAL3, STM32MP257AAI3, STM32MP257AAK3, STM32MP257AAL3, STM32MP257CAI3, STM32MP257CAK3, STM32MP257CAL3, STM32MP257DAI3, STM32MP257DAK3, STM32MP257DAL3, STM32MP257F-DK, STM32MP257F-EV1, STM32MP257FAI3, STM32MP257FAK3, STM32MP257FAL3, STM32N645A0H3Q, STM32N645B0H3Q, STM32N645I0H3Q, STM32N645L0H3Q, STM32N645X0H3Q, STM32N645Z0H3Q, STM32N647A0H3Q, STM32N647B0H3Q, STM32N647I0H3Q, STM32N647L0H3Q, STM32N647X0H3Q, STM32N647Z0H3Q, STM32N655A0H3Q, STM32N655B0H3Q, STM32N655I0H3Q, STM32N655L0H3Q, STM32N655X0H3Q, STM32N655Z0H3Q, STM32N6570-DK, STM32N657A0H3Q, STM32N657B0H3Q, STM32N657I0H3Q, STM32N657L0H3Q, STM32N657X0H3Q, STM32N657Z0H3Q, STM32U031C6T6, STM32U031C6U6, STM32U031C8T6, STM32U031C8U6, STM32U031F4P6, STM32U031F6P6, STM32U031F8P6, STM32U031G6Y6TR, STM32U031G8Y6TR, STM32U031K4U6, STM32U031K6U6, STM32U031K8U6, STM32U031R6I6, STM32U031R6T6, STM32U031R8I6, STM32U031R8T6, STM32U073C8T6, STM32U073C8U6, STM32U073CBT6, STM32U073CBU6, STM32U073CCT6, STM32U073CCU6, STM32U073H8Y6TR, STM32U073HBY6TR, STM32U073HCY6TR, STM32U073K8U6, STM32U073KBU6, STM32U073KCU6, STM32U073M8I6, STM32U073M8T6, STM32U073MBI6, STM32U073MBT6, STM32U073MCI6, STM32U073MCT6, STM32U073R8I6, STM32U073R8T6, STM32U073RBI6, STM32U073RBT6, STM32U073RCI6, STM32U073RCT6, STM32U083C-DK, STM32U083CCT6, STM32U083CCU6, STM32U083HCY6TR, STM32U083KCU6, STM32U083MCI6, STM32U083MCT6, STM32U083RCI6, STM32U083RCT6, STM32U375CET6, STM32U375CET6Q, STM32U375CEU6, STM32U375CEU6Q, STM32U375CEY6QTR, STM32U375CGT6, STM32U375CGT6Q, STM32U375CGU6, STM32U375CGU6Q, STM32U375CGY6QTR, STM32U375KEU6, STM32U375KGU6, STM32U375REI6, STM32U375REI6Q, STM32U375RET6, STM32U375RET6Q, STM32U375REY6GTR, STM32U375REY6QTR, STM32U375RGI6, STM32U375RGI6Q, STM32U375RGT6, STM32U375RGT6Q, STM32U375RGY6GTR, STM32U375RGY6QTR, STM32U375VEI6, STM32U375VEI6Q, STM32U375VET6, STM32U375VET6Q, STM32U375VGI6, STM32U375VGI6Q, STM32U375VGT6, STM32U375VGT6Q, STM32U385CGT6, STM32U385CGT6Q, STM32U385CGU6, STM32U385CGU6Q, STM32U385CGY6QTR, STM32U385KGU6, STM32U385RGI6, STM32U385RGI6Q, STM32U385RGT6, STM32U385RGT6Q, STM32U385RGY6GTR, STM32U385RGY6QTR, STM32U385VGI6, STM32U385VGI6Q, STM32U385VGT6, STM32U385VGT6Q, STM32U535CBT6, STM32U535CBT6Q, STM32U535CBU6, STM32U535CBU6Q, STM32U535CCT6, STM32U535CCT6Q, STM32U535CCU6, STM32U535CCU6Q, STM32U535CET6, STM32U535CET6Q, STM32U535CEU6, STM32U535CEU6Q, STM32U535JEY6QTR, STM32U535NCY6QTR, STM32U535NEY6QTR, STM32U535RBI6, STM32U535RBI6Q, STM32U535RBT6, STM32U535RBT6Q, STM32U535RCI6, STM32U535RCI6Q, STM32U535RCT6, STM32U535RCT6Q, STM32U535REI6, STM32U535REI6Q, STM32U535RET6, STM32U535RET6Q, STM32U535VCI6, STM32U535VCI6Q, STM32U535VCT6, STM32U535VCT6Q, STM32U535VEI6, STM32U535VEI6Q, STM32U535VET6, STM32U535VET6Q, STM32U545CET6, STM32U545CET6Q, STM32U545CEU6, STM32U545CEU6Q, STM32U545JEY6QTR, STM32U545NEY6QTR, STM32U545REI6, STM32U545REI6Q, STM32U545RET6, STM32U545RET6Q, STM32U545VEI6, STM32U545VEI6Q, STM32U545VET6, STM32U545VET6Q, STM32U595AIH6, STM32U595AIH6Q, STM32U595AJH6, STM32U595AJH6Q, STM32U595QII6, STM32U595QII6Q, STM32U595QJI6, STM32U595QJI6Q, STM32U595RIT6, STM32U595RIT6Q, STM32U595RJT6, STM32U595RJT6Q, STM32U595VIT6, STM32U595VIT6Q, STM32U595VJT6, STM32U595VJT6Q, STM32U595ZIT6, STM32U595ZIT6Q, STM32U595ZIY6QTR, STM32U595ZJT6, STM32U595ZJT6Q, STM32U595ZJY6QTR, STM32U599BJY6QTR, STM32U599NIH6Q, STM32U599NJH6Q, STM32U599VIT6Q, STM32U599VJT6, STM32U599VJT6Q, STM32U599ZIT6Q, STM32U599ZIY6QTR, STM32U599ZJT6Q, STM32U599ZJY6QTR, STM32U5A5AJH6, STM32U5A5AJH6Q, STM32U5A5QII3Q , STM32U5A5QJI6, STM32U5A5QJI6Q, STM32U5A5RJT6, STM32U5A5RJT6Q, STM32U5A5VJT6, STM32U5A5VJT6Q, STM32U5A5ZJT6, STM32U5A5ZJT6Q, STM32U5A5ZJY6QTR, STM32U5A9BJY6QTR, STM32U5A9J-DK, STM32U5A9NJH6Q, STM32U5A9VJT6Q, STM32U5A9ZJT6Q, STM32U5A9ZJY6QTR, STM32U5F7VIT6, STM32U5F7VIT6Q, STM32U5F7VJT6, STM32U5F7VJT6Q, STM32U5F9BJY6QTR, STM32U5F9NJH6Q, STM32U5F9VIT6Q, STM32U5F9VJT6Q, STM32U5F9ZIJ6QTR, STM32U5F9ZIT6Q, STM32U5F9ZJJ6QTR, STM32U5F9ZJT6Q, STM32U5G7VJT6, STM32U5G7VJT6Q, STM32U5G9BJY6QTR, STM32U5G9J-DK1, STM32U5G9J-DK2, STM32U5G9NJH6Q, STM32U5G9VJT6Q, STM32U5G9ZJJ6QTR, STM32U5G9ZJT6Q, STM32WB05KZV6TR, STM32WB05KZV7TR, STM32WB05TZF6TR, STM32WB05TZF7TR, STM32WB06CCF6TR, STM32WB06CCF7TR, STM32WB06CCV6TR, STM32WB06CCV7TR, STM32WB06KCV6TR, STM32WB06KCV7TR, STM32WB07CCF6TR, STM32WB07CCF7TR, STM32WB07CCV6TR, STM32WB07CCV7TR, STM32WB07KCV6TR, STM32WB07KCV7TR, STM32WB09KEV6TR, STM32WB09KEV7TR, STM32WB09TEF6TR, STM32WB09TEF7TR, STM32WB1MMCH6, STM32WBA50KGU6, STM32WBA50KGU6TR, STM32WBA52CEU6, STM32WBA52CEU6TR, STM32WBA52CEU7, STM32WBA52CEU7TR, STM32WBA52CGU6, STM32WBA52CGU6TR, STM32WBA52CGU6U, STM32WBA52CGU7, STM32WBA52CGU7TR, STM32WBA52KEU6, STM32WBA52KEU6TR, STM32WBA52KGU6, STM32WBA52KGU6TR, STM32WBA54CEU6, STM32WBA54CEU6TR, STM32WBA54CEU7, STM32WBA54CEU7TR, STM32WBA54CGU6, STM32WBA54CGU6TR, STM32WBA54CGU7, STM32WBA54CGU7TR, STM32WBA54KEU6, STM32WBA54KEU6TR, STM32WBA54KEU7, STM32WBA54KEU7TR, STM32WBA54KGU6, STM32WBA54KGU6TR, STM32WBA54KGU7, STM32WBA54KGU7TR, STM32WBA55CEU6, STM32WBA55CEU6TR, STM32WBA55CEU7, STM32WBA55CEU7TR, STM32WBA55CGU6, STM32WBA55CGU6TR, STM32WBA55CGU6U, STM32WBA55CGU7, STM32WBA55CGU7TR, STM32WBA55G-DK1, STM32WBA55HEF6, STM32WBA55HEF7, STM32WBA55HGF6, STM32WBA55HGF7, STM32WBA55UEI6, STM32WBA55UEI6TR, STM32WBA55UEI7, STM32WBA55UEI7TR, STM32WBA55UGI6, STM32WBA55UGI6TR, STM32WBA55UGI7, STM32WBA55UGI7TR, STM32WBA5MMGH6TR, STM32WBA62MGF6, STM32WBA62MIF6, STM32WBA65MGF7, STM32WBA65MIF6, STM32WBA65MIF7, STM32WL30K8V6, STM32WL30KBV6, STM32WL31C8V6, STM32WL31CBV6, STM32WL31K8V6, STM32WL31KBV6, STM32WL33C8V6, STM32WL33C8V6X, STM32WL33CBV6, STM32WL33CBV6X, STM32WL33CCV6, STM32WL33CCV6A, STM32WL33CCV6X, STM32WL33K8V7, STM32WL33K8V7X, STM32WL33KBV7 , STM32WL33KBV7X, STM32WL33KCV7, STM32WL33KCV7X, STM32WL5MOCH6, STM32WL5MOCH6TR]
2026-05-11 19:10:39,557 [INFO] BoardInfo:889 - No configuration file found for board NUCLEO-H5E5ZJ
2026-05-11 19:10:39,560 [INFO] DbBoards:161 - Board is not supported: NUCLEO-H5E5ZJ
2026-05-11 19:10:39,730 [INFO] BoardInfo:889 - No configuration file found for board NUCLEO-U3C5ZI-Q
2026-05-11 19:10:39,731 [INFO] DbBoards:161 - Board is not supported: NUCLEO-U3C5ZI-Q
2026-05-11 19:10:39,757 [INFO] BoardInfo:889 - No configuration file found for board NUCLEO-WBA25CE1
2026-05-11 19:10:39,759 [INFO] DbBoards:161 - Board is not supported: NUCLEO-WBA25CE1
2026-05-11 19:10:39,773 [INFO] BoardInfo:889 - No configuration file found for board NUCLEO-WL3RKB1
2026-05-11 19:10:39,775 [INFO] DbBoards:161 - Board is not supported: NUCLEO-WL3RKB1
2026-05-11 19:10:39,776 [INFO] BoardInfo:889 - No configuration file found for board NUCLEO-WL3RKB2
2026-05-11 19:10:39,777 [INFO] DbBoards:161 - Board is not supported: NUCLEO-WL3RKB2
2026-05-11 19:10:39,788 [INFO] BoardInfo:889 - No configuration file found for board P-NUCLEO-WB55
2026-05-11 19:10:39,790 [INFO] DbBoards:161 - Kit is not supported: P-NUCLEO-WB55
2026-05-11 19:10:39,798 [INFO] BoardInfo:889 - No configuration file found for board STEVAL-BFA001V1B
2026-05-11 19:10:39,799 [INFO] DbBoards:161 - Kit is not supported: STEVAL-BFA001V1B
2026-05-11 19:10:39,800 [INFO] BoardInfo:889 - No configuration file found for board STEVAL-BFA001V2B
2026-05-11 19:10:39,802 [INFO] DbBoards:161 - Kit is not supported: STEVAL-BFA001V2B
2026-05-11 19:10:39,948 [INFO] BoardInfo:889 - No configuration file found for board STM32H5F5J-DK
2026-05-11 19:10:39,952 [INFO] DbBoards:161 - Board is not supported: STM32H5F5J-DK
2026-05-11 19:10:40,060 [INFO] DbBoards:168 - Found 218 boards, 209 are supported
2026-05-11 19:10:40,060 [INFO] DbBoards:169 - Found 218 boards, 43 of them is supported for  Bsp
2026-05-11 19:10:40,063 [INFO] ApiDb:423 - Load user favorites file C:\Users\jahna/.stm32cubeide/favorites.boards.txt: 0 item(s)
2026-05-11 19:10:40,063 [INFO] ApiDb:427 - User favorites Boards=[]
2026-05-11 19:10:40,063 [INFO] DbBoards:198 - Set 0 / 0 favorites Boards
2026-05-11 19:10:40,115 [ERROR] TargetSelectorAdapter:267 - Unable to refresh data
2026-05-11 19:10:40,211 [INFO] McuFinderGlobals:76 - Set McuFinderConnectedMode to true
2026-05-11 19:10:40,218 [INFO] MultiScanPanel:200 - Auto-refresh data requested => check proxy status ongoing
2026-05-11 19:10:40,220 [INFO] FinderPluginLoader:96 - Searching for filters in installed packs
2026-05-11 19:10:43,004 [INFO] LoadUrlFilesThread:185 - End of LoadServerUrlFiles without Thread
2026-05-11 19:10:43,004 [INFO] DetailPanel:341 - Set advertising image to C:/Users/jahna/STM32Cube/Repository/\en.prom-stm32wba2-stm32-nucleo-board-0426.png
2026-05-11 19:10:44,101 [INFO] MultiScanPanel:200 - Auto-refresh data requested => check proxy status ongoing
2026-05-11 19:10:44,401 [INFO] LoadUrlFilesThread:185 - End of LoadServerUrlFiles without Thread
2026-05-11 19:10:44,402 [INFO] DetailPanel:341 - Set advertising image to C:/Users/jahna/STM32Cube/Repository/\en.prom-stm32wba2-stm32-nucleo-board-0426.png
2026-05-11 19:10:44,423 [INFO] DbBoards:642 - Loading board mini-images...
2026-05-11 19:10:49,397 [INFO] DbBoards:665 - Loaded 218 board mini-images
2026-05-11 19:10:49,489 [INFO] MultiScanPanel:200 - Auto-refresh data requested => check proxy status ongoing
2026-05-11 19:10:49,505 [INFO] ApiDb:668 - CubeFinder database Data Model version=2.1
2026-05-11 19:10:49,505 [INFO] ApiDb:669 - CubeFinder database Configuration version=3.0.42
2026-05-11 19:10:49,506 [INFO] ApiDb:670 - CubeFinder database generation date=2026-05-06 (1778060171)
2026-05-11 19:10:49,506 [INFO] ApiDb:671 - CubeFinder database FW Pack versions=[FP-ATR-ASTRA1_V2.0.0, FP-SNS-FLIGHT1_V5.1.0, FP-SNS-MOTENV1_V5.1.0, FP-SNS-MOTENVWB1_V1.5.0, FP-SNS-SMARTAG2_V1.2.0, FP-SNS-STBOX1_V2.1.0, STM32Cube_FW_C0_V1.4.0, STM32Cube_FW_F4_V1.28.3, STM32Cube_FW_F7_V1.17.4, STM32Cube_FW_G0_V1.6.3, STM32Cube_FW_G4_V1.6.2, STM32Cube_FW_H5_V1.6.0, STM32Cube_FW_H7RS_V1.3.0, STM32Cube_FW_H7_V1.13.0, STM32Cube_FW_L0_V1.12.2, STM32Cube_FW_L4_V1.18.2, STM32Cube_FW_L5_V1.6.0, STM32Cube_FW_N6_V1.3.0, STM32Cube_FW_U0_V1.3.0, STM32Cube_FW_U3_V1.3.0, STM32Cube_FW_U5_V1.8.0, STM32Cube_FW_WB0_V1.4.0, STM32Cube_FW_WBA_V1.9.0, STM32Cube_FW_WB_V1.24.0, STM32Cube_FW_WL3_V1.4.0, STM32Cube_FW_WL_V1.5.0, X-CUBE-ALGOBUILD_V1.4.0, X-CUBE-ALS_V1.0.2, X-CUBE-AZRTOS-F4_V1.1.0, X-CUBE-AZRTOS-F7_V1.1.0, X-CUBE-AZRTOS-G0_V1.1.0, X-CUBE-AZRTOS-G4_V2.0.0, X-CUBE-AZRTOS-H7RS_V1.1.0, X-CUBE-AZRTOS-H7_V3.5.0, X-CUBE-AZRTOS-L4_V2.0.0, X-CUBE-AZRTOS-L5_V2.0.0, X-CUBE-AZRTOS-WB_V2.0.0, X-CUBE-AZRTOS-WL_V2.0.0, X-CUBE-BLE1_V7.1.0, X-CUBE-BLE2_V3.3.0, X-CUBE-BLEMGR_V4.1.0, X-CUBE-EEPRMA1_V5.2.0, X-CUBE-FREERTOS_V1.5.0, X-CUBE-GNSS1_V6.0.0, X-CUBE-MEMS1_V12.0.0, X-CUBE-NFC4_V3.0.0, X-CUBE-NFC7_V2.0.0, X-CUBE-SFXS2LP1_V4.0.0, X-CUBE-ST67W61_V1.2.0, X-CUBE-SUBG2_V5.0.0, X-CUBE-TOF1_V3.4.3]
2026-05-11 19:10:51,290 [ERROR] DbExamplesSqlite:437 - Missing JSON key: board_cpn
2026-05-11 19:10:51,291 [ERROR] DbExamplesSqlite:437 - Missing JSON key: board_cpn
2026-05-11 19:10:51,291 [ERROR] DbExamplesSqlite:437 - Missing JSON key: board_cpn
2026-05-11 19:10:51,291 [ERROR] DbExamplesSqlite:437 - Missing JSON key: board_cpn
2026-05-11 19:10:52,063 [ERROR] DbExamplesSqlite:437 - Missing JSON key: board_cpn
2026-05-11 19:10:52,065 [ERROR] DbExamplesSqlite:437 - Missing JSON key: board_cpn
2026-05-11 19:10:52,228 [INFO] DbExamplesSqlite:395 - Ignored 39 examples not supported by CubeIDE
2026-05-11 19:10:52,229 [INFO] DbExamplesSqlite:396 - Found 11215 examples active
2026-05-11 19:10:52,230 [INFO] DbExamplesSqlite:397 - Found 0 examples obsolete
2026-05-11 19:10:52,230 [INFO] DbExamplesSqlite:398 - Found 0 examples under development
2026-05-11 19:10:52,232 [INFO] DbExamplesSqlite:399 - Found 76 examples not building
2026-05-11 19:10:52,240 [INFO] DbExamples:125 - Found 11252 examples
2026-05-11 19:10:52,316 [ERROR] DbExamples:208 - Found 381 examples with invalid data (board or MCU)
2026-05-11 19:10:52,317 [INFO] DbExamples:222 - Found 140 boards with related examples
2026-05-11 19:10:52,320 [INFO] DbExamples:235 - Found 114 MCUs with related examples
2026-05-11 19:10:52,361 [INFO] ApiDb:423 - Load user favorites file C:\Users\jahna/.stm32cubeide/favorites.examples.txt: 0 item(s)
2026-05-11 19:10:52,362 [INFO] ApiDb:427 - User favorites Examples=[]
2026-05-11 19:10:52,367 [INFO] DbExamples:250 - Set 0 / 0 favorites Examples
2026-05-11 19:10:53,828 [INFO] SoftwarePacks:127 - Download is needed for SW pack 'FP-ATR-ASTRA1_V2.0.0'
2026-05-11 19:10:53,830 [INFO] SoftwarePacks:127 - Download is needed for SW pack 'FP-SNS-FLIGHT1_V5.1.0'
2026-05-11 19:10:53,830 [INFO] SoftwarePacks:127 - Download is needed for SW pack 'FP-SNS-MOTENV1_V5.1.0'
2026-05-11 19:10:53,831 [INFO] SoftwarePacks:127 - Download is needed for SW pack 'FP-SNS-MOTENVWB1_V1.5.0'
2026-05-11 19:10:53,831 [INFO] SoftwarePacks:127 - Download is needed for SW pack 'FP-SNS-SMARTAG2_V1.2.0'
2026-05-11 19:10:53,831 [INFO] SoftwarePacks:127 - Download is needed for SW pack 'FP-SNS-STBOX1_V2.1.0'
2026-05-11 19:10:53,895 [INFO] SoftwarePacks:127 - Download is needed for SW pack 'STM32Cube_FW_C0_V1.4.0'
2026-05-11 19:10:53,914 [INFO] SoftwarePacks:131 - Found SW pack 'STM32Cube_FW_F4_V1.28.3' up-to-date on disk.
2026-05-11 19:10:53,933 [INFO] SoftwarePacks:127 - Download is needed for SW pack 'STM32Cube_FW_F7_V1.17.4'
2026-05-11 19:10:53,958 [INFO] SoftwarePacks:127 - Download is needed for SW pack 'STM32Cube_FW_G0_V1.6.3'
2026-05-11 19:10:53,974 [INFO] SoftwarePacks:127 - Download is needed for SW pack 'STM32Cube_FW_G4_V1.6.2'
2026-05-11 19:10:53,993 [INFO] SoftwarePacks:127 - Download is needed for SW pack 'STM32Cube_FW_H5_V1.6.0'
2026-05-11 19:10:54,007 [INFO] SoftwarePacks:127 - Download is needed for SW pack 'STM32Cube_FW_H7RS_V1.3.0'
2026-05-11 19:10:54,029 [INFO] SoftwarePacks:127 - Download is needed for SW pack 'STM32Cube_FW_H7_V1.13.0'
2026-05-11 19:10:54,043 [INFO] SoftwarePacks:127 - Download is needed for SW pack 'STM32Cube_FW_L0_V1.12.2'
2026-05-11 19:10:54,059 [INFO] SoftwarePacks:127 - Download is needed for SW pack 'STM32Cube_FW_L4_V1.18.2'
2026-05-11 19:10:54,079 [INFO] SoftwarePacks:127 - Download is needed for SW pack 'STM32Cube_FW_L5_V1.6.0'
2026-05-11 19:10:54,094 [INFO] SoftwarePacks:127 - Download is needed for SW pack 'STM32Cube_FW_N6_V1.3.0'
2026-05-11 19:10:54,109 [INFO] SoftwarePacks:127 - Download is needed for SW pack 'STM32Cube_FW_U0_V1.3.0'
2026-05-11 19:10:54,122 [INFO] SoftwarePacks:127 - Download is needed for SW pack 'STM32Cube_FW_U3_V1.3.0'
2026-05-11 19:10:54,150 [INFO] SoftwarePacks:127 - Download is needed for SW pack 'STM32Cube_FW_U5_V1.8.0'
2026-05-11 19:10:54,162 [INFO] SoftwarePacks:127 - Download is needed for SW pack 'STM32Cube_FW_WB0_V1.4.0'
2026-05-11 19:10:54,174 [INFO] SoftwarePacks:127 - Download is needed for SW pack 'STM32Cube_FW_WBA_V1.9.0'
2026-05-11 19:10:54,187 [INFO] SoftwarePacks:127 - Download is needed for SW pack 'STM32Cube_FW_WB_V1.24.0'
2026-05-11 19:10:54,197 [INFO] SoftwarePacks:127 - Download is needed for SW pack 'STM32Cube_FW_WL3_V1.4.0'
2026-05-11 19:10:54,210 [INFO] SoftwarePacks:127 - Download is needed for SW pack 'STM32Cube_FW_WL_V1.5.0'
2026-05-11 19:10:54,210 [INFO] SoftwarePacks:127 - Download is needed for SW pack 'X-CUBE-ALGOBUILD_V1.4.0'
2026-05-11 19:10:54,210 [INFO] SoftwarePacks:127 - Download is needed for SW pack 'X-CUBE-ALS_V1.0.2'
2026-05-11 19:10:54,210 [INFO] SoftwarePacks:127 - Download is needed for SW pack 'X-CUBE-AZRTOS-F4_V1.1.0'
2026-05-11 19:10:54,211 [INFO] SoftwarePacks:127 - Download is needed for SW pack 'X-CUBE-AZRTOS-F7_V1.1.0'
2026-05-11 19:10:54,211 [INFO] SoftwarePacks:127 - Download is needed for SW pack 'X-CUBE-AZRTOS-G0_V1.1.0'
2026-05-11 19:10:54,211 [INFO] SoftwarePacks:127 - Download is needed for SW pack 'X-CUBE-AZRTOS-G4_V2.0.0'
2026-05-11 19:10:54,211 [INFO] SoftwarePacks:127 - Download is needed for SW pack 'X-CUBE-AZRTOS-H7RS_V1.1.0'
2026-05-11 19:10:54,211 [INFO] SoftwarePacks:127 - Download is needed for SW pack 'X-CUBE-AZRTOS-H7_V3.5.0'
2026-05-11 19:10:54,211 [INFO] SoftwarePacks:127 - Download is needed for SW pack 'X-CUBE-AZRTOS-L4_V2.0.0'
2026-05-11 19:10:54,211 [INFO] SoftwarePacks:127 - Download is needed for SW pack 'X-CUBE-AZRTOS-L5_V2.0.0'
2026-05-11 19:10:54,211 [INFO] SoftwarePacks:127 - Download is needed for SW pack 'X-CUBE-AZRTOS-WB_V2.0.0'
2026-05-11 19:10:54,212 [INFO] SoftwarePacks:127 - Download is needed for SW pack 'X-CUBE-AZRTOS-WL_V2.0.0'
2026-05-11 19:10:54,212 [INFO] SoftwarePacks:127 - Download is needed for SW pack 'X-CUBE-BLE1_V7.1.0'
2026-05-11 19:10:54,212 [INFO] SoftwarePacks:127 - Download is needed for SW pack 'X-CUBE-BLE2_V3.3.0'
2026-05-11 19:10:54,212 [INFO] SoftwarePacks:127 - Download is needed for SW pack 'X-CUBE-BLEMGR_V4.1.0'
2026-05-11 19:10:54,212 [INFO] SoftwarePacks:127 - Download is needed for SW pack 'X-CUBE-EEPRMA1_V5.2.0'
2026-05-11 19:10:54,212 [INFO] SoftwarePacks:127 - Download is needed for SW pack 'X-CUBE-FREERTOS_V1.5.0'
2026-05-11 19:10:54,212 [INFO] SoftwarePacks:127 - Download is needed for SW pack 'X-CUBE-GNSS1_V6.0.0'
2026-05-11 19:10:54,213 [INFO] SoftwarePacks:127 - Download is needed for SW pack 'X-CUBE-MEMS1_V12.0.0'
2026-05-11 19:10:54,213 [INFO] SoftwarePacks:127 - Download is needed for SW pack 'X-CUBE-NFC4_V3.0.0'
2026-05-11 19:10:54,213 [INFO] SoftwarePacks:127 - Download is needed for SW pack 'X-CUBE-NFC7_V2.0.0'
2026-05-11 19:10:54,213 [INFO] SoftwarePacks:127 - Download is needed for SW pack 'X-CUBE-SFXS2LP1_V4.0.0'
2026-05-11 19:10:54,213 [INFO] SoftwarePacks:127 - Download is needed for SW pack 'X-CUBE-ST67W61_V1.2.0'
2026-05-11 19:10:54,213 [INFO] SoftwarePacks:127 - Download is needed for SW pack 'X-CUBE-SUBG2_V5.0.0'
2026-05-11 19:10:54,213 [INFO] SoftwarePacks:127 - Download is needed for SW pack 'X-CUBE-TOF1_V3.4.3'
2026-05-11 19:10:58,259 [INFO] LoadUrlFilesThread:185 - End of LoadServerUrlFiles without Thread
2026-05-11 19:10:58,261 [INFO] DetailPanel:341 - Set advertising image to C:/Users/jahna/STM32Cube/Repository/\en.prom-stm32wba2-stm32-nucleo-board-0426.png
2026-05-11 19:10:58,367 [ERROR] AppliInfo:139 - Unknown STM32CubeMX version: 6.16.1
2026-05-11 19:10:58,368 [ERROR] AppliInfo:139 - Unknown STM32CubeMX version: 6.16.1
2026-05-11 19:10:59,063 [ERROR] AppliInfo:139 - Unknown STM32CubeMX version: 6.17.0
2026-05-11 19:10:59,075 [ERROR] AppliInfo:139 - Unknown STM32CubeMX version: 6.17.0
2026-05-11 19:10:59,075 [ERROR] AppliInfo:139 - Unknown STM32CubeMX version: 6.17.0
2026-05-11 19:10:59,076 [ERROR] AppliInfo:139 - Unknown STM32CubeMX version: 6.17.0
2026-05-11 19:10:59,076 [ERROR] AppliInfo:139 - Unknown STM32CubeMX version: 6.17.0
2026-05-11 19:10:59,076 [ERROR] AppliInfo:139 - Unknown STM32CubeMX version: 6.17.0
2026-05-11 19:10:59,076 [ERROR] AppliInfo:139 - Unknown STM32CubeMX version: 6.17.0
2026-05-11 19:10:59,077 [ERROR] AppliInfo:139 - Unknown STM32CubeMX version: 6.17.0
2026-05-11 19:10:59,077 [ERROR] AppliInfo:139 - Unknown STM32CubeMX version: 6.17.0
2026-05-11 19:10:59,089 [ERROR] AppliInfo:139 - Unknown STM32CubeMX version: 6.17.0
2026-05-11 19:10:59,090 [ERROR] AppliInfo:139 - Unknown STM32CubeMX version: 6.17.0
2026-05-11 19:10:59,090 [ERROR] AppliInfo:139 - Unknown STM32CubeMX version: 6.17.0
2026-05-11 19:10:59,091 [ERROR] AppliInfo:139 - Unknown STM32CubeMX version: 6.17.0
2026-05-11 19:10:59,102 [ERROR] AppliInfo:139 - Unknown STM32CubeMX version: 6.17.0
2026-05-11 19:10:59,103 [ERROR] AppliInfo:139 - Unknown STM32CubeMX version: 6.17.0
2026-05-11 19:10:59,104 [ERROR] AppliInfo:139 - Unknown STM32CubeMX version: 6.17.0
2026-05-11 19:10:59,104 [ERROR] AppliInfo:139 - Unknown STM32CubeMX version: 6.17.0
2026-05-11 19:10:59,104 [ERROR] AppliInfo:139 - Unknown STM32CubeMX version: 6.17.0
2026-05-11 19:10:59,105 [ERROR] AppliInfo:139 - Unknown STM32CubeMX version: 6.17.0
2026-05-11 19:10:59,105 [ERROR] AppliInfo:139 - Unknown STM32CubeMX version: 6.17.0
2026-05-11 19:10:59,106 [ERROR] AppliInfo:139 - Unknown STM32CubeMX version: 6.17.0
2026-05-11 19:10:59,106 [ERROR] AppliInfo:139 - Unknown STM32CubeMX version: 6.17.0
2026-05-11 19:10:59,106 [ERROR] AppliInfo:139 - Unknown STM32CubeMX version: 6.17.0
2026-05-11 19:10:59,106 [ERROR] AppliInfo:139 - Unknown STM32CubeMX version: 6.17.0
2026-05-11 19:10:59,107 [ERROR] AppliInfo:139 - Unknown STM32CubeMX version: 6.17.0
2026-05-11 19:10:59,107 [ERROR] AppliInfo:139 - Unknown STM32CubeMX version: 6.17.0
2026-05-11 19:10:59,107 [ERROR] AppliInfo:139 - Unknown STM32CubeMX version: 6.17.0
2026-05-11 19:10:59,108 [ERROR] AppliInfo:139 - Unknown STM32CubeMX version: 6.17.0
2026-05-11 19:10:59,108 [ERROR] AppliInfo:139 - Unknown STM32CubeMX version: 6.17.0
2026-05-11 19:10:59,132 [ERROR] AppliInfo:139 - Unknown STM32CubeMX version: 6.17.0
2026-05-11 19:10:59,132 [ERROR] AppliInfo:139 - Unknown STM32CubeMX version: 6.17.0
2026-05-11 19:10:59,133 [ERROR] AppliInfo:139 - Unknown STM32CubeMX version: 6.17.0
2026-05-11 19:10:59,133 [ERROR] AppliInfo:139 - Unknown STM32CubeMX version: 6.17.0
2026-05-11 19:10:59,137 [ERROR] AppliInfo:139 - Unknown STM32CubeMX version: 6.17.0
2026-05-11 19:10:59,138 [ERROR] AppliInfo:139 - Unknown STM32CubeMX version: 6.17.0
2026-05-11 19:10:59,140 [ERROR] AppliInfo:139 - Unknown STM32CubeMX version: 6.17.0
2026-05-11 19:10:59,141 [ERROR] AppliInfo:139 - Unknown STM32CubeMX version: 6.17.0
2026-05-11 19:10:59,141 [ERROR] AppliInfo:139 - Unknown STM32CubeMX version: 6.17.0
2026-05-11 19:10:59,757 [ERROR] AppliInfo:139 - Unknown STM32CubeMX version: 6.17.0
2026-05-11 19:10:59,766 [ERROR] AppliInfo:139 - Unknown STM32CubeMX version: 6.17.0
2026-05-11 19:10:59,766 [ERROR] AppliInfo:139 - Unknown STM32CubeMX version: 6.17.0
2026-05-11 19:10:59,766 [ERROR] AppliInfo:139 - Unknown STM32CubeMX version: 6.17.0
2026-05-11 19:10:59,766 [ERROR] AppliInfo:139 - Unknown STM32CubeMX version: 6.17.0
2026-05-11 19:10:59,768 [ERROR] AppliInfo:139 - Unknown STM32CubeMX version: 6.17.0
2026-05-11 19:10:59,768 [ERROR] AppliInfo:139 - Unknown STM32CubeMX version: 6.17.0
2026-05-11 19:10:59,769 [ERROR] AppliInfo:139 - Unknown STM32CubeMX version: 6.17.0
2026-05-11 19:10:59,769 [ERROR] AppliInfo:139 - Unknown STM32CubeMX version: 6.17.0
2026-05-11 19:10:59,769 [ERROR] AppliInfo:139 - Unknown STM32CubeMX version: 6.17.0
2026-05-11 19:10:59,769 [ERROR] AppliInfo:139 - Unknown STM32CubeMX version: 6.17.0
2026-05-11 19:10:59,770 [ERROR] AppliInfo:139 - Unknown STM32CubeMX version: 6.17.0
2026-05-11 19:10:59,770 [ERROR] AppliInfo:139 - Unknown STM32CubeMX version: 6.17.0
2026-05-11 19:10:59,770 [ERROR] AppliInfo:139 - Unknown STM32CubeMX version: 6.17.0
2026-05-11 19:10:59,771 [ERROR] AppliInfo:139 - Unknown STM32CubeMX version: 6.17.0
2026-05-11 19:10:59,771 [ERROR] AppliInfo:139 - Unknown STM32CubeMX version: 6.17.0
2026-05-11 19:10:59,772 [ERROR] AppliInfo:139 - Unknown STM32CubeMX version: 6.17.0
2026-05-11 19:10:59,772 [ERROR] AppliInfo:139 - Unknown STM32CubeMX version: 6.17.0
2026-05-11 19:10:59,772 [ERROR] AppliInfo:139 - Unknown STM32CubeMX version: 6.17.0
2026-05-11 19:10:59,772 [ERROR] AppliInfo:139 - Unknown STM32CubeMX version: 6.17.0
2026-05-11 19:10:59,773 [ERROR] AppliInfo:139 - Unknown STM32CubeMX version: 6.17.0
2026-05-11 19:10:59,773 [ERROR] AppliInfo:139 - Unknown STM32CubeMX version: 6.17.0
2026-05-11 19:10:59,773 [ERROR] AppliInfo:139 - Unknown STM32CubeMX version: 6.17.0
2026-05-11 19:10:59,774 [ERROR] AppliInfo:139 - Unknown STM32CubeMX version: 6.17.0
2026-05-11 19:10:59,774 [ERROR] AppliInfo:139 - Unknown STM32CubeMX version: 6.17.0
2026-05-11 19:10:59,774 [ERROR] AppliInfo:139 - Unknown STM32CubeMX version: 6.17.0
2026-05-11 19:10:59,775 [ERROR] AppliInfo:139 - Unknown STM32CubeMX version: 6.17.0
2026-05-11 19:10:59,775 [ERROR] AppliInfo:139 - Unknown STM32CubeMX version: 6.17.0
2026-05-11 19:10:59,775 [ERROR] AppliInfo:139 - Unknown STM32CubeMX version: 6.17.0
2026-05-11 19:10:59,776 [ERROR] AppliInfo:139 - Unknown STM32CubeMX version: 6.17.0
2026-05-11 19:10:59,776 [ERROR] AppliInfo:139 - Unknown STM32CubeMX version: 6.17.0
2026-05-11 19:10:59,776 [ERROR] AppliInfo:139 - Unknown STM32CubeMX version: 6.17.0
2026-05-11 19:10:59,776 [ERROR] AppliInfo:139 - Unknown STM32CubeMX version: 6.17.0
2026-05-11 19:10:59,776 [ERROR] AppliInfo:139 - Unknown STM32CubeMX version: 6.17.0
2026-05-11 19:10:59,777 [ERROR] AppliInfo:139 - Unknown STM32CubeMX version: 6.17.0
2026-05-11 19:10:59,777 [ERROR] AppliInfo:139 - Unknown STM32CubeMX version: 6.17.0
2026-05-11 19:10:59,777 [ERROR] AppliInfo:139 - Unknown STM32CubeMX version: 6.17.0
2026-05-11 19:10:59,778 [ERROR] AppliInfo:139 - Unknown STM32CubeMX version: 6.17.0
2026-05-11 19:10:59,778 [ERROR] AppliInfo:139 - Unknown STM32CubeMX version: 6.17.0
2026-05-11 19:10:59,778 [ERROR] AppliInfo:139 - Unknown STM32CubeMX version: 6.17.0
2026-05-11 19:10:59,779 [ERROR] AppliInfo:139 - Unknown STM32CubeMX version: 6.17.0
2026-05-11 19:10:59,779 [ERROR] AppliInfo:139 - Unknown STM32CubeMX version: 6.17.0
2026-05-11 19:10:59,779 [ERROR] AppliInfo:139 - Unknown STM32CubeMX version: 6.17.0
2026-05-11 19:10:59,780 [ERROR] AppliInfo:139 - Unknown STM32CubeMX version: 6.17.0
2026-05-11 19:10:59,780 [ERROR] AppliInfo:139 - Unknown STM32CubeMX version: 6.17.0
2026-05-11 19:10:59,780 [ERROR] AppliInfo:139 - Unknown STM32CubeMX version: 6.17.0
2026-05-11 19:10:59,780 [ERROR] AppliInfo:139 - Unknown STM32CubeMX version: 6.17.0
2026-05-11 19:10:59,780 [ERROR] AppliInfo:139 - Unknown STM32CubeMX version: 6.17.0
2026-05-11 19:10:59,781 [ERROR] AppliInfo:139 - Unknown STM32CubeMX version: 6.17.0
2026-05-11 19:10:59,790 [ERROR] AppliInfo:139 - Unknown STM32CubeMX version: 6.17.0
2026-05-11 19:10:59,791 [ERROR] AppliInfo:139 - Unknown STM32CubeMX version: 6.17.0
2026-05-11 19:10:59,792 [ERROR] AppliInfo:139 - Unknown STM32CubeMX version: 6.17.0
2026-05-11 19:10:59,792 [ERROR] AppliInfo:139 - Unknown STM32CubeMX version: 6.17.0
2026-05-11 19:10:59,792 [ERROR] AppliInfo:139 - Unknown STM32CubeMX version: 6.17.0
2026-05-11 19:10:59,792 [ERROR] AppliInfo:139 - Unknown STM32CubeMX version: 6.17.0
2026-05-11 19:10:59,793 [ERROR] AppliInfo:139 - Unknown STM32CubeMX version: 6.17.0
2026-05-11 19:10:59,793 [ERROR] AppliInfo:139 - Unknown STM32CubeMX version: 6.17.0
2026-05-11 19:10:59,793 [ERROR] AppliInfo:139 - Unknown STM32CubeMX version: 6.17.0
2026-05-11 19:10:59,793 [ERROR] AppliInfo:139 - Unknown STM32CubeMX version: 6.17.0
2026-05-11 19:10:59,794 [ERROR] AppliInfo:139 - Unknown STM32CubeMX version: 6.17.0
2026-05-11 19:10:59,794 [ERROR] AppliInfo:139 - Unknown STM32CubeMX version: 6.17.0
2026-05-11 19:10:59,794 [ERROR] AppliInfo:139 - Unknown STM32CubeMX version: 6.17.0
2026-05-11 19:10:59,794 [ERROR] AppliInfo:139 - Unknown STM32CubeMX version: 6.17.0
2026-05-11 19:10:59,795 [ERROR] AppliInfo:139 - Unknown STM32CubeMX version: 6.17.0
2026-05-11 19:10:59,795 [ERROR] AppliInfo:139 - Unknown STM32CubeMX version: 6.17.0
2026-05-11 19:10:59,795 [ERROR] AppliInfo:139 - Unknown STM32CubeMX version: 6.17.0
2026-05-11 19:10:59,795 [ERROR] AppliInfo:139 - Unknown STM32CubeMX version: 6.17.0
2026-05-11 19:10:59,796 [ERROR] AppliInfo:139 - Unknown STM32CubeMX version: 6.17.0
2026-05-11 19:10:59,796 [ERROR] AppliInfo:139 - Unknown STM32CubeMX version: 6.17.0
2026-05-11 19:10:59,796 [ERROR] AppliInfo:139 - Unknown STM32CubeMX version: 6.17.0
2026-05-11 19:10:59,796 [ERROR] AppliInfo:139 - Unknown STM32CubeMX version: 6.17.0
2026-05-11 19:10:59,796 [ERROR] AppliInfo:139 - Unknown STM32CubeMX version: 6.17.0
2026-05-11 19:10:59,797 [ERROR] AppliInfo:139 - Unknown STM32CubeMX version: 6.17.0
2026-05-11 19:10:59,797 [ERROR] AppliInfo:139 - Unknown STM32CubeMX version: 6.17.0
2026-05-11 19:10:59,797 [ERROR] AppliInfo:139 - Unknown STM32CubeMX version: 6.17.0
2026-05-11 19:10:59,797 [ERROR] AppliInfo:139 - Unknown STM32CubeMX version: 6.17.0
2026-05-11 19:10:59,797 [ERROR] AppliInfo:139 - Unknown STM32CubeMX version: 6.17.0
2026-05-11 19:10:59,798 [ERROR] AppliInfo:139 - Unknown STM32CubeMX version: 6.17.0
2026-05-11 19:10:59,798 [ERROR] AppliInfo:139 - Unknown STM32CubeMX version: 6.17.0
2026-05-11 19:10:59,988 [ERROR] AppliInfo:139 - Unknown STM32CubeMX version: 6.16.0
2026-05-11 19:10:59,989 [ERROR] AppliInfo:139 - Unknown STM32CubeMX version: 6.16.0
2026-05-11 19:10:59,989 [ERROR] AppliInfo:139 - Unknown STM32CubeMX version: 6.16.0
2026-05-11 19:10:59,989 [ERROR] AppliInfo:139 - Unknown STM32CubeMX version: 6.16.0
2026-05-11 19:10:59,989 [ERROR] AppliInfo:139 - Unknown STM32CubeMX version: 6.16.0
2026-05-11 19:11:00,040 [ERROR] AppliInfo:139 - Unknown STM32CubeMX version: 6.16.0
2026-05-11 19:11:00,040 [ERROR] AppliInfo:139 - Unknown STM32CubeMX version: 6.16.0
2026-05-11 19:11:00,040 [ERROR] AppliInfo:139 - Unknown STM32CubeMX version: 6.16.0
2026-05-11 19:11:00,053 [ERROR] AppliInfo:139 - Unknown STM32CubeMX version: 6.16.0
2026-05-11 19:11:03,641 [ERROR] AppliInfo:139 - Unknown STM32CubeMX version: 6.16.0
2026-05-11 19:11:03,645 [ERROR] AppliInfo:139 - Unknown STM32CubeMX version: 6.16.0
2026-05-11 19:11:04,201 [ERROR] AppliInfo:139 - Unknown STM32CubeMX version: 6.16.0
2026-05-11 19:11:04,206 [ERROR] AppliInfo:139 - Unknown STM32CubeMX version: 6.16.0
2026-05-11 19:11:04,207 [ERROR] AppliInfo:139 - Unknown STM32CubeMX version: 6.16.0
2026-05-11 19:11:04,209 [ERROR] AppliInfo:139 - Unknown STM32CubeMX version: 6.16.0
2026-05-11 19:11:04,210 [ERROR] AppliInfo:139 - Unknown STM32CubeMX version: 6.16.0
2026-05-11 19:11:04,211 [ERROR] AppliInfo:139 - Unknown STM32CubeMX version: 6.16.0
2026-05-11 19:11:04,712 [ERROR] AppliInfo:139 - Unknown STM32CubeMX version: 6.16.0
2026-05-11 19:11:04,713 [ERROR] AppliInfo:139 - Unknown STM32CubeMX version: 6.16.0
2026-05-11 19:11:04,714 [ERROR] AppliInfo:139 - Unknown STM32CubeMX version: 6.16.0
2026-05-11 19:11:04,715 [ERROR] AppliInfo:139 - Unknown STM32CubeMX version: 6.16.0
2026-05-11 19:11:04,715 [ERROR] AppliInfo:139 - Unknown STM32CubeMX version: 6.16.0
2026-05-11 19:11:04,717 [ERROR] AppliInfo:139 - Unknown STM32CubeMX version: 6.16.0
2026-05-11 19:11:04,720 [ERROR] AppliInfo:139 - Unknown STM32CubeMX version: 6.16.0
2026-05-11 19:11:04,721 [ERROR] AppliInfo:139 - Unknown STM32CubeMX version: 6.16.0
2026-05-11 19:11:04,723 [ERROR] AppliInfo:139 - Unknown STM32CubeMX version: 6.16.0
2026-05-11 19:11:04,725 [ERROR] AppliInfo:139 - Unknown STM32CubeMX version: 6.16.0
2026-05-11 19:11:04,725 [ERROR] AppliInfo:139 - Unknown STM32CubeMX version: 6.16.0
2026-05-11 19:11:04,726 [ERROR] AppliInfo:139 - Unknown STM32CubeMX version: 6.16.0
2026-05-11 19:11:04,730 [ERROR] AppliInfo:139 - Unknown STM32CubeMX version: 6.16.0
2026-05-11 19:11:04,731 [ERROR] AppliInfo:139 - Unknown STM32CubeMX version: 6.16.0
2026-05-11 19:11:04,731 [ERROR] AppliInfo:139 - Unknown STM32CubeMX version: 6.16.0
2026-05-11 19:11:04,732 [ERROR] AppliInfo:139 - Unknown STM32CubeMX version: 6.16.0
2026-05-11 19:11:04,734 [ERROR] AppliInfo:139 - Unknown STM32CubeMX version: 6.16.0
2026-05-11 19:11:04,736 [ERROR] AppliInfo:139 - Unknown STM32CubeMX version: 6.16.0
2026-05-11 19:11:04,739 [ERROR] AppliInfo:139 - Unknown STM32CubeMX version: 6.16.0
2026-05-11 19:11:04,739 [ERROR] AppliInfo:139 - Unknown STM32CubeMX version: 6.16.0
2026-05-11 19:11:04,741 [ERROR] AppliInfo:139 - Unknown STM32CubeMX version: 6.16.0
2026-05-11 19:11:04,741 [ERROR] AppliInfo:139 - Unknown STM32CubeMX version: 6.16.0
2026-05-11 19:11:04,742 [ERROR] AppliInfo:139 - Unknown STM32CubeMX version: 6.16.0
2026-05-11 19:11:04,743 [ERROR] AppliInfo:139 - Unknown STM32CubeMX version: 6.16.0
2026-05-11 19:11:04,743 [ERROR] AppliInfo:139 - Unknown STM32CubeMX version: 6.16.0
2026-05-11 19:11:04,744 [ERROR] AppliInfo:139 - Unknown STM32CubeMX version: 6.16.0
2026-05-11 19:11:04,745 [ERROR] AppliInfo:139 - Unknown STM32CubeMX version: 6.16.0
2026-05-11 19:11:04,745 [ERROR] AppliInfo:139 - Unknown STM32CubeMX version: 6.16.0
2026-05-11 19:11:04,747 [ERROR] AppliInfo:139 - Unknown STM32CubeMX version: 6.16.0
2026-05-11 19:11:04,749 [ERROR] AppliInfo:139 - Unknown STM32CubeMX version: 6.16.0
2026-05-11 19:11:04,749 [ERROR] AppliInfo:139 - Unknown STM32CubeMX version: 6.16.0
2026-05-11 19:11:04,750 [ERROR] AppliInfo:139 - Unknown STM32CubeMX version: 6.16.0
2026-05-11 19:11:04,751 [ERROR] AppliInfo:139 - Unknown STM32CubeMX version: 6.16.0
2026-05-11 19:11:06,324 [ERROR] AppliInfo:139 - Unknown STM32CubeMX version: 6.17.0
2026-05-11 19:11:06,327 [ERROR] AppliInfo:139 - Unknown STM32CubeMX version: 6.17.0
2026-05-11 19:11:06,328 [ERROR] AppliInfo:139 - Unknown STM32CubeMX version: 6.17.0
2026-05-11 19:11:06,342 [ERROR] AppliInfo:139 - Unknown STM32CubeMX version: 6.17.0
2026-05-11 19:11:06,344 [ERROR] AppliInfo:139 - Unknown STM32CubeMX version: 6.17.0
2026-05-11 19:11:06,344 [ERROR] AppliInfo:139 - Unknown STM32CubeMX version: 6.17.0
2026-05-11 19:11:06,345 [ERROR] AppliInfo:139 - Unknown STM32CubeMX version: 6.17.0
2026-05-11 19:11:06,346 [ERROR] AppliInfo:139 - Unknown STM32CubeMX version: 6.17.0
2026-05-11 19:11:06,870 [ERROR] AppliInfo:139 - Unknown STM32CubeMX version: 6.17.0
2026-05-11 19:11:06,871 [ERROR] AppliInfo:139 - Unknown STM32CubeMX version: 6.17.0
2026-05-11 19:11:06,872 [ERROR] AppliInfo:139 - Unknown STM32CubeMX version: 6.17.0
2026-05-11 19:11:06,873 [ERROR] AppliInfo:139 - Unknown STM32CubeMX version: 6.17.0
2026-05-11 19:11:06,874 [ERROR] AppliInfo:139 - Unknown STM32CubeMX version: 6.17.0
2026-05-11 19:11:06,874 [ERROR] AppliInfo:139 - Unknown STM32CubeMX version: 6.17.0
2026-05-11 19:11:06,876 [ERROR] AppliInfo:139 - Unknown STM32CubeMX version: 6.17.0
2026-05-11 19:11:06,877 [ERROR] AppliInfo:139 - Unknown STM32CubeMX version: 6.17.0
2026-05-11 19:11:06,878 [ERROR] AppliInfo:139 - Unknown STM32CubeMX version: 6.17.0
2026-05-11 19:11:06,878 [ERROR] AppliInfo:139 - Unknown STM32CubeMX version: 6.17.0
2026-05-11 19:11:06,882 [ERROR] AppliInfo:139 - Unknown STM32CubeMX version: 6.17.0
2026-05-11 19:11:06,883 [ERROR] AppliInfo:139 - Unknown STM32CubeMX version: 6.17.0
2026-05-11 19:11:06,884 [ERROR] AppliInfo:139 - Unknown STM32CubeMX version: 6.17.0
2026-05-11 19:11:07,429 [ERROR] AppliInfo:139 - Unknown STM32CubeMX version: 6.17.0
2026-05-11 19:11:07,431 [ERROR] AppliInfo:139 - Unknown STM32CubeMX version: 6.17.0
2026-05-11 19:11:07,431 [ERROR] AppliInfo:139 - Unknown STM32CubeMX version: 6.17.0
2026-05-11 19:11:07,432 [ERROR] AppliInfo:139 - Unknown STM32CubeMX version: 6.17.0
2026-05-11 19:11:07,432 [ERROR] AppliInfo:139 - Unknown STM32CubeMX version: 6.17.0
2026-05-11 19:11:07,433 [ERROR] AppliInfo:139 - Unknown STM32CubeMX version: 6.17.0
2026-05-11 19:11:07,434 [ERROR] AppliInfo:139 - Unknown STM32CubeMX version: 6.17.0
2026-05-11 19:11:07,957 [ERROR] AppliInfo:139 - Unknown STM32CubeMX version: 6.17.0
2026-05-11 19:11:07,958 [ERROR] AppliInfo:139 - Unknown STM32CubeMX version: 6.17.0
2026-05-11 19:11:07,959 [ERROR] AppliInfo:139 - Unknown STM32CubeMX version: 6.17.0
2026-05-11 19:11:07,959 [ERROR] AppliInfo:139 - Unknown STM32CubeMX version: 6.17.0
2026-05-11 19:11:07,960 [ERROR] AppliInfo:139 - Unknown STM32CubeMX version: 6.17.0
2026-05-11 19:11:07,960 [ERROR] AppliInfo:139 - Unknown STM32CubeMX version: 6.17.0
2026-05-11 19:11:07,961 [ERROR] AppliInfo:139 - Unknown STM32CubeMX version: 6.17.0
2026-05-11 19:11:07,962 [ERROR] AppliInfo:139 - Unknown STM32CubeMX version: 6.17.0
2026-05-11 19:11:07,962 [ERROR] AppliInfo:139 - Unknown STM32CubeMX version: 6.17.0
2026-05-11 19:11:07,963 [ERROR] AppliInfo:139 - Unknown STM32CubeMX version: 6.17.0
2026-05-11 19:11:07,963 [ERROR] AppliInfo:139 - Unknown STM32CubeMX version: 6.17.0
2026-05-11 19:11:07,963 [ERROR] AppliInfo:139 - Unknown STM32CubeMX version: 6.17.0
2026-05-11 19:11:07,964 [ERROR] AppliInfo:139 - Unknown STM32CubeMX version: 6.17.0
2026-05-11 19:11:07,964 [ERROR] AppliInfo:139 - Unknown STM32CubeMX version: 6.17.0
2026-05-11 19:11:07,965 [ERROR] AppliInfo:139 - Unknown STM32CubeMX version: 6.17.0
2026-05-11 19:11:07,965 [ERROR] AppliInfo:139 - Unknown STM32CubeMX version: 6.17.0
2026-05-11 19:11:07,966 [ERROR] AppliInfo:139 - Unknown STM32CubeMX version: 6.17.0
2026-05-11 19:11:07,966 [ERROR] AppliInfo:139 - Unknown STM32CubeMX version: 6.17.0
2026-05-11 19:11:07,967 [ERROR] AppliInfo:139 - Unknown STM32CubeMX version: 6.17.0
2026-05-11 19:11:07,968 [ERROR] AppliInfo:139 - Unknown STM32CubeMX version: 6.17.0
2026-05-11 19:11:07,969 [ERROR] AppliInfo:139 - Unknown STM32CubeMX version: 6.17.0
2026-05-11 19:11:07,970 [ERROR] AppliInfo:139 - Unknown STM32CubeMX version: 6.17.0
2026-05-11 19:11:07,970 [ERROR] AppliInfo:139 - Unknown STM32CubeMX version: 6.17.0
2026-05-11 19:11:07,971 [ERROR] AppliInfo:139 - Unknown STM32CubeMX version: 6.17.0
2026-05-11 19:11:07,971 [ERROR] AppliInfo:139 - Unknown STM32CubeMX version: 6.17.0
2026-05-11 19:11:07,972 [ERROR] AppliInfo:139 - Unknown STM32CubeMX version: 6.17.0
2026-05-11 19:11:07,972 [ERROR] AppliInfo:139 - Unknown STM32CubeMX version: 6.17.0
2026-05-11 19:11:07,973 [ERROR] AppliInfo:139 - Unknown STM32CubeMX version: 6.17.0
2026-05-11 19:11:07,974 [ERROR] AppliInfo:139 - Unknown STM32CubeMX version: 6.17.0
2026-05-11 19:11:07,974 [ERROR] AppliInfo:139 - Unknown STM32CubeMX version: 6.17.0
2026-05-11 19:11:07,975 [ERROR] AppliInfo:139 - Unknown STM32CubeMX version: 6.17.0
2026-05-11 19:11:07,975 [ERROR] AppliInfo:139 - Unknown STM32CubeMX version: 6.17.0
2026-05-11 19:11:07,976 [ERROR] AppliInfo:139 - Unknown STM32CubeMX version: 6.17.0
2026-05-11 19:11:07,977 [ERROR] AppliInfo:139 - Unknown STM32CubeMX version: 6.17.0
2026-05-11 19:11:07,977 [ERROR] AppliInfo:139 - Unknown STM32CubeMX version: 6.17.0
2026-05-11 19:11:07,977 [ERROR] AppliInfo:139 - Unknown STM32CubeMX version: 6.17.0
2026-05-11 19:11:07,978 [ERROR] AppliInfo:139 - Unknown STM32CubeMX version: 6.17.0
2026-05-11 19:11:07,978 [ERROR] AppliInfo:139 - Unknown STM32CubeMX version: 6.17.0
2026-05-11 19:11:07,979 [ERROR] AppliInfo:139 - Unknown STM32CubeMX version: 6.17.0
2026-05-11 19:11:07,979 [ERROR] AppliInfo:139 - Unknown STM32CubeMX version: 6.17.0
2026-05-11 19:11:07,980 [ERROR] AppliInfo:139 - Unknown STM32CubeMX version: 6.17.0
2026-05-11 19:11:07,980 [ERROR] AppliInfo:139 - Unknown STM32CubeMX version: 6.17.0
2026-05-11 19:11:07,981 [ERROR] AppliInfo:139 - Unknown STM32CubeMX version: 6.17.0
2026-05-11 19:11:07,981 [ERROR] AppliInfo:139 - Unknown STM32CubeMX version: 6.17.0
2026-05-11 19:11:07,982 [ERROR] AppliInfo:139 - Unknown STM32CubeMX version: 6.17.0
2026-05-11 19:11:07,984 [ERROR] AppliInfo:139 - Unknown STM32CubeMX version: 6.17.0
2026-05-11 19:11:07,985 [ERROR] AppliInfo:139 - Unknown STM32CubeMX version: 6.17.0
2026-05-11 19:11:07,986 [ERROR] AppliInfo:139 - Unknown STM32CubeMX version: 6.17.0
2026-05-11 19:11:07,987 [ERROR] AppliInfo:139 - Unknown STM32CubeMX version: 6.17.0
2026-05-11 19:11:07,987 [ERROR] AppliInfo:139 - Unknown STM32CubeMX version: 6.17.0
2026-05-11 19:11:07,988 [ERROR] AppliInfo:139 - Unknown STM32CubeMX version: 6.17.0
2026-05-11 19:11:07,988 [ERROR] AppliInfo:139 - Unknown STM32CubeMX version: 6.17.0
2026-05-11 19:11:07,989 [ERROR] AppliInfo:139 - Unknown STM32CubeMX version: 6.17.0
2026-05-11 19:11:07,989 [ERROR] AppliInfo:139 - Unknown STM32CubeMX version: 6.17.0
2026-05-11 19:11:10,692 [ERROR] AppliInfo:139 - Unknown STM32CubeMX version: 6.16.0
2026-05-11 19:11:11,749 [ERROR] AppliInfo:139 - Unknown STM32CubeMX version: 6.16.0
2026-05-11 19:11:11,750 [ERROR] AppliInfo:139 - Unknown STM32CubeMX version: 6.16.0
2026-05-11 19:11:11,751 [ERROR] AppliInfo:139 - Unknown STM32CubeMX version: 6.16.0
2026-05-11 19:11:11,752 [ERROR] AppliInfo:139 - Unknown STM32CubeMX version: 6.16.0
2026-05-11 19:11:11,752 [ERROR] AppliInfo:139 - Unknown STM32CubeMX version: 6.16.0
2026-05-11 19:11:11,753 [ERROR] AppliInfo:139 - Unknown STM32CubeMX version: 6.16.0
2026-05-11 19:11:18,595 [ERROR] AppliInfo:139 - Unknown STM32CubeMX version: 6.12.1
2026-05-11 19:11:18,596 [ERROR] AppliInfo:139 - Unknown STM32CubeMX version: 6.16.0
2026-05-11 19:11:18,597 [ERROR] AppliInfo:139 - Unknown STM32CubeMX version: 6.16.0
2026-05-11 19:11:18,597 [ERROR] AppliInfo:139 - Unknown STM32CubeMX version: 6.16.0
2026-05-11 19:11:19,142 [ERROR] AppliInfo:139 - Unknown STM32CubeMX version: 6.16.0
2026-05-11 19:11:19,143 [ERROR] AppliInfo:139 - Unknown STM32CubeMX version: 6.16.0
2026-05-11 19:11:19,143 [ERROR] AppliInfo:139 - Unknown STM32CubeMX version: 6.16.0
2026-05-11 19:11:19,144 [ERROR] AppliInfo:139 - Unknown STM32CubeMX version: 6.16.0
2026-05-11 19:11:19,144 [ERROR] AppliInfo:139 - Unknown STM32CubeMX version: 6.16.0
2026-05-11 19:11:19,145 [ERROR] AppliInfo:139 - Unknown STM32CubeMX version: 6.16.0
2026-05-11 19:11:19,145 [ERROR] AppliInfo:139 - Unknown STM32CubeMX version: 6.16.0
2026-05-11 19:11:19,146 [ERROR] AppliInfo:139 - Unknown STM32CubeMX version: 6.16.0
2026-05-11 19:11:19,146 [ERROR] AppliInfo:139 - Unknown STM32CubeMX version: 6.16.0
2026-05-11 19:11:19,147 [ERROR] AppliInfo:139 - Unknown STM32CubeMX version: 6.16.0
2026-05-11 19:11:19,147 [ERROR] AppliInfo:139 - Unknown STM32CubeMX version: 6.16.0
2026-05-11 19:11:19,148 [ERROR] AppliInfo:139 - Unknown STM32CubeMX version: 6.16.0
2026-05-11 19:11:19,148 [ERROR] AppliInfo:139 - Unknown STM32CubeMX version: 6.16.0
2026-05-11 19:11:19,148 [ERROR] AppliInfo:139 - Unknown STM32CubeMX version: 6.16.0
2026-05-11 19:11:19,149 [ERROR] AppliInfo:139 - Unknown STM32CubeMX version: 6.16.0
2026-05-11 19:11:19,149 [ERROR] AppliInfo:139 - Unknown STM32CubeMX version: 6.16.0
2026-05-11 19:11:19,150 [ERROR] AppliInfo:139 - Unknown STM32CubeMX version: 6.16.0
2026-05-11 19:11:19,150 [ERROR] AppliInfo:139 - Unknown STM32CubeMX version: 6.16.0
2026-05-11 19:11:20,214 [ERROR] AppliInfo:139 - Unknown STM32CubeMX version: 6.16.0
2026-05-11 19:11:20,214 [ERROR] AppliInfo:139 - Unknown STM32CubeMX version: 6.16.0
2026-05-11 19:11:20,215 [ERROR] AppliInfo:139 - Unknown STM32CubeMX version: 6.16.0
2026-05-11 19:11:20,215 [ERROR] AppliInfo:139 - Unknown STM32CubeMX version: 6.16.0
2026-05-11 19:11:20,215 [ERROR] AppliInfo:139 - Unknown STM32CubeMX version: 6.16.0
2026-05-11 19:11:20,216 [ERROR] AppliInfo:139 - Unknown STM32CubeMX version: 6.16.0
2026-05-11 19:11:20,216 [ERROR] AppliInfo:139 - Unknown STM32CubeMX version: 6.16.0
2026-05-11 19:11:20,216 [ERROR] AppliInfo:139 - Unknown STM32CubeMX version: 6.16.0
2026-05-11 19:11:20,217 [ERROR] AppliInfo:139 - Unknown STM32CubeMX version: 6.16.0
2026-05-11 19:11:20,217 [ERROR] AppliInfo:139 - Unknown STM32CubeMX version: 6.16.0
2026-05-11 19:11:20,218 [ERROR] AppliInfo:139 - Unknown STM32CubeMX version: 6.16.0
2026-05-11 19:11:20,219 [ERROR] AppliInfo:139 - Unknown STM32CubeMX version: 6.16.0
2026-05-11 19:11:20,219 [ERROR] AppliInfo:139 - Unknown STM32CubeMX version: 6.16.0
2026-05-11 19:11:20,219 [ERROR] AppliInfo:139 - Unknown STM32CubeMX version: 6.16.0
2026-05-11 19:11:20,220 [ERROR] AppliInfo:139 - Unknown STM32CubeMX version: 6.16.0
2026-05-11 19:11:20,220 [ERROR] AppliInfo:139 - Unknown STM32CubeMX version: 6.16.0
2026-05-11 19:11:20,220 [ERROR] AppliInfo:139 - Unknown STM32CubeMX version: 6.16.0
2026-05-11 19:11:20,221 [ERROR] AppliInfo:139 - Unknown STM32CubeMX version: 6.16.0
2026-05-11 19:11:20,221 [ERROR] AppliInfo:139 - Unknown STM32CubeMX version: 6.16.0
2026-05-11 19:11:20,221 [ERROR] AppliInfo:139 - Unknown STM32CubeMX version: 6.16.0
2026-05-11 19:11:20,222 [ERROR] AppliInfo:139 - Unknown STM32CubeMX version: 6.16.0
2026-05-11 19:11:21,221 [ERROR] AppliInfo:139 - Unknown STM32CubeMX version: 6.16.0
2026-05-11 19:11:21,222 [ERROR] AppliInfo:139 - Unknown STM32CubeMX version: 6.16.0
2026-05-11 19:11:21,222 [ERROR] AppliInfo:139 - Unknown STM32CubeMX version: 6.16.0
2026-05-11 19:11:21,223 [ERROR] AppliInfo:139 - Unknown STM32CubeMX version: 6.16.0
2026-05-11 19:11:21,223 [ERROR] AppliInfo:139 - Unknown STM32CubeMX version: 6.16.0
2026-05-11 19:11:21,223 [ERROR] AppliInfo:139 - Unknown STM32CubeMX version: 6.16.0
2026-05-11 19:11:21,224 [ERROR] AppliInfo:139 - Unknown STM32CubeMX version: 6.16.0
2026-05-11 19:11:21,224 [ERROR] AppliInfo:139 - Unknown STM32CubeMX version: 6.16.0
2026-05-11 19:11:21,224 [ERROR] AppliInfo:139 - Unknown STM32CubeMX version: 6.16.0
2026-05-11 19:11:21,224 [ERROR] AppliInfo:139 - Unknown STM32CubeMX version: 6.16.0
2026-05-11 19:11:21,225 [ERROR] AppliInfo:139 - Unknown STM32CubeMX version: 6.16.0
2026-05-11 19:11:21,225 [ERROR] AppliInfo:139 - Unknown STM32CubeMX version: 6.16.0
2026-05-11 19:11:21,694 [ERROR] AppliInfo:139 - Unknown STM32CubeMX version: 6.16.0
2026-05-11 19:11:21,695 [ERROR] AppliInfo:139 - Unknown STM32CubeMX version: 6.16.0
2026-05-11 19:11:21,697 [ERROR] AppliInfo:139 - Unknown STM32CubeMX version: 6.16.0
2026-05-11 19:11:21,697 [ERROR] AppliInfo:139 - Unknown STM32CubeMX version: 6.16.0
2026-05-11 19:11:21,697 [ERROR] AppliInfo:139 - Unknown STM32CubeMX version: 6.16.0
2026-05-11 19:11:21,698 [ERROR] AppliInfo:139 - Unknown STM32CubeMX version: 6.16.0
2026-05-11 19:11:21,698 [ERROR] AppliInfo:139 - Unknown STM32CubeMX version: 6.16.0
2026-05-11 19:11:21,698 [ERROR] AppliInfo:139 - Unknown STM32CubeMX version: 6.16.0
2026-05-11 19:11:21,698 [ERROR] AppliInfo:139 - Unknown STM32CubeMX version: 6.16.0
2026-05-11 19:11:24,076 [ERROR] AppliInfo:139 - Unknown STM32CubeMX version: 6.16.0
2026-05-11 19:11:24,077 [ERROR] AppliInfo:139 - Unknown STM32CubeMX version: 6.16.0
2026-05-11 19:11:24,077 [ERROR] AppliInfo:139 - Unknown STM32CubeMX version: 6.16.0
2026-05-11 19:11:24,077 [ERROR] AppliInfo:139 - Unknown STM32CubeMX version: 6.16.0
2026-05-11 19:11:24,077 [ERROR] AppliInfo:139 - Unknown STM32CubeMX version: 6.16.0
2026-05-11 19:11:24,078 [ERROR] AppliInfo:139 - Unknown STM32CubeMX version: 6.16.0
2026-05-11 19:11:24,080 [ERROR] AppliInfo:139 - Unknown STM32CubeMX version: 6.16.0
2026-05-11 19:11:24,080 [ERROR] AppliInfo:139 - Unknown STM32CubeMX version: 6.16.0
2026-05-11 19:11:24,544 [ERROR] AppliInfo:139 - Unknown STM32CubeMX version: 6.16.0
2026-05-11 19:11:24,547 [ERROR] AppliInfo:139 - Unknown STM32CubeMX version: 6.16.0
2026-05-11 19:11:24,547 [ERROR] AppliInfo:139 - Unknown STM32CubeMX version: 6.16.0
2026-05-11 19:11:24,547 [ERROR] AppliInfo:139 - Unknown STM32CubeMX version: 6.16.0
2026-05-11 19:11:25,022 [ERROR] AppliInfo:139 - Unknown STM32CubeMX version: 6.16.0
2026-05-11 19:11:25,023 [ERROR] AppliInfo:139 - Unknown STM32CubeMX version: 6.16.0
2026-05-11 19:11:25,023 [ERROR] AppliInfo:139 - Unknown STM32CubeMX version: 6.16.0
2026-05-11 19:11:25,501 [ERROR] AppliInfo:139 - Unknown STM32CubeMX version: 6.16.0
2026-05-11 19:11:25,502 [ERROR] AppliInfo:139 - Unknown STM32CubeMX version: 6.16.0
2026-05-11 19:11:25,502 [ERROR] AppliInfo:139 - Unknown STM32CubeMX version: 6.16.0
2026-05-11 19:11:25,503 [ERROR] AppliInfo:139 - Unknown STM32CubeMX version: 6.16.0
2026-05-11 19:11:25,503 [ERROR] AppliInfo:139 - Unknown STM32CubeMX version: 6.16.0
2026-05-11 19:11:25,503 [ERROR] AppliInfo:139 - Unknown STM32CubeMX version: 6.16.0
2026-05-11 19:11:25,504 [ERROR] AppliInfo:139 - Unknown STM32CubeMX version: 6.16.0
2026-05-11 19:11:25,504 [ERROR] AppliInfo:139 - Unknown STM32CubeMX version: 6.16.0
2026-05-11 19:11:25,980 [ERROR] AppliInfo:139 - Unknown STM32CubeMX version: 6.16.0
2026-05-11 19:11:25,981 [ERROR] AppliInfo:139 - Unknown STM32CubeMX version: 6.16.0
2026-05-11 19:11:26,460 [ERROR] AppliInfo:139 - Unknown STM32CubeMX version: 6.16.0
2026-05-11 19:11:26,462 [ERROR] AppliInfo:139 - Unknown STM32CubeMX version: 6.16.0
2026-05-11 19:11:26,463 [ERROR] AppliInfo:139 - Unknown STM32CubeMX version: 6.16.0
2026-05-11 19:11:26,463 [ERROR] AppliInfo:139 - Unknown STM32CubeMX version: 6.16.0
2026-05-11 19:11:26,464 [ERROR] AppliInfo:139 - Unknown STM32CubeMX version: 6.16.0
2026-05-11 19:11:26,464 [ERROR] AppliInfo:139 - Unknown STM32CubeMX version: 6.16.0
2026-05-11 19:11:26,465 [ERROR] AppliInfo:139 - Unknown STM32CubeMX version: 6.16.0
2026-05-11 19:11:26,465 [ERROR] AppliInfo:139 - Unknown STM32CubeMX version: 6.16.0
2026-05-11 19:11:26,941 [ERROR] AppliInfo:139 - Unknown STM32CubeMX version: 6.16.0
2026-05-11 19:11:26,943 [ERROR] AppliInfo:139 - Unknown STM32CubeMX version: 6.16.0
2026-05-11 19:11:26,943 [ERROR] AppliInfo:139 - Unknown STM32CubeMX version: 6.16.0
2026-05-11 19:11:26,944 [ERROR] AppliInfo:139 - Unknown STM32CubeMX version: 6.16.0
2026-05-11 19:11:26,945 [ERROR] AppliInfo:139 - Unknown STM32CubeMX version: 6.16.0
2026-05-11 19:11:26,946 [ERROR] AppliInfo:139 - Unknown STM32CubeMX version: 6.16.0
2026-05-11 19:11:26,946 [ERROR] AppliInfo:139 - Unknown STM32CubeMX version: 6.16.0
2026-05-11 19:11:27,426 [ERROR] AppliInfo:139 - Unknown STM32CubeMX version: 6.16.0
2026-05-11 19:11:27,426 [ERROR] AppliInfo:139 - Unknown STM32CubeMX version: 6.16.0
2026-05-11 19:11:27,427 [ERROR] AppliInfo:139 - Unknown STM32CubeMX version: 6.16.0
2026-05-11 19:11:27,915 [ERROR] AppliInfo:139 - Unknown STM32CubeMX version: 6.16.0
2026-05-11 19:11:28,407 [ERROR] AppliInfo:139 - Unknown STM32CubeMX version: 6.16.0
2026-05-11 19:11:28,883 [ERROR] AppliInfo:139 - Unknown STM32CubeMX version: 6.16.0
2026-05-11 19:11:28,884 [ERROR] AppliInfo:139 - Unknown STM32CubeMX version: 6.16.0
2026-05-11 19:11:29,873 [ERROR] AppliInfo:139 - Unknown STM32CubeMX version: 6.17.0
2026-05-11 19:11:30,371 [ERROR] AppliInfo:139 - Unknown STM32CubeMX version: 6.16.0
2026-05-11 19:11:30,372 [ERROR] AppliInfo:139 - Unknown STM32CubeMX version: 6.16.0
2026-05-11 19:11:30,373 [ERROR] AppliInfo:139 - Unknown STM32CubeMX version: 6.16.0
2026-05-11 19:11:30,374 [ERROR] AppliInfo:139 - Unknown STM32CubeMX version: 6.16.0
2026-05-11 19:11:30,846 [ERROR] AppliInfo:139 - Unknown STM32CubeMX version: 6.17.0
2026-05-11 19:11:30,847 [ERROR] AppliInfo:139 - Unknown STM32CubeMX version: 6.17.0
2026-05-11 19:11:30,848 [ERROR] AppliInfo:139 - Unknown STM32CubeMX version: 6.17.0
2026-05-11 19:11:30,848 [ERROR] AppliInfo:139 - Unknown STM32CubeMX version: 6.16.0
2026-05-11 19:11:30,849 [ERROR] AppliInfo:139 - Unknown STM32CubeMX version: 6.16.0
2026-05-11 19:11:31,335 [ERROR] AppliInfo:139 - Unknown STM32CubeMX version: 6.17.0
2026-05-11 19:11:31,336 [ERROR] AppliInfo:139 - Unknown STM32CubeMX version: 6.16.0
2026-05-11 19:11:31,337 [ERROR] AppliInfo:139 - Unknown STM32CubeMX version: 6.16.0
2026-05-11 19:11:31,811 [ERROR] AppliInfo:139 - Unknown STM32CubeMX version: 6.17.0
2026-05-11 19:11:31,812 [ERROR] AppliInfo:139 - Unknown STM32CubeMX version: 6.17.0
2026-05-11 19:11:32,308 [ERROR] AppliInfo:139 - Unknown STM32CubeMX version: 6.17.0
2026-05-11 19:11:32,310 [ERROR] AppliInfo:139 - Unknown STM32CubeMX version: 6.17.0
2026-05-11 19:11:32,310 [ERROR] AppliInfo:139 - Unknown STM32CubeMX version: 6.17.0
2026-05-11 19:11:32,311 [ERROR] AppliInfo:139 - Unknown STM32CubeMX version: 6.17.0
2026-05-11 19:11:32,784 [ERROR] AppliInfo:139 - Unknown STM32CubeMX version: 6.17.0
2026-05-11 19:11:32,785 [ERROR] AppliInfo:139 - Unknown STM32CubeMX version: 6.17.0
2026-05-11 19:11:37,888 [ERROR] AppliInfo:139 - Unknown STM32CubeMX version: 6.16.0
2026-05-11 19:11:37,890 [ERROR] AppliInfo:139 - Unknown STM32CubeMX version: 6.16.0
2026-05-11 19:11:40,308 [ERROR] AppliInfo:139 - Unknown STM32CubeMX version: 6.16.0
2026-05-11 19:11:40,310 [ERROR] AppliInfo:139 - Unknown STM32CubeMX version: 6.16.0
2026-05-11 19:11:40,311 [ERROR] AppliInfo:139 - Unknown STM32CubeMX version: 6.16.0
2026-05-11 19:11:40,311 [ERROR] AppliInfo:139 - Unknown STM32CubeMX version: 6.16.0
2026-05-11 19:11:40,312 [ERROR] AppliInfo:139 - Unknown STM32CubeMX version: 6.16.0
2026-05-11 19:11:40,312 [ERROR] AppliInfo:139 - Unknown STM32CubeMX version: 6.16.0
2026-05-11 19:11:40,314 [ERROR] AppliInfo:139 - Unknown STM32CubeMX version: 6.16.0
2026-05-11 19:11:40,314 [ERROR] AppliInfo:139 - Unknown STM32CubeMX version: 6.17.0
2026-05-11 19:11:40,315 [ERROR] AppliInfo:139 - Unknown STM32CubeMX version: 6.17.0
2026-05-11 19:11:40,317 [ERROR] AppliInfo:139 - Unknown STM32CubeMX version: 6.17.0
2026-05-11 19:11:40,787 [ERROR] AppliInfo:139 - Unknown STM32CubeMX version: 6.17.0
2026-05-11 19:11:40,791 [ERROR] AppliInfo:139 - Unknown STM32CubeMX version: 6.17.0
2026-05-11 19:11:40,792 [ERROR] AppliInfo:139 - Unknown STM32CubeMX version: 6.17.0
2026-05-11 19:11:40,792 [ERROR] AppliInfo:139 - Unknown STM32CubeMX version: 6.17.0
2026-05-11 19:11:40,792 [ERROR] AppliInfo:139 - Unknown STM32CubeMX version: 6.17.0
2026-05-11 19:11:40,793 [ERROR] AppliInfo:139 - Unknown STM32CubeMX version: 6.17.0
2026-05-11 19:11:40,793 [ERROR] AppliInfo:139 - Unknown STM32CubeMX version: 6.17.0
2026-05-11 19:11:40,794 [ERROR] AppliInfo:139 - Unknown STM32CubeMX version: 6.17.0
2026-05-11 19:11:40,794 [ERROR] AppliInfo:139 - Unknown STM32CubeMX version: 6.17.0
2026-05-11 19:11:40,794 [ERROR] AppliInfo:139 - Unknown STM32CubeMX version: 6.17.0
2026-05-11 19:11:40,794 [ERROR] AppliInfo:139 - Unknown STM32CubeMX version: 6.17.0
2026-05-11 19:11:40,795 [ERROR] AppliInfo:139 - Unknown STM32CubeMX version: 6.17.0
2026-05-11 19:11:40,795 [ERROR] AppliInfo:139 - Unknown STM32CubeMX version: 6.17.0
2026-05-11 19:11:40,795 [ERROR] AppliInfo:139 - Unknown STM32CubeMX version: 6.17.0
2026-05-11 19:11:40,795 [ERROR] AppliInfo:139 - Unknown STM32CubeMX version: 6.17.0
2026-05-11 19:11:40,797 [ERROR] AppliInfo:139 - Unknown STM32CubeMX version: 6.17.0
2026-05-11 19:11:41,290 [ERROR] AppliInfo:139 - Unknown STM32CubeMX version: 6.17.0
2026-05-11 19:11:41,291 [ERROR] AppliInfo:139 - Unknown STM32CubeMX version: 6.17.0
2026-05-11 19:11:41,292 [ERROR] AppliInfo:139 - Unknown STM32CubeMX version: 6.17.0
2026-05-11 19:11:41,293 [ERROR] AppliInfo:139 - Unknown STM32CubeMX version: 6.17.0
2026-05-11 19:11:41,293 [ERROR] AppliInfo:139 - Unknown STM32CubeMX version: 6.17.0
2026-05-11 19:11:41,293 [ERROR] AppliInfo:139 - Unknown STM32CubeMX version: 6.17.0
2026-05-11 19:11:41,294 [ERROR] AppliInfo:139 - Unknown STM32CubeMX version: 6.17.0
2026-05-11 19:11:41,294 [ERROR] AppliInfo:139 - Unknown STM32CubeMX version: 6.17.0
2026-05-11 19:11:41,296 [ERROR] AppliInfo:139 - Unknown STM32CubeMX version: 6.17.0
2026-05-11 19:11:41,296 [ERROR] AppliInfo:139 - Unknown STM32CubeMX version: 6.17.0
2026-05-11 19:11:41,296 [ERROR] AppliInfo:139 - Unknown STM32CubeMX version: 6.17.0
2026-05-11 19:11:41,297 [ERROR] AppliInfo:139 - Unknown STM32CubeMX version: 6.17.0
2026-05-11 19:11:41,297 [ERROR] AppliInfo:139 - Unknown STM32CubeMX version: 6.17.0
2026-05-11 19:11:41,297 [ERROR] AppliInfo:139 - Unknown STM32CubeMX version: 6.17.0
2026-05-11 19:11:41,780 [ERROR] AppliInfo:139 - Unknown STM32CubeMX version: 6.16.0
2026-05-11 19:11:41,783 [ERROR] AppliInfo:139 - Unknown STM32CubeMX version: 6.17.0
2026-05-11 19:11:41,784 [ERROR] AppliInfo:139 - Unknown STM32CubeMX version: 6.17.0
2026-05-11 19:11:41,784 [ERROR] AppliInfo:139 - Unknown STM32CubeMX version: 6.16.0
2026-05-11 19:11:41,785 [ERROR] AppliInfo:139 - Unknown STM32CubeMX version: 6.16.0
2026-05-11 19:11:41,785 [ERROR] AppliInfo:139 - Unknown STM32CubeMX version: 6.16.0
2026-05-11 19:11:41,785 [ERROR] AppliInfo:139 - Unknown STM32CubeMX version: 6.16.0
2026-05-11 19:11:41,786 [ERROR] AppliInfo:139 - Unknown STM32CubeMX version: 6.16.0
2026-05-11 19:11:42,288 [ERROR] AppliInfo:139 - Unknown STM32CubeMX version: 6.17.0
2026-05-11 19:11:42,289 [ERROR] AppliInfo:139 - Unknown STM32CubeMX version: 6.17.0
2026-05-11 19:11:42,291 [ERROR] AppliInfo:139 - Unknown STM32CubeMX version: 6.17.0
2026-05-11 19:11:42,291 [ERROR] AppliInfo:139 - Unknown STM32CubeMX version: 6.17.0
2026-05-11 19:11:42,292 [ERROR] AppliInfo:139 - Unknown STM32CubeMX version: 6.17.0
2026-05-11 19:11:42,292 [ERROR] AppliInfo:139 - Unknown STM32CubeMX version: 6.17.0
2026-05-11 19:11:42,293 [ERROR] AppliInfo:139 - Unknown STM32CubeMX version: 6.17.0
2026-05-11 19:11:42,293 [ERROR] AppliInfo:139 - Unknown STM32CubeMX version: 6.17.0
2026-05-11 19:11:42,294 [ERROR] AppliInfo:139 - Unknown STM32CubeMX version: 6.17.0
2026-05-11 19:11:42,294 [ERROR] AppliInfo:139 - Unknown STM32CubeMX version: 6.17.0
2026-05-11 19:11:42,295 [ERROR] AppliInfo:139 - Unknown STM32CubeMX version: 6.17.0
2026-05-11 19:11:42,295 [ERROR] AppliInfo:139 - Unknown STM32CubeMX version: 6.17.0
2026-05-11 19:11:42,295 [ERROR] AppliInfo:139 - Unknown STM32CubeMX version: 6.17.0
2026-05-11 19:11:42,296 [ERROR] AppliInfo:139 - Unknown STM32CubeMX version: 6.16.0
2026-05-11 19:11:42,296 [ERROR] AppliInfo:139 - Unknown STM32CubeMX version: 6.17.0
2026-05-11 19:11:42,296 [ERROR] AppliInfo:139 - Unknown STM32CubeMX version: 6.17.0
2026-05-11 19:11:42,767 [ERROR] AppliInfo:139 - Unknown STM32CubeMX version: 6.16.0
2026-05-11 19:11:42,767 [ERROR] AppliInfo:139 - Unknown STM32CubeMX version: 6.17.0
2026-05-11 19:11:42,769 [ERROR] AppliInfo:139 - Unknown STM32CubeMX version: 6.16.0
2026-05-11 19:11:42,769 [ERROR] AppliInfo:139 - Unknown STM32CubeMX version: 6.17.0
2026-05-11 19:11:42,769 [ERROR] AppliInfo:139 - Unknown STM32CubeMX version: 6.16.0
2026-05-11 19:11:42,770 [ERROR] AppliInfo:139 - Unknown STM32CubeMX version: 6.16.0
2026-05-11 19:11:42,770 [ERROR] AppliInfo:139 - Unknown STM32CubeMX version: 6.16.0
2026-05-11 19:11:42,771 [ERROR] AppliInfo:139 - Unknown STM32CubeMX version: 6.17.0
2026-05-11 19:11:42,771 [ERROR] AppliInfo:139 - Unknown STM32CubeMX version: 6.17.0
2026-05-11 19:11:42,771 [ERROR] AppliInfo:139 - Unknown STM32CubeMX version: 6.17.0
2026-05-11 19:11:42,771 [ERROR] AppliInfo:139 - Unknown STM32CubeMX version: 6.17.0
2026-05-11 19:11:42,772 [ERROR] AppliInfo:139 - Unknown STM32CubeMX version: 6.16.0
2026-05-11 19:11:42,772 [ERROR] AppliInfo:139 - Unknown STM32CubeMX version: 6.17.0
2026-05-11 19:11:43,254 [ERROR] AppliInfo:139 - Unknown STM32CubeMX version: 6.16.0
2026-05-11 19:11:43,256 [ERROR] AppliInfo:139 - Unknown STM32CubeMX version: 6.17.0
2026-05-11 19:11:43,258 [ERROR] AppliInfo:139 - Unknown STM32CubeMX version: 6.17.0
2026-05-11 19:11:43,258 [ERROR] AppliInfo:139 - Unknown STM32CubeMX version: 6.17.0
2026-05-11 19:11:43,259 [ERROR] AppliInfo:139 - Unknown STM32CubeMX version: 6.17.0
2026-05-11 19:11:43,259 [ERROR] AppliInfo:139 - Unknown STM32CubeMX version: 6.17.0
2026-05-11 19:11:43,260 [ERROR] AppliInfo:139 - Unknown STM32CubeMX version: 6.17.0
2026-05-11 19:11:43,261 [ERROR] AppliInfo:139 - Unknown STM32CubeMX version: 6.16.0
2026-05-11 19:11:43,261 [ERROR] AppliInfo:139 - Unknown STM32CubeMX version: 6.17.0
2026-05-11 19:11:43,262 [ERROR] AppliInfo:139 - Unknown STM32CubeMX version: 6.17.0
2026-05-11 19:11:43,262 [ERROR] AppliInfo:139 - Unknown STM32CubeMX version: 6.17.0
2026-05-11 19:11:43,263 [ERROR] AppliInfo:139 - Unknown STM32CubeMX version: 6.17.0
2026-05-11 19:11:43,263 [ERROR] AppliInfo:139 - Unknown STM32CubeMX version: 6.17.0
2026-05-11 19:11:43,737 [ERROR] AppliInfo:139 - Unknown STM32CubeMX version: 6.17.0
2026-05-11 19:11:43,739 [ERROR] AppliInfo:139 - Unknown STM32CubeMX version: 6.17.0
2026-05-11 19:11:43,739 [ERROR] AppliInfo:139 - Unknown STM32CubeMX version: 6.17.0
2026-05-11 19:11:43,741 [ERROR] AppliInfo:139 - Unknown STM32CubeMX version: 6.17.0
2026-05-11 19:11:43,741 [ERROR] AppliInfo:139 - Unknown STM32CubeMX version: 6.17.0
2026-05-11 19:11:43,742 [ERROR] AppliInfo:139 - Unknown STM32CubeMX version: 6.17.0
2026-05-11 19:11:43,742 [ERROR] AppliInfo:139 - Unknown STM32CubeMX version: 6.17.0
2026-05-11 19:11:43,742 [ERROR] AppliInfo:139 - Unknown STM32CubeMX version: 6.17.0
2026-05-11 19:11:43,743 [ERROR] AppliInfo:139 - Unknown STM32CubeMX version: 6.17.0
2026-05-11 19:11:43,743 [ERROR] AppliInfo:139 - Unknown STM32CubeMX version: 6.17.0
2026-05-11 19:11:43,743 [ERROR] AppliInfo:139 - Unknown STM32CubeMX version: 6.17.0
2026-05-11 19:11:44,235 [ERROR] AppliInfo:139 - Unknown STM32CubeMX version: 6.17.0
2026-05-11 19:11:44,237 [ERROR] AppliInfo:139 - Unknown STM32CubeMX version: 6.17.0
2026-05-11 19:11:44,238 [ERROR] AppliInfo:139 - Unknown STM32CubeMX version: 6.17.0
2026-05-11 19:11:45,197 [ERROR] AppliInfo:139 - Unknown STM32CubeMX version: 6.17.0
2026-05-11 19:11:45,198 [ERROR] AppliInfo:139 - Unknown STM32CubeMX version: 6.17.0
2026-05-11 19:11:45,198 [ERROR] AppliInfo:139 - Unknown STM32CubeMX version: 6.16.0
2026-05-11 19:11:45,199 [ERROR] AppliInfo:139 - Unknown STM32CubeMX version: 6.16.0
2026-05-11 19:11:45,199 [ERROR] AppliInfo:139 - Unknown STM32CubeMX version: 6.16.0
2026-05-11 19:11:45,199 [ERROR] AppliInfo:139 - Unknown STM32CubeMX version: 6.16.0
2026-05-11 19:11:45,200 [ERROR] AppliInfo:139 - Unknown STM32CubeMX version: 6.16.0
2026-05-11 19:11:45,200 [ERROR] AppliInfo:139 - Unknown STM32CubeMX version: 6.16.0
2026-05-11 19:11:45,661 [ERROR] AppliInfo:139 - Unknown STM32CubeMX version: 6.16.0
2026-05-11 19:11:45,662 [ERROR] AppliInfo:139 - Unknown STM32CubeMX version: 6.16.0
2026-05-11 19:11:45,663 [ERROR] AppliInfo:139 - Unknown STM32CubeMX version: 6.17.0
2026-05-11 19:11:46,631 [ERROR] AppliInfo:139 - Unknown STM32CubeMX version: 6.17.0
2026-05-11 19:11:47,103 [ERROR] AppliInfo:139 - Unknown STM32CubeMX version: 6.17.0
2026-05-11 19:11:47,105 [ERROR] AppliInfo:139 - Unknown STM32CubeMX version: 6.17.0
2026-05-11 19:11:47,105 [ERROR] AppliInfo:139 - Unknown STM32CubeMX version: 6.17.0
2026-05-11 19:11:47,584 [ERROR] AppliInfo:139 - Unknown STM32CubeMX version: 6.17.0
2026-05-11 19:11:47,586 [ERROR] AppliInfo:139 - Unknown STM32CubeMX version: 6.17.0
2026-05-11 19:11:47,587 [ERROR] AppliInfo:139 - Unknown STM32CubeMX version: 6.17.0
2026-05-11 19:11:47,587 [ERROR] AppliInfo:139 - Unknown STM32CubeMX version: 6.17.0
2026-05-11 19:11:47,587 [ERROR] AppliInfo:139 - Unknown STM32CubeMX version: 6.17.0
2026-05-11 19:11:48,102 [ERROR] AppliInfo:139 - Unknown STM32CubeMX version: 6.17.0
2026-05-11 19:11:48,103 [ERROR] AppliInfo:139 - Unknown STM32CubeMX version: 6.17.0
2026-05-11 19:11:48,104 [ERROR] AppliInfo:139 - Unknown STM32CubeMX version: 6.17.0
2026-05-11 19:11:48,643 [ERROR] AppliInfo:139 - Unknown STM32CubeMX version: 6.17.0
2026-05-11 19:11:48,645 [ERROR] AppliInfo:139 - Unknown STM32CubeMX version: 6.17.0
2026-05-11 19:11:48,645 [ERROR] AppliInfo:139 - Unknown STM32CubeMX version: 6.17.0
2026-05-11 19:11:49,792 [ERROR] AppliInfo:139 - Unknown STM32CubeMX version: 6.16.0
2026-05-11 19:11:50,340 [ERROR] AppliInfo:139 - Unknown STM32CubeMX version: 6.17.0
2026-05-11 19:11:50,341 [ERROR] AppliInfo:139 - Unknown STM32CubeMX version: 6.17.0
2026-05-11 19:11:50,884 [ERROR] AppliInfo:139 - Unknown STM32CubeMX version: 6.17.0
2026-05-11 19:11:50,886 [ERROR] AppliInfo:139 - Unknown STM32CubeMX version: 6.17.0
2026-05-11 19:11:50,888 [ERROR] AppliInfo:139 - Unknown STM32CubeMX version: 6.17.0
2026-05-11 19:11:50,888 [ERROR] AppliInfo:139 - Unknown STM32CubeMX version: 6.17.0
2026-05-11 19:11:51,423 [ERROR] AppliInfo:139 - Unknown STM32CubeMX version: 6.17.0
2026-05-11 19:11:51,425 [ERROR] AppliInfo:139 - Unknown STM32CubeMX version: 6.17.0
2026-05-11 19:11:51,951 [ERROR] AppliInfo:139 - Unknown STM32CubeMX version: 6.17.0
2026-05-11 19:11:51,953 [ERROR] AppliInfo:139 - Unknown STM32CubeMX version: 6.17.0
2026-05-11 19:11:53,018 [ERROR] AppliInfo:139 - Unknown STM32CubeMX version: 6.17.0
2026-05-11 19:11:53,019 [ERROR] AppliInfo:139 - Unknown STM32CubeMX version: 6.17.0
2026-05-11 19:11:53,020 [ERROR] AppliInfo:139 - Unknown STM32CubeMX version: 6.17.0
2026-05-11 19:11:53,021 [ERROR] AppliInfo:139 - Unknown STM32CubeMX version: 6.17.0
2026-05-11 19:11:53,566 [ERROR] AppliInfo:139 - Unknown STM32CubeMX version: 6.17.0
2026-05-11 19:11:53,567 [ERROR] AppliInfo:139 - Unknown STM32CubeMX version: 6.17.0
2026-05-11 19:11:53,568 [ERROR] AppliInfo:139 - Unknown STM32CubeMX version: 6.17.0
2026-05-11 19:11:53,569 [ERROR] AppliInfo:139 - Unknown STM32CubeMX version: 6.17.0
2026-05-11 19:11:54,095 [ERROR] AppliInfo:139 - Unknown STM32CubeMX version: 6.17.0
2026-05-11 19:11:54,096 [ERROR] AppliInfo:139 - Unknown STM32CubeMX version: 6.17.0
2026-05-11 19:11:54,097 [ERROR] AppliInfo:139 - Unknown STM32CubeMX version: 6.17.0
2026-05-11 19:11:54,098 [ERROR] AppliInfo:139 - Unknown STM32CubeMX version: 6.17.0
2026-05-11 19:11:54,635 [ERROR] AppliInfo:139 - Unknown STM32CubeMX version: 6.17.0
2026-05-11 19:11:54,636 [ERROR] AppliInfo:139 - Unknown STM32CubeMX version: 6.17.0
2026-05-11 19:11:54,637 [ERROR] AppliInfo:139 - Unknown STM32CubeMX version: 6.17.0
2026-05-11 19:11:54,637 [ERROR] AppliInfo:139 - Unknown STM32CubeMX version: 6.17.0
2026-05-11 19:11:55,192 [ERROR] AppliInfo:139 - Unknown STM32CubeMX version: 6.17.0
2026-05-11 19:11:55,193 [ERROR] AppliInfo:139 - Unknown STM32CubeMX version: 6.17.0
2026-05-11 19:11:55,194 [ERROR] AppliInfo:139 - Unknown STM32CubeMX version: 6.17.0
2026-05-11 19:11:55,194 [ERROR] AppliInfo:139 - Unknown STM32CubeMX version: 6.17.0
2026-05-11 19:11:55,887 [ERROR] AppliInfo:139 - Unknown STM32CubeMX version: 6.17.0
2026-05-11 19:11:55,889 [ERROR] AppliInfo:139 - Unknown STM32CubeMX version: 6.17.0
2026-05-11 19:11:55,890 [ERROR] AppliInfo:139 - Unknown STM32CubeMX version: 6.17.0
2026-05-11 19:11:55,891 [ERROR] AppliInfo:139 - Unknown STM32CubeMX version: 6.17.0
2026-05-11 19:11:55,891 [ERROR] AppliInfo:139 - Unknown STM32CubeMX version: 6.17.0
2026-05-11 19:11:55,892 [ERROR] AppliInfo:139 - Unknown STM32CubeMX version: 6.17.0
2026-05-11 19:11:55,893 [ERROR] AppliInfo:139 - Unknown STM32CubeMX version: 6.17.0
2026-05-11 19:11:56,661 [ERROR] AppliInfo:139 - Unknown STM32CubeMX version: 6.17.0
2026-05-11 19:11:56,664 [ERROR] AppliInfo:139 - Unknown STM32CubeMX version: 6.17.0
2026-05-11 19:11:56,666 [ERROR] AppliInfo:139 - Unknown STM32CubeMX version: 6.17.0
2026-05-11 19:11:56,672 [ERROR] AppliInfo:139 - Unknown STM32CubeMX version: 6.17.0
2026-05-11 19:11:56,673 [ERROR] AppliInfo:139 - Unknown STM32CubeMX version: 6.17.0
2026-05-11 19:11:56,674 [ERROR] AppliInfo:139 - Unknown STM32CubeMX version: 6.17.0
2026-05-11 19:11:57,499 [ERROR] AppliInfo:139 - Unknown STM32CubeMX version: 6.17.0
2026-05-11 19:11:57,500 [ERROR] AppliInfo:139 - Unknown STM32CubeMX version: 6.17.0
2026-05-11 19:11:57,500 [ERROR] AppliInfo:139 - Unknown STM32CubeMX version: 6.17.0
2026-05-11 19:11:57,501 [ERROR] AppliInfo:139 - Unknown STM32CubeMX version: 6.17.0
2026-05-11 19:11:57,502 [ERROR] AppliInfo:139 - Unknown STM32CubeMX version: 6.17.0
2026-05-11 19:11:57,502 [ERROR] AppliInfo:139 - Unknown STM32CubeMX version: 6.17.0
2026-05-11 19:12:06,311 [ERROR] LogOutputStream:75 - [STDERR_REDIRECT] Exception in thread "AWT-EventQueue-0" java.lang.OutOfMemoryError: Java heap space
2026-05-11 19:12:06,351 [ERROR] LogOutputStream:75 - [STDERR_REDIRECT] 	at java.base/java.lang.AbstractStringBuilder.<init>(AbstractStringBuilder.java:101)
2026-05-11 19:12:06,356 [ERROR] LogOutputStream:75 - [STDERR_REDIRECT] 	at java.base/java.lang.StringBuilder.<init>(StringBuilder.java:106)
2026-05-11 19:12:07,096 [ERROR] LogOutputStream:75 - [STDERR_REDIRECT] 	at java.base/jdk.internal.icu.text.NormalizerBase.nextNormalize(NormalizerBase.java:749)
2026-05-11 19:12:07,100 [ERROR] LogOutputStream:75 - [STDERR_REDIRECT] 	at java.base/jdk.internal.icu.text.NormalizerBase.next(NormalizerBase.java:522)
2026-05-11 19:12:07,106 [ERROR] LogOutputStream:75 - [STDERR_REDIRECT] 	at java.base/java.text.CollationElementIterator.next(CollationElementIterator.java:215)
2026-05-11 19:12:07,109 [ERROR] LogOutputStream:75 - [STDERR_REDIRECT] 	at java.base/java.text.RuleBasedCollator.compare(RuleBasedCollator.java:408)
2026-05-11 19:12:07,112 [ERROR] LogOutputStream:75 - [STDERR_REDIRECT] 	at java.base/java.text.Collator.compare(Collator.java:376)
2026-05-11 19:12:07,784 [ERROR] LogOutputStream:75 - [STDERR_REDIRECT] 	at java.desktop/javax.swing.DefaultRowSorter.compare(DefaultRowSorter.java:981)
2026-05-11 19:12:07,789 [ERROR] LogOutputStream:75 - [STDERR_REDIRECT] 	at java.desktop/javax.swing.DefaultRowSorter$Row.compareTo(DefaultRowSorter.java:1391)
2026-05-11 19:12:07,793 [ERROR] LogOutputStream:75 - [STDERR_REDIRECT] 	at java.desktop/javax.swing.DefaultRowSorter$Row.compareTo(DefaultRowSorter.java:1381)
2026-05-11 19:12:07,797 [ERROR] LogOutputStream:75 - [STDERR_REDIRECT] 	at java.base/java.util.Arrays.binarySearch0(Arrays.java:2235)
2026-05-11 19:12:07,801 [ERROR] LogOutputStream:75 - [STDERR_REDIRECT] 	at java.base/java.util.Arrays.binarySearch(Arrays.java:2175)
2026-05-11 19:12:07,804 [ERROR] LogOutputStream:75 - [STDERR_REDIRECT] 	at java.desktop/javax.swing.DefaultRowSorter.insertInOrder(DefaultRowSorter.java:1013)
2026-05-11 19:12:08,572 [ERROR] LogOutputStream:75 - [STDERR_REDIRECT] 	at java.desktop/javax.swing.DefaultRowSorter.rowsInserted0(DefaultRowSorter.java:1073)
2026-05-11 19:12:08,577 [ERROR] LogOutputStream:75 - [STDERR_REDIRECT] 	at java.desktop/javax.swing.DefaultRowSorter.rowsInserted(DefaultRowSorter.java:879)
2026-05-11 19:12:08,580 [ERROR] LogOutputStream:75 - [STDERR_REDIRECT] 	at java.desktop/javax.swing.JTable.notifySorter(JTable.java:4338)
2026-05-11 19:12:08,582 [ERROR] LogOutputStream:75 - [STDERR_REDIRECT] 	at java.desktop/javax.swing.JTable.sortedTableChanged(JTable.java:4186)
2026-05-11 19:12:08,585 [ERROR] LogOutputStream:75 - [STDERR_REDIRECT] 	at java.desktop/javax.swing.JTable.tableChanged(JTable.java:4463)
2026-05-11 19:12:09,261 [ERROR] LogOutputStream:75 - [STDERR_REDIRECT] 	at org.jdesktop.swingx.JXTable.tableChanged(JXTable.java:1529)
2026-05-11 19:12:09,264 [ERROR] LogOutputStream:75 - [STDERR_REDIRECT] 	at java.desktop/javax.swing.table.AbstractTableModel.fireTableChanged(AbstractTableModel.java:302)
2026-05-11 19:12:09,267 [ERROR] LogOutputStream:75 - [STDERR_REDIRECT] 	at java.desktop/javax.swing.table.DefaultTableModel.newRowsAdded(DefaultTableModel.java:302)
2026-05-11 19:12:09,272 [ERROR] LogOutputStream:75 - [STDERR_REDIRECT] 	at com.st.components.swing.CellTableModel.addRow(CellTableModel.java:137)
2026-05-11 19:12:09,275 [ERROR] LogOutputStream:75 - [STDERR_REDIRECT] 	at com.st.components.swing.DynamicCellTableModel.addRow(DynamicCellTableModel.java:145)
2026-05-11 19:12:09,982 [ERROR] LogOutputStream:75 - [STDERR_REDIRECT] 	at com.st.microxplorer.mcufinder.gui.exampleselector.ExampleResultTable.addItem(ExampleResultTable.java:547)
2026-05-11 19:12:09,998 [ERROR] LogOutputStream:75 - [STDERR_REDIRECT] 	at com.st.microxplorer.mcufinder.gui.exampleselector.ExampleResultTable.fillTable(ExampleResultTable.java:667)
2026-05-11 19:12:10,008 [ERROR] LogOutputStream:75 - [STDERR_REDIRECT] 	at com.st.microxplorer.mcufinder.gui.exampleselector.ExampleResultTable.refreshMergedCells(ExampleResultTable.java:722)
2026-05-11 19:12:10,011 [ERROR] LogOutputStream:75 - [STDERR_REDIRECT] 	at com.st.microxplorer.mcufinder.gui.selector.TableColumnManager$3.sorterChanged(TableColumnManager.java:264)
2026-05-11 19:12:10,015 [ERROR] LogOutputStream:75 - [STDERR_REDIRECT] 	at java.desktop/javax.swing.RowSorter.fireRowSorterChanged(RowSorter.java:341)
2026-05-11 19:12:10,801 [ERROR] LogOutputStream:75 - [STDERR_REDIRECT] 	at java.desktop/javax.swing.RowSorter.fireRowSorterChanged(RowSorter.java:332)
2026-05-11 19:12:10,810 [ERROR] LogOutputStream:75 - [STDERR_REDIRECT] 	at java.desktop/javax.swing.DefaultRowSorter.sort(DefaultRowSorter.java:621)
2026-05-11 19:12:10,813 [ERROR] LogOutputStream:75 - [STDERR_REDIRECT] 	at java.desktop/javax.swing.DefaultRowSorter.setSortKeys(DefaultRowSorter.java:315)
2026-05-11 19:12:10,822 [ERROR] LogOutputStream:75 - [STDERR_REDIRECT] 	at com.st.microxplorer.mcufinder.gui.selector.ResultTable.sortColumn(ResultTable.java:221)
2026-05-11 19:23:15,318 [INFO] Activator:176 - 


2026-05-11 19:23:15,374 [INFO] Activator:177 - !SESSION log4j initialized
2026-05-11 19:23:21,534 [INFO] LogOutputStream:77 - [STDOUT_REDIRECT] 
2026-05-11 19:23:24,698 [INFO] ApplicationProperties:184 - Using Application install path: C:\ST\STM32CubeIDE_1.19.0\STM32CubeIDE\plugins\com.st.stm32cube.common.mx_6.15.0.202507011659
2026-05-11 19:23:24,719 [INFO] DbMcusXml:78 - Set database path to: C:\ST\STM32CubeIDE_1.19.0\STM32CubeIDE\plugins\com.st.stm32cube.common.mx_6.15.0.202507011659\\db\/mcu/
2026-05-11 19:23:24,719 [INFO] ApiDb:274 - Set plugin database path to: C:\ST\STM32CubeIDE_1.19.0\STM32CubeIDE\plugins\com.st.stm32cube.common.mx_6.15.0.202507011659\\db\/plugins/boardmanager/
2026-05-11 19:23:24,719 [WARN] ApiDb:259 - Overriding images path with different value:  => C:\ST\STM32CubeIDE_1.19.0\STM32CubeIDE\plugins\com.st.stm32cube.common.mx_6.15.0.202507011659\\db\/plugins/mcufinder/images/
2026-05-11 19:23:24,735 [INFO] ApiDb:250 - Set database path to: C:\Users\jahna\.stmcufinder\plugins\mcufinder//mcu/
2026-05-11 19:23:24,736 [INFO] DbMcusAds:125 - Set database path to: C:\Users\jahna\.stmcufinder\plugins\mcufinder//mcu/
2026-05-11 19:23:24,738 [INFO] CrossReferenceDbSqlite:203 - Set database path to: C:\Users\jahna\.stmcufinder\plugins\mcufinder//mcu/cs/
2026-05-11 19:23:24,860 [INFO] RulesReader:64 - Compatibility file has been processed (317 Rules)
2026-05-11 19:23:25,014 [INFO] DbMcusXml:78 - Set database path to: C:\ST\STM32CubeIDE_1.19.0\STM32CubeIDE\plugins\com.st.stm32cube.common.mx_6.15.0.202507011659\\db\/mcu/
2026-05-11 19:23:25,014 [INFO] ApiDb:274 - Set plugin database path to: C:\ST\STM32CubeIDE_1.19.0\STM32CubeIDE\plugins\com.st.stm32cube.common.mx_6.15.0.202507011659\\db\/plugins/boardmanager/
2026-05-11 19:23:25,015 [INFO] ApiDb:261 - Set plugin images path to: C:\ST\STM32CubeIDE_1.19.0\STM32CubeIDE\plugins\com.st.stm32cube.common.mx_6.15.0.202507011659\\db\/plugins/mcufinder/images/
2026-05-11 19:23:25,015 [WARN] DbFile:41 - Overriding database path with different value: C:\Users\jahna\.stmcufinder\plugins\mcufinder/ => C:\Users\jahna\.stmcufinder\plugins\mcufinder
2026-05-11 19:23:25,015 [INFO] ApiDb:250 - Set database path to: C:\Users\jahna\.stmcufinder\plugins\mcufinder//mcu/
2026-05-11 19:23:25,015 [WARN] DbFile:41 - Overriding database path with different value: C:\Users\jahna\.stmcufinder\plugins\mcufinder/ => C:\Users\jahna\.stmcufinder\plugins\mcufinder
2026-05-11 19:23:25,015 [INFO] DbMcusAds:125 - Set database path to: C:\Users\jahna\.stmcufinder\plugins\mcufinder//mcu/
2026-05-11 19:23:25,015 [WARN] DbFile:41 - Overriding database path with different value: C:\Users\jahna\.stmcufinder\plugins\mcufinder/ => C:\Users\jahna\.stmcufinder\plugins\mcufinder
2026-05-11 19:23:25,015 [WARN] DbFile:41 - Overriding database path with different value: C:\Users\jahna\.stmcufinder\plugins\mcufinder/ => C:\Users\jahna\.stmcufinder\plugins\mcufinder
2026-05-11 19:23:25,015 [INFO] CrossReferenceDbSqlite:203 - Set database path to: C:\Users\jahna\.stmcufinder\plugins\mcufinder//mcu/cs/
2026-05-11 19:23:25,147 [INFO] MainPanel:274 - HeapMemory: 268435456
2026-05-11 19:23:25,321 [INFO] DbMcusXml:78 - Set database path to: C:\ST\STM32CubeIDE_1.19.0\STM32CubeIDE\plugins\com.st.stm32cube.common.mx_6.15.0.202507011659\\db\/mcu/
2026-05-11 19:23:25,321 [INFO] ApiDb:274 - Set plugin database path to: C:\ST\STM32CubeIDE_1.19.0\STM32CubeIDE\plugins\com.st.stm32cube.common.mx_6.15.0.202507011659\\db\/plugins/boardmanager/
2026-05-11 19:23:25,321 [INFO] ApiDb:261 - Set plugin images path to: C:\ST\STM32CubeIDE_1.19.0\STM32CubeIDE\plugins\com.st.stm32cube.common.mx_6.15.0.202507011659\\db\/plugins/mcufinder/images/
2026-05-11 19:23:25,321 [WARN] DbFile:41 - Overriding database path with different value: C:\Users\jahna\.stmcufinder\plugins\mcufinder/ => C:\Users\jahna\.stmcufinder\plugins\mcufinder
2026-05-11 19:23:25,321 [INFO] ApiDb:250 - Set database path to: C:\Users\jahna\.stmcufinder\plugins\mcufinder//mcu/
2026-05-11 19:23:25,322 [WARN] DbFile:41 - Overriding database path with different value: C:\Users\jahna\.stmcufinder\plugins\mcufinder/ => C:\Users\jahna\.stmcufinder\plugins\mcufinder
2026-05-11 19:23:25,322 [INFO] DbMcusAds:125 - Set database path to: C:\Users\jahna\.stmcufinder\plugins\mcufinder//mcu/
2026-05-11 19:23:25,322 [WARN] DbFile:41 - Overriding database path with different value: C:\Users\jahna\.stmcufinder\plugins\mcufinder/ => C:\Users\jahna\.stmcufinder\plugins\mcufinder
2026-05-11 19:23:25,322 [WARN] DbFile:41 - Overriding database path with different value: C:\Users\jahna\.stmcufinder\plugins\mcufinder/ => C:\Users\jahna\.stmcufinder\plugins\mcufinder
2026-05-11 19:23:25,322 [INFO] CrossReferenceDbSqlite:203 - Set database path to: C:\Users\jahna\.stmcufinder\plugins\mcufinder//mcu/cs/
2026-05-11 19:23:25,345 [INFO] ApplicationProperties:184 - Using Application install path: C:\ST\STM32CubeIDE_1.19.0\STM32CubeIDE\plugins\com.st.stm32cube.common.mx_6.15.0.202507011659
2026-05-11 19:23:25,347 [INFO] PluginManage:196 - Search for loadable plugins [exclusion list=, ]
2026-05-11 19:23:25,350 [INFO] PluginManage:310 - Check plugin analytics
2026-05-11 19:23:25,594 [INFO] AnalyticsPlugin:253 - Accepted Software Licenses: STM32CubeMX.6.17.0
2026-05-11 19:23:25,594 [INFO] AnalyticsPlugin:255 - Accepted CMSIS Pack Licenses: 
2026-05-11 19:23:25,595 [INFO] AnalyticsPlugin:257 - Accepted Firmware Licenses: FW.F4.1.28.0,FW.F4.1.28.3
2026-05-11 19:23:25,598 [INFO] PluginManage:359 - Loaded plugin analytics (category:tool,tabindex:-1)
2026-05-11 19:23:25,598 [INFO] PluginManage:310 - Check plugin cadmodel
2026-05-11 19:23:25,607 [INFO] CADModel:105 - Init CAD model plugin
2026-05-11 19:23:25,607 [INFO] PluginManage:359 - Loaded plugin cadmodel (category:power,tabindex:5)
2026-05-11 19:23:25,608 [INFO] PluginManage:310 - Check plugin clock
2026-05-11 19:23:25,619 [INFO] PluginManage:359 - Loaded plugin clock (category:base,tabindex:2)
2026-05-11 19:23:25,620 [INFO] PluginManage:310 - Check plugin ddr
2026-05-11 19:23:25,623 [INFO] PluginManage:359 - Loaded plugin ddr (category:tool,tabindex:6)
2026-05-11 19:23:25,623 [INFO] PluginManage:310 - Check plugin filemanager
2026-05-11 19:23:25,808 [INFO] PluginManage:359 - Loaded plugin filemanager (category:base,tabindex:10)
2026-05-11 19:23:25,808 [INFO] PluginManage:310 - Check plugin ipmanager
2026-05-11 19:23:25,819 [INFO] PluginManage:359 - Loaded plugin ipmanager (category:base,tabindex:5)
2026-05-11 19:23:25,819 [INFO] PluginManage:310 - Check plugin lpbam
2026-05-11 19:23:25,829 [INFO] PluginManage:359 - Loaded plugin lpbam (category:base,tabindex:0)
2026-05-11 19:23:25,830 [INFO] PluginManage:310 - Check plugin memorymap
2026-05-11 19:23:25,848 [INFO] PluginManage:359 - Loaded plugin memorymap (category:base,tabindex:4)
2026-05-11 19:23:25,848 [INFO] PluginManage:310 - Check plugin pinoutandconfiguration
2026-05-11 19:23:25,859 [INFO] PluginManage:359 - Loaded plugin pinoutandconfiguration (category:base,tabindex:1)
2026-05-11 19:23:25,859 [INFO] PluginManage:310 - Check plugin pinoutconfig
2026-05-11 19:23:25,998 [WARN] SupportedApi:132 - Cannot load RTOS API schema: s4s-elt-must-match.1: The content of 'definitions' must match (annotation?, (simpleType | complexType)?, (unique | key | keyref)*)). A problem was found starting at: attribute.
2026-05-11 19:23:26,210 [INFO] PluginManage:359 - Loaded plugin pinoutconfig (category:base,tabindex:0)
2026-05-11 19:23:26,211 [INFO] PluginManage:310 - Check plugin power
2026-05-11 19:23:26,222 [INFO] PluginManage:359 - Loaded plugin power (category:power,tabindex:4)
2026-05-11 19:23:26,223 [INFO] PluginManage:310 - Check plugin projectmanager
2026-05-11 19:23:26,237 [INFO] PluginManage:359 - Loaded plugin projectmanager (category:projectmanager,tabindex:4)
2026-05-11 19:23:26,238 [INFO] PluginManage:310 - Check plugin rif
2026-05-11 19:23:26,251 [INFO] PluginManage:359 - Loaded plugin rif (category:base,tabindex:3)
2026-05-11 19:23:26,251 [INFO] PluginManage:310 - Check plugin thirdparty
2026-05-11 19:23:26,407 [WARN] IntegrityCheckThread:84 - waiting for thirdparty lock release [integrity check]
2026-05-11 19:23:26,408 [INFO] PluginManage:359 - Loaded plugin thirdparty (category:base,tabindex:-1)
2026-05-11 19:23:26,408 [INFO] IntegrityCheckThread:86 - entering critical section [integrity check]
2026-05-11 19:23:26,408 [INFO] PluginManage:310 - Check plugin tools
2026-05-11 19:23:26,408 [INFO] ThirdPartyUpdaterWithRetryManager:70 - Updater plugin not ready yet. [1/15]
2026-05-11 19:23:26,412 [INFO] PluginManage:359 - Loaded plugin tools (category:base,tabindex:7)
2026-05-11 19:23:26,413 [INFO] PluginManage:310 - Check plugin tutovideos
2026-05-11 19:23:26,639 [INFO] PluginManage:359 - Loaded plugin tutovideos (category:base,tabindex:-1)
2026-05-11 19:23:26,639 [INFO] PluginManage:310 - Check plugin updater
2026-05-11 19:23:26,664 [INFO] PluginManage:359 - Loaded plugin updater (category:base,tabindex:12)
2026-05-11 19:23:26,664 [INFO] PluginManage:310 - Check plugin userauth
2026-05-11 19:23:26,669 [INFO] UserAuth:118 - Init User Auth plugin
2026-05-11 19:23:26,670 [INFO] PluginManage:359 - Loaded plugin userauth (category:base,tabindex:14)
2026-05-11 19:23:26,671 [INFO] PluginManage:283 - PluginManage : Loaded plugins [18]
2026-05-11 19:23:26,935 [INFO] PinOutPanel:1589 - setPackage(No Configuration,No Configuration)
2026-05-11 19:23:27,043 [INFO] CADModel:165 - CPN selected for project level
2026-05-11 19:23:27,043 [INFO] CADModel:114 - Register for checkConnection events
2026-05-11 19:23:27,074 [INFO] IPUIPlugin:80 - create IPUIPlugin
2026-05-11 19:23:27,075 [INFO] PluginManager:220 - loadIPPluginJar : add adc
2026-05-11 19:23:27,080 [INFO] IPUIPlugin:80 - create IPUIPlugin
2026-05-11 19:23:27,080 [INFO] PluginManager:220 - loadIPPluginJar : add aes
2026-05-11 19:23:27,085 [INFO] IPUIPlugin:80 - create IPUIPlugin
2026-05-11 19:23:27,085 [INFO] PluginManager:220 - loadIPPluginJar : add can
2026-05-11 19:23:27,089 [INFO] IPUIPlugin:80 - create IPUIPlugin
2026-05-11 19:23:27,089 [INFO] PluginManager:220 - loadIPPluginJar : add comp
2026-05-11 19:23:27,099 [INFO] IPUIPlugin:80 - create IPUIPlugin
2026-05-11 19:23:27,099 [INFO] PluginManager:220 - loadIPPluginJar : add cryp
2026-05-11 19:23:27,116 [INFO] IPUIPlugin:80 - create IPUIPlugin
2026-05-11 19:23:27,116 [INFO] PluginManager:220 - loadIPPluginJar : add ddr_ctrl_phy
2026-05-11 19:23:27,122 [INFO] IPUIPlugin:80 - create IPUIPlugin
2026-05-11 19:23:27,122 [INFO] PluginManager:220 - loadIPPluginJar : add dfsdm
2026-05-11 19:23:27,136 [INFO] IPUIPlugin:80 - create IPUIPlugin
2026-05-11 19:23:27,136 [INFO] PluginManager:220 - loadIPPluginJar : add dma
2026-05-11 19:23:27,146 [INFO] IPUIPlugin:80 - create IPUIPlugin
2026-05-11 19:23:27,146 [INFO] PluginManager:220 - loadIPPluginJar : add dma3
2026-05-11 19:23:27,154 [INFO] IPUIPlugin:80 - create IPUIPlugin
2026-05-11 19:23:27,154 [INFO] PluginManager:220 - loadIPPluginJar : add extmemmanager
2026-05-11 19:23:27,157 [INFO] IPUIPlugin:80 - create IPUIPlugin
2026-05-11 19:23:27,157 [INFO] PluginManager:220 - loadIPPluginJar : add fatfs
2026-05-11 19:23:27,171 [INFO] IPUIPlugin:80 - create IPUIPlugin
2026-05-11 19:23:27,171 [INFO] PluginManager:220 - loadIPPluginJar : add fmc
2026-05-11 19:23:27,188 [INFO] IPUIPlugin:80 - create IPUIPlugin
2026-05-11 19:23:27,188 [INFO] PluginManager:220 - loadIPPluginJar : add freertos
2026-05-11 19:23:27,192 [INFO] IPUIPlugin:80 - create IPUIPlugin
2026-05-11 19:23:27,192 [INFO] PluginManager:220 - loadIPPluginJar : add genericplugin
2026-05-11 19:23:27,200 [INFO] IPUIPlugin:80 - create IPUIPlugin
2026-05-11 19:23:27,200 [INFO] PluginManager:220 - loadIPPluginJar : add gfxmmu
2026-05-11 19:23:27,208 [INFO] IPUIPlugin:80 - create IPUIPlugin
2026-05-11 19:23:27,209 [INFO] PluginManager:220 - loadIPPluginJar : add gic
2026-05-11 19:23:27,219 [INFO] IPUIPlugin:80 - create IPUIPlugin
2026-05-11 19:23:27,219 [INFO] PluginManager:220 - loadIPPluginJar : add gpio
2026-05-11 19:23:27,232 [INFO] IPUIPlugin:80 - create IPUIPlugin
2026-05-11 19:23:27,232 [INFO] PluginManager:220 - loadIPPluginJar : add gtzc
2026-05-11 19:23:27,238 [INFO] IPUIPlugin:80 - create IPUIPlugin
2026-05-11 19:23:27,238 [INFO] PluginManager:220 - loadIPPluginJar : add hash
2026-05-11 19:23:27,245 [INFO] IPUIPlugin:80 - create IPUIPlugin
2026-05-11 19:23:27,245 [INFO] PluginManager:220 - loadIPPluginJar : add i2c
2026-05-11 19:23:27,254 [INFO] IPUIPlugin:80 - create IPUIPlugin
2026-05-11 19:23:27,254 [INFO] PluginManager:220 - loadIPPluginJar : add i2s
2026-05-11 19:23:27,258 [INFO] IPUIPlugin:80 - create IPUIPlugin
2026-05-11 19:23:27,258 [INFO] PluginManager:220 - loadIPPluginJar : add i3c
2026-05-11 19:23:27,262 [INFO] IPUIPlugin:80 - create IPUIPlugin
2026-05-11 19:23:27,262 [INFO] PluginManager:220 - loadIPPluginJar : add ipddr
2026-05-11 19:23:27,270 [INFO] IPUIPlugin:80 - create IPUIPlugin
2026-05-11 19:23:27,271 [INFO] PluginManager:220 - loadIPPluginJar : add linkedlist
2026-05-11 19:23:27,275 [INFO] IPUIPlugin:80 - create IPUIPlugin
2026-05-11 19:23:27,275 [INFO] PluginManager:220 - loadIPPluginJar : add lorawan
2026-05-11 19:23:27,278 [INFO] IPUIPlugin:80 - create IPUIPlugin
2026-05-11 19:23:27,278 [INFO] PluginManager:220 - loadIPPluginJar : add ltdc
2026-05-11 19:23:27,285 [INFO] IPUIPlugin:80 - create IPUIPlugin
2026-05-11 19:23:27,285 [INFO] PluginManager:220 - loadIPPluginJar : add mdma
2026-05-11 19:23:27,289 [INFO] IPUIPlugin:80 - create IPUIPlugin
2026-05-11 19:23:27,290 [INFO] PluginManager:220 - loadIPPluginJar : add nvic
2026-05-11 19:23:27,293 [INFO] IPUIPlugin:80 - create IPUIPlugin
2026-05-11 19:23:27,294 [INFO] PluginManager:220 - loadIPPluginJar : add opamp
2026-05-11 19:23:27,298 [INFO] IPUIPlugin:80 - create IPUIPlugin
2026-05-11 19:23:27,298 [INFO] PluginManager:220 - loadIPPluginJar : add openamp
2026-05-11 19:23:27,302 [INFO] IPUIPlugin:80 - create IPUIPlugin
2026-05-11 19:23:27,302 [INFO] PluginManager:220 - loadIPPluginJar : add pdm2pcm
2026-05-11 19:23:27,308 [INFO] IPUIPlugin:80 - create IPUIPlugin
2026-05-11 19:23:27,310 [INFO] PluginManager:220 - loadIPPluginJar : add plateformsettings
2026-05-11 19:23:27,312 [INFO] IPUIPlugin:80 - create IPUIPlugin
2026-05-11 19:23:27,312 [INFO] PluginManager:220 - loadIPPluginJar : add quadspi
2026-05-11 19:23:27,316 [INFO] IPUIPlugin:80 - create IPUIPlugin
2026-05-11 19:23:27,316 [INFO] PluginManager:220 - loadIPPluginJar : add radio
2026-05-11 19:23:27,322 [INFO] IPUIPlugin:80 - create IPUIPlugin
2026-05-11 19:23:27,322 [INFO] PluginManager:220 - loadIPPluginJar : add resmgrutility
2026-05-11 19:23:27,327 [INFO] IPUIPlugin:80 - create IPUIPlugin
2026-05-11 19:23:27,327 [INFO] PluginManager:220 - loadIPPluginJar : add sai
2026-05-11 19:23:27,330 [INFO] IPUIPlugin:80 - create IPUIPlugin
2026-05-11 19:23:27,330 [INFO] PluginManager:220 - loadIPPluginJar : add spi
2026-05-11 19:23:27,336 [INFO] IPUIPlugin:80 - create IPUIPlugin
2026-05-11 19:23:27,337 [INFO] PluginManager:220 - loadIPPluginJar : add stm32_wpan
2026-05-11 19:23:27,340 [INFO] IPUIPlugin:80 - create IPUIPlugin
2026-05-11 19:23:27,340 [INFO] PluginManager:220 - loadIPPluginJar : add tim
2026-05-11 19:23:27,344 [INFO] IPUIPlugin:80 - create IPUIPlugin
2026-05-11 19:23:27,344 [INFO] PluginManager:220 - loadIPPluginJar : add touchsensing
2026-05-11 19:23:27,347 [INFO] IPUIPlugin:80 - create IPUIPlugin
2026-05-11 19:23:27,348 [INFO] PluginManager:220 - loadIPPluginJar : add tracer_emb
2026-05-11 19:23:27,350 [INFO] IPUIPlugin:80 - create IPUIPlugin
2026-05-11 19:23:27,350 [INFO] PluginManager:220 - loadIPPluginJar : add ts
2026-05-11 19:23:27,353 [INFO] IPUIPlugin:80 - create IPUIPlugin
2026-05-11 19:23:27,353 [INFO] PluginManager:220 - loadIPPluginJar : add tsc
2026-05-11 19:23:27,356 [INFO] IPUIPlugin:80 - create IPUIPlugin
2026-05-11 19:23:27,356 [INFO] PluginManager:220 - loadIPPluginJar : add ucpd
2026-05-11 19:23:27,359 [INFO] IPUIPlugin:80 - create IPUIPlugin
2026-05-11 19:23:27,359 [INFO] PluginManager:220 - loadIPPluginJar : add usart
2026-05-11 19:23:27,363 [INFO] IPUIPlugin:80 - create IPUIPlugin
2026-05-11 19:23:27,363 [INFO] PluginManager:220 - loadIPPluginJar : add usbx
2026-05-11 19:23:27,498 [FATAL] Updater:351 - Updater called before beeing initialized
2026-05-11 19:23:27,543 [INFO] RulesReader:64 - Compatibility file has been processed (317 Rules)
2026-05-11 19:23:27,554 [INFO] RulesReader:64 - Compatibility file has been processed (317 Rules)
2026-05-11 19:23:27,562 [INFO] CADModel:165 - CPN selected for project level
2026-05-11 19:23:27,562 [INFO] CADModel:114 - Register for checkConnection events
2026-05-11 19:23:27,563 [FATAL] Updater:351 - Updater called before beeing initialized
2026-05-11 19:23:27,563 [ERROR] CADModel:125 - Updater not yet initialized, retry later 
2026-05-11 19:23:27,745 [FATAL] Updater:351 - Updater called before beeing initialized
2026-05-11 19:23:27,749 [INFO] CADModel:165 - CPN selected for project level
2026-05-11 19:23:27,749 [INFO] CADModel:114 - Register for checkConnection events
2026-05-11 19:23:27,749 [FATAL] Updater:351 - Updater called before beeing initialized
2026-05-11 19:23:27,749 [ERROR] CADModel:125 - Updater not yet initialized, retry later 
2026-05-11 19:23:27,753 [FATAL] Updater:351 - Updater called before beeing initialized
2026-05-11 19:23:27,896 [FATAL] Updater:351 - Updater called before beeing initialized
2026-05-11 19:23:27,899 [INFO] DbMcusAds:53 - JSON generation date=Mon Apr 27 13:44:29 IST 2026 (1777277669577)
2026-05-11 19:23:27,900 [FATAL] Updater:351 - Updater called before beeing initialized
2026-05-11 19:23:27,939 [WARN] DetailPanel:346 - Failed to get advertising image, set to default
2026-05-11 19:23:28,025 [FATAL] Updater:351 - Updater called before beeing initialized
2026-05-11 19:23:28,027 [FATAL] Updater:351 - Updater called before beeing initialized
2026-05-11 19:23:28,027 [FATAL] Updater:351 - Updater called before beeing initialized
2026-05-11 19:23:28,027 [WARN] DetailPanel:346 - Failed to get advertising image, set to default
2026-05-11 19:23:28,028 [FATAL] Updater:351 - Updater called before beeing initialized
2026-05-11 19:23:28,078 [ERROR] Updater:1198 - MainUpdater not yet initialized. External WinMGr cannot be set.
2026-05-11 19:23:28,080 [INFO] Updater:1134 - Updater Version found : 6.15.0
2026-05-11 19:23:28,096 [INFO] ApplicationProperties:184 - Using Application install path: C:\ST\STM32CubeIDE_1.19.0\STM32CubeIDE\plugins\com.st.stm32cube.common.mx_6.15.0.202507011659
2026-05-11 19:23:28,367 [INFO] MainUpdater:2872 - connection check result : 10
2026-05-11 19:23:28,368 [INFO] MainUpdater:289 - Updater Check For Update Now.
2026-05-11 19:23:28,368 [INFO] MicroXplorer:498 - Change Database Version : DB.6.0.150
2026-05-11 19:23:28,377 [INFO] McuFinderGlobals:63 - Set McuFinder mode to 2 (CubeIDE integrated)
2026-05-11 19:23:28,378 [INFO] UserAuth:171 - activating auth plugin
2026-05-11 19:23:28,381 [INFO] UserAuth:487 - Internet connection configuration mode: 1
2026-05-11 19:23:28,409 [INFO] JxBrowserEngine:152 - Initiate JxBrowser Engine with user profile folder
2026-05-11 19:23:28,565 [INFO] CheckServerUpdateThread:120 - End of CheckServer Thread
2026-05-11 19:23:29,960 [INFO] WebApp:169 - Instantiating new browser for Auth
2026-05-11 19:23:30,094 [WARN] PackLoader:240 - Cannot read IP mode file for STMicroelectronics.X-CUBE-AZRTOS-H7.3.5.0
2026-05-11 19:23:30,117 [WARN] PackLoader:240 - Cannot read IP mode file for STMicroelectronics.FP-ATR-ASTRA1.2.0.2
2026-05-11 19:23:30,139 [WARN] PackLoader:240 - Cannot read IP mode file for STMicroelectronics.X-CUBE-SMBUS.2.1.0
2026-05-11 19:23:30,168 [WARN] PackLoader:240 - Cannot read IP mode file for STMicroelectronics.X-CUBE-AZRTOS-F7.1.1.0
2026-05-11 19:23:30,190 [WARN] PackLoader:240 - Cannot read IP mode file for STMicroelectronics.FP-SNS-MOTENV1.5.1.0
2026-05-11 19:23:30,224 [WARN] PackLoader:240 - Cannot read IP mode file for WES.I-CUBE-Cesium.1.4.0
2026-05-11 19:23:30,241 [WARN] PackLoader:240 - Cannot read IP mode file for STMicroelectronics.X-CUBE-DISPLAY.3.0.0
2026-05-11 19:23:30,262 [WARN] PackLoader:240 - Cannot read IP mode file for STMicroelectronics.X-CUBE-GNSS1.7.1.1
2026-05-11 19:23:30,272 [WARN] PackLoader:240 - Cannot read IP mode file for STMicroelectronics.FP-SNS-MOTENVWB1.1.5.0
2026-05-11 19:23:30,282 [WARN] PackLoader:240 - Cannot read IP mode file for wolfSSL.I-CUBE-wolfSSL.5.9.1
2026-05-11 19:23:30,293 [WARN] PackLoader:240 - Cannot read IP mode file for STMicroelectronics.X-CUBE-NFC10.1.0.0
2026-05-11 19:23:30,311 [WARN] PackLoader:240 - Cannot read IP mode file for STMicroelectronics.X-CUBE-ST60.1.1.0
2026-05-11 19:23:30,324 [WARN] PackLoader:240 - Cannot read IP mode file for emotas.I-CUBE-CANOPEN.1.3.0
2026-05-11 19:23:30,333 [WARN] PackLoader:240 - Cannot read IP mode file for STMicroelectronics.X-CUBE-GNSS1.7.1.0
2026-05-11 19:23:30,350 [WARN] PackLoader:240 - Cannot read IP mode file for STMicroelectronics.FP-SNS-STBOX1.2.1.0
2026-05-11 19:23:30,361 [WARN] PackLoader:240 - Cannot read IP mode file for STMicroelectronics.FP-SNS-SMARTAG2.1.2.0
2026-05-11 19:23:30,371 [WARN] PackLoader:240 - Cannot read IP mode file for STMicroelectronics.FP-SNS-FLIGHT1.5.1.0
2026-05-11 19:23:30,387 [INFO] LogOutputStream:77 - [STDOUT_REDIRECT] 1 : Invalid condition id : UX_CORESTACK_Condition cause : null
2026-05-11 19:23:30,388 [INFO] LogOutputStream:77 - [STDOUT_REDIRECT] 1 : Invalid condition id : UX_CORESTACK_Condition cause : null
2026-05-11 19:23:30,389 [INFO] LogOutputStream:77 - [STDOUT_REDIRECT] 1 : Invalid condition id : UX_CORESTACK_Condition cause : null
2026-05-11 19:23:30,391 [INFO] LogOutputStream:77 - [STDOUT_REDIRECT] 1 : Invalid condition id : UX_CORESTACK_Condition cause : null
2026-05-11 19:23:30,393 [INFO] LogOutputStream:77 - [STDOUT_REDIRECT] 1 : Invalid condition id : UX_CORESTACK_Condition cause : null
2026-05-11 19:23:30,397 [WARN] PackLoader:240 - Cannot read IP mode file for STMicroelectronics.X-CUBE-AZRTOS-WL.2.0.0
2026-05-11 19:23:30,425 [WARN] PackLoader:240 - Cannot read IP mode file for STMicroelectronics.X-CUBE-AZRTOS-H7RS.1.2.0
2026-05-11 19:23:30,437 [WARN] PackLoader:240 - Cannot read IP mode file for STMicroelectronics.X-CUBE-BLE2.3.3.0
2026-05-11 19:23:30,492 [WARN] PackLoader:240 - Cannot read IP mode file for Infineon.AIROC-Wi-Fi-Bluetooth-STM32.1.8.0
2026-05-11 19:23:30,508 [WARN] PackLoader:240 - Cannot read IP mode file for STMicroelectronics.X-CUBE-NFC9.1.0.0
2026-05-11 19:23:30,518 [WARN] PackLoader:240 - Cannot read IP mode file for STMicroelectronics.X-CUBE-BLE1.7.1.0
2026-05-11 19:23:30,524 [WARN] PackLoader:240 - Cannot read IP mode file for wolfSSL.I-CUBE-wolfMQTT.1.19.2
2026-05-11 19:23:30,533 [WARN] PackLoader:240 - Cannot read IP mode file for STMicroelectronics.X-CUBE-EEPRMA1.5.2.0
2026-05-11 19:23:30,539 [WARN] PackLoader:240 - Cannot read IP mode file for wolfSSL.I-CUBE-wolfSSL.5.8.4
2026-05-11 19:23:30,546 [WARN] PackLoader:240 - Cannot read IP mode file for Cesanta.I-CUBE-Mongoose.7.20.0
2026-05-11 19:23:30,554 [WARN] PackLoader:240 - Cannot read IP mode file for STMicroelectronics.FP-SNS-STAIOTCFT.1.1.0
2026-05-11 19:23:30,619 [WARN] PackLoader:240 - Cannot read IP mode file for STMicroelectronics.X-CUBE-MEMS1.12.0.0
2026-05-11 19:23:30,726 [WARN] PackLoader:240 - Cannot read IP mode file for STMicroelectronics.X-CUBE-AZRTOS-G0.1.1.0
2026-05-11 19:23:30,736 [WARN] PackLoader:240 - Cannot read IP mode file for STMicroelectronics.X-CUBE-NFC4.3.0.0
2026-05-11 19:23:30,749 [WARN] PackLoader:240 - Cannot read IP mode file for EmbeddedOffice.I-CUBE-FS-RTOS.1.0.1
2026-05-11 19:23:30,756 [WARN] PackLoader:240 - Cannot read IP mode file for STMicroelectronics.X-CUBE-WB05N.2.0.0
2026-05-11 19:23:30,764 [WARN] PackLoader:240 - Cannot read IP mode file for wolfSSL.I-CUBE-wolfTPM.3.8.0
2026-05-11 19:23:30,772 [WARN] PackLoader:240 - Cannot read IP mode file for STMicroelectronics.X-CUBE-TCPP.4.2.0
2026-05-11 19:23:30,784 [WARN] PackLoader:240 - Cannot read IP mode file for RealThread.X-CUBE-RT-Thread_Nano.4.1.1
2026-05-11 19:23:30,792 [WARN] PackLoader:240 - Cannot read IP mode file for STMicroelectronics.FP-ATR-SIGFOX1.3.2.0
2026-05-11 19:23:30,807 [WARN] PackLoader:240 - Cannot read IP mode file for STMicroelectronics.X-CUBE-FREERTOS.1.5.0
2026-05-11 19:23:30,819 [WARN] PackLoader:240 - Cannot read IP mode file for ITTIA_DB.I-CUBE-ITTIADB.8.9.0
2026-05-11 19:23:30,823 [WARN] PackLoader:240 - Cannot read IP mode file for Cesanta.I-CUBE-Mongoose.7.21.6
2026-05-11 19:23:30,834 [WARN] PackLoader:240 - Cannot read IP mode file for STMicroelectronics.X-CUBE-NFC6.3.2.0
2026-05-11 19:23:30,844 [WARN] PackLoader:240 - Cannot read IP mode file for STMicroelectronics.X-CUBE-AI.10.2.0
2026-05-11 19:23:30,920 [WARN] PackLoader:240 - Cannot read IP mode file for STMicroelectronics.X-CUBE-MEMS1.12.1.0
2026-05-11 19:23:31,134 [WARN] PackLoader:240 - Cannot read IP mode file for SEGGER.I-CUBE-embOS.1.3.1
2026-05-11 19:23:31,195 [WARN] PackLoader:240 - Cannot read IP mode file for STMicroelectronics.X-CUBE-ALGOBUILD.1.4.0
2026-05-11 19:23:31,202 [WARN] PackLoader:240 - Cannot read IP mode file for STMicroelectronics.X-CUBE-PM33A1.1.0.0
2026-05-11 19:23:31,220 [WARN] PackLoader:240 - Cannot read IP mode file for STMicroelectronics.X-CUBE-AZRTOS-F4.1.1.0
2026-05-11 19:23:31,229 [WARN] PackLoader:240 - Cannot read IP mode file for STMicroelectronics.X-CUBE-ISPU.2.1.0
2026-05-11 19:23:31,243 [WARN] PackLoader:240 - Cannot read IP mode file for STMicroelectronics.X-CUBE-IPS.3.2.0
2026-05-11 19:23:31,255 [WARN] PackLoader:240 - Cannot read IP mode file for STMicroelectronics.eDS-WB_DPC_TT-BIDIR.2.1.1
2026-05-11 19:23:31,265 [WARN] PackLoader:240 - Cannot read IP mode file for STMicroelectronics.X-CUBE-NFC12.1.0.0
2026-05-11 19:23:31,285 [WARN] PackLoader:240 - Cannot read IP mode file for STMicroelectronics.X-CUBE-AZRTOS-L5.2.0.0
2026-05-11 19:23:31,293 [WARN] PackLoader:240 - Cannot read IP mode file for STMicroelectronics.eDS-WB_DPC_VIENNA.1.2.0
2026-05-11 19:23:31,298 [WARN] PackLoader:240 - Cannot read IP mode file for STMicroelectronics.eDS-WB_DPC_3PH2L-BIDIR.1.1.1
2026-05-11 19:23:31,303 [ERROR] Engine:466 - C:\Users\jahna\.stm32cubemx\thirdparties\pdsc\STMicroelectronics.X-CUBE-ST67W61.1.3.0.pdsc: PDSC version is not supported
2026-05-11 19:23:31,311 [WARN] PackLoader:240 - Cannot read IP mode file for STMicroelectronics.X-CUBE-TOUCHGFX.4.26.1
2026-05-11 19:23:31,316 [WARN] PackLoader:240 - Cannot read IP mode file for STMicroelectronics.FP-SNS-STAIOTCFT.1.0.0
2026-05-11 19:23:31,324 [WARN] PackLoader:240 - Cannot read IP mode file for STMicroelectronics.X-CUBE-DPower.1.3.0
2026-05-11 19:23:31,343 [WARN] ConditionMgr:438 - getConditionDescription Invalid condition id : LAN8742 Phy interface Condition cause : null
2026-05-11 19:23:31,344 [WARN] PackLoader:240 - Cannot read IP mode file for STMicroelectronics.X-CUBE-AZRTOS-L4.2.0.0
2026-05-11 19:23:31,346 [WARN] ConditionMgr:1044 - genDependencies : Invalid condition id : LAN8742 Phy interface Condition cause : null
2026-05-11 19:23:31,346 [WARN] ConditionMgr:1044 - genDependencies : Invalid condition id : LAN8742 Phy interface Condition cause : null
2026-05-11 19:23:31,346 [WARN] ConditionMgr:1044 - genDependencies : Invalid condition id : LAN8742 Phy interface Condition cause : null
2026-05-11 19:23:31,356 [WARN] PackLoader:240 - Cannot read IP mode file for STMicroelectronics.X-CUBE-SFXS2LP1.4.0.0
2026-05-11 19:23:31,362 [WARN] PackLoader:240 - Cannot read IP mode file for STMicroelectronics.X-CUBE-WB05N.2.1.0
2026-05-11 19:23:31,382 [WARN] PackLoader:240 - Cannot read IP mode file for STMicroelectronics.X-CUBE-ST67W61.1.2.0
2026-05-11 19:23:31,408 [WARN] PackLoader:240 - Cannot read IP mode file for STMicroelectronics.X-CUBE-BLEMGR.4.1.0
2026-05-11 19:23:31,433 [WARN] ConditionMgr:438 - getConditionDescription Invalid condition id : UX DEVICE CLASS RTOS Condition cause : null
2026-05-11 19:23:31,433 [WARN] ConditionMgr:438 - getConditionDescription Invalid condition id : UX DEVICE CLASS RTOS Condition cause : null
2026-05-11 19:23:31,436 [WARN] PackLoader:240 - Cannot read IP mode file for STMicroelectronics.X-CUBE-AZRTOS-WB.2.0.0
2026-05-11 19:23:31,437 [WARN] ConditionMgr:1044 - genDependencies : Invalid condition id : UX DEVICE CLASS RTOS Condition cause : null
2026-05-11 19:23:31,437 [WARN] ConditionMgr:1044 - genDependencies : Invalid condition id : UX DEVICE CLASS RTOS Condition cause : null
2026-05-11 19:23:31,438 [WARN] ConditionMgr:1044 - genDependencies : Invalid condition id : UX DEVICE CLASS RTOS Condition cause : null
2026-05-11 19:23:31,438 [WARN] ConditionMgr:1044 - genDependencies : Invalid condition id : UX DEVICE CLASS RTOS Condition cause : null
2026-05-11 19:23:31,438 [WARN] ConditionMgr:1044 - genDependencies : Invalid condition id : UX DEVICE CLASS RTOS Condition cause : null
2026-05-11 19:23:31,459 [WARN] ConditionMgr:438 - getConditionDescription Invalid condition id : Cortex-A Device cause : null
2026-05-11 19:23:31,494 [WARN] ConditionMgr:1044 - genDependencies : Invalid condition id : Cortex-A Device cause : null
2026-05-11 19:23:31,495 [WARN] ConditionMgr:1044 - genDependencies : Invalid condition id : Cortex-A Device cause : null
2026-05-11 19:23:31,495 [WARN] ConditionMgr:1044 - genDependencies : Invalid condition id : Cortex-A Device cause : null
2026-05-11 19:23:31,520 [WARN] PackLoader:240 - Cannot read IP mode file for STMicroelectronics.X-CUBE-STSE01.2.0.0
2026-05-11 19:23:31,550 [WARN] PackLoader:240 - Cannot read IP mode file for STMicroelectronics.X-CUBE-SUBG2.5.0.0
2026-05-11 19:23:31,581 [WARN] PackLoader:240 - Cannot read IP mode file for STMicroelectronics.X-CUBE-AZRTOS-G4.2.0.0
2026-05-11 19:23:31,593 [WARN] PackLoader:240 - Cannot read IP mode file for wolfSSL.I-CUBE-wolfSSH.1.4.20
2026-05-11 19:23:31,604 [WARN] PackLoader:240 - Cannot read IP mode file for STMicroelectronics.X-CUBE-NFC7.2.0.0
2026-05-11 19:23:31,613 [WARN] PackLoader:240 - Cannot read IP mode file for STMicroelectronics.X-CUBE-ALS.1.0.2
2026-05-11 19:23:31,641 [WARN] PackLoader:240 - Cannot read IP mode file for STMicroelectronics.X-CUBE-TOF1.3.4.3
2026-05-11 19:23:31,654 [INFO] ThirdParty:978 - Integrity check success = true
2026-05-11 19:23:31,654 [INFO] IntegrityCheckThread:100 - exiting critical section [integrity check]
2026-05-11 19:23:31,655 [INFO] IntegrityCheckThread:103 - End integrity checks thread
2026-05-11 19:23:31,793 [INFO] WebApp:463 - Apply proxy settings
2026-05-11 19:23:31,793 [INFO] WebApp:548 - Chromium requires no authentication
2026-05-11 19:23:31,814 [INFO] WebApp:491 - Direct internet connection detected
2026-05-11 19:23:31,858 [INFO] WebApp:900 - Register for checkConnection events
2026-05-11 19:23:31,859 [INFO] WebApp:463 - Apply proxy settings
2026-05-11 19:23:31,859 [INFO] WebApp:548 - Chromium requires no authentication
2026-05-11 19:23:31,860 [INFO] WebApp:491 - Direct internet connection detected
2026-05-11 19:23:32,161 [INFO] WebApp:191 - Connection restablished
2026-05-11 19:23:32,189 [INFO] WebApp:225 - Starting web application
2026-05-11 19:23:32,190 [INFO] WebApp:593 - Web application path used C:\ST\STM32CubeIDE_1.19.0\STM32CubeIDE\plugins\com.st.stm32cube.common.mx_6.15.0.202507011659\db\plugins\mcufinder\reactClient1\index.html
2026-05-11 19:28:20,874 [INFO] WebApp:194 - Connection lost
2026-05-11 19:28:21,844 [INFO] WebApp:191 - Connection restablished
2026-05-11 19:32:19,458 [INFO] McuFinderGlobals:63 - Set McuFinder mode to 2 (CubeIDE integrated)
2026-05-11 19:32:19,501 [INFO] MainUpdater:2872 - connection check result : 10
2026-05-11 19:32:19,504 [INFO] MainUpdater:2872 - connection check result : 10
2026-05-11 19:32:19,869 [INFO] MicroXplorer:468 - Change Database Path : 
2026-05-11 19:32:19,873 [INFO] MicroXplorer:498 - Change Database Version : DB.6.0.150
2026-05-11 19:32:19,918 [WARN] ThirdParty:871 - waiting for thirdparty lock release [close project]
2026-05-11 19:32:19,920 [INFO] ThirdParty:873 - entering critical section [close project]
2026-05-11 19:32:19,938 [INFO] ThirdParty:883 - exiting critical section [close project]
2026-05-11 19:32:19,958 [INFO] PinOutPanel:1589 - setPackage(No Configuration,No Configuration)
2026-05-11 19:32:19,992 [INFO] UtilMem:75 - Begin LoadConfig() Used Memory: 736762392 Bytes (1073741824)
2026-05-11 19:32:20,008 [INFO] MicroXplorer:468 - Change Database Path : 
2026-05-11 19:32:20,008 [INFO] MicroXplorer:498 - Change Database Version : DB.6.0.150
2026-05-11 19:32:20,011 [INFO] OpenFileManager:355 - Change cursor
2026-05-11 19:32:20,235 [INFO] Mcu:2029 - Initializing MCU STM32L053C(6-8)Tx STM32L053C8Tx STM32L053C8T6
2026-05-11 19:32:22,189 [INFO] Context:786 - Trying to add GPIOservice into a context  which must be forbidden
2026-05-11 19:32:22,948 [INFO] ImportTextPane:234 - (OptionalMessage_ERROR) Pin9 (VP_RIF_VS_RIF1) cannot be retrieved for this MCU
2026-05-11 19:32:23,293 [INFO] RtosManager:558 - Registered RTOS mode: class=CMSIS, group=RTOS, mode=CMSIS_V1, owner=FREERTOS
2026-05-11 19:32:23,294 [INFO] RtosManager:558 - Registered RTOS mode: class=CMSIS, group=RTOS2, mode=CMSIS_V2, owner=FREERTOS
2026-05-11 19:32:23,294 [INFO] RtosManager:558 - Registered RTOS mode: class=RTOS, group=Core, mode=CMSIS_V1, owner=FREERTOS
2026-05-11 19:32:23,294 [INFO] RtosManager:558 - Registered RTOS mode: class=RTOS, group=Core, mode=CMSIS_V2, owner=FREERTOS
2026-05-11 19:32:23,295 [WARN] ModelIntegratedComponent:184 - Missing modes for component STMicroelectronics:FreeRTOS:0.0.1:STMicroelectronics:RTOS:FreeRTOS:Core:::10.2.0:
2026-05-11 19:32:23,323 [WARN] ModelIntegratedComponent:63 - No mode defined for component null
2026-05-11 19:32:23,324 [WARN] ModelIntegratedComponent:63 - No mode defined for component null
2026-05-11 19:32:23,324 [WARN] ModelIntegratedComponent:63 - No mode defined for component null
2026-05-11 19:32:23,324 [WARN] ModelIntegratedComponent:63 - No mode defined for component null
2026-05-11 19:32:23,324 [WARN] ModelIntegratedComponent:63 - No mode defined for component null
2026-05-11 19:32:23,325 [WARN] ModelIntegratedComponent:63 - No mode defined for component null
2026-05-11 19:32:23,325 [WARN] ModelIntegratedComponent:63 - No mode defined for component null
2026-05-11 19:32:23,325 [WARN] ModelIntegratedComponent:63 - No mode defined for component null
2026-05-11 19:32:23,325 [WARN] ModelIntegratedComponent:63 - No mode defined for component null
2026-05-11 19:32:23,325 [WARN] ModelIntegratedComponent:63 - No mode defined for component null
2026-05-11 19:32:23,325 [WARN] ModelIntegratedComponent:63 - No mode defined for component null
2026-05-11 19:32:23,325 [WARN] ModelIntegratedComponent:63 - No mode defined for component null
2026-05-11 19:32:23,326 [WARN] ModelIntegratedComponent:63 - No mode defined for component null
2026-05-11 19:32:23,326 [WARN] ModelIntegratedComponent:63 - No mode defined for component null
2026-05-11 19:32:23,326 [WARN] ModelIntegratedComponent:63 - No mode defined for component null
2026-05-11 19:32:23,326 [WARN] ModelIntegratedComponent:63 - No mode defined for component null
2026-05-11 19:32:23,326 [WARN] ModelIntegratedComponent:63 - No mode defined for component null
2026-05-11 19:32:23,326 [WARN] ModelIntegratedComponent:63 - No mode defined for component null
2026-05-11 19:32:23,326 [WARN] ModelIntegratedComponent:63 - No mode defined for component null
2026-05-11 19:32:23,327 [WARN] ModelIntegratedComponent:63 - No mode defined for component null
2026-05-11 19:32:23,327 [WARN] ModelIntegratedComponent:63 - No mode defined for component null
2026-05-11 19:32:23,327 [WARN] ModelIntegratedComponent:63 - No mode defined for component null
2026-05-11 19:32:23,327 [WARN] ModelIntegratedComponent:63 - No mode defined for component null
2026-05-11 19:32:23,327 [WARN] ModelIntegratedComponent:63 - No mode defined for component null
2026-05-11 19:32:23,327 [WARN] ModelIntegratedComponent:63 - No mode defined for component null
2026-05-11 19:32:23,328 [WARN] ModelIntegratedComponent:63 - No mode defined for component null
2026-05-11 19:32:23,328 [WARN] ModelIntegratedComponent:63 - No mode defined for component null
2026-05-11 19:32:23,328 [WARN] ModelIntegratedComponent:63 - No mode defined for component null
2026-05-11 19:32:23,328 [WARN] ModelIntegratedComponent:63 - No mode defined for component null
2026-05-11 19:32:23,328 [WARN] ModelIntegratedComponent:63 - No mode defined for component null
2026-05-11 19:32:23,328 [WARN] ModelIntegratedComponent:63 - No mode defined for component null
2026-05-11 19:32:23,328 [WARN] ModelIntegratedComponent:63 - No mode defined for component null
2026-05-11 19:32:23,328 [WARN] ModelIntegratedComponent:63 - No mode defined for component null
2026-05-11 19:32:23,328 [WARN] ModelIntegratedComponent:63 - No mode defined for component null
2026-05-11 19:32:23,329 [WARN] ModelIntegratedComponent:63 - No mode defined for component null
2026-05-11 19:32:23,330 [WARN] ModelPack:524 - Component already loaded: STMicroelectronics:HAL Drivers:0.0.0:STMicroelectronics:Device:STMicro_Driver:XSPI:HAL::0.0.1:HAL_XSPI
2026-05-11 19:32:23,435 [INFO] ThirdPartyModel:298 - Start build external matchings
2026-05-11 19:32:23,773 [INFO] ThirdPartyModel:316 - End build external matchings
2026-05-11 19:32:23,830 [INFO] ImportTextPane:234 - (OptionalMessage_ERROR) IP (RCC) : Invalid parameter (FamilyName)
2026-05-11 19:32:23,832 [INFO] ImportTextPane:234 - (OptionalMessage_ERROR) IP (RCC) : Invalid parameter (PWRFreq_Value)
2026-05-11 19:32:23,833 [INFO] ImportTextPane:234 - (OptionalMessage_ERROR) IP (RCC) : Parameter (RTCHSEDivFreq_Value) has invalid value (4000000)
2026-05-11 19:32:23,834 [INFO] ImportTextPane:234 - (OptionalMessage_ERROR) IP (RCC) : Invalid parameter (TIMFreq_Value)
2026-05-11 19:32:24,497 [INFO] ApiDb:581 - Connected to CubeFinder SQLite database (C:\Users\jahna\.stmcufinder\plugins\mcufinder\mcu\cube-finder-db.db)
2026-05-11 19:32:24,660 [INFO] ApiDb:668 - CubeFinder database Data Model version=2.1
2026-05-11 19:32:24,661 [INFO] ApiDb:669 - CubeFinder database Configuration version=3.0.42
2026-05-11 19:32:24,665 [INFO] ApiDb:670 - CubeFinder database generation date=2026-05-06 (1778060171)
2026-05-11 19:32:24,665 [INFO] ApiDb:671 - CubeFinder database FW Pack versions=[FP-ATR-ASTRA1_V2.0.0, FP-SNS-FLIGHT1_V5.1.0, FP-SNS-MOTENV1_V5.1.0, FP-SNS-MOTENVWB1_V1.5.0, FP-SNS-SMARTAG2_V1.2.0, FP-SNS-STBOX1_V2.1.0, STM32Cube_FW_C0_V1.4.0, STM32Cube_FW_F4_V1.28.3, STM32Cube_FW_F7_V1.17.4, STM32Cube_FW_G0_V1.6.3, STM32Cube_FW_G4_V1.6.2, STM32Cube_FW_H5_V1.6.0, STM32Cube_FW_H7RS_V1.3.0, STM32Cube_FW_H7_V1.13.0, STM32Cube_FW_L0_V1.12.2, STM32Cube_FW_L4_V1.18.2, STM32Cube_FW_L5_V1.6.0, STM32Cube_FW_N6_V1.3.0, STM32Cube_FW_U0_V1.3.0, STM32Cube_FW_U3_V1.3.0, STM32Cube_FW_U5_V1.8.0, STM32Cube_FW_WB0_V1.4.0, STM32Cube_FW_WBA_V1.9.0, STM32Cube_FW_WB_V1.24.0, STM32Cube_FW_WL3_V1.4.0, STM32Cube_FW_WL_V1.5.0, X-CUBE-ALGOBUILD_V1.4.0, X-CUBE-ALS_V1.0.2, X-CUBE-AZRTOS-F4_V1.1.0, X-CUBE-AZRTOS-F7_V1.1.0, X-CUBE-AZRTOS-G0_V1.1.0, X-CUBE-AZRTOS-G4_V2.0.0, X-CUBE-AZRTOS-H7RS_V1.1.0, X-CUBE-AZRTOS-H7_V3.5.0, X-CUBE-AZRTOS-L4_V2.0.0, X-CUBE-AZRTOS-L5_V2.0.0, X-CUBE-AZRTOS-WB_V2.0.0, X-CUBE-AZRTOS-WL_V2.0.0, X-CUBE-BLE1_V7.1.0, X-CUBE-BLE2_V3.3.0, X-CUBE-BLEMGR_V4.1.0, X-CUBE-EEPRMA1_V5.2.0, X-CUBE-FREERTOS_V1.5.0, X-CUBE-GNSS1_V6.0.0, X-CUBE-MEMS1_V12.0.0, X-CUBE-NFC4_V3.0.0, X-CUBE-NFC7_V2.0.0, X-CUBE-SFXS2LP1_V4.0.0, X-CUBE-ST67W61_V1.2.0, X-CUBE-SUBG2_V5.0.0, X-CUBE-TOF1_V3.4.3]
2026-05-11 19:32:24,836 [INFO] DbBoardsSqlite:226 - include board P-NUCLEO-WB55-NUCLEO as a kit item of type 'Nucleo-64'
2026-05-11 19:32:24,836 [INFO] DbBoardsSqlite:226 - include board P-NUCLEO-WB55-USBDONGLE as a kit item of type 'Nucleo USB Dongle'
2026-05-11 19:32:24,837 [INFO] DbBoardsSqlite:226 - include board STEVAL-IDP005V1 as a kit item of type 'Evaluation Board'
2026-05-11 19:32:24,838 [INFO] DbBoardsSqlite:226 - include board STEVAL-IDP005V2 as a kit item of type 'Evaluation Board'
2026-05-11 19:32:25,487 [INFO] ApiDb:240 - Found 880 in-development CPN: [B-G473E-ZEST1S, B-WB1M-WPAN1, B-WBA5M-WPAN, B-WL5M-SUBG1, NUCLEO-C031C6, NUCLEO-C051C8, NUCLEO-C071RB, NUCLEO-C092RC, NUCLEO-H503RB, NUCLEO-H533RE, NUCLEO-H563ZI, NUCLEO-H7S3L8, NUCLEO-N657X0-Q, NUCLEO-U031R8, NUCLEO-U083RC, NUCLEO-U385RG-Q, NUCLEO-U545RE-Q, NUCLEO-U5A5ZJ-Q, NUCLEO-WB05KZ, NUCLEO-WB07CC, NUCLEO-WB09KE, NUCLEO-WBA52CG, NUCLEO-WBA55CG, NUCLEO-WL33CC1, NUCLEO-WL33CC2, STEVAL-PROTEUS1, STEVAL-SMARTAG2, STEVAL-STWINBX1, STM320518-EVAL, STM32C0116-DK, STM32C011D6Y3TR, STM32C011D6Y6TR, STM32C011F4P3, STM32C011F4P6, STM32C011F4U3, STM32C011F4U6TR, STM32C011F6P3, STM32C011F6P6, STM32C011F6U3, STM32C011F6U6TR, STM32C011J4M3, STM32C011J4M6, STM32C011J6M3, STM32C011J6M6, STM32C0316-DK, STM32C031C4T3, STM32C031C4T6, STM32C031C4U3, STM32C031C4U6, STM32C031C6T3, STM32C031C6T6, STM32C031C6U3, STM32C031C6U6, STM32C031F4P3, STM32C031F4P6, STM32C031F6P3, STM32C031F6P6, STM32C031G4U3, STM32C031G4U6, STM32C031G6U3, STM32C031G6U6, STM32C031K4T3, STM32C031K4T6, STM32C031K4U3, STM32C031K4U6, STM32C031K6T3, STM32C031K6T6, STM32C031K6U3, STM32C031K6U6, STM32C051C6T6, STM32C051C6U6, STM32C051C8T6, STM32C051C8U6, STM32C051D8Y6TR, STM32C051F6P6, STM32C051F8P6, STM32C051G6U6, STM32C051G8U6, STM32C051K6T6, STM32C051K6U6, STM32C051K8T6, STM32C071C8T6, STM32C071C8T6N, STM32C071C8U6, STM32C071C8U6N, STM32C071CBT6, STM32C071CBT6N, STM32C071CBU6, STM32C071CBU6N, STM32C071F8P6, STM32C071F8P6N, STM32C071FBP6, STM32C071FBP6N, STM32C071FBY6TR, STM32C071G8U6, STM32C071G8U6N, STM32C071GBU6, STM32C071GBU6N, STM32C071K8T6, STM32C071K8T6N, STM32C071K8U6, STM32C071K8U6N, STM32C071KBT6, STM32C071KBT6N, STM32C071KBU6, STM32C071KBU6N, STM32C071R8T6, STM32C071R8T6N, STM32C071RBI6N, STM32C071RBT6, STM32C071RBT6N, STM32C091CBT6, STM32C091CBU6, STM32C091CCT6, STM32C091CCU6, STM32C091ECY6TR, STM32C091FBP6, STM32C091FCP6, STM32C091GBU6, STM32C091GCU6, STM32C091KBT6, STM32C091KBU6, STM32C091KCT6, STM32C091KCU6, STM32C091RBT6, STM32C091RCI6, STM32C091RCT6, STM32C092CBT6, STM32C092CBU6, STM32C092CCT6, STM32C092CCU6, STM32C092ECY6TR, STM32C092FBP6, STM32C092FCP6, STM32C092GBU6, STM32C092GCU6, STM32C092KBT6, STM32C092KBU6, STM32C092KCT6, STM32C092KCU6, STM32C092RBT6, STM32C092RCI6, STM32C092RCT6, STM32G071K8TXN, STM32G071K8UXN, STM32G081GBU6N, STM32G081KBT6N, STM32G081KBUXN, STM32G0B1CCT6N, STM32G0B1KCT6, STM32G0B1NEY6TR, STM32G0B1RCT6N, STM32G0C1CCT6, STM32G0C1CCT6N, STM32G0C1CCU6N, STM32G0C1CET6N, STM32G0C1CEU6N, STM32G0C1KCT6, STM32G0C1NEY6TR, STM32G0C1RCI6N, STM32G0C1RCT6N, STM32G0C1REI6N, STM32G0C1RET6N, STM32G0C1VCI6, STM32G0C1VEI6, STM32G411C6T3, STM32G411C6T6, STM32G411C6U3, STM32G411C6U6, STM32G411C8T3, STM32G411C8T6, STM32G411C8U3, STM32G411C8U6, STM32G411CBT3, STM32G411CBT6, STM32G411CBU3, STM32G411CBU6, STM32G411K6T3, STM32G411K6T6, STM32G411K6U3, STM32G411K6U6, STM32G411K8T3, STM32G411K8T6, STM32G411K8U3, STM32G411K8U6, STM32G411KBT3, STM32G411KBT6, STM32G411KBU3, STM32G411KBU6, STM32G411M6T3, STM32G411M6T6, STM32G411M8T3, STM32G411M8T6, STM32G411MBT3, STM32G411MBT6, STM32G411R6T3, STM32G411R6T6, STM32G411R8T3, STM32G411R8T6, STM32G411RBT3, STM32G411RBT6, STM32G414CBT3, STM32G414CBT6, STM32G414CBU3, STM32G414CBU6, STM32G414CCT3, STM32G414CCT6, STM32G414CCU3, STM32G414CCU6, STM32G414MBT3, STM32G414MBT6, STM32G414MCT3, STM32G414MCT6, STM32G414RBT3, STM32G414RBT6, STM32G414RCT3, STM32G414RCT6, STM32G414VBT3, STM32G414VBT6, STM32G414VCT3, STM32G414VCT6, STM32G431CBT3Z, STM32G431RBT3Z, STM32G471CCT6, STM32G471CCU6, STM32G471CET3, STM32G471CET6, STM32G471CEU3, STM32G471CEU6, STM32G471MCT6, STM32G471MET3, STM32G471MET6, STM32G471MEY6TR, STM32G471QCT6, STM32G471QET3, STM32G471RCT6, STM32G471RET3, STM32G471RET6, STM32G471VCH6, STM32G471VCI6, STM32G471VCT6, STM32G471VEH3, STM32G471VEH6, STM32G471VEI3, STM32G471VEI6, STM32G471VET3, STM32G471VET6, STM32G473QET3Z, STM32G473RET3Z, STM32G474CCT6, STM32G491RET3Z, STM32H503CBT6, STM32H503CBU6, STM32H503EBY6TR, STM32H503KBU6, STM32H503RBT6, STM32H523CCT6, STM32H523CCU6, STM32H523CET6, STM32H523CEU6, STM32H523HEY6TR, STM32H523RCT6, STM32H523RET6, STM32H523VCI6, STM32H523VCT6, STM32H523VEI6, STM32H523VET6, STM32H523ZCJ6, STM32H523ZCT6, STM32H523ZEJ6, STM32H523ZET6, STM32H533CET6, STM32H533CEU6, STM32H533HEY6TR, STM32H533RET6, STM32H533VEI6, STM32H533VET6, STM32H533ZEJ6, STM32H533ZET6, STM32H562AGI6, STM32H562AII6, STM32H562IGK6, STM32H562IGT6, STM32H562IIK6, STM32H562IIT6, STM32H562RGT6, STM32H562RGV6, STM32H562RIT6, STM32H562RIV6, STM32H562VGT6, STM32H562VIT6, STM32H562ZGT6, STM32H562ZIT6, STM32H563AGI6, STM32H563AII3Q, STM32H563AII6, STM32H563IGK6, STM32H563IGT6, STM32H563IIK3Q, STM32H563IIK6, STM32H563IIT3Q, STM32H563IIT6, STM32H563MIY3QTR, STM32H563RGT6, STM32H563RGV6, STM32H563RIT6, STM32H563RIV6, STM32H563VGT6, STM32H563VIT3Q, STM32H563VIT6, STM32H563ZGT6, STM32H563ZIT3Q, STM32H563ZIT6, STM32H573AII3Q, STM32H573AII6, STM32H573I-DK, STM32H573IIK3Q, STM32H573IIK6, STM32H573IIT3Q, STM32H573IIT6, STM32H573MIY3QTR, STM32H573RIT6, STM32H573RIV6, STM32H573VIT3Q, STM32H573VIT6, STM32H573ZIT3Q, STM32H573ZIT6, STM32H7R3A8I6, STM32H7R3I8K6, STM32H7R3I8T6, STM32H7R3L8H6, STM32H7R3L8H6H, STM32H7R3R8V6, STM32H7R3V8H6, STM32H7R3V8T6, STM32H7R3V8Y6TR, STM32H7R3Z8J6, STM32H7R3Z8T6, STM32H7R7A8I6, STM32H7R7I8K6, STM32H7R7I8T6, STM32H7R7L8H6, STM32H7R7L8H6H, STM32H7R7Z8J6, STM32H7S3A8I6, STM32H7S3I8K6, STM32H7S3I8T6, STM32H7S3L8H6, STM32H7S3L8H6H, STM32H7S3R8V6, STM32H7S3V8H6, STM32H7S3V8T6, STM32H7S3V8Y6TR, STM32H7S3Z8J6, STM32H7S3Z8T6, STM32H7S78-DK, STM32H7S7A8I6, STM32H7S7I8K6, STM32H7S7I8T6, STM32H7S7L8H6, STM32H7S7L8H6H, STM32H7S7Z8J6, STM32L4R5QGI6STR, STM32MP131AAE3, STM32MP131AAF3, STM32MP131AAG3, STM32MP131CAE3, STM32MP131CAF3, STM32MP131CAG3, STM32MP131DAE7, STM32MP131DAF7, STM32MP131DAG7, STM32MP131FAE7, STM32MP131FAF7, STM32MP131FAG7, STM32MP133AAE3, STM32MP133AAF3, STM32MP133AAG3, STM32MP133CAE3, STM32MP133CAF3, STM32MP133CAG3, STM32MP133DAE7, STM32MP133DAF7, STM32MP133DAG7, STM32MP133FAE7, STM32MP133FAF7, STM32MP133FAG7, STM32MP135AAE3, STM32MP135AAF3, STM32MP135AAG3, STM32MP135CAE3, STM32MP135CAF3, STM32MP135CAG3, STM32MP135DAE7, STM32MP135DAF7, STM32MP135DAG7, STM32MP135F-DK, STM32MP135FAE7, STM32MP135FAF7, STM32MP135FAF7T, STM32MP135FAF7U, STM32MP135FAG7, STM32MP211AAL3, STM32MP211AAM3, STM32MP211AAN3, STM32MP211AAO3, STM32MP211CAL3, STM32MP211CAM3, STM32MP211CAN3, STM32MP211CAO3, STM32MP211DAL3, STM32MP211DAM3, STM32MP211DAN3, STM32MP211DAO3, STM32MP211FAL3, STM32MP211FAM3, STM32MP211FAN3, STM32MP211FAO3, STM32MP213AAL3, STM32MP213AAM3, STM32MP213AAN3, STM32MP213AAO3, STM32MP213CAL3, STM32MP213CAM3, STM32MP213CAN3, STM32MP213CAO3, STM32MP213DAL3, STM32MP213DAM3, STM32MP213DAN3, STM32MP213DAO3, STM32MP213FAL3, STM32MP213FAM3, STM32MP213FAN3, STM32MP213FAO3, STM32MP215AAL3, STM32MP215AAM3, STM32MP215AAN3, STM32MP215AAO3, STM32MP215CAL3, STM32MP215CAM3, STM32MP215CAN3, STM32MP215CAO3, STM32MP215DAL3, STM32MP215DAM3, STM32MP215DAN3, STM32MP215DAO3, STM32MP215F-DK, STM32MP215FAL3, STM32MP215FAM3, STM32MP215FAN3, STM32MP215FAO3, STM32MP231AAJ3, STM32MP231AAK3, STM32MP231AAL3, STM32MP231CAJ3, STM32MP231CAK3, STM32MP231CAL3, STM32MP231DAJ3, STM32MP231DAK3, STM32MP231DAL3, STM32MP231FAJ3, STM32MP231FAK3, STM32MP231FAL3, STM32MP233AAJ3, STM32MP233AAK3, STM32MP233AAL3, STM32MP233CAJ3, STM32MP233CAK3, STM32MP233CAL3, STM32MP233DAJ3, STM32MP233DAK3, STM32MP233DAL3, STM32MP233FAJ3, STM32MP233FAK3, STM32MP233FAL3, STM32MP235AAJ3, STM32MP235AAK3, STM32MP235AAL3, STM32MP235CAJ3, STM32MP235CAK3, STM32MP235CAL3, STM32MP235DAJ3, STM32MP235DAK3, STM32MP235DAL3, STM32MP235FAJ3, STM32MP235FAK3, STM32MP235FAL3, STM32MP251AAI3, STM32MP251AAK3, STM32MP251AAL3, STM32MP251CAI3, STM32MP251CAK3, STM32MP251CAL3, STM32MP251DAI3, STM32MP251DAK3, STM32MP251DAL3, STM32MP251FAI3, STM32MP251FAK3, STM32MP251FAL3, STM32MP253AAI3, STM32MP253AAK3, STM32MP253AAL3, STM32MP253CAI3, STM32MP253CAK3, STM32MP253CAL3, STM32MP253DAI3, STM32MP253DAK3, STM32MP253DAL3, STM32MP253FAI3, STM32MP253FAK3, STM32MP253FAL3, STM32MP255AAI3, STM32MP255AAK3, STM32MP255AAL3, STM32MP255CAI3, STM32MP255CAK3, STM32MP255CAL3, STM32MP255DAI3, STM32MP255DAK3, STM32MP255DAL3, STM32MP255FAI3, STM32MP255FAK3, STM32MP255FAL3, STM32MP257AAI3, STM32MP257AAK3, STM32MP257AAL3, STM32MP257CAI3, STM32MP257CAK3, STM32MP257CAL3, STM32MP257DAI3, STM32MP257DAK3, STM32MP257DAL3, STM32MP257F-DK, STM32MP257F-EV1, STM32MP257FAI3, STM32MP257FAK3, STM32MP257FAL3, STM32N645A0H3Q, STM32N645B0H3Q, STM32N645I0H3Q, STM32N645L0H3Q, STM32N645X0H3Q, STM32N645Z0H3Q, STM32N647A0H3Q, STM32N647B0H3Q, STM32N647I0H3Q, STM32N647L0H3Q, STM32N647X0H3Q, STM32N647Z0H3Q, STM32N655A0H3Q, STM32N655B0H3Q, STM32N655I0H3Q, STM32N655L0H3Q, STM32N655X0H3Q, STM32N655Z0H3Q, STM32N6570-DK, STM32N657A0H3Q, STM32N657B0H3Q, STM32N657I0H3Q, STM32N657L0H3Q, STM32N657X0H3Q, STM32N657Z0H3Q, STM32U031C6T6, STM32U031C6U6, STM32U031C8T6, STM32U031C8U6, STM32U031F4P6, STM32U031F6P6, STM32U031F8P6, STM32U031G6Y6TR, STM32U031G8Y6TR, STM32U031K4U6, STM32U031K6U6, STM32U031K8U6, STM32U031R6I6, STM32U031R6T6, STM32U031R8I6, STM32U031R8T6, STM32U073C8T6, STM32U073C8U6, STM32U073CBT6, STM32U073CBU6, STM32U073CCT6, STM32U073CCU6, STM32U073H8Y6TR, STM32U073HBY6TR, STM32U073HCY6TR, STM32U073K8U6, STM32U073KBU6, STM32U073KCU6, STM32U073M8I6, STM32U073M8T6, STM32U073MBI6, STM32U073MBT6, STM32U073MCI6, STM32U073MCT6, STM32U073R8I6, STM32U073R8T6, STM32U073RBI6, STM32U073RBT6, STM32U073RCI6, STM32U073RCT6, STM32U083C-DK, STM32U083CCT6, STM32U083CCU6, STM32U083HCY6TR, STM32U083KCU6, STM32U083MCI6, STM32U083MCT6, STM32U083RCI6, STM32U083RCT6, STM32U375CET6, STM32U375CET6Q, STM32U375CEU6, STM32U375CEU6Q, STM32U375CEY6QTR, STM32U375CGT6, STM32U375CGT6Q, STM32U375CGU6, STM32U375CGU6Q, STM32U375CGY6QTR, STM32U375KEU6, STM32U375KGU6, STM32U375REI6, STM32U375REI6Q, STM32U375RET6, STM32U375RET6Q, STM32U375REY6GTR, STM32U375REY6QTR, STM32U375RGI6, STM32U375RGI6Q, STM32U375RGT6, STM32U375RGT6Q, STM32U375RGY6GTR, STM32U375RGY6QTR, STM32U375VEI6, STM32U375VEI6Q, STM32U375VET6, STM32U375VET6Q, STM32U375VGI6, STM32U375VGI6Q, STM32U375VGT6, STM32U375VGT6Q, STM32U385CGT6, STM32U385CGT6Q, STM32U385CGU6, STM32U385CGU6Q, STM32U385CGY6QTR, STM32U385KGU6, STM32U385RGI6, STM32U385RGI6Q, STM32U385RGT6, STM32U385RGT6Q, STM32U385RGY6GTR, STM32U385RGY6QTR, STM32U385VGI6, STM32U385VGI6Q, STM32U385VGT6, STM32U385VGT6Q, STM32U535CBT6, STM32U535CBT6Q, STM32U535CBU6, STM32U535CBU6Q, STM32U535CCT6, STM32U535CCT6Q, STM32U535CCU6, STM32U535CCU6Q, STM32U535CET6, STM32U535CET6Q, STM32U535CEU6, STM32U535CEU6Q, STM32U535JEY6QTR, STM32U535NCY6QTR, STM32U535NEY6QTR, STM32U535RBI6, STM32U535RBI6Q, STM32U535RBT6, STM32U535RBT6Q, STM32U535RCI6, STM32U535RCI6Q, STM32U535RCT6, STM32U535RCT6Q, STM32U535REI6, STM32U535REI6Q, STM32U535RET6, STM32U535RET6Q, STM32U535VCI6, STM32U535VCI6Q, STM32U535VCT6, STM32U535VCT6Q, STM32U535VEI6, STM32U535VEI6Q, STM32U535VET6, STM32U535VET6Q, STM32U545CET6, STM32U545CET6Q, STM32U545CEU6, STM32U545CEU6Q, STM32U545JEY6QTR, STM32U545NEY6QTR, STM32U545REI6, STM32U545REI6Q, STM32U545RET6, STM32U545RET6Q, STM32U545VEI6, STM32U545VEI6Q, STM32U545VET6, STM32U545VET6Q, STM32U595AIH6, STM32U595AIH6Q, STM32U595AJH6, STM32U595AJH6Q, STM32U595QII6, STM32U595QII6Q, STM32U595QJI6, STM32U595QJI6Q, STM32U595RIT6, STM32U595RIT6Q, STM32U595RJT6, STM32U595RJT6Q, STM32U595VIT6, STM32U595VIT6Q, STM32U595VJT6, STM32U595VJT6Q, STM32U595ZIT6, STM32U595ZIT6Q, STM32U595ZIY6QTR, STM32U595ZJT6, STM32U595ZJT6Q, STM32U595ZJY6QTR, STM32U599BJY6QTR, STM32U599NIH6Q, STM32U599NJH6Q, STM32U599VIT6Q, STM32U599VJT6, STM32U599VJT6Q, STM32U599ZIT6Q, STM32U599ZIY6QTR, STM32U599ZJT6Q, STM32U599ZJY6QTR, STM32U5A5AJH6, STM32U5A5AJH6Q, STM32U5A5QII3Q , STM32U5A5QJI6, STM32U5A5QJI6Q, STM32U5A5RJT6, STM32U5A5RJT6Q, STM32U5A5VJT6, STM32U5A5VJT6Q, STM32U5A5ZJT6, STM32U5A5ZJT6Q, STM32U5A5ZJY6QTR, STM32U5A9BJY6QTR, STM32U5A9J-DK, STM32U5A9NJH6Q, STM32U5A9VJT6Q, STM32U5A9ZJT6Q, STM32U5A9ZJY6QTR, STM32U5F7VIT6, STM32U5F7VIT6Q, STM32U5F7VJT6, STM32U5F7VJT6Q, STM32U5F9BJY6QTR, STM32U5F9NJH6Q, STM32U5F9VIT6Q, STM32U5F9VJT6Q, STM32U5F9ZIJ6QTR, STM32U5F9ZIT6Q, STM32U5F9ZJJ6QTR, STM32U5F9ZJT6Q, STM32U5G7VJT6, STM32U5G7VJT6Q, STM32U5G9BJY6QTR, STM32U5G9J-DK1, STM32U5G9J-DK2, STM32U5G9NJH6Q, STM32U5G9VJT6Q, STM32U5G9ZJJ6QTR, STM32U5G9ZJT6Q, STM32WB05KZV6TR, STM32WB05KZV7TR, STM32WB05TZF6TR, STM32WB05TZF7TR, STM32WB06CCF6TR, STM32WB06CCF7TR, STM32WB06CCV6TR, STM32WB06CCV7TR, STM32WB06KCV6TR, STM32WB06KCV7TR, STM32WB07CCF6TR, STM32WB07CCF7TR, STM32WB07CCV6TR, STM32WB07CCV7TR, STM32WB07KCV6TR, STM32WB07KCV7TR, STM32WB09KEV6TR, STM32WB09KEV7TR, STM32WB09TEF6TR, STM32WB09TEF7TR, STM32WB1MMCH6, STM32WBA50KGU6, STM32WBA50KGU6TR, STM32WBA52CEU6, STM32WBA52CEU6TR, STM32WBA52CEU7, STM32WBA52CEU7TR, STM32WBA52CGU6, STM32WBA52CGU6TR, STM32WBA52CGU6U, STM32WBA52CGU7, STM32WBA52CGU7TR, STM32WBA52KEU6, STM32WBA52KEU6TR, STM32WBA52KGU6, STM32WBA52KGU6TR, STM32WBA54CEU6, STM32WBA54CEU6TR, STM32WBA54CEU7, STM32WBA54CEU7TR, STM32WBA54CGU6, STM32WBA54CGU6TR, STM32WBA54CGU7, STM32WBA54CGU7TR, STM32WBA54KEU6, STM32WBA54KEU6TR, STM32WBA54KEU7, STM32WBA54KEU7TR, STM32WBA54KGU6, STM32WBA54KGU6TR, STM32WBA54KGU7, STM32WBA54KGU7TR, STM32WBA55CEU6, STM32WBA55CEU6TR, STM32WBA55CEU7, STM32WBA55CEU7TR, STM32WBA55CGU6, STM32WBA55CGU6TR, STM32WBA55CGU6U, STM32WBA55CGU7, STM32WBA55CGU7TR, STM32WBA55G-DK1, STM32WBA55HEF6, STM32WBA55HEF7, STM32WBA55HGF6, STM32WBA55HGF7, STM32WBA55UEI6, STM32WBA55UEI6TR, STM32WBA55UEI7, STM32WBA55UEI7TR, STM32WBA55UGI6, STM32WBA55UGI6TR, STM32WBA55UGI7, STM32WBA55UGI7TR, STM32WBA5MMGH6TR, STM32WBA62MGF6, STM32WBA62MIF6, STM32WBA65MGF7, STM32WBA65MIF6, STM32WBA65MIF7, STM32WL30K8V6, STM32WL30KBV6, STM32WL31C8V6, STM32WL31CBV6, STM32WL31K8V6, STM32WL31KBV6, STM32WL33C8V6, STM32WL33C8V6X, STM32WL33CBV6, STM32WL33CBV6X, STM32WL33CCV6, STM32WL33CCV6A, STM32WL33CCV6X, STM32WL33K8V7, STM32WL33K8V7X, STM32WL33KBV7 , STM32WL33KBV7X, STM32WL33KCV7, STM32WL33KCV7X, STM32WL5MOCH6, STM32WL5MOCH6TR]
2026-05-11 19:32:25,507 [INFO] ApiDb:668 - CubeFinder database Data Model version=2.1
2026-05-11 19:32:25,507 [INFO] ApiDb:669 - CubeFinder database Configuration version=3.0.42
2026-05-11 19:32:25,507 [INFO] ApiDb:670 - CubeFinder database generation date=2026-05-06 (1778060171)
2026-05-11 19:32:25,507 [INFO] ApiDb:671 - CubeFinder database FW Pack versions=[FP-ATR-ASTRA1_V2.0.0, FP-SNS-FLIGHT1_V5.1.0, FP-SNS-MOTENV1_V5.1.0, FP-SNS-MOTENVWB1_V1.5.0, FP-SNS-SMARTAG2_V1.2.0, FP-SNS-STBOX1_V2.1.0, STM32Cube_FW_C0_V1.4.0, STM32Cube_FW_F4_V1.28.3, STM32Cube_FW_F7_V1.17.4, STM32Cube_FW_G0_V1.6.3, STM32Cube_FW_G4_V1.6.2, STM32Cube_FW_H5_V1.6.0, STM32Cube_FW_H7RS_V1.3.0, STM32Cube_FW_H7_V1.13.0, STM32Cube_FW_L0_V1.12.2, STM32Cube_FW_L4_V1.18.2, STM32Cube_FW_L5_V1.6.0, STM32Cube_FW_N6_V1.3.0, STM32Cube_FW_U0_V1.3.0, STM32Cube_FW_U3_V1.3.0, STM32Cube_FW_U5_V1.8.0, STM32Cube_FW_WB0_V1.4.0, STM32Cube_FW_WBA_V1.9.0, STM32Cube_FW_WB_V1.24.0, STM32Cube_FW_WL3_V1.4.0, STM32Cube_FW_WL_V1.5.0, X-CUBE-ALGOBUILD_V1.4.0, X-CUBE-ALS_V1.0.2, X-CUBE-AZRTOS-F4_V1.1.0, X-CUBE-AZRTOS-F7_V1.1.0, X-CUBE-AZRTOS-G0_V1.1.0, X-CUBE-AZRTOS-G4_V2.0.0, X-CUBE-AZRTOS-H7RS_V1.1.0, X-CUBE-AZRTOS-H7_V3.5.0, X-CUBE-AZRTOS-L4_V2.0.0, X-CUBE-AZRTOS-L5_V2.0.0, X-CUBE-AZRTOS-WB_V2.0.0, X-CUBE-AZRTOS-WL_V2.0.0, X-CUBE-BLE1_V7.1.0, X-CUBE-BLE2_V3.3.0, X-CUBE-BLEMGR_V4.1.0, X-CUBE-EEPRMA1_V5.2.0, X-CUBE-FREERTOS_V1.5.0, X-CUBE-GNSS1_V6.0.0, X-CUBE-MEMS1_V12.0.0, X-CUBE-NFC4_V3.0.0, X-CUBE-NFC7_V2.0.0, X-CUBE-SFXS2LP1_V4.0.0, X-CUBE-ST67W61_V1.2.0, X-CUBE-SUBG2_V5.0.0, X-CUBE-TOF1_V3.4.3]
2026-05-11 19:32:28,369 [INFO] ApiDb:240 - Found 880 in-development CPN: [B-G473E-ZEST1S, B-WB1M-WPAN1, B-WBA5M-WPAN, B-WL5M-SUBG1, NUCLEO-C031C6, NUCLEO-C051C8, NUCLEO-C071RB, NUCLEO-C092RC, NUCLEO-H503RB, NUCLEO-H533RE, NUCLEO-H563ZI, NUCLEO-H7S3L8, NUCLEO-N657X0-Q, NUCLEO-U031R8, NUCLEO-U083RC, NUCLEO-U385RG-Q, NUCLEO-U545RE-Q, NUCLEO-U5A5ZJ-Q, NUCLEO-WB05KZ, NUCLEO-WB07CC, NUCLEO-WB09KE, NUCLEO-WBA52CG, NUCLEO-WBA55CG, NUCLEO-WL33CC1, NUCLEO-WL33CC2, STEVAL-PROTEUS1, STEVAL-SMARTAG2, STEVAL-STWINBX1, STM320518-EVAL, STM32C0116-DK, STM32C011D6Y3TR, STM32C011D6Y6TR, STM32C011F4P3, STM32C011F4P6, STM32C011F4U3, STM32C011F4U6TR, STM32C011F6P3, STM32C011F6P6, STM32C011F6U3, STM32C011F6U6TR, STM32C011J4M3, STM32C011J4M6, STM32C011J6M3, STM32C011J6M6, STM32C0316-DK, STM32C031C4T3, STM32C031C4T6, STM32C031C4U3, STM32C031C4U6, STM32C031C6T3, STM32C031C6T6, STM32C031C6U3, STM32C031C6U6, STM32C031F4P3, STM32C031F4P6, STM32C031F6P3, STM32C031F6P6, STM32C031G4U3, STM32C031G4U6, STM32C031G6U3, STM32C031G6U6, STM32C031K4T3, STM32C031K4T6, STM32C031K4U3, STM32C031K4U6, STM32C031K6T3, STM32C031K6T6, STM32C031K6U3, STM32C031K6U6, STM32C051C6T6, STM32C051C6U6, STM32C051C8T6, STM32C051C8U6, STM32C051D8Y6TR, STM32C051F6P6, STM32C051F8P6, STM32C051G6U6, STM32C051G8U6, STM32C051K6T6, STM32C051K6U6, STM32C051K8T6, STM32C071C8T6, STM32C071C8T6N, STM32C071C8U6, STM32C071C8U6N, STM32C071CBT6, STM32C071CBT6N, STM32C071CBU6, STM32C071CBU6N, STM32C071F8P6, STM32C071F8P6N, STM32C071FBP6, STM32C071FBP6N, STM32C071FBY6TR, STM32C071G8U6, STM32C071G8U6N, STM32C071GBU6, STM32C071GBU6N, STM32C071K8T6, STM32C071K8T6N, STM32C071K8U6, STM32C071K8U6N, STM32C071KBT6, STM32C071KBT6N, STM32C071KBU6, STM32C071KBU6N, STM32C071R8T6, STM32C071R8T6N, STM32C071RBI6N, STM32C071RBT6, STM32C071RBT6N, STM32C091CBT6, STM32C091CBU6, STM32C091CCT6, STM32C091CCU6, STM32C091ECY6TR, STM32C091FBP6, STM32C091FCP6, STM32C091GBU6, STM32C091GCU6, STM32C091KBT6, STM32C091KBU6, STM32C091KCT6, STM32C091KCU6, STM32C091RBT6, STM32C091RCI6, STM32C091RCT6, STM32C092CBT6, STM32C092CBU6, STM32C092CCT6, STM32C092CCU6, STM32C092ECY6TR, STM32C092FBP6, STM32C092FCP6, STM32C092GBU6, STM32C092GCU6, STM32C092KBT6, STM32C092KBU6, STM32C092KCT6, STM32C092KCU6, STM32C092RBT6, STM32C092RCI6, STM32C092RCT6, STM32G071K8TXN, STM32G071K8UXN, STM32G081GBU6N, STM32G081KBT6N, STM32G081KBUXN, STM32G0B1CCT6N, STM32G0B1KCT6, STM32G0B1NEY6TR, STM32G0B1RCT6N, STM32G0C1CCT6, STM32G0C1CCT6N, STM32G0C1CCU6N, STM32G0C1CET6N, STM32G0C1CEU6N, STM32G0C1KCT6, STM32G0C1NEY6TR, STM32G0C1RCI6N, STM32G0C1RCT6N, STM32G0C1REI6N, STM32G0C1RET6N, STM32G0C1VCI6, STM32G0C1VEI6, STM32G411C6T3, STM32G411C6T6, STM32G411C6U3, STM32G411C6U6, STM32G411C8T3, STM32G411C8T6, STM32G411C8U3, STM32G411C8U6, STM32G411CBT3, STM32G411CBT6, STM32G411CBU3, STM32G411CBU6, STM32G411K6T3, STM32G411K6T6, STM32G411K6U3, STM32G411K6U6, STM32G411K8T3, STM32G411K8T6, STM32G411K8U3, STM32G411K8U6, STM32G411KBT3, STM32G411KBT6, STM32G411KBU3, STM32G411KBU6, STM32G411M6T3, STM32G411M6T6, STM32G411M8T3, STM32G411M8T6, STM32G411MBT3, STM32G411MBT6, STM32G411R6T3, STM32G411R6T6, STM32G411R8T3, STM32G411R8T6, STM32G411RBT3, STM32G411RBT6, STM32G414CBT3, STM32G414CBT6, STM32G414CBU3, STM32G414CBU6, STM32G414CCT3, STM32G414CCT6, STM32G414CCU3, STM32G414CCU6, STM32G414MBT3, STM32G414MBT6, STM32G414MCT3, STM32G414MCT6, STM32G414RBT3, STM32G414RBT6, STM32G414RCT3, STM32G414RCT6, STM32G414VBT3, STM32G414VBT6, STM32G414VCT3, STM32G414VCT6, STM32G431CBT3Z, STM32G431RBT3Z, STM32G471CCT6, STM32G471CCU6, STM32G471CET3, STM32G471CET6, STM32G471CEU3, STM32G471CEU6, STM32G471MCT6, STM32G471MET3, STM32G471MET6, STM32G471MEY6TR, STM32G471QCT6, STM32G471QET3, STM32G471RCT6, STM32G471RET3, STM32G471RET6, STM32G471VCH6, STM32G471VCI6, STM32G471VCT6, STM32G471VEH3, STM32G471VEH6, STM32G471VEI3, STM32G471VEI6, STM32G471VET3, STM32G471VET6, STM32G473QET3Z, STM32G473RET3Z, STM32G474CCT6, STM32G491RET3Z, STM32H503CBT6, STM32H503CBU6, STM32H503EBY6TR, STM32H503KBU6, STM32H503RBT6, STM32H523CCT6, STM32H523CCU6, STM32H523CET6, STM32H523CEU6, STM32H523HEY6TR, STM32H523RCT6, STM32H523RET6, STM32H523VCI6, STM32H523VCT6, STM32H523VEI6, STM32H523VET6, STM32H523ZCJ6, STM32H523ZCT6, STM32H523ZEJ6, STM32H523ZET6, STM32H533CET6, STM32H533CEU6, STM32H533HEY6TR, STM32H533RET6, STM32H533VEI6, STM32H533VET6, STM32H533ZEJ6, STM32H533ZET6, STM32H562AGI6, STM32H562AII6, STM32H562IGK6, STM32H562IGT6, STM32H562IIK6, STM32H562IIT6, STM32H562RGT6, STM32H562RGV6, STM32H562RIT6, STM32H562RIV6, STM32H562VGT6, STM32H562VIT6, STM32H562ZGT6, STM32H562ZIT6, STM32H563AGI6, STM32H563AII3Q, STM32H563AII6, STM32H563IGK6, STM32H563IGT6, STM32H563IIK3Q, STM32H563IIK6, STM32H563IIT3Q, STM32H563IIT6, STM32H563MIY3QTR, STM32H563RGT6, STM32H563RGV6, STM32H563RIT6, STM32H563RIV6, STM32H563VGT6, STM32H563VIT3Q, STM32H563VIT6, STM32H563ZGT6, STM32H563ZIT3Q, STM32H563ZIT6, STM32H573AII3Q, STM32H573AII6, STM32H573I-DK, STM32H573IIK3Q, STM32H573IIK6, STM32H573IIT3Q, STM32H573IIT6, STM32H573MIY3QTR, STM32H573RIT6, STM32H573RIV6, STM32H573VIT3Q, STM32H573VIT6, STM32H573ZIT3Q, STM32H573ZIT6, STM32H7R3A8I6, STM32H7R3I8K6, STM32H7R3I8T6, STM32H7R3L8H6, STM32H7R3L8H6H, STM32H7R3R8V6, STM32H7R3V8H6, STM32H7R3V8T6, STM32H7R3V8Y6TR, STM32H7R3Z8J6, STM32H7R3Z8T6, STM32H7R7A8I6, STM32H7R7I8K6, STM32H7R7I8T6, STM32H7R7L8H6, STM32H7R7L8H6H, STM32H7R7Z8J6, STM32H7S3A8I6, STM32H7S3I8K6, STM32H7S3I8T6, STM32H7S3L8H6, STM32H7S3L8H6H, STM32H7S3R8V6, STM32H7S3V8H6, STM32H7S3V8T6, STM32H7S3V8Y6TR, STM32H7S3Z8J6, STM32H7S3Z8T6, STM32H7S78-DK, STM32H7S7A8I6, STM32H7S7I8K6, STM32H7S7I8T6, STM32H7S7L8H6, STM32H7S7L8H6H, STM32H7S7Z8J6, STM32L4R5QGI6STR, STM32MP131AAE3, STM32MP131AAF3, STM32MP131AAG3, STM32MP131CAE3, STM32MP131CAF3, STM32MP131CAG3, STM32MP131DAE7, STM32MP131DAF7, STM32MP131DAG7, STM32MP131FAE7, STM32MP131FAF7, STM32MP131FAG7, STM32MP133AAE3, STM32MP133AAF3, STM32MP133AAG3, STM32MP133CAE3, STM32MP133CAF3, STM32MP133CAG3, STM32MP133DAE7, STM32MP133DAF7, STM32MP133DAG7, STM32MP133FAE7, STM32MP133FAF7, STM32MP133FAG7, STM32MP135AAE3, STM32MP135AAF3, STM32MP135AAG3, STM32MP135CAE3, STM32MP135CAF3, STM32MP135CAG3, STM32MP135DAE7, STM32MP135DAF7, STM32MP135DAG7, STM32MP135F-DK, STM32MP135FAE7, STM32MP135FAF7, STM32MP135FAF7T, STM32MP135FAF7U, STM32MP135FAG7, STM32MP211AAL3, STM32MP211AAM3, STM32MP211AAN3, STM32MP211AAO3, STM32MP211CAL3, STM32MP211CAM3, STM32MP211CAN3, STM32MP211CAO3, STM32MP211DAL3, STM32MP211DAM3, STM32MP211DAN3, STM32MP211DAO3, STM32MP211FAL3, STM32MP211FAM3, STM32MP211FAN3, STM32MP211FAO3, STM32MP213AAL3, STM32MP213AAM3, STM32MP213AAN3, STM32MP213AAO3, STM32MP213CAL3, STM32MP213CAM3, STM32MP213CAN3, STM32MP213CAO3, STM32MP213DAL3, STM32MP213DAM3, STM32MP213DAN3, STM32MP213DAO3, STM32MP213FAL3, STM32MP213FAM3, STM32MP213FAN3, STM32MP213FAO3, STM32MP215AAL3, STM32MP215AAM3, STM32MP215AAN3, STM32MP215AAO3, STM32MP215CAL3, STM32MP215CAM3, STM32MP215CAN3, STM32MP215CAO3, STM32MP215DAL3, STM32MP215DAM3, STM32MP215DAN3, STM32MP215DAO3, STM32MP215F-DK, STM32MP215FAL3, STM32MP215FAM3, STM32MP215FAN3, STM32MP215FAO3, STM32MP231AAJ3, STM32MP231AAK3, STM32MP231AAL3, STM32MP231CAJ3, STM32MP231CAK3, STM32MP231CAL3, STM32MP231DAJ3, STM32MP231DAK3, STM32MP231DAL3, STM32MP231FAJ3, STM32MP231FAK3, STM32MP231FAL3, STM32MP233AAJ3, STM32MP233AAK3, STM32MP233AAL3, STM32MP233CAJ3, STM32MP233CAK3, STM32MP233CAL3, STM32MP233DAJ3, STM32MP233DAK3, STM32MP233DAL3, STM32MP233FAJ3, STM32MP233FAK3, STM32MP233FAL3, STM32MP235AAJ3, STM32MP235AAK3, STM32MP235AAL3, STM32MP235CAJ3, STM32MP235CAK3, STM32MP235CAL3, STM32MP235DAJ3, STM32MP235DAK3, STM32MP235DAL3, STM32MP235FAJ3, STM32MP235FAK3, STM32MP235FAL3, STM32MP251AAI3, STM32MP251AAK3, STM32MP251AAL3, STM32MP251CAI3, STM32MP251CAK3, STM32MP251CAL3, STM32MP251DAI3, STM32MP251DAK3, STM32MP251DAL3, STM32MP251FAI3, STM32MP251FAK3, STM32MP251FAL3, STM32MP253AAI3, STM32MP253AAK3, STM32MP253AAL3, STM32MP253CAI3, STM32MP253CAK3, STM32MP253CAL3, STM32MP253DAI3, STM32MP253DAK3, STM32MP253DAL3, STM32MP253FAI3, STM32MP253FAK3, STM32MP253FAL3, STM32MP255AAI3, STM32MP255AAK3, STM32MP255AAL3, STM32MP255CAI3, STM32MP255CAK3, STM32MP255CAL3, STM32MP255DAI3, STM32MP255DAK3, STM32MP255DAL3, STM32MP255FAI3, STM32MP255FAK3, STM32MP255FAL3, STM32MP257AAI3, STM32MP257AAK3, STM32MP257AAL3, STM32MP257CAI3, STM32MP257CAK3, STM32MP257CAL3, STM32MP257DAI3, STM32MP257DAK3, STM32MP257DAL3, STM32MP257F-DK, STM32MP257F-EV1, STM32MP257FAI3, STM32MP257FAK3, STM32MP257FAL3, STM32N645A0H3Q, STM32N645B0H3Q, STM32N645I0H3Q, STM32N645L0H3Q, STM32N645X0H3Q, STM32N645Z0H3Q, STM32N647A0H3Q, STM32N647B0H3Q, STM32N647I0H3Q, STM32N647L0H3Q, STM32N647X0H3Q, STM32N647Z0H3Q, STM32N655A0H3Q, STM32N655B0H3Q, STM32N655I0H3Q, STM32N655L0H3Q, STM32N655X0H3Q, STM32N655Z0H3Q, STM32N6570-DK, STM32N657A0H3Q, STM32N657B0H3Q, STM32N657I0H3Q, STM32N657L0H3Q, STM32N657X0H3Q, STM32N657Z0H3Q, STM32U031C6T6, STM32U031C6U6, STM32U031C8T6, STM32U031C8U6, STM32U031F4P6, STM32U031F6P6, STM32U031F8P6, STM32U031G6Y6TR, STM32U031G8Y6TR, STM32U031K4U6, STM32U031K6U6, STM32U031K8U6, STM32U031R6I6, STM32U031R6T6, STM32U031R8I6, STM32U031R8T6, STM32U073C8T6, STM32U073C8U6, STM32U073CBT6, STM32U073CBU6, STM32U073CCT6, STM32U073CCU6, STM32U073H8Y6TR, STM32U073HBY6TR, STM32U073HCY6TR, STM32U073K8U6, STM32U073KBU6, STM32U073KCU6, STM32U073M8I6, STM32U073M8T6, STM32U073MBI6, STM32U073MBT6, STM32U073MCI6, STM32U073MCT6, STM32U073R8I6, STM32U073R8T6, STM32U073RBI6, STM32U073RBT6, STM32U073RCI6, STM32U073RCT6, STM32U083C-DK, STM32U083CCT6, STM32U083CCU6, STM32U083HCY6TR, STM32U083KCU6, STM32U083MCI6, STM32U083MCT6, STM32U083RCI6, STM32U083RCT6, STM32U375CET6, STM32U375CET6Q, STM32U375CEU6, STM32U375CEU6Q, STM32U375CEY6QTR, STM32U375CGT6, STM32U375CGT6Q, STM32U375CGU6, STM32U375CGU6Q, STM32U375CGY6QTR, STM32U375KEU6, STM32U375KGU6, STM32U375REI6, STM32U375REI6Q, STM32U375RET6, STM32U375RET6Q, STM32U375REY6GTR, STM32U375REY6QTR, STM32U375RGI6, STM32U375RGI6Q, STM32U375RGT6, STM32U375RGT6Q, STM32U375RGY6GTR, STM32U375RGY6QTR, STM32U375VEI6, STM32U375VEI6Q, STM32U375VET6, STM32U375VET6Q, STM32U375VGI6, STM32U375VGI6Q, STM32U375VGT6, STM32U375VGT6Q, STM32U385CGT6, STM32U385CGT6Q, STM32U385CGU6, STM32U385CGU6Q, STM32U385CGY6QTR, STM32U385KGU6, STM32U385RGI6, STM32U385RGI6Q, STM32U385RGT6, STM32U385RGT6Q, STM32U385RGY6GTR, STM32U385RGY6QTR, STM32U385VGI6, STM32U385VGI6Q, STM32U385VGT6, STM32U385VGT6Q, STM32U535CBT6, STM32U535CBT6Q, STM32U535CBU6, STM32U535CBU6Q, STM32U535CCT6, STM32U535CCT6Q, STM32U535CCU6, STM32U535CCU6Q, STM32U535CET6, STM32U535CET6Q, STM32U535CEU6, STM32U535CEU6Q, STM32U535JEY6QTR, STM32U535NCY6QTR, STM32U535NEY6QTR, STM32U535RBI6, STM32U535RBI6Q, STM32U535RBT6, STM32U535RBT6Q, STM32U535RCI6, STM32U535RCI6Q, STM32U535RCT6, STM32U535RCT6Q, STM32U535REI6, STM32U535REI6Q, STM32U535RET6, STM32U535RET6Q, STM32U535VCI6, STM32U535VCI6Q, STM32U535VCT6, STM32U535VCT6Q, STM32U535VEI6, STM32U535VEI6Q, STM32U535VET6, STM32U535VET6Q, STM32U545CET6, STM32U545CET6Q, STM32U545CEU6, STM32U545CEU6Q, STM32U545JEY6QTR, STM32U545NEY6QTR, STM32U545REI6, STM32U545REI6Q, STM32U545RET6, STM32U545RET6Q, STM32U545VEI6, STM32U545VEI6Q, STM32U545VET6, STM32U545VET6Q, STM32U595AIH6, STM32U595AIH6Q, STM32U595AJH6, STM32U595AJH6Q, STM32U595QII6, STM32U595QII6Q, STM32U595QJI6, STM32U595QJI6Q, STM32U595RIT6, STM32U595RIT6Q, STM32U595RJT6, STM32U595RJT6Q, STM32U595VIT6, STM32U595VIT6Q, STM32U595VJT6, STM32U595VJT6Q, STM32U595ZIT6, STM32U595ZIT6Q, STM32U595ZIY6QTR, STM32U595ZJT6, STM32U595ZJT6Q, STM32U595ZJY6QTR, STM32U599BJY6QTR, STM32U599NIH6Q, STM32U599NJH6Q, STM32U599VIT6Q, STM32U599VJT6, STM32U599VJT6Q, STM32U599ZIT6Q, STM32U599ZIY6QTR, STM32U599ZJT6Q, STM32U599ZJY6QTR, STM32U5A5AJH6, STM32U5A5AJH6Q, STM32U5A5QII3Q , STM32U5A5QJI6, STM32U5A5QJI6Q, STM32U5A5RJT6, STM32U5A5RJT6Q, STM32U5A5VJT6, STM32U5A5VJT6Q, STM32U5A5ZJT6, STM32U5A5ZJT6Q, STM32U5A5ZJY6QTR, STM32U5A9BJY6QTR, STM32U5A9J-DK, STM32U5A9NJH6Q, STM32U5A9VJT6Q, STM32U5A9ZJT6Q, STM32U5A9ZJY6QTR, STM32U5F7VIT6, STM32U5F7VIT6Q, STM32U5F7VJT6, STM32U5F7VJT6Q, STM32U5F9BJY6QTR, STM32U5F9NJH6Q, STM32U5F9VIT6Q, STM32U5F9VJT6Q, STM32U5F9ZIJ6QTR, STM32U5F9ZIT6Q, STM32U5F9ZJJ6QTR, STM32U5F9ZJT6Q, STM32U5G7VJT6, STM32U5G7VJT6Q, STM32U5G9BJY6QTR, STM32U5G9J-DK1, STM32U5G9J-DK2, STM32U5G9NJH6Q, STM32U5G9VJT6Q, STM32U5G9ZJJ6QTR, STM32U5G9ZJT6Q, STM32WB05KZV6TR, STM32WB05KZV7TR, STM32WB05TZF6TR, STM32WB05TZF7TR, STM32WB06CCF6TR, STM32WB06CCF7TR, STM32WB06CCV6TR, STM32WB06CCV7TR, STM32WB06KCV6TR, STM32WB06KCV7TR, STM32WB07CCF6TR, STM32WB07CCF7TR, STM32WB07CCV6TR, STM32WB07CCV7TR, STM32WB07KCV6TR, STM32WB07KCV7TR, STM32WB09KEV6TR, STM32WB09KEV7TR, STM32WB09TEF6TR, STM32WB09TEF7TR, STM32WB1MMCH6, STM32WBA50KGU6, STM32WBA50KGU6TR, STM32WBA52CEU6, STM32WBA52CEU6TR, STM32WBA52CEU7, STM32WBA52CEU7TR, STM32WBA52CGU6, STM32WBA52CGU6TR, STM32WBA52CGU6U, STM32WBA52CGU7, STM32WBA52CGU7TR, STM32WBA52KEU6, STM32WBA52KEU6TR, STM32WBA52KGU6, STM32WBA52KGU6TR, STM32WBA54CEU6, STM32WBA54CEU6TR, STM32WBA54CEU7, STM32WBA54CEU7TR, STM32WBA54CGU6, STM32WBA54CGU6TR, STM32WBA54CGU7, STM32WBA54CGU7TR, STM32WBA54KEU6, STM32WBA54KEU6TR, STM32WBA54KEU7, STM32WBA54KEU7TR, STM32WBA54KGU6, STM32WBA54KGU6TR, STM32WBA54KGU7, STM32WBA54KGU7TR, STM32WBA55CEU6, STM32WBA55CEU6TR, STM32WBA55CEU7, STM32WBA55CEU7TR, STM32WBA55CGU6, STM32WBA55CGU6TR, STM32WBA55CGU6U, STM32WBA55CGU7, STM32WBA55CGU7TR, STM32WBA55G-DK1, STM32WBA55HEF6, STM32WBA55HEF7, STM32WBA55HGF6, STM32WBA55HGF7, STM32WBA55UEI6, STM32WBA55UEI6TR, STM32WBA55UEI7, STM32WBA55UEI7TR, STM32WBA55UGI6, STM32WBA55UGI6TR, STM32WBA55UGI7, STM32WBA55UGI7TR, STM32WBA5MMGH6TR, STM32WBA62MGF6, STM32WBA62MIF6, STM32WBA65MGF7, STM32WBA65MIF6, STM32WBA65MIF7, STM32WL30K8V6, STM32WL30KBV6, STM32WL31C8V6, STM32WL31CBV6, STM32WL31K8V6, STM32WL31KBV6, STM32WL33C8V6, STM32WL33C8V6X, STM32WL33CBV6, STM32WL33CBV6X, STM32WL33CCV6, STM32WL33CCV6A, STM32WL33CCV6X, STM32WL33K8V7, STM32WL33K8V7X, STM32WL33KBV7 , STM32WL33KBV7X, STM32WL33KCV7, STM32WL33KCV7X, STM32WL5MOCH6, STM32WL5MOCH6TR]
2026-05-11 19:32:28,380 [INFO] DbMcus:218 - Found 5086 MCUs, 4968 are supported
2026-05-11 19:32:28,382 [INFO] ApiDb:423 - Load user favorites file C:\Users\jahna/.stm32cubeide/favorites.mcus.txt: 0 item(s)
2026-05-11 19:32:28,382 [INFO] ApiDb:427 - User favorites MCUs=[]
2026-05-11 19:32:28,383 [INFO] DbMcus:224 - Set 0 / 0 favorites MCUs
2026-05-11 19:32:29,321 [INFO] BoardInfo:889 - No configuration file found for board NUCLEO-H5E5ZJ
2026-05-11 19:32:29,324 [INFO] DbBoards:161 - Board is not supported: NUCLEO-H5E5ZJ
2026-05-11 19:32:29,420 [INFO] BoardInfo:889 - No configuration file found for board NUCLEO-U3C5ZI-Q
2026-05-11 19:32:29,422 [INFO] DbBoards:161 - Board is not supported: NUCLEO-U3C5ZI-Q
2026-05-11 19:32:29,445 [INFO] BoardInfo:889 - No configuration file found for board NUCLEO-WBA25CE1
2026-05-11 19:32:29,446 [INFO] DbBoards:161 - Board is not supported: NUCLEO-WBA25CE1
2026-05-11 19:32:29,461 [INFO] BoardInfo:889 - No configuration file found for board NUCLEO-WL3RKB1
2026-05-11 19:32:29,463 [INFO] DbBoards:161 - Board is not supported: NUCLEO-WL3RKB1
2026-05-11 19:32:29,464 [INFO] BoardInfo:889 - No configuration file found for board NUCLEO-WL3RKB2
2026-05-11 19:32:29,466 [INFO] DbBoards:161 - Board is not supported: NUCLEO-WL3RKB2
2026-05-11 19:32:29,481 [INFO] BoardInfo:889 - No configuration file found for board P-NUCLEO-WB55
2026-05-11 19:32:29,484 [INFO] DbBoards:161 - Kit is not supported: P-NUCLEO-WB55
2026-05-11 19:32:29,495 [INFO] BoardInfo:889 - No configuration file found for board STEVAL-BFA001V1B
2026-05-11 19:32:29,497 [INFO] DbBoards:161 - Kit is not supported: STEVAL-BFA001V1B
2026-05-11 19:32:29,498 [INFO] BoardInfo:889 - No configuration file found for board STEVAL-BFA001V2B
2026-05-11 19:32:29,500 [INFO] DbBoards:161 - Kit is not supported: STEVAL-BFA001V2B
2026-05-11 19:32:29,721 [INFO] BoardInfo:889 - No configuration file found for board STM32H5F5J-DK
2026-05-11 19:32:29,723 [INFO] DbBoards:161 - Board is not supported: STM32H5F5J-DK
2026-05-11 19:32:29,944 [INFO] DbBoards:168 - Found 218 boards, 209 are supported
2026-05-11 19:32:29,944 [INFO] DbBoards:169 - Found 218 boards, 43 of them is supported for  Bsp
2026-05-11 19:32:29,949 [INFO] ApiDb:423 - Load user favorites file C:\Users\jahna/.stm32cubeide/favorites.boards.txt: 0 item(s)
2026-05-11 19:32:29,949 [INFO] ApiDb:427 - User favorites Boards=[]
2026-05-11 19:32:29,949 [INFO] DbBoards:198 - Set 0 / 0 favorites Boards
2026-05-11 19:32:30,044 [INFO] UtilMem:75 - End LoadConfig() Used Memory: 664816984 Bytes (1073741824)
2026-05-11 19:32:30,256 [WARN] ThirdParty:833 - waiting for thirdparty lock release [change project]
2026-05-11 19:32:30,257 [INFO] ThirdParty:835 - entering critical section [change project]
2026-05-11 19:32:30,257 [INFO] ThirdParty:1030 - CMSIS Pack Vendor :STMicroelectronics X-CUBE-AZRTOS-H7 3.5.0
2026-05-11 19:32:30,257 [INFO] ThirdParty:1030 - CMSIS Pack Vendor :STMicroelectronics X-CUBE-PM33A1 1.0.0
2026-05-11 19:32:30,257 [INFO] ThirdParty:1030 - CMSIS Pack Vendor :STMicroelectronics USBPD 4.1
2026-05-11 19:32:30,257 [INFO] ThirdParty:1030 - CMSIS Pack Vendor :STMicroelectronics X-CUBE-NFC9 1.0.0
2026-05-11 19:32:30,257 [INFO] ThirdParty:1030 - CMSIS Pack Vendor :STMicroelectronics USB_HOST 2.0.0
2026-05-11 19:32:30,258 [INFO] ThirdParty:1030 - CMSIS Pack Vendor :STMicroelectronics X-CUBE-AZRTOS-F4 1.1.0
2026-05-11 19:32:30,258 [INFO] ThirdParty:1030 - CMSIS Pack Vendor :STMicroelectronics LIBJPEG 8.0.0
2026-05-11 19:32:30,258 [INFO] ThirdParty:1030 - CMSIS Pack Vendor :STMicroelectronics FP-ATR-ASTRA1 2.0.2
2026-05-11 19:32:30,258 [INFO] ThirdParty:1030 - CMSIS Pack Vendor :STMicroelectronics X-CUBE-BLE1 7.1.0
2026-05-11 19:32:30,258 [INFO] ThirdParty:1030 - CMSIS Pack Vendor :STMicroelectronics X-CUBE-SMBUS 2.1.0
2026-05-11 19:32:30,258 [INFO] ThirdParty:1030 - CMSIS Pack Vendor :wolfSSL I-CUBE-wolfMQTT 1.19.2
2026-05-11 19:32:30,258 [INFO] ThirdParty:1030 - CMSIS Pack Vendor :STMicroelectronics USB_DEVICE 3.0.0
2026-05-11 19:32:30,258 [INFO] ThirdParty:1030 - CMSIS Pack Vendor :STMicroelectronics X-CUBE-ISPU 2.1.0
2026-05-11 19:32:30,258 [INFO] ThirdParty:1030 - CMSIS Pack Vendor :STMicroelectronics X-CUBE-EEPRMA1 5.2.0
2026-05-11 19:32:30,258 [INFO] ThirdParty:1030 - CMSIS Pack Vendor :STMicroelectronics X-CUBE-IPS 3.2.0
2026-05-11 19:32:30,258 [INFO] ThirdParty:1030 - CMSIS Pack Vendor :STMicroelectronics X-CUBE-BLEMGR 4.1.0
2026-05-11 19:32:30,258 [INFO] ThirdParty:1030 - CMSIS Pack Vendor :STMicroelectronics eDS-WB_DPC_TT-BIDIR 2.1.1
2026-05-11 19:32:30,258 [INFO] ThirdParty:1030 - CMSIS Pack Vendor :STMicroelectronics X-CUBE-AZRTOS-WB 2.0.0
2026-05-11 19:32:30,258 [INFO] ThirdParty:1030 - CMSIS Pack Vendor :wolfSSL I-CUBE-wolfSSL 5.8.4
2026-05-11 19:32:30,258 [INFO] ThirdParty:1030 - CMSIS Pack Vendor :Cesanta I-CUBE-Mongoose 7.20.0
2026-05-11 19:32:30,258 [INFO] ThirdParty:1030 - CMSIS Pack Vendor :STMicroelectronics X-CUBE-NFC12 1.0.0
2026-05-11 19:32:30,258 [INFO] ThirdParty:1030 - CMSIS Pack Vendor :STMicroelectronics X-CUBE-AZRTOS-F7 1.1.0
2026-05-11 19:32:30,258 [INFO] ThirdParty:1030 - CMSIS Pack Vendor :STMicroelectronics X-CUBE-AZRTOS-L5 2.0.0
2026-05-11 19:32:30,258 [INFO] ThirdParty:1030 - CMSIS Pack Vendor :STMicroelectronics USB_DEVICE 2.0.0
2026-05-11 19:32:30,258 [INFO] ThirdParty:1030 - CMSIS Pack Vendor :STMicroelectronics FP-SNS-STAIOTCFT 1.1.0
2026-05-11 19:32:30,258 [INFO] ThirdParty:1030 - CMSIS Pack Vendor :quantropi X-CUBE-qispace-sdk-base 2.1.0
2026-05-11 19:32:30,259 [INFO] ThirdParty:1030 - CMSIS Pack Vendor :STMicroelectronics X-CUBE-MEMS1 12.0.0
2026-05-11 19:32:30,259 [INFO] ThirdParty:1030 - CMSIS Pack Vendor :STMicroelectronics X-CUBE-STSE01 2.0.0
2026-05-11 19:32:30,259 [INFO] ThirdParty:1030 - CMSIS Pack Vendor :STMicroelectronics FP-SNS-MOTENV1 5.1.0
2026-05-11 19:32:30,259 [INFO] ThirdParty:1030 - CMSIS Pack Vendor :STMicroelectronics FreeRTOS 0.0.1
2026-05-11 19:32:30,259 [INFO] ThirdParty:1030 - CMSIS Pack Vendor :STMicroelectronics X-CUBE-AZRTOS-G0 1.1.0
2026-05-11 19:32:30,259 [INFO] ThirdParty:1030 - CMSIS Pack Vendor :STMicroelectronics X-CUBE-NFC4 3.0.0
2026-05-11 19:32:30,259 [INFO] ThirdParty:1030 - CMSIS Pack Vendor :STMicroelectronics X-CUBE-SUBG2 5.0.0
2026-05-11 19:32:30,259 [INFO] ThirdParty:1030 - CMSIS Pack Vendor :STMicroelectronics STM32_WPAN 1.0.0
2026-05-11 19:32:30,259 [INFO] ThirdParty:1030 - CMSIS Pack Vendor :STMicroelectronics eDS-WB_DPC_VIENNA 1.2.0
2026-05-11 19:32:30,259 [INFO] ThirdParty:1030 - CMSIS Pack Vendor :EmbeddedOffice I-CUBE-FS-RTOS 1.0.1
2026-05-11 19:32:30,259 [INFO] ThirdParty:1030 - CMSIS Pack Vendor :STMicroelectronics lwIP 2.0.3
2026-05-11 19:32:30,259 [INFO] ThirdParty:1030 - CMSIS Pack Vendor :WES I-CUBE-Cesium 1.4.0
2026-05-11 19:32:30,259 [INFO] ThirdParty:1030 - CMSIS Pack Vendor :STMicroelectronics eDS-WB_DPC_3PH2L-BIDIR 1.1.1
2026-05-11 19:32:30,260 [INFO] ThirdParty:1030 - CMSIS Pack Vendor :STMicroelectronics USB_HOST 1.0.0
2026-05-11 19:32:30,260 [INFO] ThirdParty:1030 - CMSIS Pack Vendor :STMicroelectronics X-CUBE-AZRTOS-G4 2.0.0
2026-05-11 19:32:30,260 [INFO] ThirdParty:1030 - CMSIS Pack Vendor :STMicroelectronics X-CUBE-WB05N 2.0.0
2026-05-11 19:32:30,260 [INFO] ThirdParty:1030 - CMSIS Pack Vendor :STMicroelectronics PDM2PCM 3.1.0
2026-05-11 19:32:30,260 [INFO] ThirdParty:1030 - CMSIS Pack Vendor :STMicroelectronics PDM2PCM 3.3.0
2026-05-11 19:32:30,260 [INFO] ThirdParty:1030 - CMSIS Pack Vendor :wolfSSL I-CUBE-wolfTPM 3.8.0
2026-05-11 19:32:30,260 [INFO] ThirdParty:1030 - CMSIS Pack Vendor :STMicroelectronics X-CUBE-DISPLAY 3.0.0
2026-05-11 19:32:30,260 [INFO] ThirdParty:1030 - CMSIS Pack Vendor :wolfSSL I-CUBE-wolfSSH 1.4.20
2026-05-11 19:32:30,260 [INFO] ThirdParty:1030 - CMSIS Pack Vendor :STMicroelectronics X-CUBE-NFC7 2.0.0
2026-05-11 19:32:30,261 [INFO] ThirdParty:1030 - CMSIS Pack Vendor :STMicroelectronics X-CUBE-GNSS1 7.1.1
2026-05-11 19:32:30,261 [INFO] ThirdParty:1030 - CMSIS Pack Vendor :STMicroelectronics FP-SNS-MOTENVWB1 1.5.0
2026-05-11 19:32:30,261 [INFO] ThirdParty:1030 - CMSIS Pack Vendor :STMicroelectronics X-CUBE-TCPP 4.2.0
2026-05-11 19:32:30,261 [INFO] ThirdParty:1030 - CMSIS Pack Vendor :RealThread X-CUBE-RT-Thread_Nano 4.1.1
2026-05-11 19:32:30,261 [INFO] ThirdParty:1030 - CMSIS Pack Vendor :wolfSSL I-CUBE-wolfSSL 5.9.1
2026-05-11 19:32:30,261 [INFO] ThirdParty:1030 - CMSIS Pack Vendor :STMicroelectronics FP-ATR-SIGFOX1 3.2.0
2026-05-11 19:32:30,261 [INFO] ThirdParty:1030 - CMSIS Pack Vendor :STMicroelectronics X-CUBE-NFC10 1.0.0
2026-05-11 19:32:30,261 [INFO] ThirdParty:1030 - CMSIS Pack Vendor :STMicroelectronics HAL Drivers 0.0.0
2026-05-11 19:32:30,261 [INFO] ThirdParty:1030 - CMSIS Pack Vendor :STMicroelectronics X-CUBE-FREERTOS 1.5.0
2026-05-11 19:32:30,261 [INFO] ThirdParty:1030 - CMSIS Pack Vendor :STMicroelectronics MBEDTLS 2.16.2
2026-05-11 19:32:30,261 [INFO] ThirdParty:1030 - CMSIS Pack Vendor :STMicroelectronics X-CUBE-ST60 1.1.0
2026-05-11 19:32:30,261 [INFO] ThirdParty:1030 - CMSIS Pack Vendor :STMicroelectronics X-CUBE-ALS 1.0.2
2026-05-11 19:32:30,261 [INFO] ThirdParty:1030 - CMSIS Pack Vendor :emotas I-CUBE-CANOPEN 1.3.0
2026-05-11 19:32:30,261 [INFO] ThirdParty:1030 - CMSIS Pack Vendor :STMicroelectronics MBEDTLS 2.14.1
2026-05-11 19:32:30,261 [INFO] ThirdParty:1030 - CMSIS Pack Vendor :STMicroelectronics X-CUBE-GNSS1 7.1.0
2026-05-11 19:32:30,261 [INFO] ThirdParty:1030 - CMSIS Pack Vendor :ITTIA_DB I-CUBE-ITTIADB 8.9.0
2026-05-11 19:32:30,261 [INFO] ThirdParty:1030 - CMSIS Pack Vendor :Cesanta I-CUBE-Mongoose 7.21.6
2026-05-11 19:32:30,261 [INFO] ThirdParty:1030 - CMSIS Pack Vendor :STMicroelectronics X-CUBE-TOUCHGFX 4.26.1
2026-05-11 19:32:30,262 [INFO] ThirdParty:1030 - CMSIS Pack Vendor :STMicroelectronics X-CUBE-NFC6 3.2.0
2026-05-11 19:32:30,262 [INFO] ThirdParty:1030 - CMSIS Pack Vendor :STMicroelectronics FP-SNS-STBOX1 2.1.0
2026-05-11 19:32:30,262 [INFO] ThirdParty:1030 - CMSIS Pack Vendor :STMicroelectronics X-CUBE-AI 10.2.0
2026-05-11 19:32:30,262 [INFO] ThirdParty:1030 - CMSIS Pack Vendor :STMicroelectronics FP-SNS-STAIOTCFT 1.0.0
2026-05-11 19:32:30,262 [INFO] ThirdParty:1030 - CMSIS Pack Vendor :STMicroelectronics ThreadX 1.0.0
2026-05-11 19:32:30,262 [INFO] ThirdParty:1030 - CMSIS Pack Vendor :STMicroelectronics FP-SNS-SMARTAG2 1.2.0
2026-05-11 19:32:30,262 [INFO] ThirdParty:1030 - CMSIS Pack Vendor :STMicroelectronics X-CUBE-MEMS1 12.1.0
2026-05-11 19:32:30,262 [INFO] ThirdParty:1030 - CMSIS Pack Vendor :STMicroelectronics FP-SNS-FLIGHT1 5.1.0
2026-05-11 19:32:30,262 [INFO] ThirdParty:1030 - CMSIS Pack Vendor :STMicroelectronics X-CUBE-AZRTOS-WL 2.0.0
2026-05-11 19:32:30,262 [INFO] ThirdParty:1030 - CMSIS Pack Vendor :SEGGER I-CUBE-embOS 1.3.1
2026-05-11 19:32:30,262 [INFO] ThirdParty:1030 - CMSIS Pack Vendor :STMicroelectronics X-CUBE-ALGOBUILD 1.4.0
2026-05-11 19:32:30,262 [INFO] ThirdParty:1030 - CMSIS Pack Vendor :STMicroelectronics X-CUBE-DPower 1.3.0
2026-05-11 19:32:30,262 [INFO] ThirdParty:1030 - CMSIS Pack Vendor :STMicroelectronics USB_DEVICE 1.0.0
2026-05-11 19:32:30,262 [INFO] ThirdParty:1030 - CMSIS Pack Vendor :STMicroelectronics X-CUBE-AZRTOS-H7RS 1.2.0
2026-05-11 19:32:30,262 [INFO] ThirdParty:1030 - CMSIS Pack Vendor :STMicroelectronics X-CUBE-AZRTOS-L4 2.0.0
2026-05-11 19:32:30,262 [INFO] ThirdParty:1030 - CMSIS Pack Vendor :STMicroelectronics ThreadX 0.0.2
2026-05-11 19:32:30,262 [INFO] ThirdParty:1030 - CMSIS Pack Vendor :STMicroelectronics lwIP 2.1.2
2026-05-11 19:32:30,262 [INFO] ThirdParty:1030 - CMSIS Pack Vendor :STMicroelectronics X-CUBE-SFXS2LP1 4.0.0
2026-05-11 19:32:30,262 [INFO] ThirdParty:1030 - CMSIS Pack Vendor :STMicroelectronics X-CUBE-BLE2 3.3.0
2026-05-11 19:32:30,262 [INFO] ThirdParty:1030 - CMSIS Pack Vendor :Avnet-IOTCONNECT X-CUBE-iotc-st67-sdk 1.0.0
2026-05-11 19:32:30,262 [INFO] ThirdParty:1030 - CMSIS Pack Vendor :STMicroelectronics X-CUBE-TOF1 3.4.3
2026-05-11 19:32:30,262 [INFO] ThirdParty:1030 - CMSIS Pack Vendor :Infineon AIROC-Wi-Fi-Bluetooth-STM32 1.8.0
2026-05-11 19:32:30,262 [INFO] ThirdParty:1030 - CMSIS Pack Vendor :STMicroelectronics PDM2PCM 3.2.0
2026-05-11 19:32:30,262 [INFO] ThirdParty:1030 - CMSIS Pack Vendor :STMicroelectronics X-CUBE-WB05N 2.1.0
2026-05-11 19:32:30,262 [INFO] ThirdParty:1030 - CMSIS Pack Vendor :STMicroelectronics X-CUBE-ST67W61 1.2.0
2026-05-11 19:32:30,262 [INFO] ThirdParty:841 - exiting critical section [change project]
2026-05-11 19:32:30,718 [INFO] PinOutPanel:1589 - setPackage(No Configuration,No Configuration)
2026-05-11 19:32:30,726 [INFO] PinOutPanel:1589 - setPackage(STM32L053C8Tx,LQFP48)
2026-05-11 19:32:31,389 [INFO] UtilMem:75 - Before build in PCC Used Memory: 924329312 Bytes (1073741824)
2026-05-11 19:32:32,422 [INFO] UtilMem:75 - After build in PCC Used Memory: 671494120 Bytes (1073741824)
2026-05-11 19:32:32,456 [INFO] IPUIPlugin:80 - create IPUIPlugin
2026-05-11 19:32:32,456 [INFO] IPUIPlugin:80 - create IPUIPlugin
2026-05-11 19:32:32,456 [INFO] IPUIPlugin:80 - create IPUIPlugin
2026-05-11 19:32:32,457 [INFO] IPUIPlugin:80 - create IPUIPlugin
2026-05-11 19:32:32,457 [INFO] IPUIPlugin:80 - create IPUIPlugin
2026-05-11 19:32:32,457 [INFO] IPUIPlugin:80 - create IPUIPlugin
2026-05-11 19:32:32,457 [INFO] IPUIPlugin:80 - create IPUIPlugin
2026-05-11 19:32:32,458 [INFO] IPUIPlugin:80 - create IPUIPlugin
2026-05-11 19:32:32,458 [INFO] IPUIPlugin:80 - create IPUIPlugin
2026-05-11 19:32:32,459 [INFO] IPUIPlugin:80 - create IPUIPlugin
2026-05-11 19:32:32,459 [INFO] IPUIPlugin:80 - create IPUIPlugin
2026-05-11 19:32:32,459 [INFO] IPUIPlugin:80 - create IPUIPlugin
2026-05-11 19:32:32,460 [INFO] IPUIPlugin:80 - create IPUIPlugin
2026-05-11 19:32:32,460 [INFO] IPUIPlugin:80 - create IPUIPlugin
2026-05-11 19:32:32,461 [INFO] IPUIPlugin:80 - create IPUIPlugin
2026-05-11 19:32:32,461 [INFO] IPUIPlugin:80 - create IPUIPlugin
2026-05-11 19:32:32,462 [INFO] IPUIPlugin:80 - create IPUIPlugin
2026-05-11 19:32:32,462 [INFO] IPUIPlugin:80 - create IPUIPlugin
2026-05-11 19:32:32,462 [INFO] IPUIPlugin:80 - create IPUIPlugin
2026-05-11 19:32:32,462 [INFO] IPUIPlugin:80 - create IPUIPlugin
2026-05-11 19:32:32,462 [INFO] IPUIPlugin:80 - create IPUIPlugin
2026-05-11 19:32:32,463 [INFO] IPUIPlugin:80 - create IPUIPlugin
2026-05-11 19:32:32,463 [INFO] IPUIPlugin:80 - create IPUIPlugin
2026-05-11 19:32:32,463 [INFO] IPUIPlugin:80 - create IPUIPlugin
2026-05-11 19:32:32,463 [INFO] IPUIPlugin:80 - create IPUIPlugin
2026-05-11 19:32:32,464 [INFO] IPUIPlugin:80 - create IPUIPlugin
2026-05-11 19:32:32,464 [INFO] IPUIPlugin:80 - create IPUIPlugin
2026-05-11 19:32:32,464 [INFO] IPUIPlugin:80 - create IPUIPlugin
2026-05-11 19:32:32,464 [INFO] IPUIPlugin:80 - create IPUIPlugin
2026-05-11 19:32:32,464 [INFO] IPUIPlugin:80 - create IPUIPlugin
2026-05-11 19:32:32,465 [INFO] IPUIPlugin:80 - create IPUIPlugin
2026-05-11 19:32:32,465 [INFO] IPUIPlugin:80 - create IPUIPlugin
2026-05-11 19:32:32,465 [INFO] IPUIPlugin:80 - create IPUIPlugin
2026-05-11 19:32:32,466 [INFO] IPUIPlugin:80 - create IPUIPlugin
2026-05-11 19:32:32,756 [INFO] CADModel:165 - CPN selected for project levelSTM32L053C8T6
2026-05-11 19:32:32,756 [INFO] CADModel:114 - Register for checkConnection events
2026-05-11 19:32:32,827 [INFO] OpenFileManager:386 - Restore cursor
2026-05-11 19:34:11,762 [INFO] Gpio:278 - dependency for GPIO [RCC, SPI1]
2026-05-11 19:34:38,485 [INFO] UtilMem:75 - End SaveConfig() Used Memory: 682511512 Bytes (1073741824)
2026-05-11 19:34:39,486 [INFO] UtilMem:75 - End SaveConfig() Used Memory: 710823064 Bytes (1073741824)
2026-05-11 19:34:42,680 [INFO] UtilMem:75 - End SaveConfig() Used Memory: 796284056 Bytes (1073741824)
2026-05-11 19:34:43,407 [INFO] BlockDiagram:2775 - set Specific Code input for plugin: SPI
2026-05-11 19:34:43,408 [INFO] BlockDiagram:2775 - set Specific Code input for plugin: NVIC
2026-05-11 19:34:43,408 [INFO] BlockDiagram:2775 - set Specific Code input for plugin: SYS
2026-05-11 19:34:43,408 [INFO] BlockDiagram:2775 - set Specific Code input for plugin: GPIO
2026-05-11 19:34:43,409 [INFO] BlockDiagram:2775 - set Specific Code input for plugin: RCC
2026-05-11 19:34:43,426 [INFO] CodeGenerator:892 - code generatio: config db path: C:\ST\STM32CubeIDE_1.19.0\STM32CubeIDE\plugins\com.st.stm32cube.common.mx_6.15.0.202507011659\\db\
2026-05-11 19:34:43,599 [INFO] CodeEngine:265 - oldGeneratedFile, D:\stm32L0\001_user_button\MXTmpFiles\license.tmp_save
2026-05-11 19:34:44,033 [INFO] CodeEngine:289 - Generated code: D:\stm32L0\001_user_button\MXTmpFiles\license.tmp
2026-05-11 19:34:44,181 [INFO] CodeEngine:265 - oldGeneratedFile, D:\stm32L0\001_user_button\MXTmpFiles\gpio.tmp_save
2026-05-11 19:34:44,321 [INFO] CodeEngine:289 - Generated code: D:\stm32L0\001_user_button\MXTmpFiles\gpio.tmp
2026-05-11 19:34:44,426 [INFO] CodeEngine:265 - oldGeneratedFile, D:\stm32L0\001_user_button\Core\Src\stm32l0xx_it.c_save
2026-05-11 19:34:44,562 [INFO] CodeEngine:289 - Generated code: D:\stm32L0\001_user_button\Core\Src\stm32l0xx_it.c
2026-05-11 19:34:44,571 [INFO] CodeEngine:265 - oldGeneratedFile, D:\stm32L0\001_user_button\Core\Inc\stm32l0xx_it.h_save
2026-05-11 19:34:44,727 [INFO] CodeEngine:289 - Generated code: D:\stm32L0\001_user_button\Core\Inc\stm32l0xx_it.h
2026-05-11 19:34:44,747 [INFO] CodeEngine:265 - oldGeneratedFile, D:\stm32L0\001_user_button\Core\Src\stm32l0xx_hal_msp.c_save
2026-05-11 19:34:44,878 [INFO] CodeEngine:289 - Generated code: D:\stm32L0\001_user_button\Core\Src\stm32l0xx_hal_msp.c
2026-05-11 19:34:44,884 [INFO] CodeEngine:265 - oldGeneratedFile, D:\stm32L0\001_user_button\MXTmpFiles\system.tmp_save
2026-05-11 19:34:44,951 [INFO] CodeEngine:289 - Generated code: D:\stm32L0\001_user_button\MXTmpFiles\system.tmp
2026-05-11 19:34:44,980 [INFO] CodeEngine:321 - oldGeneratedFile, D:\stm32L0\001_user_button\Core\Inc\stm32l0xx_hal_conf.h_save
2026-05-11 19:34:45,054 [INFO] CodeEngine:345 - Generated code: D:\stm32L0\001_user_button\Core\Inc\stm32l0xx_hal_conf.h
2026-05-11 19:34:45,103 [INFO] ApiDbMcu:532 - Load IP Config File for SPI1
2026-05-11 19:34:45,109 [INFO] ApiDbMcu:532 - Load IP Config File for RCC
2026-05-11 19:34:45,127 [INFO] CodeEngine:265 - oldGeneratedFile, D:\stm32L0\001_user_button\Core\Inc\main.h_save
2026-05-11 19:34:45,233 [INFO] CodeEngine:289 - Generated code: D:\stm32L0\001_user_button\Core\Inc\main.h
2026-05-11 19:34:45,241 [INFO] CodeEngine:265 - oldGeneratedFile, D:\stm32L0\001_user_button\Core\Src\main.c_save
2026-05-11 19:34:45,415 [INFO] CodeEngine:289 - Generated code: D:\stm32L0\001_user_button\Core\Src\main.c
2026-05-11 19:34:46,167 [INFO] ProjectBuilder:3606 - Time for Copy HAL[1] : 358mS.
2026-05-11 19:34:46,174 [INFO] ProjectBuilder:5216 - Project Generator version: 4.7.0-B52
2026-05-11 19:34:46,268 [INFO] ConfigFileManager:1595 - The Die is : DIE417
2026-05-11 19:34:46,276 [INFO] ApiDbMcu:532 - Load IP Config File for FATFS
2026-05-11 19:34:46,283 [INFO] ApiDbMcu:532 - Load IP Config File for FREERTOS
2026-05-11 19:34:46,294 [INFO] ApiDbMcu:532 - Load IP Config File for TOUCHSENSING
2026-05-11 19:34:46,300 [INFO] ApiDbMcu:532 - Load IP Config File for USB_DEVICE
2026-05-11 19:34:46,737 [INFO] LogOutputStream:77 - [STDOUT_REDIRECT] 
2026-05-11 19:34:48,098 [INFO] ProjectBuilder:5496 - Time for Generating toolchain IDE Files: 1924mS.
2026-05-11 19:34:48,100 [INFO] ProjectBuilder:3463 - Time for Copy CMSIS : 0mS.
2026-05-11 19:34:48,101 [INFO] ProjectBuilder:3463 - Time for Copy CMSIS : 0mS.
2026-05-11 20:39:28,146 [INFO] WebApp:194 - Connection lost
2026-05-11 20:39:40,365 [INFO] WebApp:191 - Connection restablished
2026-05-11 20:41:24,537 [INFO] WebApp:194 - Connection lost
2026-05-11 20:41:26,338 [INFO] WebApp:191 - Connection restablished
2026-05-11 20:41:27,145 [INFO] WebApp:194 - Connection lost
2026-05-11 20:41:27,802 [INFO] WebApp:191 - Connection restablished
2026-05-11 22:14:02,868 [ERROR] LogOutputStream:75 - [STDERR_REDIRECT] 
