2026-05-20 09:15:36,362 [INFO] WebApp:191 - Connection restablished
2026-05-20 09:17:00,678 [INFO] WebApp:194 - Connection lost
2026-05-20 09:17:02,523 [INFO] WebApp:191 - Connection restablished
2026-05-20 10:15:16,614 [INFO] WebApp:194 - Connection lost
2026-05-20 10:15:18,030 [INFO] WebApp:191 - Connection restablished
2026-05-20 11:09:27,992 [INFO] WebApp:194 - Connection lost
2026-05-20 11:09:28,565 [INFO] WebApp:191 - Connection restablished
2026-05-20 11:18:18,638 [INFO] WebApp:194 - Connection lost
2026-05-20 11:18:19,081 [INFO] WebApp:191 - Connection restablished
2026-05-20 11:44:43,321 [INFO] WebApp:194 - Connection lost
2026-05-20 11:44:44,114 [INFO] WebApp:191 - Connection restablished
2026-05-20 12:44:44,797 [INFO] WebApp:194 - Connection lost
2026-05-20 12:44:46,880 [INFO] WebApp:191 - Connection restablished
2026-05-20 14:05:55,420 [INFO] WebApp:194 - Connection lost
2026-05-20 14:05:56,942 [INFO] WebApp:191 - Connection restablished
2026-05-20 14:46:08,314 [INFO] WebApp:194 - Connection lost
2026-05-20 14:46:10,098 [INFO] WebApp:191 - Connection restablished
2026-05-20 15:15:06,293 [INFO] MainUpdater:2872 - connection check result : 10
2026-05-20 15:15:06,299 [INFO] MainUpdater:2872 - connection check result : 10
2026-05-20 15:15:08,327 [INFO] I2cTimingTraitement:330 - 0x00B07CB4
2026-05-20 15:15:08,350 [INFO] MicroXplorer:468 - Change Database Path : 
2026-05-20 15:15:08,350 [INFO] MicroXplorer:498 - Change Database Version : DB.6.0.150
2026-05-20 15:15:08,490 [ERROR] ProjectManagerView:395 - 
java.lang.NullPointerException: Cannot invoke "javax.swing.JTextField.getText()" because the return value of "java.util.List.get(int)" is null
	at com.st.microxplorer.plugins.projectmanager.gui.ProjectChoiceTab$9.caretUpdate(ProjectChoiceTab.java:2706) ~[filemanager.jar:?]
	at javax.swing.text.JTextComponent.fireCaretUpdate(JTextComponent.java:408) ~[?:?]
	at javax.swing.text.JTextComponent$MutableCaretEvent.fire(JTextComponent.java:4484) ~[?:?]
	at javax.swing.text.JTextComponent$MutableCaretEvent.stateChanged(JTextComponent.java:4506) ~[?:?]
	at javax.swing.text.DefaultCaret.fireStateChanged(DefaultCaret.java:857) ~[?:?]
	at javax.swing.text.DefaultCaret.changeCaretPosition(DefaultCaret.java:1343) ~[?:?]
	at javax.swing.text.DefaultCaret.handleSetDot(DefaultCaret.java:1242) ~[?:?]
	at javax.swing.text.DefaultCaret.setDot(DefaultCaret.java:1223) ~[?:?]
	at javax.swing.text.DefaultCaret$Handler.insertUpdate(DefaultCaret.java:1819) ~[?:?]
	at javax.swing.text.AbstractDocument.fireInsertUpdate(AbstractDocument.java:227) ~[?:?]
	at javax.swing.text.AbstractDocument.handleInsertString(AbstractDocument.java:781) ~[?:?]
	at javax.swing.text.AbstractDocument.insertString(AbstractDocument.java:740) ~[?:?]
	at javax.swing.text.PlainDocument.insertString(PlainDocument.java:131) ~[?:?]
	at javax.swing.text.AbstractDocument.replace(AbstractDocument.java:699) ~[?:?]
	at javax.swing.text.JTextComponent.setText(JTextComponent.java:1725) ~[?:?]
	at com.st.microxplorer.plugins.projectmanager.gui.ProjectChoiceTab.createHeapStackFields(ProjectChoiceTab.java:993) ~[filemanager.jar:?]
	at com.st.microxplorer.plugins.projectmanager.gui.ProjectChoiceTab.buildLinkSettingsPanel(ProjectChoiceTab.java:3813) ~[filemanager.jar:?]
	at com.st.microxplorer.plugins.projectmanager.gui.ProjectChoiceTab.defineWindowsFields(ProjectChoiceTab.java:1987) ~[filemanager.jar:?]
	at com.st.microxplorer.plugins.projectmanager.gui.ProjectChoiceTab.updateSettings(ProjectChoiceTab.java:558) ~[filemanager.jar:?]
	at com.st.microxplorer.plugins.projectmanager.gui.ProjectSettingsPanel.UpdateDialog(ProjectSettingsPanel.java:247) ~[filemanager.jar:?]
	at com.st.microxplorer.plugins.projectmanager.ProjectManagerView.propertyChange(ProjectManagerView.java:392) ~[filemanager.jar:?]
	at java.beans.PropertyChangeSupport.fire(PropertyChangeSupport.java:343) ~[?:?]
	at java.beans.PropertyChangeSupport.firePropertyChange(PropertyChangeSupport.java:335) ~[?:?]
	at java.beans.PropertyChangeSupport.firePropertyChange(PropertyChangeSupport.java:268) ~[?:?]
	at com.st.microxplorer.util.MXPropertyChangeSupport.firePropertyChange(MXPropertyChangeSupport.java:54) ~[STM32CubeMX.jar:?]
	at com.st.microxplorer.mxsystem.MxSystem.closeConfig(MxSystem.java:899) ~[STM32CubeMX.jar:?]
	at com.st.microxplorer.maingui.MainPanel.closeConfig(MainPanel.java:792) ~[STM32CubeMX.jar:?]
	at com.st.microxplorer.plugins.filemanager.engine.OpenFileManager.loadConfigurationFile(OpenFileManager.java:288) ~[filemanager.jar:?]
	at com.st.microxplorer.plugins.filemanager.engine.MainFileManager.userLoadConfig(MainFileManager.java:364) ~[filemanager.jar:?]
	at com.st.microxplorer.plugins.filemanager.engine.MainFileManager.userLoadConfig(MainFileManager.java:342) ~[filemanager.jar:?]
	at com.st.microxplorer.plugins.filemanager.FileManagerView.getSpecificTask(FileManagerView.java:264) ~[filemanager.jar:?]
	at com.st.stm32cube.common.mx.editor.CubeMxEditor.getMxTabbedPaneInstance(CubeMxEditor.java:1198) ~[com.st.stm32cube.common.mx_6.15.0.202507011659/:?]
	at com.st.stm32cube.common.mx.editor.CubeMxEditor$12$1.createSwingComponent(CubeMxEditor.java:1068) ~[com.st.stm32cube.common.mx_6.15.0.202507011659/:?]
	at com.st.stm32cube.common.mx.oss.core.awtswtbridge.EmbeddedSwingComposite.doComponentCreation(EmbeddedSwingComposite.java:492) ~[com.st.stm32cube.common.mx.oss_6.15.0.202507011659/:?]
	at com.st.stm32cube.common.mx.oss.core.awtswtbridge.EmbeddedSwingComposite$4.run(EmbeddedSwingComposite.java:291) ~[com.st.stm32cube.common.mx.oss_6.15.0.202507011659/:?]
	at com.st.stm32cube.common.mx.oss.core.awtswtbridge.AwtEnvironment$2.run(AwtEnvironment.java:166) ~[com.st.stm32cube.common.mx.oss_6.15.0.202507011659/:?]
	at java.awt.event.InvocationEvent.dispatch(InvocationEvent.java:318) ~[?:?]
	at java.awt.EventQueue.dispatchEventImpl(EventQueue.java:773) ~[?:?]
	at java.awt.EventQueue$4.run(EventQueue.java:720) ~[?:?]
	at java.awt.EventQueue$4.run(EventQueue.java:714) ~[?:?]
	at java.security.AccessController.doPrivileged(AccessController.java:400) ~[?:?]
	at java.security.ProtectionDomain$JavaSecurityAccessImpl.doIntersectionPrivilege(ProtectionDomain.java:87) ~[?:?]
	at java.awt.EventQueue.dispatchEvent(EventQueue.java:742) ~[?:?]
	at java.awt.EventDispatchThread.pumpOneEventForFilters(EventDispatchThread.java:203) ~[?:?]
	at java.awt.EventDispatchThread.pumpEventsForFilter(EventDispatchThread.java:124) ~[?:?]
	at java.awt.EventDispatchThread.pumpEventsForHierarchy(EventDispatchThread.java:113) ~[?:?]
	at java.awt.EventDispatchThread.pumpEvents(EventDispatchThread.java:109) ~[?:?]
	at java.awt.EventDispatchThread.pumpEvents(EventDispatchThread.java:101) ~[?:?]
	at java.awt.EventDispatchThread.run(EventDispatchThread.java:90) ~[?:?]
2026-05-20 15:15:08,575 [WARN] ThirdParty:871 - waiting for thirdparty lock release [close project]
2026-05-20 15:15:08,575 [INFO] ThirdParty:873 - entering critical section [close project]
2026-05-20 15:15:08,576 [INFO] ThirdParty:883 - exiting critical section [close project]
2026-05-20 15:15:08,589 [INFO] PinOutPanel:1589 - setPackage(No Configuration,No Configuration)
2026-05-20 15:15:08,635 [INFO] UtilMem:75 - Begin LoadConfig() Used Memory: 968738640 Bytes (1073741824)
2026-05-20 15:15:08,640 [INFO] MicroXplorer:468 - Change Database Path : 
2026-05-20 15:15:08,640 [INFO] MicroXplorer:498 - Change Database Version : DB.6.0.150
2026-05-20 15:15:08,641 [INFO] OpenFileManager:355 - Change cursor
2026-05-20 15:15:08,684 [INFO] Mcu:2029 - Initializing MCU STM32L053C(6-8)Tx STM32L053C8Tx STM32L053C8T6
2026-05-20 15:15:10,171 [INFO] Context:786 - Trying to add GPIOservice into a context  which must be forbidden
2026-05-20 15:15:10,797 [INFO] ImportTextPane:234 - (OptionalMessage_ERROR) Pin12 (VP_RIF_VS_RIF1) cannot be retrieved for this MCU
2026-05-20 15:15:11,000 [INFO] RtosManager:558 - Registered RTOS mode: class=CMSIS, group=RTOS, mode=CMSIS_V1, owner=FREERTOS
2026-05-20 15:15:11,000 [INFO] RtosManager:558 - Registered RTOS mode: class=CMSIS, group=RTOS2, mode=CMSIS_V2, owner=FREERTOS
2026-05-20 15:15:11,001 [INFO] RtosManager:558 - Registered RTOS mode: class=RTOS, group=Core, mode=CMSIS_V1, owner=FREERTOS
2026-05-20 15:15:11,001 [INFO] RtosManager:558 - Registered RTOS mode: class=RTOS, group=Core, mode=CMSIS_V2, owner=FREERTOS
2026-05-20 15:15:11,001 [WARN] ModelIntegratedComponent:184 - Missing modes for component STMicroelectronics:FreeRTOS:0.0.1:STMicroelectronics:RTOS:FreeRTOS:Core:::10.2.0:
2026-05-20 15:15:11,014 [WARN] ModelIntegratedComponent:63 - No mode defined for component null
2026-05-20 15:15:11,014 [WARN] ModelIntegratedComponent:63 - No mode defined for component null
2026-05-20 15:15:11,014 [WARN] ModelIntegratedComponent:63 - No mode defined for component null
2026-05-20 15:15:11,014 [WARN] ModelIntegratedComponent:63 - No mode defined for component null
2026-05-20 15:15:11,014 [WARN] ModelIntegratedComponent:63 - No mode defined for component null
2026-05-20 15:15:11,014 [WARN] ModelIntegratedComponent:63 - No mode defined for component null
2026-05-20 15:15:11,014 [WARN] ModelIntegratedComponent:63 - No mode defined for component null
2026-05-20 15:15:11,014 [WARN] ModelIntegratedComponent:63 - No mode defined for component null
2026-05-20 15:15:11,014 [WARN] ModelIntegratedComponent:63 - No mode defined for component null
2026-05-20 15:15:11,014 [WARN] ModelIntegratedComponent:63 - No mode defined for component null
2026-05-20 15:15:11,014 [WARN] ModelIntegratedComponent:63 - No mode defined for component null
2026-05-20 15:15:11,014 [WARN] ModelIntegratedComponent:63 - No mode defined for component null
2026-05-20 15:15:11,014 [WARN] ModelIntegratedComponent:63 - No mode defined for component null
2026-05-20 15:15:11,015 [WARN] ModelIntegratedComponent:63 - No mode defined for component null
2026-05-20 15:15:11,016 [WARN] ModelIntegratedComponent:63 - No mode defined for component null
2026-05-20 15:15:11,016 [WARN] ModelIntegratedComponent:63 - No mode defined for component null
2026-05-20 15:15:11,016 [WARN] ModelIntegratedComponent:63 - No mode defined for component null
2026-05-20 15:15:11,016 [WARN] ModelIntegratedComponent:63 - No mode defined for component null
2026-05-20 15:15:11,016 [WARN] ModelIntegratedComponent:63 - No mode defined for component null
2026-05-20 15:15:11,016 [WARN] ModelIntegratedComponent:63 - No mode defined for component null
2026-05-20 15:15:11,016 [WARN] ModelIntegratedComponent:63 - No mode defined for component null
2026-05-20 15:15:11,016 [WARN] ModelIntegratedComponent:63 - No mode defined for component null
2026-05-20 15:15:11,016 [WARN] ModelIntegratedComponent:63 - No mode defined for component null
2026-05-20 15:15:11,017 [WARN] ModelIntegratedComponent:63 - No mode defined for component null
2026-05-20 15:15:11,017 [WARN] ModelIntegratedComponent:63 - No mode defined for component null
2026-05-20 15:15:11,017 [WARN] ModelIntegratedComponent:63 - No mode defined for component null
2026-05-20 15:15:11,017 [WARN] ModelIntegratedComponent:63 - No mode defined for component null
2026-05-20 15:15:11,017 [WARN] ModelIntegratedComponent:63 - No mode defined for component null
2026-05-20 15:15:11,017 [WARN] ModelIntegratedComponent:63 - No mode defined for component null
2026-05-20 15:15:11,017 [WARN] ModelIntegratedComponent:63 - No mode defined for component null
2026-05-20 15:15:11,017 [WARN] ModelIntegratedComponent:63 - No mode defined for component null
2026-05-20 15:15:11,017 [WARN] ModelIntegratedComponent:63 - No mode defined for component null
2026-05-20 15:15:11,018 [WARN] ModelIntegratedComponent:63 - No mode defined for component null
2026-05-20 15:15:11,018 [WARN] ModelIntegratedComponent:63 - No mode defined for component null
2026-05-20 15:15:11,018 [WARN] ModelIntegratedComponent:63 - No mode defined for component null
2026-05-20 15:15:11,018 [WARN] ModelPack:524 - Component already loaded: STMicroelectronics:HAL Drivers:0.0.0:STMicroelectronics:Device:STMicro_Driver:XSPI:HAL::0.0.1:HAL_XSPI
2026-05-20 15:15:11,110 [INFO] ThirdPartyModel:298 - Start build external matchings
2026-05-20 15:15:11,621 [INFO] ThirdPartyModel:316 - End build external matchings
2026-05-20 15:15:11,641 [INFO] ImportTextPane:234 - (OptionalMessage_ERROR) IP (RCC) : Parameter (48USBFreq_Value) has invalid value (32000000)
2026-05-20 15:15:11,642 [INFO] ImportTextPane:234 - (OptionalMessage_ERROR) IP (RCC) : Invalid parameter (FamilyName)
2026-05-20 15:15:11,642 [INFO] ImportTextPane:234 - (OptionalMessage_ERROR) IP (RCC) : Parameter (RTCHSEDivFreq_Value) has invalid value (4000000)
2026-05-20 15:15:11,643 [INFO] ImportTextPane:234 - (OptionalMessage_ERROR) IP (RCC) : Invalid parameter (TIMFreq_Value)
2026-05-20 15:15:11,982 [INFO] UtilMem:75 - End LoadConfig() Used Memory: 885025496 Bytes (1073741824)
2026-05-20 15:15:12,060 [WARN] ThirdParty:833 - waiting for thirdparty lock release [change project]
2026-05-20 15:15:12,061 [INFO] ThirdParty:835 - entering critical section [change project]
2026-05-20 15:15:12,062 [INFO] ThirdParty:1030 - CMSIS Pack Vendor :STMicroelectronics X-CUBE-AZRTOS-H7 3.5.0
2026-05-20 15:15:12,062 [INFO] ThirdParty:1030 - CMSIS Pack Vendor :STMicroelectronics X-CUBE-PM33A1 1.0.0
2026-05-20 15:15:12,062 [INFO] ThirdParty:1030 - CMSIS Pack Vendor :STMicroelectronics USBPD 4.1
2026-05-20 15:15:12,062 [INFO] ThirdParty:1030 - CMSIS Pack Vendor :STMicroelectronics X-CUBE-NFC9 1.0.0
2026-05-20 15:15:12,062 [INFO] ThirdParty:1030 - CMSIS Pack Vendor :STMicroelectronics USB_HOST 2.0.0
2026-05-20 15:15:12,062 [INFO] ThirdParty:1030 - CMSIS Pack Vendor :STMicroelectronics X-CUBE-AZRTOS-F4 1.1.0
2026-05-20 15:15:12,063 [INFO] ThirdParty:1030 - CMSIS Pack Vendor :STMicroelectronics LIBJPEG 8.0.0
2026-05-20 15:15:12,063 [INFO] ThirdParty:1030 - CMSIS Pack Vendor :STMicroelectronics FP-ATR-ASTRA1 2.0.2
2026-05-20 15:15:12,063 [INFO] ThirdParty:1030 - CMSIS Pack Vendor :STMicroelectronics X-CUBE-BLE1 7.1.0
2026-05-20 15:15:12,063 [INFO] ThirdParty:1030 - CMSIS Pack Vendor :STMicroelectronics X-CUBE-SMBUS 2.1.0
2026-05-20 15:15:12,063 [INFO] ThirdParty:1030 - CMSIS Pack Vendor :wolfSSL I-CUBE-wolfMQTT 1.19.2
2026-05-20 15:15:12,063 [INFO] ThirdParty:1030 - CMSIS Pack Vendor :STMicroelectronics USB_DEVICE 3.0.0
2026-05-20 15:15:12,064 [INFO] ThirdParty:1030 - CMSIS Pack Vendor :STMicroelectronics X-CUBE-ISPU 2.1.0
2026-05-20 15:15:12,064 [INFO] ThirdParty:1030 - CMSIS Pack Vendor :STMicroelectronics X-CUBE-EEPRMA1 5.2.0
2026-05-20 15:15:12,064 [INFO] ThirdParty:1030 - CMSIS Pack Vendor :STMicroelectronics X-CUBE-IPS 3.2.0
2026-05-20 15:15:12,064 [INFO] ThirdParty:1030 - CMSIS Pack Vendor :STMicroelectronics X-CUBE-BLEMGR 4.1.0
2026-05-20 15:15:12,064 [INFO] ThirdParty:1030 - CMSIS Pack Vendor :STMicroelectronics eDS-WB_DPC_TT-BIDIR 2.1.1
2026-05-20 15:15:12,064 [INFO] ThirdParty:1030 - CMSIS Pack Vendor :STMicroelectronics X-CUBE-AZRTOS-WB 2.0.0
2026-05-20 15:15:12,064 [INFO] ThirdParty:1030 - CMSIS Pack Vendor :wolfSSL I-CUBE-wolfSSL 5.8.4
2026-05-20 15:15:12,065 [INFO] ThirdParty:1030 - CMSIS Pack Vendor :Cesanta I-CUBE-Mongoose 7.20.0
2026-05-20 15:15:12,065 [INFO] ThirdParty:1030 - CMSIS Pack Vendor :STMicroelectronics X-CUBE-NFC12 1.0.0
2026-05-20 15:15:12,065 [INFO] ThirdParty:1030 - CMSIS Pack Vendor :STMicroelectronics X-CUBE-AZRTOS-F7 1.1.0
2026-05-20 15:15:12,065 [INFO] ThirdParty:1030 - CMSIS Pack Vendor :STMicroelectronics X-CUBE-AZRTOS-L5 2.0.0
2026-05-20 15:15:12,065 [INFO] ThirdParty:1030 - CMSIS Pack Vendor :STMicroelectronics USB_DEVICE 2.0.0
2026-05-20 15:15:12,065 [INFO] ThirdParty:1030 - CMSIS Pack Vendor :STMicroelectronics FP-SNS-STAIOTCFT 1.1.0
2026-05-20 15:15:12,065 [INFO] ThirdParty:1030 - CMSIS Pack Vendor :quantropi X-CUBE-qispace-sdk-base 2.1.0
2026-05-20 15:15:12,065 [INFO] ThirdParty:1030 - CMSIS Pack Vendor :STMicroelectronics X-CUBE-MEMS1 12.0.0
2026-05-20 15:15:12,065 [INFO] ThirdParty:1030 - CMSIS Pack Vendor :STMicroelectronics X-CUBE-STSE01 2.0.0
2026-05-20 15:15:12,065 [INFO] ThirdParty:1030 - CMSIS Pack Vendor :STMicroelectronics FP-SNS-MOTENV1 5.1.0
2026-05-20 15:15:12,066 [INFO] ThirdParty:1030 - CMSIS Pack Vendor :STMicroelectronics FreeRTOS 0.0.1
2026-05-20 15:15:12,066 [INFO] ThirdParty:1030 - CMSIS Pack Vendor :STMicroelectronics X-CUBE-AZRTOS-G0 1.1.0
2026-05-20 15:15:12,066 [INFO] ThirdParty:1030 - CMSIS Pack Vendor :STMicroelectronics X-CUBE-NFC4 3.0.0
2026-05-20 15:15:12,066 [INFO] ThirdParty:1030 - CMSIS Pack Vendor :STMicroelectronics X-CUBE-SUBG2 5.0.0
2026-05-20 15:15:12,066 [INFO] ThirdParty:1030 - CMSIS Pack Vendor :STMicroelectronics STM32_WPAN 1.0.0
2026-05-20 15:15:12,066 [INFO] ThirdParty:1030 - CMSIS Pack Vendor :STMicroelectronics eDS-WB_DPC_VIENNA 1.2.0
2026-05-20 15:15:12,066 [INFO] ThirdParty:1030 - CMSIS Pack Vendor :EmbeddedOffice I-CUBE-FS-RTOS 1.0.1
2026-05-20 15:15:12,066 [INFO] ThirdParty:1030 - CMSIS Pack Vendor :STMicroelectronics lwIP 2.0.3
2026-05-20 15:15:12,067 [INFO] ThirdParty:1030 - CMSIS Pack Vendor :WES I-CUBE-Cesium 1.4.0
2026-05-20 15:15:12,067 [INFO] ThirdParty:1030 - CMSIS Pack Vendor :STMicroelectronics eDS-WB_DPC_3PH2L-BIDIR 1.1.1
2026-05-20 15:15:12,067 [INFO] ThirdParty:1030 - CMSIS Pack Vendor :STMicroelectronics USB_HOST 1.0.0
2026-05-20 15:15:12,067 [INFO] ThirdParty:1030 - CMSIS Pack Vendor :STMicroelectronics X-CUBE-AZRTOS-G4 2.0.0
2026-05-20 15:15:12,067 [INFO] ThirdParty:1030 - CMSIS Pack Vendor :STMicroelectronics X-CUBE-WB05N 2.0.0
2026-05-20 15:15:12,067 [INFO] ThirdParty:1030 - CMSIS Pack Vendor :STMicroelectronics PDM2PCM 3.1.0
2026-05-20 15:15:12,067 [INFO] ThirdParty:1030 - CMSIS Pack Vendor :STMicroelectronics PDM2PCM 3.3.0
2026-05-20 15:15:12,067 [INFO] ThirdParty:1030 - CMSIS Pack Vendor :wolfSSL I-CUBE-wolfTPM 3.8.0
2026-05-20 15:15:12,067 [INFO] ThirdParty:1030 - CMSIS Pack Vendor :STMicroelectronics X-CUBE-DISPLAY 3.0.0
2026-05-20 15:15:12,067 [INFO] ThirdParty:1030 - CMSIS Pack Vendor :wolfSSL I-CUBE-wolfSSH 1.4.20
2026-05-20 15:15:12,067 [INFO] ThirdParty:1030 - CMSIS Pack Vendor :STMicroelectronics X-CUBE-NFC7 2.0.0
2026-05-20 15:15:12,067 [INFO] ThirdParty:1030 - CMSIS Pack Vendor :STMicroelectronics X-CUBE-GNSS1 7.1.1
2026-05-20 15:15:12,067 [INFO] ThirdParty:1030 - CMSIS Pack Vendor :STMicroelectronics FP-SNS-MOTENVWB1 1.5.0
2026-05-20 15:15:12,068 [INFO] ThirdParty:1030 - CMSIS Pack Vendor :STMicroelectronics X-CUBE-TCPP 4.2.0
2026-05-20 15:15:12,068 [INFO] ThirdParty:1030 - CMSIS Pack Vendor :RealThread X-CUBE-RT-Thread_Nano 4.1.1
2026-05-20 15:15:12,068 [INFO] ThirdParty:1030 - CMSIS Pack Vendor :wolfSSL I-CUBE-wolfSSL 5.9.1
2026-05-20 15:15:12,068 [INFO] ThirdParty:1030 - CMSIS Pack Vendor :STMicroelectronics FP-ATR-SIGFOX1 3.2.0
2026-05-20 15:15:12,068 [INFO] ThirdParty:1030 - CMSIS Pack Vendor :STMicroelectronics X-CUBE-NFC10 1.0.0
2026-05-20 15:15:12,068 [INFO] ThirdParty:1030 - CMSIS Pack Vendor :STMicroelectronics HAL Drivers 0.0.0
2026-05-20 15:15:12,068 [INFO] ThirdParty:1030 - CMSIS Pack Vendor :STMicroelectronics X-CUBE-FREERTOS 1.5.0
2026-05-20 15:15:12,068 [INFO] ThirdParty:1030 - CMSIS Pack Vendor :STMicroelectronics MBEDTLS 2.16.2
2026-05-20 15:15:12,068 [INFO] ThirdParty:1030 - CMSIS Pack Vendor :STMicroelectronics X-CUBE-ST60 1.1.0
2026-05-20 15:15:12,068 [INFO] ThirdParty:1030 - CMSIS Pack Vendor :STMicroelectronics X-CUBE-ALS 1.0.2
2026-05-20 15:15:12,068 [INFO] ThirdParty:1030 - CMSIS Pack Vendor :emotas I-CUBE-CANOPEN 1.3.0
2026-05-20 15:15:12,068 [INFO] ThirdParty:1030 - CMSIS Pack Vendor :STMicroelectronics MBEDTLS 2.14.1
2026-05-20 15:15:12,068 [INFO] ThirdParty:1030 - CMSIS Pack Vendor :STMicroelectronics X-CUBE-GNSS1 7.1.0
2026-05-20 15:15:12,069 [INFO] ThirdParty:1030 - CMSIS Pack Vendor :ITTIA_DB I-CUBE-ITTIADB 8.9.0
2026-05-20 15:15:12,069 [INFO] ThirdParty:1030 - CMSIS Pack Vendor :Cesanta I-CUBE-Mongoose 7.21.6
2026-05-20 15:15:12,069 [INFO] ThirdParty:1030 - CMSIS Pack Vendor :STMicroelectronics X-CUBE-TOUCHGFX 4.26.1
2026-05-20 15:15:12,072 [INFO] ThirdParty:1030 - CMSIS Pack Vendor :STMicroelectronics X-CUBE-NFC6 3.2.0
2026-05-20 15:15:12,072 [INFO] ThirdParty:1030 - CMSIS Pack Vendor :STMicroelectronics FP-SNS-STBOX1 2.1.0
2026-05-20 15:15:12,073 [INFO] ThirdParty:1030 - CMSIS Pack Vendor :STMicroelectronics X-CUBE-AI 10.2.0
2026-05-20 15:15:12,073 [INFO] ThirdParty:1030 - CMSIS Pack Vendor :STMicroelectronics FP-SNS-STAIOTCFT 1.0.0
2026-05-20 15:15:12,073 [INFO] ThirdParty:1030 - CMSIS Pack Vendor :STMicroelectronics ThreadX 1.0.0
2026-05-20 15:15:12,073 [INFO] ThirdParty:1030 - CMSIS Pack Vendor :STMicroelectronics FP-SNS-SMARTAG2 1.2.0
2026-05-20 15:15:12,073 [INFO] ThirdParty:1030 - CMSIS Pack Vendor :STMicroelectronics X-CUBE-MEMS1 12.1.0
2026-05-20 15:15:12,073 [INFO] ThirdParty:1030 - CMSIS Pack Vendor :STMicroelectronics FP-SNS-FLIGHT1 5.1.0
2026-05-20 15:15:12,074 [INFO] ThirdParty:1030 - CMSIS Pack Vendor :STMicroelectronics X-CUBE-AZRTOS-WL 2.0.0
2026-05-20 15:15:12,074 [INFO] ThirdParty:1030 - CMSIS Pack Vendor :SEGGER I-CUBE-embOS 1.3.1
2026-05-20 15:15:12,074 [INFO] ThirdParty:1030 - CMSIS Pack Vendor :STMicroelectronics X-CUBE-ALGOBUILD 1.4.0
2026-05-20 15:15:12,074 [INFO] ThirdParty:1030 - CMSIS Pack Vendor :STMicroelectronics X-CUBE-DPower 1.3.0
2026-05-20 15:15:12,074 [INFO] ThirdParty:1030 - CMSIS Pack Vendor :STMicroelectronics USB_DEVICE 1.0.0
2026-05-20 15:15:12,074 [INFO] ThirdParty:1030 - CMSIS Pack Vendor :STMicroelectronics X-CUBE-AZRTOS-H7RS 1.2.0
2026-05-20 15:15:12,075 [INFO] ThirdParty:1030 - CMSIS Pack Vendor :STMicroelectronics X-CUBE-AZRTOS-L4 2.0.0
2026-05-20 15:15:12,075 [INFO] ThirdParty:1030 - CMSIS Pack Vendor :STMicroelectronics ThreadX 0.0.2
2026-05-20 15:15:12,075 [INFO] ThirdParty:1030 - CMSIS Pack Vendor :STMicroelectronics lwIP 2.1.2
2026-05-20 15:15:12,075 [INFO] ThirdParty:1030 - CMSIS Pack Vendor :STMicroelectronics X-CUBE-SFXS2LP1 4.0.0
2026-05-20 15:15:12,075 [INFO] ThirdParty:1030 - CMSIS Pack Vendor :STMicroelectronics X-CUBE-BLE2 3.3.0
2026-05-20 15:15:12,075 [INFO] ThirdParty:1030 - CMSIS Pack Vendor :Avnet-IOTCONNECT X-CUBE-iotc-st67-sdk 1.0.0
2026-05-20 15:15:12,075 [INFO] ThirdParty:1030 - CMSIS Pack Vendor :STMicroelectronics X-CUBE-TOF1 3.4.3
2026-05-20 15:15:12,076 [INFO] ThirdParty:1030 - CMSIS Pack Vendor :Infineon AIROC-Wi-Fi-Bluetooth-STM32 1.8.0
2026-05-20 15:15:12,076 [INFO] ThirdParty:1030 - CMSIS Pack Vendor :STMicroelectronics PDM2PCM 3.2.0
2026-05-20 15:15:12,076 [INFO] ThirdParty:1030 - CMSIS Pack Vendor :STMicroelectronics X-CUBE-WB05N 2.1.0
2026-05-20 15:15:12,076 [INFO] ThirdParty:1030 - CMSIS Pack Vendor :STMicroelectronics X-CUBE-ST67W61 1.2.0
2026-05-20 15:15:12,076 [INFO] ThirdParty:841 - exiting critical section [change project]
2026-05-20 15:15:12,575 [INFO] PinOutPanel:1589 - setPackage(No Configuration,No Configuration)
2026-05-20 15:15:12,579 [INFO] PinOutPanel:1589 - setPackage(STM32L053C8Tx,LQFP48)
2026-05-20 15:15:13,121 [INFO] UtilMem:75 - Before build in PCC Used Memory: 681281064 Bytes (1073741824)
2026-05-20 15:15:13,928 [INFO] UtilMem:75 - After build in PCC Used Memory: 734232104 Bytes (1073741824)
2026-05-20 15:15:13,988 [INFO] IPUIPlugin:80 - create IPUIPlugin
2026-05-20 15:15:13,990 [INFO] IPUIPlugin:80 - create IPUIPlugin
2026-05-20 15:15:13,991 [INFO] IPUIPlugin:80 - create IPUIPlugin
2026-05-20 15:15:13,991 [INFO] IPUIPlugin:80 - create IPUIPlugin
2026-05-20 15:15:13,992 [INFO] IPUIPlugin:80 - create IPUIPlugin
2026-05-20 15:15:13,994 [INFO] IPUIPlugin:80 - create IPUIPlugin
2026-05-20 15:15:13,995 [INFO] IPUIPlugin:80 - create IPUIPlugin
2026-05-20 15:15:13,995 [INFO] IPUIPlugin:80 - create IPUIPlugin
2026-05-20 15:15:13,996 [INFO] IPUIPlugin:80 - create IPUIPlugin
2026-05-20 15:15:13,996 [INFO] IPUIPlugin:80 - create IPUIPlugin
2026-05-20 15:15:13,996 [INFO] IPUIPlugin:80 - create IPUIPlugin
2026-05-20 15:15:13,996 [INFO] IPUIPlugin:80 - create IPUIPlugin
2026-05-20 15:15:13,998 [INFO] IPUIPlugin:80 - create IPUIPlugin
2026-05-20 15:15:13,998 [INFO] IPUIPlugin:80 - create IPUIPlugin
2026-05-20 15:15:13,999 [INFO] IPUIPlugin:80 - create IPUIPlugin
2026-05-20 15:15:14,005 [INFO] IPUIPlugin:80 - create IPUIPlugin
2026-05-20 15:15:14,014 [INFO] IPUIPlugin:80 - create IPUIPlugin
2026-05-20 15:15:14,017 [INFO] IPUIPlugin:80 - create IPUIPlugin
2026-05-20 15:15:14,017 [INFO] IPUIPlugin:80 - create IPUIPlugin
2026-05-20 15:15:14,025 [INFO] IPUIPlugin:80 - create IPUIPlugin
2026-05-20 15:15:14,028 [INFO] IPUIPlugin:80 - create IPUIPlugin
2026-05-20 15:15:14,028 [INFO] IPUIPlugin:80 - create IPUIPlugin
2026-05-20 15:15:14,028 [INFO] IPUIPlugin:80 - create IPUIPlugin
2026-05-20 15:15:14,029 [INFO] IPUIPlugin:80 - create IPUIPlugin
2026-05-20 15:15:14,029 [INFO] IPUIPlugin:80 - create IPUIPlugin
2026-05-20 15:15:14,029 [INFO] IPUIPlugin:80 - create IPUIPlugin
2026-05-20 15:15:14,030 [INFO] IPUIPlugin:80 - create IPUIPlugin
2026-05-20 15:15:14,030 [INFO] IPUIPlugin:80 - create IPUIPlugin
2026-05-20 15:15:14,031 [INFO] IPUIPlugin:80 - create IPUIPlugin
2026-05-20 15:15:14,031 [INFO] IPUIPlugin:80 - create IPUIPlugin
2026-05-20 15:15:14,031 [INFO] IPUIPlugin:80 - create IPUIPlugin
2026-05-20 15:15:14,032 [INFO] IPUIPlugin:80 - create IPUIPlugin
2026-05-20 15:15:14,032 [INFO] IPUIPlugin:80 - create IPUIPlugin
2026-05-20 15:15:14,033 [INFO] IPUIPlugin:80 - create IPUIPlugin
2026-05-20 15:15:14,215 [INFO] CADModel:165 - CPN selected for project levelSTM32L053C8T6
2026-05-20 15:15:14,215 [INFO] CADModel:114 - Register for checkConnection events
2026-05-20 15:15:14,308 [INFO] OpenFileManager:386 - Restore cursor
2026-05-20 15:22:32,762 [INFO] MainUpdater:2872 - connection check result : 10
2026-05-20 15:22:32,776 [INFO] McuFinderGlobals:76 - Set McuFinderConnectedMode to true
2026-05-20 15:22:33,088 [INFO] ServerAccessManage:452 - Complete download http(s) 200
2026-05-20 15:22:33,090 [INFO] ServerAccessManage:509 - Download File mcusAds.json._tmp_
2026-05-20 15:22:33,284 [INFO] LoadUrlFilesThread:156 - End of LoadUrlFiles Thread
2026-05-20 15:22:33,519 [INFO] ServerAccessManage:452 - Complete download http(s) 200
2026-05-20 15:22:33,526 [INFO] ServerAccessManage:509 - Download File cube-finder-db.zip
2026-05-20 15:22:35,216 [INFO] FileExtend:248 - Unzip File : cube-finder-db.zip
2026-05-20 15:22:35,217 [INFO] FileExtend:263 - Standard Zip Deflate
2026-05-20 15:22:36,776 [INFO] LoadUrlFilesThread:156 - End of LoadUrlFiles Thread
2026-05-20 15:22:37,820 [INFO] ServerAccessManage:452 - Complete download http(s) 200
2026-05-20 15:22:37,820 [INFO] ServerAccessManage:509 - Download File crdb.zip
2026-05-20 15:22:38,720 [INFO] FileExtend:248 - Unzip File : crdb.zip
2026-05-20 15:22:38,721 [INFO] FileExtend:263 - Standard Zip Deflate
2026-05-20 15:22:38,911 [INFO] LoadUrlFilesThread:156 - End of LoadUrlFiles Thread
2026-05-20 15:22:39,047 [INFO] ServerAccessManage:452 - Complete download http(s) 200
2026-05-20 15:22:39,049 [INFO] ServerAccessManage:509 - Download File tutoVideoDB.zip
2026-05-20 15:22:39,059 [INFO] FileExtend:248 - Unzip File : tutoVideoDB.zip
2026-05-20 15:22:39,059 [INFO] FileExtend:263 - Standard Zip Deflate
2026-05-20 15:22:39,227 [INFO] LoadUrlFilesThread:156 - End of LoadUrlFiles Thread
2026-05-20 15:22:39,253 [WARN] DbFile:41 - Overriding database path with different value: C:\Users\jahna\.stmcufinder\plugins\mcufinder/ => C:\Users\jahna\.stmcufinder\plugins\mcufinder
2026-05-20 15:22:39,935 [ERROR] ServerAccessManage:1212 - Problem, file not found on Server
2026-05-20 15:22:39,953 [ERROR] ServerAccessManage:740 - Problem, file not found on Server : api_config.json.
2026-05-20 15:22:46,712 [INFO] LoadUrlFilesThread:156 - End of LoadUrlFiles Thread
2026-05-20 15:22:52,215 [INFO] DbMcusAds:53 - JSON generation date=Mon Apr 27 13:44:29 IST 2026 (1777277669577)
2026-05-20 15:22:52,340 [INFO] ApiDb:448 - Save user favorites file C:\Users\jahna/.stm32cubeide/favorites.mcus.txt: 0 item(s)
2026-05-20 15:22:52,342 [INFO] ApiDb:452 - User favorites MCUs=[]
2026-05-20 15:22:52,419 [INFO] ApiDb:581 - Connected to CubeFinder SQLite database (C:\Users\jahna\.stmcufinder\plugins\mcufinder\mcu\cube-finder-db.db)
2026-05-20 15:22:52,659 [INFO] ApiDb:668 - CubeFinder database Data Model version=2.1
2026-05-20 15:22:52,659 [INFO] ApiDb:669 - CubeFinder database Configuration version=3.0.42
2026-05-20 15:22:52,661 [INFO] ApiDb:670 - CubeFinder database generation date=2026-05-06 (1778060171)
2026-05-20 15:22:52,661 [INFO] ApiDb:671 - CubeFinder database FW Pack versions=[FP-ATR-ASTRA1_V2.0.0, FP-SNS-FLIGHT1_V5.1.0, FP-SNS-MOTENV1_V5.1.0, FP-SNS-MOTENVWB1_V1.5.0, FP-SNS-SMARTAG2_V1.2.0, FP-SNS-STBOX1_V2.1.0, STM32Cube_FW_C0_V1.4.0, STM32Cube_FW_F4_V1.28.3, STM32Cube_FW_F7_V1.17.4, STM32Cube_FW_G0_V1.6.3, STM32Cube_FW_G4_V1.6.2, STM32Cube_FW_H5_V1.6.0, STM32Cube_FW_H7RS_V1.3.0, STM32Cube_FW_H7_V1.13.0, STM32Cube_FW_L0_V1.12.2, STM32Cube_FW_L4_V1.18.2, STM32Cube_FW_L5_V1.6.0, STM32Cube_FW_N6_V1.3.0, STM32Cube_FW_U0_V1.3.0, STM32Cube_FW_U3_V1.3.0, STM32Cube_FW_U5_V1.8.0, STM32Cube_FW_WB0_V1.4.0, STM32Cube_FW_WBA_V1.9.0, STM32Cube_FW_WB_V1.24.0, STM32Cube_FW_WL3_V1.4.0, STM32Cube_FW_WL_V1.5.0, X-CUBE-ALGOBUILD_V1.4.0, X-CUBE-ALS_V1.0.2, X-CUBE-AZRTOS-F4_V1.1.0, X-CUBE-AZRTOS-F7_V1.1.0, X-CUBE-AZRTOS-G0_V1.1.0, X-CUBE-AZRTOS-G4_V2.0.0, X-CUBE-AZRTOS-H7RS_V1.1.0, X-CUBE-AZRTOS-H7_V3.5.0, X-CUBE-AZRTOS-L4_V2.0.0, X-CUBE-AZRTOS-L5_V2.0.0, X-CUBE-AZRTOS-WB_V2.0.0, X-CUBE-AZRTOS-WL_V2.0.0, X-CUBE-BLE1_V7.1.0, X-CUBE-BLE2_V3.3.0, X-CUBE-BLEMGR_V4.1.0, X-CUBE-EEPRMA1_V5.2.0, X-CUBE-FREERTOS_V1.5.0, X-CUBE-GNSS1_V6.0.0, X-CUBE-MEMS1_V12.0.0, X-CUBE-NFC4_V3.0.0, X-CUBE-NFC7_V2.0.0, X-CUBE-SFXS2LP1_V4.0.0, X-CUBE-ST67W61_V1.2.0, X-CUBE-SUBG2_V5.0.0, X-CUBE-TOF1_V3.4.3]
2026-05-20 15:22:57,619 [INFO] ApiDb:240 - Found 880 in-development CPN: [B-G473E-ZEST1S, B-WB1M-WPAN1, B-WBA5M-WPAN, B-WL5M-SUBG1, NUCLEO-C031C6, NUCLEO-C051C8, NUCLEO-C071RB, NUCLEO-C092RC, NUCLEO-H503RB, NUCLEO-H533RE, NUCLEO-H563ZI, NUCLEO-H7S3L8, NUCLEO-N657X0-Q, NUCLEO-U031R8, NUCLEO-U083RC, NUCLEO-U385RG-Q, NUCLEO-U545RE-Q, NUCLEO-U5A5ZJ-Q, NUCLEO-WB05KZ, NUCLEO-WB07CC, NUCLEO-WB09KE, NUCLEO-WBA52CG, NUCLEO-WBA55CG, NUCLEO-WL33CC1, NUCLEO-WL33CC2, STEVAL-PROTEUS1, STEVAL-SMARTAG2, STEVAL-STWINBX1, STM320518-EVAL, STM32C0116-DK, STM32C011D6Y3TR, STM32C011D6Y6TR, STM32C011F4P3, STM32C011F4P6, STM32C011F4U3, STM32C011F4U6TR, STM32C011F6P3, STM32C011F6P6, STM32C011F6U3, STM32C011F6U6TR, STM32C011J4M3, STM32C011J4M6, STM32C011J6M3, STM32C011J6M6, STM32C0316-DK, STM32C031C4T3, STM32C031C4T6, STM32C031C4U3, STM32C031C4U6, STM32C031C6T3, STM32C031C6T6, STM32C031C6U3, STM32C031C6U6, STM32C031F4P3, STM32C031F4P6, STM32C031F6P3, STM32C031F6P6, STM32C031G4U3, STM32C031G4U6, STM32C031G6U3, STM32C031G6U6, STM32C031K4T3, STM32C031K4T6, STM32C031K4U3, STM32C031K4U6, STM32C031K6T3, STM32C031K6T6, STM32C031K6U3, STM32C031K6U6, STM32C051C6T6, STM32C051C6U6, STM32C051C8T6, STM32C051C8U6, STM32C051D8Y6TR, STM32C051F6P6, STM32C051F8P6, STM32C051G6U6, STM32C051G8U6, STM32C051K6T6, STM32C051K6U6, STM32C051K8T6, STM32C071C8T6, STM32C071C8T6N, STM32C071C8U6, STM32C071C8U6N, STM32C071CBT6, STM32C071CBT6N, STM32C071CBU6, STM32C071CBU6N, STM32C071F8P6, STM32C071F8P6N, STM32C071FBP6, STM32C071FBP6N, STM32C071FBY6TR, STM32C071G8U6, STM32C071G8U6N, STM32C071GBU6, STM32C071GBU6N, STM32C071K8T6, STM32C071K8T6N, STM32C071K8U6, STM32C071K8U6N, STM32C071KBT6, STM32C071KBT6N, STM32C071KBU6, STM32C071KBU6N, STM32C071R8T6, STM32C071R8T6N, STM32C071RBI6N, STM32C071RBT6, STM32C071RBT6N, STM32C091CBT6, STM32C091CBU6, STM32C091CCT6, STM32C091CCU6, STM32C091ECY6TR, STM32C091FBP6, STM32C091FCP6, STM32C091GBU6, STM32C091GCU6, STM32C091KBT6, STM32C091KBU6, STM32C091KCT6, STM32C091KCU6, STM32C091RBT6, STM32C091RCI6, STM32C091RCT6, STM32C092CBT6, STM32C092CBU6, STM32C092CCT6, STM32C092CCU6, STM32C092ECY6TR, STM32C092FBP6, STM32C092FCP6, STM32C092GBU6, STM32C092GCU6, STM32C092KBT6, STM32C092KBU6, STM32C092KCT6, STM32C092KCU6, STM32C092RBT6, STM32C092RCI6, STM32C092RCT6, STM32G071K8TXN, STM32G071K8UXN, STM32G081GBU6N, STM32G081KBT6N, STM32G081KBUXN, STM32G0B1CCT6N, STM32G0B1KCT6, STM32G0B1NEY6TR, STM32G0B1RCT6N, STM32G0C1CCT6, STM32G0C1CCT6N, STM32G0C1CCU6N, STM32G0C1CET6N, STM32G0C1CEU6N, STM32G0C1KCT6, STM32G0C1NEY6TR, STM32G0C1RCI6N, STM32G0C1RCT6N, STM32G0C1REI6N, STM32G0C1RET6N, STM32G0C1VCI6, STM32G0C1VEI6, STM32G411C6T3, STM32G411C6T6, STM32G411C6U3, STM32G411C6U6, STM32G411C8T3, STM32G411C8T6, STM32G411C8U3, STM32G411C8U6, STM32G411CBT3, STM32G411CBT6, STM32G411CBU3, STM32G411CBU6, STM32G411K6T3, STM32G411K6T6, STM32G411K6U3, STM32G411K6U6, STM32G411K8T3, STM32G411K8T6, STM32G411K8U3, STM32G411K8U6, STM32G411KBT3, STM32G411KBT6, STM32G411KBU3, STM32G411KBU6, STM32G411M6T3, STM32G411M6T6, STM32G411M8T3, STM32G411M8T6, STM32G411MBT3, STM32G411MBT6, STM32G411R6T3, STM32G411R6T6, STM32G411R8T3, STM32G411R8T6, STM32G411RBT3, STM32G411RBT6, STM32G414CBT3, STM32G414CBT6, STM32G414CBU3, STM32G414CBU6, STM32G414CCT3, STM32G414CCT6, STM32G414CCU3, STM32G414CCU6, STM32G414MBT3, STM32G414MBT6, STM32G414MCT3, STM32G414MCT6, STM32G414RBT3, STM32G414RBT6, STM32G414RCT3, STM32G414RCT6, STM32G414VBT3, STM32G414VBT6, STM32G414VCT3, STM32G414VCT6, STM32G431CBT3Z, STM32G431RBT3Z, STM32G471CCT6, STM32G471CCU6, STM32G471CET3, STM32G471CET6, STM32G471CEU3, STM32G471CEU6, STM32G471MCT6, STM32G471MET3, STM32G471MET6, STM32G471MEY6TR, STM32G471QCT6, STM32G471QET3, STM32G471RCT6, STM32G471RET3, STM32G471RET6, STM32G471VCH6, STM32G471VCI6, STM32G471VCT6, STM32G471VEH3, STM32G471VEH6, STM32G471VEI3, STM32G471VEI6, STM32G471VET3, STM32G471VET6, STM32G473QET3Z, STM32G473RET3Z, STM32G474CCT6, STM32G491RET3Z, STM32H503CBT6, STM32H503CBU6, STM32H503EBY6TR, STM32H503KBU6, STM32H503RBT6, STM32H523CCT6, STM32H523CCU6, STM32H523CET6, STM32H523CEU6, STM32H523HEY6TR, STM32H523RCT6, STM32H523RET6, STM32H523VCI6, STM32H523VCT6, STM32H523VEI6, STM32H523VET6, STM32H523ZCJ6, STM32H523ZCT6, STM32H523ZEJ6, STM32H523ZET6, STM32H533CET6, STM32H533CEU6, STM32H533HEY6TR, STM32H533RET6, STM32H533VEI6, STM32H533VET6, STM32H533ZEJ6, STM32H533ZET6, STM32H562AGI6, STM32H562AII6, STM32H562IGK6, STM32H562IGT6, STM32H562IIK6, STM32H562IIT6, STM32H562RGT6, STM32H562RGV6, STM32H562RIT6, STM32H562RIV6, STM32H562VGT6, STM32H562VIT6, STM32H562ZGT6, STM32H562ZIT6, STM32H563AGI6, STM32H563AII3Q, STM32H563AII6, STM32H563IGK6, STM32H563IGT6, STM32H563IIK3Q, STM32H563IIK6, STM32H563IIT3Q, STM32H563IIT6, STM32H563MIY3QTR, STM32H563RGT6, STM32H563RGV6, STM32H563RIT6, STM32H563RIV6, STM32H563VGT6, STM32H563VIT3Q, STM32H563VIT6, STM32H563ZGT6, STM32H563ZIT3Q, STM32H563ZIT6, STM32H573AII3Q, STM32H573AII6, STM32H573I-DK, STM32H573IIK3Q, STM32H573IIK6, STM32H573IIT3Q, STM32H573IIT6, STM32H573MIY3QTR, STM32H573RIT6, STM32H573RIV6, STM32H573VIT3Q, STM32H573VIT6, STM32H573ZIT3Q, STM32H573ZIT6, STM32H7R3A8I6, STM32H7R3I8K6, STM32H7R3I8T6, STM32H7R3L8H6, STM32H7R3L8H6H, STM32H7R3R8V6, STM32H7R3V8H6, STM32H7R3V8T6, STM32H7R3V8Y6TR, STM32H7R3Z8J6, STM32H7R3Z8T6, STM32H7R7A8I6, STM32H7R7I8K6, STM32H7R7I8T6, STM32H7R7L8H6, STM32H7R7L8H6H, STM32H7R7Z8J6, STM32H7S3A8I6, STM32H7S3I8K6, STM32H7S3I8T6, STM32H7S3L8H6, STM32H7S3L8H6H, STM32H7S3R8V6, STM32H7S3V8H6, STM32H7S3V8T6, STM32H7S3V8Y6TR, STM32H7S3Z8J6, STM32H7S3Z8T6, STM32H7S78-DK, STM32H7S7A8I6, STM32H7S7I8K6, STM32H7S7I8T6, STM32H7S7L8H6, STM32H7S7L8H6H, STM32H7S7Z8J6, STM32L4R5QGI6STR, STM32MP131AAE3, STM32MP131AAF3, STM32MP131AAG3, STM32MP131CAE3, STM32MP131CAF3, STM32MP131CAG3, STM32MP131DAE7, STM32MP131DAF7, STM32MP131DAG7, STM32MP131FAE7, STM32MP131FAF7, STM32MP131FAG7, STM32MP133AAE3, STM32MP133AAF3, STM32MP133AAG3, STM32MP133CAE3, STM32MP133CAF3, STM32MP133CAG3, STM32MP133DAE7, STM32MP133DAF7, STM32MP133DAG7, STM32MP133FAE7, STM32MP133FAF7, STM32MP133FAG7, STM32MP135AAE3, STM32MP135AAF3, STM32MP135AAG3, STM32MP135CAE3, STM32MP135CAF3, STM32MP135CAG3, STM32MP135DAE7, STM32MP135DAF7, STM32MP135DAG7, STM32MP135F-DK, STM32MP135FAE7, STM32MP135FAF7, STM32MP135FAF7T, STM32MP135FAF7U, STM32MP135FAG7, STM32MP211AAL3, STM32MP211AAM3, STM32MP211AAN3, STM32MP211AAO3, STM32MP211CAL3, STM32MP211CAM3, STM32MP211CAN3, STM32MP211CAO3, STM32MP211DAL3, STM32MP211DAM3, STM32MP211DAN3, STM32MP211DAO3, STM32MP211FAL3, STM32MP211FAM3, STM32MP211FAN3, STM32MP211FAO3, STM32MP213AAL3, STM32MP213AAM3, STM32MP213AAN3, STM32MP213AAO3, STM32MP213CAL3, STM32MP213CAM3, STM32MP213CAN3, STM32MP213CAO3, STM32MP213DAL3, STM32MP213DAM3, STM32MP213DAN3, STM32MP213DAO3, STM32MP213FAL3, STM32MP213FAM3, STM32MP213FAN3, STM32MP213FAO3, STM32MP215AAL3, STM32MP215AAM3, STM32MP215AAN3, STM32MP215AAO3, STM32MP215CAL3, STM32MP215CAM3, STM32MP215CAN3, STM32MP215CAO3, STM32MP215DAL3, STM32MP215DAM3, STM32MP215DAN3, STM32MP215DAO3, STM32MP215F-DK, STM32MP215FAL3, STM32MP215FAM3, STM32MP215FAN3, STM32MP215FAO3, STM32MP231AAJ3, STM32MP231AAK3, STM32MP231AAL3, STM32MP231CAJ3, STM32MP231CAK3, STM32MP231CAL3, STM32MP231DAJ3, STM32MP231DAK3, STM32MP231DAL3, STM32MP231FAJ3, STM32MP231FAK3, STM32MP231FAL3, STM32MP233AAJ3, STM32MP233AAK3, STM32MP233AAL3, STM32MP233CAJ3, STM32MP233CAK3, STM32MP233CAL3, STM32MP233DAJ3, STM32MP233DAK3, STM32MP233DAL3, STM32MP233FAJ3, STM32MP233FAK3, STM32MP233FAL3, STM32MP235AAJ3, STM32MP235AAK3, STM32MP235AAL3, STM32MP235CAJ3, STM32MP235CAK3, STM32MP235CAL3, STM32MP235DAJ3, STM32MP235DAK3, STM32MP235DAL3, STM32MP235FAJ3, STM32MP235FAK3, STM32MP235FAL3, STM32MP251AAI3, STM32MP251AAK3, STM32MP251AAL3, STM32MP251CAI3, STM32MP251CAK3, STM32MP251CAL3, STM32MP251DAI3, STM32MP251DAK3, STM32MP251DAL3, STM32MP251FAI3, STM32MP251FAK3, STM32MP251FAL3, STM32MP253AAI3, STM32MP253AAK3, STM32MP253AAL3, STM32MP253CAI3, STM32MP253CAK3, STM32MP253CAL3, STM32MP253DAI3, STM32MP253DAK3, STM32MP253DAL3, STM32MP253FAI3, STM32MP253FAK3, STM32MP253FAL3, STM32MP255AAI3, STM32MP255AAK3, STM32MP255AAL3, STM32MP255CAI3, STM32MP255CAK3, STM32MP255CAL3, STM32MP255DAI3, STM32MP255DAK3, STM32MP255DAL3, STM32MP255FAI3, STM32MP255FAK3, STM32MP255FAL3, STM32MP257AAI3, STM32MP257AAK3, STM32MP257AAL3, STM32MP257CAI3, STM32MP257CAK3, STM32MP257CAL3, STM32MP257DAI3, STM32MP257DAK3, STM32MP257DAL3, STM32MP257F-DK, STM32MP257F-EV1, STM32MP257FAI3, STM32MP257FAK3, STM32MP257FAL3, STM32N645A0H3Q, STM32N645B0H3Q, STM32N645I0H3Q, STM32N645L0H3Q, STM32N645X0H3Q, STM32N645Z0H3Q, STM32N647A0H3Q, STM32N647B0H3Q, STM32N647I0H3Q, STM32N647L0H3Q, STM32N647X0H3Q, STM32N647Z0H3Q, STM32N655A0H3Q, STM32N655B0H3Q, STM32N655I0H3Q, STM32N655L0H3Q, STM32N655X0H3Q, STM32N655Z0H3Q, STM32N6570-DK, STM32N657A0H3Q, STM32N657B0H3Q, STM32N657I0H3Q, STM32N657L0H3Q, STM32N657X0H3Q, STM32N657Z0H3Q, STM32U031C6T6, STM32U031C6U6, STM32U031C8T6, STM32U031C8U6, STM32U031F4P6, STM32U031F6P6, STM32U031F8P6, STM32U031G6Y6TR, STM32U031G8Y6TR, STM32U031K4U6, STM32U031K6U6, STM32U031K8U6, STM32U031R6I6, STM32U031R6T6, STM32U031R8I6, STM32U031R8T6, STM32U073C8T6, STM32U073C8U6, STM32U073CBT6, STM32U073CBU6, STM32U073CCT6, STM32U073CCU6, STM32U073H8Y6TR, STM32U073HBY6TR, STM32U073HCY6TR, STM32U073K8U6, STM32U073KBU6, STM32U073KCU6, STM32U073M8I6, STM32U073M8T6, STM32U073MBI6, STM32U073MBT6, STM32U073MCI6, STM32U073MCT6, STM32U073R8I6, STM32U073R8T6, STM32U073RBI6, STM32U073RBT6, STM32U073RCI6, STM32U073RCT6, STM32U083C-DK, STM32U083CCT6, STM32U083CCU6, STM32U083HCY6TR, STM32U083KCU6, STM32U083MCI6, STM32U083MCT6, STM32U083RCI6, STM32U083RCT6, STM32U375CET6, STM32U375CET6Q, STM32U375CEU6, STM32U375CEU6Q, STM32U375CEY6QTR, STM32U375CGT6, STM32U375CGT6Q, STM32U375CGU6, STM32U375CGU6Q, STM32U375CGY6QTR, STM32U375KEU6, STM32U375KGU6, STM32U375REI6, STM32U375REI6Q, STM32U375RET6, STM32U375RET6Q, STM32U375REY6GTR, STM32U375REY6QTR, STM32U375RGI6, STM32U375RGI6Q, STM32U375RGT6, STM32U375RGT6Q, STM32U375RGY6GTR, STM32U375RGY6QTR, STM32U375VEI6, STM32U375VEI6Q, STM32U375VET6, STM32U375VET6Q, STM32U375VGI6, STM32U375VGI6Q, STM32U375VGT6, STM32U375VGT6Q, STM32U385CGT6, STM32U385CGT6Q, STM32U385CGU6, STM32U385CGU6Q, STM32U385CGY6QTR, STM32U385KGU6, STM32U385RGI6, STM32U385RGI6Q, STM32U385RGT6, STM32U385RGT6Q, STM32U385RGY6GTR, STM32U385RGY6QTR, STM32U385VGI6, STM32U385VGI6Q, STM32U385VGT6, STM32U385VGT6Q, STM32U535CBT6, STM32U535CBT6Q, STM32U535CBU6, STM32U535CBU6Q, STM32U535CCT6, STM32U535CCT6Q, STM32U535CCU6, STM32U535CCU6Q, STM32U535CET6, STM32U535CET6Q, STM32U535CEU6, STM32U535CEU6Q, STM32U535JEY6QTR, STM32U535NCY6QTR, STM32U535NEY6QTR, STM32U535RBI6, STM32U535RBI6Q, STM32U535RBT6, STM32U535RBT6Q, STM32U535RCI6, STM32U535RCI6Q, STM32U535RCT6, STM32U535RCT6Q, STM32U535REI6, STM32U535REI6Q, STM32U535RET6, STM32U535RET6Q, STM32U535VCI6, STM32U535VCI6Q, STM32U535VCT6, STM32U535VCT6Q, STM32U535VEI6, STM32U535VEI6Q, STM32U535VET6, STM32U535VET6Q, STM32U545CET6, STM32U545CET6Q, STM32U545CEU6, STM32U545CEU6Q, STM32U545JEY6QTR, STM32U545NEY6QTR, STM32U545REI6, STM32U545REI6Q, STM32U545RET6, STM32U545RET6Q, STM32U545VEI6, STM32U545VEI6Q, STM32U545VET6, STM32U545VET6Q, STM32U595AIH6, STM32U595AIH6Q, STM32U595AJH6, STM32U595AJH6Q, STM32U595QII6, STM32U595QII6Q, STM32U595QJI6, STM32U595QJI6Q, STM32U595RIT6, STM32U595RIT6Q, STM32U595RJT6, STM32U595RJT6Q, STM32U595VIT6, STM32U595VIT6Q, STM32U595VJT6, STM32U595VJT6Q, STM32U595ZIT6, STM32U595ZIT6Q, STM32U595ZIY6QTR, STM32U595ZJT6, STM32U595ZJT6Q, STM32U595ZJY6QTR, STM32U599BJY6QTR, STM32U599NIH6Q, STM32U599NJH6Q, STM32U599VIT6Q, STM32U599VJT6, STM32U599VJT6Q, STM32U599ZIT6Q, STM32U599ZIY6QTR, STM32U599ZJT6Q, STM32U599ZJY6QTR, STM32U5A5AJH6, STM32U5A5AJH6Q, STM32U5A5QII3Q , STM32U5A5QJI6, STM32U5A5QJI6Q, STM32U5A5RJT6, STM32U5A5RJT6Q, STM32U5A5VJT6, STM32U5A5VJT6Q, STM32U5A5ZJT6, STM32U5A5ZJT6Q, STM32U5A5ZJY6QTR, STM32U5A9BJY6QTR, STM32U5A9J-DK, STM32U5A9NJH6Q, STM32U5A9VJT6Q, STM32U5A9ZJT6Q, STM32U5A9ZJY6QTR, STM32U5F7VIT6, STM32U5F7VIT6Q, STM32U5F7VJT6, STM32U5F7VJT6Q, STM32U5F9BJY6QTR, STM32U5F9NJH6Q, STM32U5F9VIT6Q, STM32U5F9VJT6Q, STM32U5F9ZIJ6QTR, STM32U5F9ZIT6Q, STM32U5F9ZJJ6QTR, STM32U5F9ZJT6Q, STM32U5G7VJT6, STM32U5G7VJT6Q, STM32U5G9BJY6QTR, STM32U5G9J-DK1, STM32U5G9J-DK2, STM32U5G9NJH6Q, STM32U5G9VJT6Q, STM32U5G9ZJJ6QTR, STM32U5G9ZJT6Q, STM32WB05KZV6TR, STM32WB05KZV7TR, STM32WB05TZF6TR, STM32WB05TZF7TR, STM32WB06CCF6TR, STM32WB06CCF7TR, STM32WB06CCV6TR, STM32WB06CCV7TR, STM32WB06KCV6TR, STM32WB06KCV7TR, STM32WB07CCF6TR, STM32WB07CCF7TR, STM32WB07CCV6TR, STM32WB07CCV7TR, STM32WB07KCV6TR, STM32WB07KCV7TR, STM32WB09KEV6TR, STM32WB09KEV7TR, STM32WB09TEF6TR, STM32WB09TEF7TR, STM32WB1MMCH6, STM32WBA50KGU6, STM32WBA50KGU6TR, STM32WBA52CEU6, STM32WBA52CEU6TR, STM32WBA52CEU7, STM32WBA52CEU7TR, STM32WBA52CGU6, STM32WBA52CGU6TR, STM32WBA52CGU6U, STM32WBA52CGU7, STM32WBA52CGU7TR, STM32WBA52KEU6, STM32WBA52KEU6TR, STM32WBA52KGU6, STM32WBA52KGU6TR, STM32WBA54CEU6, STM32WBA54CEU6TR, STM32WBA54CEU7, STM32WBA54CEU7TR, STM32WBA54CGU6, STM32WBA54CGU6TR, STM32WBA54CGU7, STM32WBA54CGU7TR, STM32WBA54KEU6, STM32WBA54KEU6TR, STM32WBA54KEU7, STM32WBA54KEU7TR, STM32WBA54KGU6, STM32WBA54KGU6TR, STM32WBA54KGU7, STM32WBA54KGU7TR, STM32WBA55CEU6, STM32WBA55CEU6TR, STM32WBA55CEU7, STM32WBA55CEU7TR, STM32WBA55CGU6, STM32WBA55CGU6TR, STM32WBA55CGU6U, STM32WBA55CGU7, STM32WBA55CGU7TR, STM32WBA55G-DK1, STM32WBA55HEF6, STM32WBA55HEF7, STM32WBA55HGF6, STM32WBA55HGF7, STM32WBA55UEI6, STM32WBA55UEI6TR, STM32WBA55UEI7, STM32WBA55UEI7TR, STM32WBA55UGI6, STM32WBA55UGI6TR, STM32WBA55UGI7, STM32WBA55UGI7TR, STM32WBA5MMGH6TR, STM32WBA62MGF6, STM32WBA62MIF6, STM32WBA65MGF7, STM32WBA65MIF6, STM32WBA65MIF7, STM32WL30K8V6, STM32WL30KBV6, STM32WL31C8V6, STM32WL31CBV6, STM32WL31K8V6, STM32WL31KBV6, STM32WL33C8V6, STM32WL33C8V6X, STM32WL33CBV6, STM32WL33CBV6X, STM32WL33CCV6, STM32WL33CCV6A, STM32WL33CCV6X, STM32WL33K8V7, STM32WL33K8V7X, STM32WL33KBV7 , STM32WL33KBV7X, STM32WL33KCV7, STM32WL33KCV7X, STM32WL5MOCH6, STM32WL5MOCH6TR]
2026-05-20 15:22:57,636 [INFO] DbMcus:218 - Found 5086 MCUs, 4968 are supported
2026-05-20 15:22:57,639 [INFO] ApiDb:423 - Load user favorites file C:\Users\jahna/.stm32cubeide/favorites.mcus.txt: 0 item(s)
2026-05-20 15:22:57,640 [INFO] ApiDb:427 - User favorites MCUs=[]
2026-05-20 15:22:57,640 [INFO] DbMcus:224 - Set 0 / 0 favorites MCUs
2026-05-20 15:22:59,225 [INFO] ApiDb:448 - Save user favorites file C:\Users\jahna/.stm32cubeide/favorites.boards.txt: 1 item(s)
2026-05-20 15:22:59,226 [INFO] ApiDb:452 - User favorites Boards=[STM32L0538-DISCO]
2026-05-20 15:22:59,230 [INFO] ApiDb:581 - Connected to CubeFinder SQLite database (C:\Users\jahna\.stmcufinder\plugins\mcufinder\mcu\cube-finder-db.db)
2026-05-20 15:22:59,391 [INFO] ApiDb:668 - CubeFinder database Data Model version=2.1
2026-05-20 15:22:59,391 [INFO] ApiDb:669 - CubeFinder database Configuration version=3.0.42
2026-05-20 15:22:59,391 [INFO] ApiDb:670 - CubeFinder database generation date=2026-05-06 (1778060171)
2026-05-20 15:22:59,391 [INFO] ApiDb:671 - CubeFinder database FW Pack versions=[FP-ATR-ASTRA1_V2.0.0, FP-SNS-FLIGHT1_V5.1.0, FP-SNS-MOTENV1_V5.1.0, FP-SNS-MOTENVWB1_V1.5.0, FP-SNS-SMARTAG2_V1.2.0, FP-SNS-STBOX1_V2.1.0, STM32Cube_FW_C0_V1.4.0, STM32Cube_FW_F4_V1.28.3, STM32Cube_FW_F7_V1.17.4, STM32Cube_FW_G0_V1.6.3, STM32Cube_FW_G4_V1.6.2, STM32Cube_FW_H5_V1.6.0, STM32Cube_FW_H7RS_V1.3.0, STM32Cube_FW_H7_V1.13.0, STM32Cube_FW_L0_V1.12.2, STM32Cube_FW_L4_V1.18.2, STM32Cube_FW_L5_V1.6.0, STM32Cube_FW_N6_V1.3.0, STM32Cube_FW_U0_V1.3.0, STM32Cube_FW_U3_V1.3.0, STM32Cube_FW_U5_V1.8.0, STM32Cube_FW_WB0_V1.4.0, STM32Cube_FW_WBA_V1.9.0, STM32Cube_FW_WB_V1.24.0, STM32Cube_FW_WL3_V1.4.0, STM32Cube_FW_WL_V1.5.0, X-CUBE-ALGOBUILD_V1.4.0, X-CUBE-ALS_V1.0.2, X-CUBE-AZRTOS-F4_V1.1.0, X-CUBE-AZRTOS-F7_V1.1.0, X-CUBE-AZRTOS-G0_V1.1.0, X-CUBE-AZRTOS-G4_V2.0.0, X-CUBE-AZRTOS-H7RS_V1.1.0, X-CUBE-AZRTOS-H7_V3.5.0, X-CUBE-AZRTOS-L4_V2.0.0, X-CUBE-AZRTOS-L5_V2.0.0, X-CUBE-AZRTOS-WB_V2.0.0, X-CUBE-AZRTOS-WL_V2.0.0, X-CUBE-BLE1_V7.1.0, X-CUBE-BLE2_V3.3.0, X-CUBE-BLEMGR_V4.1.0, X-CUBE-EEPRMA1_V5.2.0, X-CUBE-FREERTOS_V1.5.0, X-CUBE-GNSS1_V6.0.0, X-CUBE-MEMS1_V12.0.0, X-CUBE-NFC4_V3.0.0, X-CUBE-NFC7_V2.0.0, X-CUBE-SFXS2LP1_V4.0.0, X-CUBE-ST67W61_V1.2.0, X-CUBE-SUBG2_V5.0.0, X-CUBE-TOF1_V3.4.3]
2026-05-20 15:22:59,504 [INFO] DbBoardsSqlite:226 - include board P-NUCLEO-WB55-NUCLEO as a kit item of type 'Nucleo-64'
2026-05-20 15:22:59,504 [INFO] DbBoardsSqlite:226 - include board P-NUCLEO-WB55-USBDONGLE as a kit item of type 'Nucleo USB Dongle'
2026-05-20 15:22:59,504 [INFO] DbBoardsSqlite:226 - include board STEVAL-IDP005V1 as a kit item of type 'Evaluation Board'
2026-05-20 15:22:59,505 [INFO] DbBoardsSqlite:226 - include board STEVAL-IDP005V2 as a kit item of type 'Evaluation Board'
2026-05-20 15:22:59,658 [INFO] ApiDb:240 - Found 880 in-development CPN: [B-G473E-ZEST1S, B-WB1M-WPAN1, B-WBA5M-WPAN, B-WL5M-SUBG1, NUCLEO-C031C6, NUCLEO-C051C8, NUCLEO-C071RB, NUCLEO-C092RC, NUCLEO-H503RB, NUCLEO-H533RE, NUCLEO-H563ZI, NUCLEO-H7S3L8, NUCLEO-N657X0-Q, NUCLEO-U031R8, NUCLEO-U083RC, NUCLEO-U385RG-Q, NUCLEO-U545RE-Q, NUCLEO-U5A5ZJ-Q, NUCLEO-WB05KZ, NUCLEO-WB07CC, NUCLEO-WB09KE, NUCLEO-WBA52CG, NUCLEO-WBA55CG, NUCLEO-WL33CC1, NUCLEO-WL33CC2, STEVAL-PROTEUS1, STEVAL-SMARTAG2, STEVAL-STWINBX1, STM320518-EVAL, STM32C0116-DK, STM32C011D6Y3TR, STM32C011D6Y6TR, STM32C011F4P3, STM32C011F4P6, STM32C011F4U3, STM32C011F4U6TR, STM32C011F6P3, STM32C011F6P6, STM32C011F6U3, STM32C011F6U6TR, STM32C011J4M3, STM32C011J4M6, STM32C011J6M3, STM32C011J6M6, STM32C0316-DK, STM32C031C4T3, STM32C031C4T6, STM32C031C4U3, STM32C031C4U6, STM32C031C6T3, STM32C031C6T6, STM32C031C6U3, STM32C031C6U6, STM32C031F4P3, STM32C031F4P6, STM32C031F6P3, STM32C031F6P6, STM32C031G4U3, STM32C031G4U6, STM32C031G6U3, STM32C031G6U6, STM32C031K4T3, STM32C031K4T6, STM32C031K4U3, STM32C031K4U6, STM32C031K6T3, STM32C031K6T6, STM32C031K6U3, STM32C031K6U6, STM32C051C6T6, STM32C051C6U6, STM32C051C8T6, STM32C051C8U6, STM32C051D8Y6TR, STM32C051F6P6, STM32C051F8P6, STM32C051G6U6, STM32C051G8U6, STM32C051K6T6, STM32C051K6U6, STM32C051K8T6, STM32C071C8T6, STM32C071C8T6N, STM32C071C8U6, STM32C071C8U6N, STM32C071CBT6, STM32C071CBT6N, STM32C071CBU6, STM32C071CBU6N, STM32C071F8P6, STM32C071F8P6N, STM32C071FBP6, STM32C071FBP6N, STM32C071FBY6TR, STM32C071G8U6, STM32C071G8U6N, STM32C071GBU6, STM32C071GBU6N, STM32C071K8T6, STM32C071K8T6N, STM32C071K8U6, STM32C071K8U6N, STM32C071KBT6, STM32C071KBT6N, STM32C071KBU6, STM32C071KBU6N, STM32C071R8T6, STM32C071R8T6N, STM32C071RBI6N, STM32C071RBT6, STM32C071RBT6N, STM32C091CBT6, STM32C091CBU6, STM32C091CCT6, STM32C091CCU6, STM32C091ECY6TR, STM32C091FBP6, STM32C091FCP6, STM32C091GBU6, STM32C091GCU6, STM32C091KBT6, STM32C091KBU6, STM32C091KCT6, STM32C091KCU6, STM32C091RBT6, STM32C091RCI6, STM32C091RCT6, STM32C092CBT6, STM32C092CBU6, STM32C092CCT6, STM32C092CCU6, STM32C092ECY6TR, STM32C092FBP6, STM32C092FCP6, STM32C092GBU6, STM32C092GCU6, STM32C092KBT6, STM32C092KBU6, STM32C092KCT6, STM32C092KCU6, STM32C092RBT6, STM32C092RCI6, STM32C092RCT6, STM32G071K8TXN, STM32G071K8UXN, STM32G081GBU6N, STM32G081KBT6N, STM32G081KBUXN, STM32G0B1CCT6N, STM32G0B1KCT6, STM32G0B1NEY6TR, STM32G0B1RCT6N, STM32G0C1CCT6, STM32G0C1CCT6N, STM32G0C1CCU6N, STM32G0C1CET6N, STM32G0C1CEU6N, STM32G0C1KCT6, STM32G0C1NEY6TR, STM32G0C1RCI6N, STM32G0C1RCT6N, STM32G0C1REI6N, STM32G0C1RET6N, STM32G0C1VCI6, STM32G0C1VEI6, STM32G411C6T3, STM32G411C6T6, STM32G411C6U3, STM32G411C6U6, STM32G411C8T3, STM32G411C8T6, STM32G411C8U3, STM32G411C8U6, STM32G411CBT3, STM32G411CBT6, STM32G411CBU3, STM32G411CBU6, STM32G411K6T3, STM32G411K6T6, STM32G411K6U3, STM32G411K6U6, STM32G411K8T3, STM32G411K8T6, STM32G411K8U3, STM32G411K8U6, STM32G411KBT3, STM32G411KBT6, STM32G411KBU3, STM32G411KBU6, STM32G411M6T3, STM32G411M6T6, STM32G411M8T3, STM32G411M8T6, STM32G411MBT3, STM32G411MBT6, STM32G411R6T3, STM32G411R6T6, STM32G411R8T3, STM32G411R8T6, STM32G411RBT3, STM32G411RBT6, STM32G414CBT3, STM32G414CBT6, STM32G414CBU3, STM32G414CBU6, STM32G414CCT3, STM32G414CCT6, STM32G414CCU3, STM32G414CCU6, STM32G414MBT3, STM32G414MBT6, STM32G414MCT3, STM32G414MCT6, STM32G414RBT3, STM32G414RBT6, STM32G414RCT3, STM32G414RCT6, STM32G414VBT3, STM32G414VBT6, STM32G414VCT3, STM32G414VCT6, STM32G431CBT3Z, STM32G431RBT3Z, STM32G471CCT6, STM32G471CCU6, STM32G471CET3, STM32G471CET6, STM32G471CEU3, STM32G471CEU6, STM32G471MCT6, STM32G471MET3, STM32G471MET6, STM32G471MEY6TR, STM32G471QCT6, STM32G471QET3, STM32G471RCT6, STM32G471RET3, STM32G471RET6, STM32G471VCH6, STM32G471VCI6, STM32G471VCT6, STM32G471VEH3, STM32G471VEH6, STM32G471VEI3, STM32G471VEI6, STM32G471VET3, STM32G471VET6, STM32G473QET3Z, STM32G473RET3Z, STM32G474CCT6, STM32G491RET3Z, STM32H503CBT6, STM32H503CBU6, STM32H503EBY6TR, STM32H503KBU6, STM32H503RBT6, STM32H523CCT6, STM32H523CCU6, STM32H523CET6, STM32H523CEU6, STM32H523HEY6TR, STM32H523RCT6, STM32H523RET6, STM32H523VCI6, STM32H523VCT6, STM32H523VEI6, STM32H523VET6, STM32H523ZCJ6, STM32H523ZCT6, STM32H523ZEJ6, STM32H523ZET6, STM32H533CET6, STM32H533CEU6, STM32H533HEY6TR, STM32H533RET6, STM32H533VEI6, STM32H533VET6, STM32H533ZEJ6, STM32H533ZET6, STM32H562AGI6, STM32H562AII6, STM32H562IGK6, STM32H562IGT6, STM32H562IIK6, STM32H562IIT6, STM32H562RGT6, STM32H562RGV6, STM32H562RIT6, STM32H562RIV6, STM32H562VGT6, STM32H562VIT6, STM32H562ZGT6, STM32H562ZIT6, STM32H563AGI6, STM32H563AII3Q, STM32H563AII6, STM32H563IGK6, STM32H563IGT6, STM32H563IIK3Q, STM32H563IIK6, STM32H563IIT3Q, STM32H563IIT6, STM32H563MIY3QTR, STM32H563RGT6, STM32H563RGV6, STM32H563RIT6, STM32H563RIV6, STM32H563VGT6, STM32H563VIT3Q, STM32H563VIT6, STM32H563ZGT6, STM32H563ZIT3Q, STM32H563ZIT6, STM32H573AII3Q, STM32H573AII6, STM32H573I-DK, STM32H573IIK3Q, STM32H573IIK6, STM32H573IIT3Q, STM32H573IIT6, STM32H573MIY3QTR, STM32H573RIT6, STM32H573RIV6, STM32H573VIT3Q, STM32H573VIT6, STM32H573ZIT3Q, STM32H573ZIT6, STM32H7R3A8I6, STM32H7R3I8K6, STM32H7R3I8T6, STM32H7R3L8H6, STM32H7R3L8H6H, STM32H7R3R8V6, STM32H7R3V8H6, STM32H7R3V8T6, STM32H7R3V8Y6TR, STM32H7R3Z8J6, STM32H7R3Z8T6, STM32H7R7A8I6, STM32H7R7I8K6, STM32H7R7I8T6, STM32H7R7L8H6, STM32H7R7L8H6H, STM32H7R7Z8J6, STM32H7S3A8I6, STM32H7S3I8K6, STM32H7S3I8T6, STM32H7S3L8H6, STM32H7S3L8H6H, STM32H7S3R8V6, STM32H7S3V8H6, STM32H7S3V8T6, STM32H7S3V8Y6TR, STM32H7S3Z8J6, STM32H7S3Z8T6, STM32H7S78-DK, STM32H7S7A8I6, STM32H7S7I8K6, STM32H7S7I8T6, STM32H7S7L8H6, STM32H7S7L8H6H, STM32H7S7Z8J6, STM32L4R5QGI6STR, STM32MP131AAE3, STM32MP131AAF3, STM32MP131AAG3, STM32MP131CAE3, STM32MP131CAF3, STM32MP131CAG3, STM32MP131DAE7, STM32MP131DAF7, STM32MP131DAG7, STM32MP131FAE7, STM32MP131FAF7, STM32MP131FAG7, STM32MP133AAE3, STM32MP133AAF3, STM32MP133AAG3, STM32MP133CAE3, STM32MP133CAF3, STM32MP133CAG3, STM32MP133DAE7, STM32MP133DAF7, STM32MP133DAG7, STM32MP133FAE7, STM32MP133FAF7, STM32MP133FAG7, STM32MP135AAE3, STM32MP135AAF3, STM32MP135AAG3, STM32MP135CAE3, STM32MP135CAF3, STM32MP135CAG3, STM32MP135DAE7, STM32MP135DAF7, STM32MP135DAG7, STM32MP135F-DK, STM32MP135FAE7, STM32MP135FAF7, STM32MP135FAF7T, STM32MP135FAF7U, STM32MP135FAG7, STM32MP211AAL3, STM32MP211AAM3, STM32MP211AAN3, STM32MP211AAO3, STM32MP211CAL3, STM32MP211CAM3, STM32MP211CAN3, STM32MP211CAO3, STM32MP211DAL3, STM32MP211DAM3, STM32MP211DAN3, STM32MP211DAO3, STM32MP211FAL3, STM32MP211FAM3, STM32MP211FAN3, STM32MP211FAO3, STM32MP213AAL3, STM32MP213AAM3, STM32MP213AAN3, STM32MP213AAO3, STM32MP213CAL3, STM32MP213CAM3, STM32MP213CAN3, STM32MP213CAO3, STM32MP213DAL3, STM32MP213DAM3, STM32MP213DAN3, STM32MP213DAO3, STM32MP213FAL3, STM32MP213FAM3, STM32MP213FAN3, STM32MP213FAO3, STM32MP215AAL3, STM32MP215AAM3, STM32MP215AAN3, STM32MP215AAO3, STM32MP215CAL3, STM32MP215CAM3, STM32MP215CAN3, STM32MP215CAO3, STM32MP215DAL3, STM32MP215DAM3, STM32MP215DAN3, STM32MP215DAO3, STM32MP215F-DK, STM32MP215FAL3, STM32MP215FAM3, STM32MP215FAN3, STM32MP215FAO3, STM32MP231AAJ3, STM32MP231AAK3, STM32MP231AAL3, STM32MP231CAJ3, STM32MP231CAK3, STM32MP231CAL3, STM32MP231DAJ3, STM32MP231DAK3, STM32MP231DAL3, STM32MP231FAJ3, STM32MP231FAK3, STM32MP231FAL3, STM32MP233AAJ3, STM32MP233AAK3, STM32MP233AAL3, STM32MP233CAJ3, STM32MP233CAK3, STM32MP233CAL3, STM32MP233DAJ3, STM32MP233DAK3, STM32MP233DAL3, STM32MP233FAJ3, STM32MP233FAK3, STM32MP233FAL3, STM32MP235AAJ3, STM32MP235AAK3, STM32MP235AAL3, STM32MP235CAJ3, STM32MP235CAK3, STM32MP235CAL3, STM32MP235DAJ3, STM32MP235DAK3, STM32MP235DAL3, STM32MP235FAJ3, STM32MP235FAK3, STM32MP235FAL3, STM32MP251AAI3, STM32MP251AAK3, STM32MP251AAL3, STM32MP251CAI3, STM32MP251CAK3, STM32MP251CAL3, STM32MP251DAI3, STM32MP251DAK3, STM32MP251DAL3, STM32MP251FAI3, STM32MP251FAK3, STM32MP251FAL3, STM32MP253AAI3, STM32MP253AAK3, STM32MP253AAL3, STM32MP253CAI3, STM32MP253CAK3, STM32MP253CAL3, STM32MP253DAI3, STM32MP253DAK3, STM32MP253DAL3, STM32MP253FAI3, STM32MP253FAK3, STM32MP253FAL3, STM32MP255AAI3, STM32MP255AAK3, STM32MP255AAL3, STM32MP255CAI3, STM32MP255CAK3, STM32MP255CAL3, STM32MP255DAI3, STM32MP255DAK3, STM32MP255DAL3, STM32MP255FAI3, STM32MP255FAK3, STM32MP255FAL3, STM32MP257AAI3, STM32MP257AAK3, STM32MP257AAL3, STM32MP257CAI3, STM32MP257CAK3, STM32MP257CAL3, STM32MP257DAI3, STM32MP257DAK3, STM32MP257DAL3, STM32MP257F-DK, STM32MP257F-EV1, STM32MP257FAI3, STM32MP257FAK3, STM32MP257FAL3, STM32N645A0H3Q, STM32N645B0H3Q, STM32N645I0H3Q, STM32N645L0H3Q, STM32N645X0H3Q, STM32N645Z0H3Q, STM32N647A0H3Q, STM32N647B0H3Q, STM32N647I0H3Q, STM32N647L0H3Q, STM32N647X0H3Q, STM32N647Z0H3Q, STM32N655A0H3Q, STM32N655B0H3Q, STM32N655I0H3Q, STM32N655L0H3Q, STM32N655X0H3Q, STM32N655Z0H3Q, STM32N6570-DK, STM32N657A0H3Q, STM32N657B0H3Q, STM32N657I0H3Q, STM32N657L0H3Q, STM32N657X0H3Q, STM32N657Z0H3Q, STM32U031C6T6, STM32U031C6U6, STM32U031C8T6, STM32U031C8U6, STM32U031F4P6, STM32U031F6P6, STM32U031F8P6, STM32U031G6Y6TR, STM32U031G8Y6TR, STM32U031K4U6, STM32U031K6U6, STM32U031K8U6, STM32U031R6I6, STM32U031R6T6, STM32U031R8I6, STM32U031R8T6, STM32U073C8T6, STM32U073C8U6, STM32U073CBT6, STM32U073CBU6, STM32U073CCT6, STM32U073CCU6, STM32U073H8Y6TR, STM32U073HBY6TR, STM32U073HCY6TR, STM32U073K8U6, STM32U073KBU6, STM32U073KCU6, STM32U073M8I6, STM32U073M8T6, STM32U073MBI6, STM32U073MBT6, STM32U073MCI6, STM32U073MCT6, STM32U073R8I6, STM32U073R8T6, STM32U073RBI6, STM32U073RBT6, STM32U073RCI6, STM32U073RCT6, STM32U083C-DK, STM32U083CCT6, STM32U083CCU6, STM32U083HCY6TR, STM32U083KCU6, STM32U083MCI6, STM32U083MCT6, STM32U083RCI6, STM32U083RCT6, STM32U375CET6, STM32U375CET6Q, STM32U375CEU6, STM32U375CEU6Q, STM32U375CEY6QTR, STM32U375CGT6, STM32U375CGT6Q, STM32U375CGU6, STM32U375CGU6Q, STM32U375CGY6QTR, STM32U375KEU6, STM32U375KGU6, STM32U375REI6, STM32U375REI6Q, STM32U375RET6, STM32U375RET6Q, STM32U375REY6GTR, STM32U375REY6QTR, STM32U375RGI6, STM32U375RGI6Q, STM32U375RGT6, STM32U375RGT6Q, STM32U375RGY6GTR, STM32U375RGY6QTR, STM32U375VEI6, STM32U375VEI6Q, STM32U375VET6, STM32U375VET6Q, STM32U375VGI6, STM32U375VGI6Q, STM32U375VGT6, STM32U375VGT6Q, STM32U385CGT6, STM32U385CGT6Q, STM32U385CGU6, STM32U385CGU6Q, STM32U385CGY6QTR, STM32U385KGU6, STM32U385RGI6, STM32U385RGI6Q, STM32U385RGT6, STM32U385RGT6Q, STM32U385RGY6GTR, STM32U385RGY6QTR, STM32U385VGI6, STM32U385VGI6Q, STM32U385VGT6, STM32U385VGT6Q, STM32U535CBT6, STM32U535CBT6Q, STM32U535CBU6, STM32U535CBU6Q, STM32U535CCT6, STM32U535CCT6Q, STM32U535CCU6, STM32U535CCU6Q, STM32U535CET6, STM32U535CET6Q, STM32U535CEU6, STM32U535CEU6Q, STM32U535JEY6QTR, STM32U535NCY6QTR, STM32U535NEY6QTR, STM32U535RBI6, STM32U535RBI6Q, STM32U535RBT6, STM32U535RBT6Q, STM32U535RCI6, STM32U535RCI6Q, STM32U535RCT6, STM32U535RCT6Q, STM32U535REI6, STM32U535REI6Q, STM32U535RET6, STM32U535RET6Q, STM32U535VCI6, STM32U535VCI6Q, STM32U535VCT6, STM32U535VCT6Q, STM32U535VEI6, STM32U535VEI6Q, STM32U535VET6, STM32U535VET6Q, STM32U545CET6, STM32U545CET6Q, STM32U545CEU6, STM32U545CEU6Q, STM32U545JEY6QTR, STM32U545NEY6QTR, STM32U545REI6, STM32U545REI6Q, STM32U545RET6, STM32U545RET6Q, STM32U545VEI6, STM32U545VEI6Q, STM32U545VET6, STM32U545VET6Q, STM32U595AIH6, STM32U595AIH6Q, STM32U595AJH6, STM32U595AJH6Q, STM32U595QII6, STM32U595QII6Q, STM32U595QJI6, STM32U595QJI6Q, STM32U595RIT6, STM32U595RIT6Q, STM32U595RJT6, STM32U595RJT6Q, STM32U595VIT6, STM32U595VIT6Q, STM32U595VJT6, STM32U595VJT6Q, STM32U595ZIT6, STM32U595ZIT6Q, STM32U595ZIY6QTR, STM32U595ZJT6, STM32U595ZJT6Q, STM32U595ZJY6QTR, STM32U599BJY6QTR, STM32U599NIH6Q, STM32U599NJH6Q, STM32U599VIT6Q, STM32U599VJT6, STM32U599VJT6Q, STM32U599ZIT6Q, STM32U599ZIY6QTR, STM32U599ZJT6Q, STM32U599ZJY6QTR, STM32U5A5AJH6, STM32U5A5AJH6Q, STM32U5A5QII3Q , STM32U5A5QJI6, STM32U5A5QJI6Q, STM32U5A5RJT6, STM32U5A5RJT6Q, STM32U5A5VJT6, STM32U5A5VJT6Q, STM32U5A5ZJT6, STM32U5A5ZJT6Q, STM32U5A5ZJY6QTR, STM32U5A9BJY6QTR, STM32U5A9J-DK, STM32U5A9NJH6Q, STM32U5A9VJT6Q, STM32U5A9ZJT6Q, STM32U5A9ZJY6QTR, STM32U5F7VIT6, STM32U5F7VIT6Q, STM32U5F7VJT6, STM32U5F7VJT6Q, STM32U5F9BJY6QTR, STM32U5F9NJH6Q, STM32U5F9VIT6Q, STM32U5F9VJT6Q, STM32U5F9ZIJ6QTR, STM32U5F9ZIT6Q, STM32U5F9ZJJ6QTR, STM32U5F9ZJT6Q, STM32U5G7VJT6, STM32U5G7VJT6Q, STM32U5G9BJY6QTR, STM32U5G9J-DK1, STM32U5G9J-DK2, STM32U5G9NJH6Q, STM32U5G9VJT6Q, STM32U5G9ZJJ6QTR, STM32U5G9ZJT6Q, STM32WB05KZV6TR, STM32WB05KZV7TR, STM32WB05TZF6TR, STM32WB05TZF7TR, STM32WB06CCF6TR, STM32WB06CCF7TR, STM32WB06CCV6TR, STM32WB06CCV7TR, STM32WB06KCV6TR, STM32WB06KCV7TR, STM32WB07CCF6TR, STM32WB07CCF7TR, STM32WB07CCV6TR, STM32WB07CCV7TR, STM32WB07KCV6TR, STM32WB07KCV7TR, STM32WB09KEV6TR, STM32WB09KEV7TR, STM32WB09TEF6TR, STM32WB09TEF7TR, STM32WB1MMCH6, STM32WBA50KGU6, STM32WBA50KGU6TR, STM32WBA52CEU6, STM32WBA52CEU6TR, STM32WBA52CEU7, STM32WBA52CEU7TR, STM32WBA52CGU6, STM32WBA52CGU6TR, STM32WBA52CGU6U, STM32WBA52CGU7, STM32WBA52CGU7TR, STM32WBA52KEU6, STM32WBA52KEU6TR, STM32WBA52KGU6, STM32WBA52KGU6TR, STM32WBA54CEU6, STM32WBA54CEU6TR, STM32WBA54CEU7, STM32WBA54CEU7TR, STM32WBA54CGU6, STM32WBA54CGU6TR, STM32WBA54CGU7, STM32WBA54CGU7TR, STM32WBA54KEU6, STM32WBA54KEU6TR, STM32WBA54KEU7, STM32WBA54KEU7TR, STM32WBA54KGU6, STM32WBA54KGU6TR, STM32WBA54KGU7, STM32WBA54KGU7TR, STM32WBA55CEU6, STM32WBA55CEU6TR, STM32WBA55CEU7, STM32WBA55CEU7TR, STM32WBA55CGU6, STM32WBA55CGU6TR, STM32WBA55CGU6U, STM32WBA55CGU7, STM32WBA55CGU7TR, STM32WBA55G-DK1, STM32WBA55HEF6, STM32WBA55HEF7, STM32WBA55HGF6, STM32WBA55HGF7, STM32WBA55UEI6, STM32WBA55UEI6TR, STM32WBA55UEI7, STM32WBA55UEI7TR, STM32WBA55UGI6, STM32WBA55UGI6TR, STM32WBA55UGI7, STM32WBA55UGI7TR, STM32WBA5MMGH6TR, STM32WBA62MGF6, STM32WBA62MIF6, STM32WBA65MGF7, STM32WBA65MIF6, STM32WBA65MIF7, STM32WL30K8V6, STM32WL30KBV6, STM32WL31C8V6, STM32WL31CBV6, STM32WL31K8V6, STM32WL31KBV6, STM32WL33C8V6, STM32WL33C8V6X, STM32WL33CBV6, STM32WL33CBV6X, STM32WL33CCV6, STM32WL33CCV6A, STM32WL33CCV6X, STM32WL33K8V7, STM32WL33K8V7X, STM32WL33KBV7 , STM32WL33KBV7X, STM32WL33KCV7, STM32WL33KCV7X, STM32WL5MOCH6, STM32WL5MOCH6TR]
2026-05-20 15:23:00,071 [INFO] BoardInfo:889 - No configuration file found for board NUCLEO-H5E5ZJ
2026-05-20 15:23:00,073 [INFO] DbBoards:161 - Board is not supported: NUCLEO-H5E5ZJ
2026-05-20 15:23:00,259 [INFO] BoardInfo:889 - No configuration file found for board NUCLEO-U3C5ZI-Q
2026-05-20 15:23:00,261 [INFO] DbBoards:161 - Board is not supported: NUCLEO-U3C5ZI-Q
2026-05-20 15:23:00,312 [INFO] BoardInfo:889 - No configuration file found for board NUCLEO-WBA25CE1
2026-05-20 15:23:00,315 [INFO] DbBoards:161 - Board is not supported: NUCLEO-WBA25CE1
2026-05-20 15:23:00,340 [INFO] BoardInfo:889 - No configuration file found for board NUCLEO-WL3RKB1
2026-05-20 15:23:00,342 [INFO] DbBoards:161 - Board is not supported: NUCLEO-WL3RKB1
2026-05-20 15:23:00,346 [INFO] BoardInfo:889 - No configuration file found for board NUCLEO-WL3RKB2
2026-05-20 15:23:00,351 [INFO] DbBoards:161 - Board is not supported: NUCLEO-WL3RKB2
2026-05-20 15:23:00,371 [INFO] BoardInfo:889 - No configuration file found for board P-NUCLEO-WB55
2026-05-20 15:23:00,373 [INFO] DbBoards:161 - Kit is not supported: P-NUCLEO-WB55
2026-05-20 15:23:00,391 [INFO] BoardInfo:889 - No configuration file found for board STEVAL-BFA001V1B
2026-05-20 15:23:00,393 [INFO] DbBoards:161 - Kit is not supported: STEVAL-BFA001V1B
2026-05-20 15:23:00,395 [INFO] BoardInfo:889 - No configuration file found for board STEVAL-BFA001V2B
2026-05-20 15:23:00,397 [INFO] DbBoards:161 - Kit is not supported: STEVAL-BFA001V2B
2026-05-20 15:23:00,624 [INFO] BoardInfo:889 - No configuration file found for board STM32H5F5J-DK
2026-05-20 15:23:00,626 [INFO] DbBoards:161 - Board is not supported: STM32H5F5J-DK
2026-05-20 15:23:00,905 [INFO] DbBoards:168 - Found 218 boards, 209 are supported
2026-05-20 15:23:00,905 [INFO] DbBoards:169 - Found 218 boards, 43 of them is supported for  Bsp
2026-05-20 15:23:00,922 [INFO] ApiDb:423 - Load user favorites file C:\Users\jahna/.stm32cubeide/favorites.boards.txt: 1 item(s)
2026-05-20 15:23:00,922 [INFO] ApiDb:427 - User favorites Boards=[STM32L0538-DISCO]
2026-05-20 15:23:00,922 [INFO] DbBoards:198 - Set 1 / 1 favorites Boards
2026-05-20 15:23:01,099 [ERROR] TargetSelectorAdapter:267 - Unable to refresh data
2026-05-20 15:23:01,977 [INFO] McuFinderGlobals:76 - Set McuFinderConnectedMode to true
2026-05-20 15:23:02,070 [INFO] MultiScanPanel:200 - Auto-refresh data requested => check proxy status ongoing
2026-05-20 15:23:02,093 [INFO] FinderPluginLoader:96 - Searching for filters in installed packs
2026-05-20 15:23:06,162 [INFO] LoadUrlFilesThread:185 - End of LoadServerUrlFiles without Thread
2026-05-20 15:23:06,204 [INFO] DetailPanel:341 - Set advertising image to C:/Users/jahna/STM32Cube/Repository/\en.prom-stm32wba2-stm32-nucleo-board-0426.png
2026-05-20 15:23:10,628 [INFO] MultiScanPanel:200 - Auto-refresh data requested => check proxy status ongoing
2026-05-20 15:23:10,812 [INFO] LoadUrlFilesThread:185 - End of LoadServerUrlFiles without Thread
2026-05-20 15:23:10,812 [INFO] DetailPanel:341 - Set advertising image to C:/Users/jahna/STM32Cube/Repository/\en.prom-stm32wba2-stm32-nucleo-board-0426.png
2026-05-20 15:23:10,829 [INFO] DbBoards:642 - Loading board mini-images...
2026-05-20 15:23:14,954 [INFO] DbBoards:665 - Loaded 218 board mini-images
2026-05-20 15:23:38,212 [INFO] MainUpdater:2872 - connection check result : 10
2026-05-20 15:23:38,212 [INFO] MainUpdater:2872 - connection check result : 10
2026-05-20 15:23:38,709 [INFO] I2cTimingTraitement:330 - 0x00B07CB4
2026-05-20 15:23:38,719 [INFO] MicroXplorer:468 - Change Database Path : 
2026-05-20 15:23:38,719 [INFO] MicroXplorer:498 - Change Database Version : DB.6.0.150
2026-05-20 15:23:38,754 [ERROR] ProjectManagerView:395 - 
java.lang.NullPointerException: Cannot invoke "javax.swing.JTextField.getText()" because the return value of "java.util.List.get(int)" is null
	at com.st.microxplorer.plugins.projectmanager.gui.ProjectChoiceTab$9.caretUpdate(ProjectChoiceTab.java:2706) ~[filemanager.jar:?]
	at javax.swing.text.JTextComponent.fireCaretUpdate(JTextComponent.java:408) ~[?:?]
	at javax.swing.text.JTextComponent$MutableCaretEvent.fire(JTextComponent.java:4484) ~[?:?]
	at javax.swing.text.JTextComponent$MutableCaretEvent.stateChanged(JTextComponent.java:4506) ~[?:?]
	at javax.swing.text.DefaultCaret.fireStateChanged(DefaultCaret.java:857) ~[?:?]
	at javax.swing.text.DefaultCaret.changeCaretPosition(DefaultCaret.java:1343) ~[?:?]
	at javax.swing.text.DefaultCaret.handleSetDot(DefaultCaret.java:1242) ~[?:?]
	at javax.swing.text.DefaultCaret.setDot(DefaultCaret.java:1223) ~[?:?]
	at javax.swing.text.DefaultCaret$Handler.insertUpdate(DefaultCaret.java:1819) ~[?:?]
	at javax.swing.text.AbstractDocument.fireInsertUpdate(AbstractDocument.java:227) ~[?:?]
	at javax.swing.text.AbstractDocument.handleInsertString(AbstractDocument.java:781) ~[?:?]
	at javax.swing.text.AbstractDocument.insertString(AbstractDocument.java:740) ~[?:?]
	at javax.swing.text.PlainDocument.insertString(PlainDocument.java:131) ~[?:?]
	at javax.swing.text.AbstractDocument.replace(AbstractDocument.java:699) ~[?:?]
	at javax.swing.text.JTextComponent.setText(JTextComponent.java:1725) ~[?:?]
	at com.st.microxplorer.plugins.projectmanager.gui.ProjectChoiceTab.createHeapStackFields(ProjectChoiceTab.java:993) ~[filemanager.jar:?]
	at com.st.microxplorer.plugins.projectmanager.gui.ProjectChoiceTab.buildLinkSettingsPanel(ProjectChoiceTab.java:3813) ~[filemanager.jar:?]
	at com.st.microxplorer.plugins.projectmanager.gui.ProjectChoiceTab.defineWindowsFields(ProjectChoiceTab.java:1987) ~[filemanager.jar:?]
	at com.st.microxplorer.plugins.projectmanager.gui.ProjectChoiceTab.updateSettings(ProjectChoiceTab.java:558) ~[filemanager.jar:?]
	at com.st.microxplorer.plugins.projectmanager.gui.ProjectSettingsPanel.UpdateDialog(ProjectSettingsPanel.java:247) ~[filemanager.jar:?]
	at com.st.microxplorer.plugins.projectmanager.ProjectManagerView.propertyChange(ProjectManagerView.java:392) ~[filemanager.jar:?]
	at java.beans.PropertyChangeSupport.fire(PropertyChangeSupport.java:343) ~[?:?]
	at java.beans.PropertyChangeSupport.firePropertyChange(PropertyChangeSupport.java:335) ~[?:?]
	at java.beans.PropertyChangeSupport.firePropertyChange(PropertyChangeSupport.java:268) ~[?:?]
	at com.st.microxplorer.util.MXPropertyChangeSupport.firePropertyChange(MXPropertyChangeSupport.java:54) ~[STM32CubeMX.jar:?]
	at com.st.microxplorer.mxsystem.MxSystem.closeConfig(MxSystem.java:899) ~[STM32CubeMX.jar:?]
	at com.st.microxplorer.maingui.MainPanel.closeConfig(MainPanel.java:792) ~[STM32CubeMX.jar:?]
	at com.st.microxplorer.plugins.filemanager.engine.OpenFileManager.loadConfigurationFile(OpenFileManager.java:288) ~[filemanager.jar:?]
	at com.st.microxplorer.plugins.filemanager.engine.MainFileManager.userLoadConfig(MainFileManager.java:364) ~[filemanager.jar:?]
	at com.st.microxplorer.plugins.filemanager.FileManagerView.getSpecificTask(FileManagerView.java:268) ~[filemanager.jar:?]
	at com.st.stm32cube.common.mx.editor.CubeMxEditor.getMxTabbedPaneInstance(CubeMxEditor.java:1191) ~[com.st.stm32cube.common.mx_6.15.0.202507011659/:?]
	at com.st.stm32cube.common.mx.editor.CubeMxEditor$12$1.createSwingComponent(CubeMxEditor.java:1068) ~[com.st.stm32cube.common.mx_6.15.0.202507011659/:?]
	at com.st.stm32cube.common.mx.oss.core.awtswtbridge.EmbeddedSwingComposite.doComponentCreation(EmbeddedSwingComposite.java:492) ~[com.st.stm32cube.common.mx.oss_6.15.0.202507011659/:?]
	at com.st.stm32cube.common.mx.oss.core.awtswtbridge.EmbeddedSwingComposite$4.run(EmbeddedSwingComposite.java:291) ~[com.st.stm32cube.common.mx.oss_6.15.0.202507011659/:?]
	at com.st.stm32cube.common.mx.oss.core.awtswtbridge.AwtEnvironment$2.run(AwtEnvironment.java:166) ~[com.st.stm32cube.common.mx.oss_6.15.0.202507011659/:?]
	at java.awt.event.InvocationEvent.dispatch(InvocationEvent.java:318) ~[?:?]
	at java.awt.EventQueue.dispatchEventImpl(EventQueue.java:773) ~[?:?]
	at java.awt.EventQueue$4.run(EventQueue.java:720) ~[?:?]
	at java.awt.EventQueue$4.run(EventQueue.java:714) ~[?:?]
	at java.security.AccessController.doPrivileged(AccessController.java:400) ~[?:?]
	at java.security.ProtectionDomain$JavaSecurityAccessImpl.doIntersectionPrivilege(ProtectionDomain.java:87) ~[?:?]
	at java.awt.EventQueue.dispatchEvent(EventQueue.java:742) ~[?:?]
	at java.awt.EventDispatchThread.pumpOneEventForFilters(EventDispatchThread.java:203) ~[?:?]
	at java.awt.EventDispatchThread.pumpEventsForFilter(EventDispatchThread.java:124) ~[?:?]
	at java.awt.EventDispatchThread.pumpEventsForHierarchy(EventDispatchThread.java:113) ~[?:?]
	at java.awt.EventDispatchThread.pumpEvents(EventDispatchThread.java:109) ~[?:?]
	at java.awt.EventDispatchThread.pumpEvents(EventDispatchThread.java:101) ~[?:?]
	at java.awt.EventDispatchThread.run(EventDispatchThread.java:90) ~[?:?]
2026-05-20 15:23:38,756 [WARN] ThirdParty:871 - waiting for thirdparty lock release [close project]
2026-05-20 15:23:38,756 [INFO] ThirdParty:873 - entering critical section [close project]
2026-05-20 15:23:38,756 [INFO] ThirdParty:883 - exiting critical section [close project]
2026-05-20 15:23:38,759 [INFO] PinOutPanel:1589 - setPackage(No Configuration,No Configuration)
2026-05-20 15:23:38,764 [INFO] UtilMem:75 - Begin LoadConfig() Used Memory: 884171872 Bytes (1073741824)
2026-05-20 15:23:38,769 [INFO] OpenFileManager:355 - Change cursor
2026-05-20 15:23:38,809 [INFO] ProjectFactory:514 - No CPN specified for board STM32L0538-DISCO => set CPN to STM32L053C8T6
2026-05-20 15:23:38,809 [INFO] Mcu:2029 - Initializing MCU STM32L053C(6-8)Tx STM32L053C8Tx STM32L053C8T6
2026-05-20 15:23:40,350 [INFO] Context:786 - Trying to add GPIOservice into a context  which must be forbidden
2026-05-20 15:23:40,946 [INFO] Rule:233 - rule 117617 - U5Cobra4M][GTZC] default value MPCBB3 and MPCBB5 - Not Secured memory - MPCBB1 is applicable
2026-05-20 15:23:40,946 [INFO] Rule:233 - rule 117617 - U5Cobra4M][GTZC] default value MPCBB3 and MPCBB5 - Not Secured memory - MPCBB1 is applicable
2026-05-20 15:23:40,946 [INFO] Rule:233 - rule 117617 - U5Cobra4M][GTZC] default value MPCBB3 and MPCBB5 - Not Secured memory - MPCBB2 is applicable
2026-05-20 15:23:40,946 [INFO] Rule:233 - rule 117617 - U5Cobra4M][GTZC] default value MPCBB3 and MPCBB5 - Not Secured memory - MPCBB2 is applicable
2026-05-20 15:23:40,946 [INFO] Rule:233 - rule 117617 - U5Cobra4M][GTZC] default value MPCBB3 and MPCBB5 - Not Secured memory - MPCBB3 is applicable
2026-05-20 15:23:40,947 [INFO] Rule:233 - rule 117617 - U5Cobra4M][GTZC] default value MPCBB3 and MPCBB5 - Not Secured memory - MPCBB3 is applicable
2026-05-20 15:23:40,947 [INFO] Rule:233 - rule 117617 - U5Cobra4M][GTZC] default value MPCBB3 and MPCBB5 - Not Secured memory - MPCBB4 is applicable
2026-05-20 15:23:40,947 [INFO] Rule:233 - rule 117617 - U5Cobra4M][GTZC] default value MPCBB3 and MPCBB5 - Not Secured memory - MPCBB4 is applicable
2026-05-20 15:23:40,947 [INFO] Rule:233 - rule 117617 - U5Cobra4M][GTZC] default value MPCBB3 and MPCBB5 - Secured memory - MPCBB1 is applicable
2026-05-20 15:23:40,947 [INFO] Rule:233 - rule 117617 - U5Cobra4M][GTZC] default value MPCBB3 and MPCBB5 - Secured memory - MPCBB2 is applicable
2026-05-20 15:23:40,947 [INFO] Rule:233 - rule 117617 - U5Cobra4M][GTZC] default value MPCBB3 and MPCBB5 - Secured memory - MPCBB3 is applicable
2026-05-20 15:23:40,947 [INFO] Rule:233 - rule 117617 - U5Cobra4M][GTZC] default value MPCBB3 and MPCBB5 - Secured memory - MPCBB4 is applicable
2026-05-20 15:23:40,947 [INFO] Rule:233 - rule 117617 - U5Cobra4M][GTZC] default value MPCBB3 and MPCBB5 - Privileged memory - MPCBB1 is applicable
2026-05-20 15:23:40,947 [INFO] Rule:233 - rule 117617 - U5Cobra4M][GTZC] default value MPCBB3 and MPCBB5 - Privileged memory - MPCBB2 is applicable
2026-05-20 15:23:40,947 [INFO] Rule:233 - rule 117617 - U5Cobra4M][GTZC] default value MPCBB3 and MPCBB5 - Privileged memory - MPCBB3 is applicable
2026-05-20 15:23:40,947 [INFO] Rule:233 - rule 117617 - U5Cobra4M][GTZC] default value MPCBB3 and MPCBB5 - Privileged memory - MPCBB4 is applicable
2026-05-20 15:23:40,947 [INFO] Rule:233 - rule 117617 - U5Cobra4M][GTZC] default value MPCBB3 and MPCBB5 - Not Privileged memory - MPCBB1 is applicable
2026-05-20 15:23:40,947 [INFO] Rule:233 - rule 117617 - U5Cobra4M][GTZC] default value MPCBB3 and MPCBB5 - Not Privileged memory - MPCBB2 is applicable
2026-05-20 15:23:40,947 [INFO] Rule:233 - rule 117617 - U5Cobra4M][GTZC] default value MPCBB3 and MPCBB5 - Not Privileged memory - MPCBB3 is applicable
2026-05-20 15:23:40,947 [INFO] Rule:233 - rule 117617 - U5Cobra4M][GTZC] default value MPCBB3 and MPCBB5 - Not Privileged memory - MPCBB4 is applicable
2026-05-20 15:23:40,948 [INFO] Rule:233 - rule 117617 - U5Cobra4M][GTZC] default value MPCBB3 and MPCBB5 - Privileged memory - MPCBB1 is applicable
2026-05-20 15:23:40,948 [INFO] Rule:233 - rule 117617 - U5Cobra4M][GTZC] default value MPCBB3 and MPCBB5 - Privileged memory - MPCBB2 is applicable
2026-05-20 15:23:40,948 [INFO] Rule:233 - rule 117617 - U5Cobra4M][GTZC] default value MPCBB3 and MPCBB5 - Privileged memory - MPCBB3 is applicable
2026-05-20 15:23:40,948 [INFO] Rule:233 - rule 117617 - U5Cobra4M][GTZC] default value MPCBB3 and MPCBB5 - Privileged memory - MPCBB4 is applicable
2026-05-20 15:23:40,948 [INFO] Rule:233 - rule 117617 - U5Cobra4M][GTZC] default value MPCBB3 and MPCBB5 - Privileged memory - MPCBB1 is applicable
2026-05-20 15:23:40,951 [INFO] Rule:233 - rule 117617 - U5Cobra4M][GTZC] default value MPCBB3 and MPCBB5 - Privileged memory - MPCBB2 is applicable
2026-05-20 15:23:40,951 [INFO] Rule:233 - rule 117617 - U5Cobra4M][GTZC] default value MPCBB3 and MPCBB5 - Privileged memory - MPCBB3 is applicable
2026-05-20 15:23:40,952 [INFO] Rule:233 - rule 117617 - U5Cobra4M][GTZC] default value MPCBB3 and MPCBB5 - Privileged memory - MPCBB4 is applicable
2026-05-20 15:23:40,952 [INFO] Rule:233 - rule 117617 - U5Cobra4M][GTZC] default value MPCBB3 and MPCBB5 - Not Privileged memory - MPCBB1 is applicable
2026-05-20 15:23:40,952 [INFO] Rule:233 - rule 117617 - U5Cobra4M][GTZC] default value MPCBB3 and MPCBB5 - Not Privileged memory - MPCBB2 is applicable
2026-05-20 15:23:40,952 [INFO] Rule:233 - rule 117617 - U5Cobra4M][GTZC] default value MPCBB3 and MPCBB5 - Not Privileged memory - MPCBB3 is applicable
2026-05-20 15:23:40,952 [INFO] Rule:233 - rule 117617 - U5Cobra4M][GTZC] default value MPCBB3 and MPCBB5 - Not Privileged memory - MPCBB4 is applicable
2026-05-20 15:23:40,952 [INFO] Rule:233 - rule 117617 - U5Cobra4M][GTZC] default value MPCBB3 and MPCBB5 - Privileged memory - MPCBB1 is applicable
2026-05-20 15:23:40,952 [INFO] Rule:233 - rule 117617 - U5Cobra4M][GTZC] default value MPCBB3 and MPCBB5 - Privileged memory - MPCBB2 is applicable
2026-05-20 15:23:40,952 [INFO] Rule:233 - rule 117617 - U5Cobra4M][GTZC] default value MPCBB3 and MPCBB5 - Privileged memory - MPCBB3 is applicable
2026-05-20 15:23:40,952 [INFO] Rule:233 - rule 117617 - U5Cobra4M][GTZC] default value MPCBB3 and MPCBB5 - Privileged memory - MPCBB4 is applicable
2026-05-20 15:23:40,953 [INFO] Rule:233 - rule Rename SubGHz_Phy SUBGHZ_APPLICATION SUBGHZ_PINGPONG to SUBGHZ_ADV_APPLICATION is applicable
2026-05-20 15:23:40,953 [INFO] Rule:233 - rule Rename Enabled to IBEACON is applicable
2026-05-20 15:23:40,953 [INFO] Rule:233 - rule GTZC_S instance for project manager is applicable
2026-05-20 15:23:40,953 [INFO] Rule:233 - rule GTZC_S instance for context M33S is applicable
2026-05-20 15:23:40,953 [INFO] Rule:233 - rule GTZC_S instance value for IP GTZC is applicable
2026-05-20 15:23:40,953 [INFO] Rule:233 - rule GTZC_S instance for mcu.IP is applicable
2026-05-20 15:23:40,953 [INFO] Rule:233 - rule GTZC_S instance for VP is applicable
2026-05-20 15:23:40,953 [INFO] Rule:233 - rule GTZC_S instance for signal is applicable
2026-05-20 15:23:40,953 [INFO] Rule:233 - rule GTZC_S instance for mcu.Pin is applicable
2026-05-20 15:23:40,953 [INFO] Rule:233 - rule GTZC_S instance for VP is applicable
2026-05-20 15:23:40,953 [INFO] Rule:233 - rule GTZC_S instance for signal is applicable
2026-05-20 15:23:40,953 [INFO] Rule:233 - rule GTZC_S instance for mcu is applicable
2026-05-20 15:23:40,953 [INFO] Rule:233 - rule GTZC_S instance for mcu.Pin is applicable
2026-05-20 15:23:40,953 [INFO] Rule:233 - rule GTZC_S instance value for IP GTZC is applicable
2026-05-20 15:23:40,954 [INFO] Rule:233 - rule GTZC_S instance for project manager is applicable
2026-05-20 15:23:40,954 [INFO] Rule:233 - rule GTZC_S instance for context M33S is applicable
2026-05-20 15:23:40,954 [INFO] Rule:233 - rule GTZC_S instance for VP is applicable
2026-05-20 15:23:40,954 [INFO] Rule:233 - rule GTZC_S instance for signal is applicable
2026-05-20 15:23:40,954 [INFO] Rule:233 - rule SPDIFRX instance for mcu is applicable
2026-05-20 15:23:40,954 [INFO] Rule:233 - rule Rename Tracer Mode is applicable
2026-05-20 15:23:40,954 [INFO] Rule:233 - rule SPDIFRX instance value for IP SPDIFRX is applicable
2026-05-20 15:23:40,954 [INFO] Rule:233 - rule SPDIFRX instance for signal is applicable
2026-05-20 15:23:40,954 [INFO] Rule:233 - rule SPDIFRX instance for project manager is applicable
2026-05-20 15:23:40,954 [INFO] Rule:233 - rule SPDIFRX instance for project manager is applicable
2026-05-20 15:23:40,954 [INFO] Rule:233 - rule ADC Scan  fix with FW F7 is applicable
2026-05-20 15:23:40,954 [INFO] Rule:233 - rule ADC Scan  fix with FW F7 is applicable
2026-05-20 15:23:40,954 [INFO] Rule:233 - rule DFSDM instance value for IP DFSDM is applicable
2026-05-20 15:23:40,954 [INFO] Rule:233 - rule DFSDM instance for mcu is applicable
2026-05-20 15:23:40,954 [INFO] Rule:233 - rule DFSDM instance for VP is applicable
2026-05-20 15:23:40,955 [INFO] Rule:233 - rule DFSDM instance for signal is applicable
2026-05-20 15:23:40,955 [INFO] Rule:233 - rule DFSDM instance for shared is applicable
2026-05-20 15:23:40,955 [INFO] Rule:233 - rule BreakInputSource parameter for IP Timer is applicable
2026-05-20 15:23:40,955 [INFO] Rule:233 - rule Sourcebreak parameter for IP Timer is applicable
2026-05-20 15:23:40,955 [INFO] Rule:233 - rule Sourcebreak parameter for IP Timer is applicable
2026-05-20 15:23:40,955 [INFO] Rule:233 - rule DFSDM for PCC is applicable
2026-05-20 15:23:40,955 [INFO] Rule:233 - rule Serial_Wire Mode is applicable
2026-05-20 15:23:40,955 [INFO] Rule:233 - rule JTAG_4_pins Mode is applicable
2026-05-20 15:23:40,955 [INFO] Rule:233 - rule JTAG_5_pins Mode is applicable
2026-05-20 15:23:40,955 [INFO] Rule:233 - rule Trace_Asynchronous_SW Mode is applicable
2026-05-20 15:23:40,955 [INFO] Rule:233 - rule Trace_Synchro_1bit_JTAG Mode is applicable
2026-05-20 15:23:40,955 [INFO] Rule:233 - rule Trace_Synchro_2bits_JTAG Mode is applicable
2026-05-20 15:23:40,955 [INFO] Rule:233 - rule Trace_Synchro_4bits_JTAG Mode is applicable
2026-05-20 15:23:40,955 [INFO] Rule:233 - rule Trace_Synchro_1bit_SW Mode is applicable
2026-05-20 15:23:40,955 [INFO] Rule:233 - rule Trace_Synchro_2bits_SW Mode is applicable
2026-05-20 15:23:40,955 [INFO] Rule:233 - rule Trace_Synchro_4bits_SW Mode is applicable
2026-05-20 15:23:40,955 [INFO] Rule:233 - rule SYS_WakeUp0 Mode is applicable
2026-05-20 15:23:40,956 [INFO] Rule:233 - rule SYS_WakeUp0 Mode for STM32F446 is applicable
2026-05-20 15:23:40,956 [INFO] Rule:233 - rule SYS_WakeUp1 Mode is applicable
2026-05-20 15:23:40,956 [INFO] Rule:233 - rule SYS_WakeUp1 Mode for STM32F446 is applicable
2026-05-20 15:23:40,956 [INFO] Rule:233 - rule SYS_WakeUp2 Mode is applicable
2026-05-20 15:23:40,956 [INFO] Rule:233 - rule SYS_WakeUp3 Mode is applicable
2026-05-20 15:23:40,956 [INFO] Rule:233 - rule SYS_WakeUp4 Mode is applicable
2026-05-20 15:23:40,956 [INFO] Rule:233 - rule SYS_WakeUp5 Mode is applicable
2026-05-20 15:23:40,956 [INFO] Rule:233 - rule SYS_WakeUp6 Mode is applicable
2026-05-20 15:23:40,956 [INFO] Rule:233 - rule SYS_WakeUp7 Mode is applicable
2026-05-20 15:23:40,956 [INFO] Rule:233 - rule WakeUp0 Mode is applicable
2026-05-20 15:23:40,956 [INFO] Rule:233 - rule WakeUp0 SIGNAL is applicable
2026-05-20 15:23:40,956 [INFO] Rule:233 - rule WakeUp1 Mode is applicable
2026-05-20 15:23:40,956 [INFO] Rule:233 - rule WakeUp1 SIGNAL is applicable
2026-05-20 15:23:40,956 [INFO] Rule:233 - rule WakeUp2 Mode is applicable
2026-05-20 15:23:40,956 [INFO] Rule:233 - rule WakeUp2 SIGNAL is applicable
2026-05-20 15:23:40,956 [INFO] Rule:233 - rule WakeUp4 Mode is applicable
2026-05-20 15:23:40,956 [INFO] Rule:233 - rule WakeUp4 SIGNAL is applicable
2026-05-20 15:23:40,957 [INFO] Rule:233 - rule WakeUp5 Mode is applicable
2026-05-20 15:23:40,957 [INFO] Rule:233 - rule WakeUp5 SIGNAL is applicable
2026-05-20 15:23:40,957 [INFO] Rule:233 - rule Mode_PVD_Ext is applicable
2026-05-20 15:23:40,957 [INFO] Rule:233 - rule Mode_PVD_Int is applicable
2026-05-20 15:23:40,957 [INFO] Rule:233 - rule Add RTC Activate Clock Source is applicable
2026-05-20 15:23:40,957 [INFO] Rule:233 - rule Add RTC Activate Calendar 1 is applicable
2026-05-20 15:23:40,957 [INFO] Rule:233 - rule Add RTC Activate Calendar 2 is applicable
2026-05-20 15:23:40,957 [INFO] Rule:233 - rule Add RTC Activate Calendar 3 is applicable
2026-05-20 15:23:40,957 [INFO] Rule:233 - rule UART/USART TX Mode is applicable
2026-05-20 15:23:40,957 [INFO] Rule:233 - rule UART/USART RX Mode is applicable
2026-05-20 15:23:40,957 [INFO] Rule:233 - rule UART/USART RX TX Mode is applicable
2026-05-20 15:23:40,958 [INFO] Rule:233 - rule UART/USART PARITY NONE is applicable
2026-05-20 15:23:40,958 [INFO] Rule:233 - rule UART/USART PARITY EVEN is applicable
2026-05-20 15:23:40,958 [INFO] Rule:233 - rule UART/USART PARITY ODD is applicable
2026-05-20 15:23:40,958 [INFO] Rule:233 - rule USART StopBits 1 is applicable
2026-05-20 15:23:40,958 [INFO] Rule:233 - rule USART StopBits 2 is applicable
2026-05-20 15:23:40,958 [INFO] Rule:233 - rule USART StopBits 1.5 is applicable
2026-05-20 15:23:40,958 [INFO] Rule:233 - rule USART StopBits 0.5 is applicable
2026-05-20 15:23:40,958 [INFO] Rule:233 - rule UART/USART WORD LENGTH 7 is applicable
2026-05-20 15:23:40,958 [INFO] Rule:233 - rule UART/USART WORD LENGTH 8 is applicable
2026-05-20 15:23:40,958 [INFO] Rule:233 - rule UART/USART WORD LENGTH 9 is applicable
2026-05-20 15:23:40,958 [INFO] Rule:233 - rule Rename FMC NAND NCE signal is applicable
2026-05-20 15:23:40,958 [INFO] Rule:233 - rule Rename FMC NAND INT signal is applicable
2026-05-20 15:23:40,958 [INFO] Rule:233 - rule Change Default Value for LSE Drive Capability for WB family is applicable
2026-05-20 15:23:40,958 [INFO] Rule:233 - rule Change Default Value for ADC Clock Prescaler G0 family is applicable
2026-05-20 15:23:40,958 [INFO] Rule:233 - rule Change Default Value for ADC ExternalTrigConv L4 family is applicable
2026-05-20 15:23:40,958 [INFO] Rule:233 - rule Change Default Value for ADC ExternalTrigInjecConv L4 family is applicable
2026-05-20 15:23:40,958 [INFO] Rule:233 - rule Change Default Value for ADC ExternalTrigConv F3 family is applicable
2026-05-20 15:23:40,958 [INFO] Rule:233 - rule Change Default Value for ADC ExternalTrigInjecConv F3 family is applicable
2026-05-20 15:23:40,958 [INFO] Rule:233 - rule Change Default Value for ADC ExternalTrigConv Goldfish serie is applicable
2026-05-20 15:23:40,958 [INFO] Rule:233 - rule Change Default Value for ADC ExternalTrigInjecConv Goldfish serie is applicable
2026-05-20 15:23:40,958 [INFO] Rule:233 - rule Change Default Value for ADC ExternalTrigConv L0 family is applicable
2026-05-20 15:23:40,958 [INFO] Rule:233 - rule Change Default Value for ADC ExternalTrigConv F0 family is applicable
2026-05-20 15:23:40,958 [INFO] Rule:233 - rule Change Default Value for ADC ExternalTrigConvn L1 family is applicable
2026-05-20 15:23:40,958 [INFO] Rule:233 - rule Change Default Value for ADC ExternalTrigInjecConv L1 family is applicable
2026-05-20 15:23:40,958 [INFO] Rule:233 - rule Change Default Value for ADC ExternalTrigConv F1 family is applicable
2026-05-20 15:23:40,958 [INFO] Rule:233 - rule Change Default Value for ADC ExternalTrigInjecConv F1 family is applicable
2026-05-20 15:23:40,958 [INFO] Rule:233 - rule Change Default Value for ADC ExternalTrigConv F7 family is applicable
2026-05-20 15:23:40,959 [INFO] Rule:233 - rule Change Default Value for ADC ExternalTrigInjecConv F7 family is applicable
2026-05-20 15:23:40,959 [INFO] Rule:233 - rule Change Default Value for ADC ExternalTrigConv F4 and F2 family is applicable
2026-05-20 15:23:40,959 [INFO] Rule:233 - rule Change Default Value for ADC ExternalTrigInjecConv F4 and F2 family is applicable
2026-05-20 15:23:40,959 [INFO] Rule:233 - rule ADC SamplingTime fix with FW L0  is applicable
2026-05-20 15:23:40,959 [INFO] Rule:233 - rule ADC SamplingTime fix with FW L0  is applicable
2026-05-20 15:23:40,959 [INFO] Rule:233 - rule ADC SamplingTime fix with FW L0 is applicable
2026-05-20 15:23:40,959 [INFO] Rule:233 - rule ADC SamplingTime fix with FW L0 is applicable
2026-05-20 15:23:40,959 [INFO] Rule:233 - rule ADC SamplingTime fix with FW L0  is applicable
2026-05-20 15:23:40,959 [INFO] Rule:233 - rule ADC SamplingTime fix with FW L0 is applicable
2026-05-20 15:23:40,959 [INFO] Rule:233 - rule Rename USB_OE Signal is applicable
2026-05-20 15:23:40,959 [INFO] Rule:233 - rule Rename Activate_OE Mode is applicable
2026-05-20 15:23:40,959 [INFO] Rule:233 - rule Rename DIE462/DIE415 pin PC14/OSC32_IN -> PC14-OSC32_IN (PC14) is applicable
2026-05-20 15:23:40,959 [INFO] Rule:233 - rule Rename DIE462/DIE415 pin PC15/OSC32_OUT -> PC15-OSC32_OUT (PC15) is applicable
2026-05-20 15:23:40,959 [INFO] Rule:233 - rule Rename DIE462/DIE415 pin PH0/OSC_IN -> PH0-OSC_IN (PH0) is applicable
2026-05-20 15:23:40,959 [INFO] Rule:233 - rule Rename DIE462/DIE415 pin PH1/OSC_OUT -> PH1-OSC_OUT (PH1) is applicable
2026-05-20 15:23:40,959 [INFO] Rule:233 - rule Rename DIE462 pin PA13 -> PA13 (JTMS/SWDIO) is applicable
2026-05-20 15:23:40,959 [INFO] Rule:233 - rule Rename DIE415 pin PA13 -> PA13 (JTMS/SWDIO) is applicable
2026-05-20 15:23:40,959 [INFO] Rule:233 - rule Rename DIE462 pin PA14 -> PA14 (JTCK/SWCLK) is applicable
2026-05-20 15:23:40,959 [INFO] Rule:233 - rule Rename DIE415 pin PA14 -> PA14 (JTCK/SWCLK) is applicable
2026-05-20 15:23:40,959 [INFO] Rule:233 - rule Rename DIE462/DIE415 pin PA15 -> PA15 (JTDI) is applicable
2026-05-20 15:23:40,959 [INFO] Rule:233 - rule Rename DIE462 pin PB3 -> PB3 (JTD0/TRACESWO) is applicable
2026-05-20 15:23:40,959 [INFO] Rule:233 - rule Rename DIE415 pin PB3 -> PB3 (JTD0-TRACESWO) is applicable
2026-05-20 15:23:40,959 [INFO] Rule:233 - rule Rename DIE462/DIE415 pin PB4 -> PB4 (NJTRST) is applicable
2026-05-20 15:23:40,959 [INFO] Rule:233 - rule Rename DIE462 pin PH3/BOOT0 -> PH3-BOOT0 (BOOT0) is applicable
2026-05-20 15:23:40,959 [INFO] Rule:233 - rule Rename CRYP DataEncryptionTypesList to Algorithm is applicable
2026-05-20 15:23:40,959 [INFO] Rule:233 - rule Rename AES DataEncryptionTypesList to Algorithm is applicable
2026-05-20 15:23:40,959 [INFO] Rule:233 - rule Rename TDESECB to CRYP_TDES_ECB is applicable
2026-05-20 15:23:40,959 [INFO] Rule:233 - rule Rename TDESCBC to CRYP_TDES_CBC is applicable
2026-05-20 15:23:40,959 [INFO] Rule:233 - rule Rename DESECB to CRYP_DES_ECB is applicable
2026-05-20 15:23:40,959 [INFO] Rule:233 - rule Rename DESCBC to CRYP_DES_CBC is applicable
2026-05-20 15:23:40,959 [INFO] Rule:233 - rule Rename AESECB to CRYP_AES_ECB is applicable
2026-05-20 15:23:40,959 [INFO] Rule:233 - rule Rename AESCBC to CRYP_AES_CBC is applicable
2026-05-20 15:23:40,959 [INFO] Rule:233 - rule Rename AESCTR to CRYP_AES_CTR is applicable
2026-05-20 15:23:40,960 [INFO] Rule:233 - rule Rename AESGCM to CRYP_AES_GCM is applicable
2026-05-20 15:23:40,960 [INFO] Rule:233 - rule Rename AESCCM to CRYP_AES_CCM is applicable
2026-05-20 15:23:40,960 [INFO] Rule:233 - rule Rename CAN TimeSeg1 to BS1 is applicable
2026-05-20 15:23:40,960 [INFO] Rule:233 - rule Rename CAN TimeSeg2 to BS2 is applicable
2026-05-20 15:23:40,960 [INFO] Rule:233 - rule Rename CAN SyncJumpWidth to SJW is applicable
2026-05-20 15:23:40,960 [INFO] Rule:233 - rule TimeTriggeredMode to TTCM is applicable
2026-05-20 15:23:40,960 [INFO] Rule:233 - rule Rename CAN AutoBusOff to ABOM is applicable
2026-05-20 15:23:40,960 [INFO] Rule:233 - rule Rename CAN AutoWakeUp to AWUM is applicable
2026-05-20 15:23:40,960 [INFO] Rule:233 - rule Rename CAN AutoRetransmission to NART is applicable
2026-05-20 15:23:40,960 [INFO] Rule:233 - rule Rename CAN ReceiveFifoLocked to RFLM is applicable
2026-05-20 15:23:40,960 [INFO] Rule:233 - rule Rename CAN TransmitFifoPriority to TXFP is applicable
2026-05-20 15:23:40,960 [INFO] Rule:233 - rule Rename HRTIMER HRTIM_OUTPUTFAULTLEVEL_HIGH in HRTIMER HRTIM_OUTPUTFAULTLEVEL_HIGHZ is applicable
2026-05-20 15:23:40,960 [INFO] Rule:233 - rule Rename TIMER TIM_CLEARINPUTSOURCE_OCREFCLR in  TIMER TIM_CLEARINPUTSOURCE_NONE for F7 family is applicable
2026-05-20 15:23:40,960 [INFO] Rule:233 - rule FDCAN_R1 - Rename FDCAN mode Master into Classic is applicable
2026-05-20 15:23:40,960 [INFO] Rule:233 - rule FDCAN_R2 - Rename FDCAN mode Slave into Classic is applicable
2026-05-20 15:23:40,960 [INFO] Rule:233 - rule FDCAN1_R3 - if PA10.Mode=FullDuplex, add Pin PA12 is applicable
2026-05-20 15:23:40,960 [INFO] Rule:233 - rule FDCAN1_R3 - if PA9.Mode=FullDuplex, add Pin PA11 is applicable
2026-05-20 15:23:40,960 [INFO] Rule:233 - rule FDCAN1_R3 - Alternatepin_1 - if PE1.Mode=FullDuplex, add Pin PB9 is applicable
2026-05-20 15:23:40,960 [INFO] Rule:233 - rule FDCAN1_R3 - Alternatepin_1 - if PE0.Mode=FullDuplex, add Pin PB8 is applicable
2026-05-20 15:23:40,960 [INFO] Rule:233 - rule FDCAN1_R3 - Alternatepin_2 - if PD5.Mode=FullDuplex, add Pin PD1 is applicable
2026-05-20 15:23:40,960 [INFO] Rule:233 - rule FDCAN1_R3 - Alternatepin_2 - if PD4.Mode=FullDuplex, add Pin PD0 is applicable
2026-05-20 15:23:40,960 [INFO] Rule:233 - rule FDCAN1_R4 - Rename Mode FullDuplex into Enable FDCAN_TXFD for pin PA10 is applicable
2026-05-20 15:23:40,960 [INFO] Rule:233 - rule FDCAN1_R4 - Rename Mode FullDuplex into Enable FDCAN_TXFD for pin PA9 is applicable
2026-05-20 15:23:40,960 [INFO] Rule:233 - rule FDCAN1_R4 - Alternatepin_1 - Rename Mode FullDuplex into Enable FDCAN_TXFD for pin PE1 is applicable
2026-05-20 15:23:40,960 [INFO] Rule:233 - rule FDCAN1_R4 - Alternatepin_1 - Rename Mode FullDuplex into Enable FDCAN_TXFD for pin PE0 is applicable
2026-05-20 15:23:40,960 [INFO] Rule:233 - rule FDCAN1_R4 - Alternatepin_2 - Rename Mode FullDuplex into Enable FDCAN_TXFD for pin PD5 is applicable
2026-05-20 15:23:40,960 [INFO] Rule:233 - rule FDCAN1_R4 - Alternatepin_2 - Rename Mode FullDuplex into Enable FDCAN_TXFD for pin PD4 is applicable
2026-05-20 15:23:40,960 [INFO] Rule:233 - rule FDCAN2_R3 - if PD10.Mode=FullDuplex, add Pin PB13 is applicable
2026-05-20 15:23:40,960 [INFO] Rule:233 - rule FDCAN2_R3 - if PD9.Mode=FullDuplex, add Pin PB12 is applicable
2026-05-20 15:23:40,960 [INFO] Rule:233 - rule FDCAN2_R3 - Alternatepin_1 - if PB7.Mode=FullDuplex, add Pin PB6 is applicable
2026-05-20 15:23:40,960 [INFO] Rule:233 - rule FDCAN2_R3 - Alternatepin_1 - if PD9.Mode=FullDuplex, add Pin PB12 is applicable
2026-05-20 15:23:40,961 [INFO] Rule:233 - rule FDCAN2_R4 - Rename Mode FullDuplex into Enable FDCAN_TXFD for pin PD10 is applicable
2026-05-20 15:23:40,961 [INFO] Rule:233 - rule FDCAN2_R4 - Rename Mode FullDuplex into Enable FDCAN_TXFD for pin PD9 is applicable
2026-05-20 15:23:40,961 [INFO] Rule:233 - rule FDCAN2_R4 - Alternatepin_1 - Rename Mode FullDuplex into Enable FDCAN_TXFD for pin PB7 is applicable
2026-05-20 15:23:40,961 [INFO] Rule:233 - rule FDCAN2_R4 - Alternatepin_1 - Rename Mode FullDuplex into Enable FDCAN_TXFD for pin PD6 is applicable
2026-05-20 15:23:40,961 [INFO] Rule:233 - rule USART TxPinLevelInvertParam Mode is applicable
2026-05-20 15:23:40,961 [INFO] Rule:233 - rule USART RxPinLevelInvertParam Mode is applicable
2026-05-20 15:23:40,961 [INFO] Rule:233 - rule USART DataInvertParam Mode is applicable
2026-05-20 15:23:40,961 [INFO] Rule:233 - rule USART SwapParam Mode is applicable
2026-05-20 15:23:40,961 [INFO] Rule:233 - rule USART OverrunDisableParam Mode is applicable
2026-05-20 15:23:40,961 [INFO] Rule:233 - rule USART DMADisableonRxErrorParam Mode is applicable
2026-05-20 15:23:40,961 [INFO] Rule:233 - rule USART MSBFirstParam Mode is applicable
2026-05-20 15:23:40,961 [INFO] Rule:233 - rule Update MwName for USB_DEVICE is applicable
2026-05-20 15:23:40,961 [INFO] Rule:233 - rule Change PWR_Regulator_Voltage_Scale Default Value for RCC  H7 family is applicable
2026-05-20 15:23:40,961 [INFO] Rule:233 - rule UART/USART IPParameter rename Prescaler parameter to ClockPrescaler is applicable
2026-05-20 15:23:40,961 [INFO] Rule:233 - rule UART/USART Prescaler rename Prescaler parameter to ClockPrescaler is applicable
2026-05-20 15:23:40,961 [INFO] Rule:233 - rule TIM1CLockSelection is applicable
2026-05-20 15:23:40,961 [INFO] Rule:233 - rule TIM15CLockSelection is applicable
2026-05-20 15:23:40,961 [INFO] Rule:233 - rule align RCC SDMMC3CLockSelection default value on MP1 is applicable
2026-05-20 15:23:40,961 [INFO] Rule:233 - rule align RCC SDMMC12CLockSelection default value on MP1 is applicable
2026-05-20 15:23:40,961 [INFO] Rule:233 - rule align RCC QSPICLockSelection default value on MP1 is applicable
2026-05-20 15:23:40,961 [INFO] Rule:233 - rule align RCC QSPICLockSelection default value on MP1 is applicable
2026-05-20 15:23:40,961 [INFO] Rule:233 - rule align RCC SPI6CLockSelection default value on MP1 is applicable
2026-05-20 15:23:40,961 [INFO] Rule:233 - rule align RCC LPTIM23CLockSelection default value on MP1 is applicable
2026-05-20 15:23:40,961 [INFO] Rule:233 - rule align RCC LPTIM1CLockSelection default value on MP1 is applicable
2026-05-20 15:23:40,961 [INFO] Rule:233 - rule align RCC USART1CLockSelection default value on MP1 is applicable
2026-05-20 15:23:40,961 [INFO] Rule:233 - rule align RCC USART24CLockSelection default value on MP1 is applicable
2026-05-20 15:23:40,961 [INFO] Rule:233 - rule align RCC USART6CLockSelection default value on MP1 is applicable
2026-05-20 15:23:40,961 [INFO] Rule:233 - rule align RCC UART78CLockSelection default value on MP1 is applicable
2026-05-20 15:23:40,961 [INFO] Rule:233 - rule align RCC USART35CLockSelection default value on MP1 is applicable
2026-05-20 15:23:40,961 [INFO] Rule:233 - rule align RCC SPI45CLockSelection default value on MP1 is applicable
2026-05-20 15:23:40,961 [INFO] Rule:233 - rule align RCC I2C46CLockSelection BCLK value on MP1 is applicable
2026-05-20 15:23:40,961 [INFO] Rule:233 - rule align RCC SPI45CLockSelection default value on MP1 is applicable
2026-05-20 15:23:40,962 [INFO] Rule:233 - rule align RCC I2C12CLockSelection default value on MP1 is applicable
2026-05-20 15:23:40,962 [INFO] Rule:233 - rule align RCC I2C35CLockSelection default value on MP1 is applicable
2026-05-20 15:23:40,962 [INFO] Rule:233 - rule align RCC LPTIM45CLockSelection default value on MP1 is applicable
2026-05-20 15:23:40,962 [INFO] Rule:233 - rule Rename DCMI PIXCK signal is applicable
2026-05-20 15:23:40,962 [INFO] Rule:233 - rule Change Default Value for I2C46CLockSelection MP1 family is applicable
2026-05-20 15:23:40,962 [INFO] Rule:233 - rule Change Default Value for UART for G4, G0 and WB families is applicable
2026-05-20 15:23:40,962 [INFO] Rule:233 - rule Change Default Value for USART for G4, G0 and WB families is applicable
2026-05-20 15:23:40,962 [INFO] Rule:233 - rule Change Default Value for USART for G4 family is applicable
2026-05-20 15:23:40,962 [INFO] Rule:233 - rule Change USART1CLockSelection refparam name for MP1 is applicable
2026-05-20 15:23:40,962 [INFO] Rule:233 - rule Change USART2CLockSelection refparam name for MP1 is applicable
2026-05-20 15:23:40,962 [INFO] Rule:233 - rule Change USART3CLockSelection refparam name for MP1 is applicable
2026-05-20 15:23:40,962 [INFO] Rule:233 - rule Change UART4CLockSelection refparam name for MP1 is applicable
2026-05-20 15:23:40,962 [INFO] Rule:233 - rule Change UART5CLockSelection refparam name for MP1 is applicable
2026-05-20 15:23:40,962 [INFO] Rule:233 - rule Change LPUART1CLockSelection refparam name for MP1 is applicable
2026-05-20 15:23:40,962 [INFO] Rule:233 - rule Change LPTIM1CLockSelection refparam name for MP1 is applicable
2026-05-20 15:23:40,962 [INFO] Rule:233 - rule Change LPTIM2CLockSelection refparam name for MP1 is applicable
2026-05-20 15:23:40,962 [INFO] Rule:233 - rule Change RCC_MCO1Source refparam name for MP1 is applicable
2026-05-20 15:23:40,962 [INFO] Rule:233 - rule Change LSCOSource1 refparam name for MP1 is applicable
2026-05-20 15:23:40,962 [INFO] Rule:233 - rule Change SMPSCLockSelection refparam name for MP1 is applicable
2026-05-20 15:23:40,962 [INFO] Rule:233 - rule Change LPTIM3CLockSelection refparam name for MP1 is applicable
2026-05-20 15:23:40,962 [INFO] Rule:233 - rule Change MPCBB* Default Template Mode to Parameters is applicable
2026-05-20 15:23:40,962 [INFO] Rule:233 - rule Change MPCWM* or MPCBB* Secure Mode to Parameters is applicable
2026-05-20 15:23:40,962 [INFO] Rule:233 - rule Change MPCWM* or MPCBB* No Secure Mode to Parameters is applicable
2026-05-20 15:23:40,962 [INFO] Rule:233 - rule Change TZSC IP Secure Mode to Parameters is applicable
2026-05-20 15:23:40,962 [INFO] Rule:233 - rule Change TZSC IP No Secure Mode to Parameters is applicable
2026-05-20 15:23:40,962 [INFO] Rule:233 - rule Change TZSC IP Privilege Mode to Parameters is applicable
2026-05-20 15:23:40,962 [INFO] Rule:233 - rule Change TZSC IP No Privilege Mode to Parameters is applicable
2026-05-20 15:23:40,962 [INFO] Rule:233 - rule Change TZIC IT Secure Mode to Parameters is applicable
2026-05-20 15:23:40,963 [INFO] Rule:233 - rule Change TZIC IT No Secure Mode to Parameters is applicable
2026-05-20 15:23:40,963 [INFO] Rule:233 - rule Add MPCBB1_NonSecureArea_Start_Address value with referenced to MPCBB1_NonSecureArea_Start value is applicable
2026-05-20 15:23:40,963 [INFO] Rule:233 - rule Add MPCBB2_NonSecureArea_Start_Address value with referenced to MPCBB2_NonSecureArea_Start value is applicable
2026-05-20 15:23:40,963 [INFO] Rule:233 - rule Add MPCWM1_NonSecureArea*_Start_Address value with referenced to MPCWM1_NonSecureArea*_Start value is applicable
2026-05-20 15:23:40,963 [INFO] Rule:233 - rule Add MPCWM2_NonSecureArea*_Start_Address value with referenced to MPCWM2_NonSecureArea*_Start value is applicable
2026-05-20 15:23:40,963 [INFO] Rule:233 - rule Add MPCWM3_NonSecureArea_Start_Address value with referenced to MPCWM3_NonSecureArea_Start value is applicable
2026-05-20 15:23:40,963 [INFO] Rule:233 - rule Change Default Value for PLL1UserDefinedConfig is applicable
2026-05-20 15:23:40,963 [INFO] Rule:233 - rule Change GPIO_PuPd Default Value for USART in async mode is applicable
2026-05-20 15:23:40,963 [INFO] Rule:233 - rule Change SMPSDivider Default Value is applicable
2026-05-20 15:23:40,963 [INFO] Rule:233 - rule OPAMP is applicable
2026-05-20 15:23:40,963 [INFO] Rule:233 - rule LPUART IPParameter rename Prescaler parameter to ClockPrescaler for STM32H7 is applicable
2026-05-20 15:23:40,963 [INFO] Rule:233 - rule LPUART IPParameter rename Prescaler parameter to ClockPrescaler for STM32H7 is applicable
2026-05-20 15:23:40,963 [INFO] Rule:233 - rule LPUART IPParameter rename Prescaler parameter to ClockPrescaler for STM32WB is applicable
2026-05-20 15:23:40,963 [INFO] Rule:233 - rule LPUART IPParameter rename Prescaler parameter to ClockPrescaler for STM32WB is applicable
2026-05-20 15:23:40,963 [INFO] Rule:233 - rule LPUART IPParameter rename Prescaler parameter to ClockPrescaler for STM32G4 is applicable
2026-05-20 15:23:40,963 [INFO] Rule:233 - rule LPUART IPParameter rename Prescaler parameter to ClockPrescaler for STM32G4 is applicable
2026-05-20 15:23:40,963 [INFO] Rule:233 - rule LPUART IPParameter rename Prescaler parameter to ClockPrescaler for STM32L5 is applicable
2026-05-20 15:23:40,963 [INFO] Rule:233 - rule LPUART IPParameter rename Prescaler parameter to ClockPrescaler for STM32L5 is applicable
2026-05-20 15:23:40,963 [INFO] Rule:233 - rule LPUART IPParameter rename Prescaler parameter to ClockPrescaler for STM32G4 is applicable
2026-05-20 15:23:40,963 [INFO] Rule:233 - rule LPUART IPParameter rename Prescaler parameter to ClockPrescaler for STM32G4 is applicable
2026-05-20 15:23:40,963 [INFO] Rule:233 - rule USB device lib V2.5.3 for L0 rename USBD_SUPPORT_USER_STRING parameter to USBD_SUPPORT_USER_STRING_DESC4 is applicable
2026-05-20 15:23:40,963 [INFO] Rule:233 - rule I2SCLockSelection clock entry align is applicable
2026-05-20 15:23:40,963 [INFO] Rule:233 - rule Assign TIMx context if used as SYS timebase is applicable
2026-05-20 15:23:40,963 [INFO] Rule:233 - rule Change GPIO_Pu Default Value for I2C is applicable
2026-05-20 15:23:40,963 [INFO] Rule:233 - rule Change GPIO_Pu Default Value for SMBus is applicable
2026-05-20 15:23:40,963 [INFO] Rule:233 - rule change FDCAN default value is applicable
2026-05-20 15:23:40,964 [INFO] Rule:233 - rule Change mode sai is applicable
2026-05-20 15:23:40,964 [INFO] Rule:233 - rule **Change sai mode is applicable
2026-05-20 15:23:40,964 [INFO] Rule:233 - rule Rename STM32WPAN CFG_BLE_IRK to CFG_BLE_IR is applicable
2026-05-20 15:23:40,964 [INFO] Rule:233 - rule Rename STM32WPAN CFG_BLE_ERK to CFG_BLE_ER is applicable
2026-05-20 15:23:40,964 [INFO] Rule:233 - rule Rename STM32WPAN CFG_BLE_IRK_HEX to CFG_BLE_IR_HEX is applicable
2026-05-20 15:23:40,964 [INFO] Rule:233 - rule Rename STM32WPAN CFG_BLE_ERK_HEX to CFG_BLE_ER_HEX is applicable
2026-05-20 15:23:40,964 [INFO] Rule:233 - rule Adapt Old IOC before rework replace old CORTEX_M33/CORTEX_M55 attributes by the new one. is applicable
2026-05-20 15:23:40,964 [INFO] Rule:233 - rule Rename parametre of RCC RCC_APBDBG_DIV2 to RCC_TIMPRES_DIV2 is applicable
2026-05-20 15:23:40,964 [INFO] Rule:233 - rule Rename DIE493 pin PA10 [PA12] -> PA10 is applicable
2026-05-20 15:23:40,964 [INFO] Rule:233 - rule Rename DIE493 pin PA9 [PA11] -> PA9 is applicable
2026-05-20 15:23:40,964 [INFO] Rule:233 - rule Rename DIE492 PartNumber CPN STM32WBA5MJGHx -> STM32WBA5MMGHx is applicable
2026-05-20 15:23:40,964 [INFO] Rule:233 - rule Rename DIE492 PartNumber  Name STM32WBA5MJGHx -> STM32WBA5MMGHx is applicable
2026-05-20 15:23:40,964 [INFO] Rule:233 - rule Rename DIE492 PartNumber UserName STM32WBA5MJGHx -> STM32WBA5MMGHx is applicable
2026-05-20 15:23:40,965 [INFO] Rule:233 - rule Rename DIE492 PartNumber DeviceId STM32WBA5MJGHx -> STM32WBA5MMGHx is applicable
2026-05-20 15:23:40,965 [INFO] Rule:233 - rule Adapt Old IOC CSI. is applicable
2026-05-20 15:23:40,965 [INFO] Rule:233 - rule Adapt Old IOC DCMIPP. is applicable
2026-05-20 15:23:40,965 [INFO] Rule:233 - rule Adapt Old IOC DCMIPP Mode Parallel. is applicable
2026-05-20 15:23:40,965 [INFO] Rule:233 - rule Adapt Old IOC LTDC. is applicable
2026-05-20 15:23:40,965 [INFO] Rule:233 - rule Rename STM32MP2 RIF Peripheral LTDC RIF.RISUP.LTDC_L0L1.Privilege -> RIF.RISUP.LTDC_L1L2.Privilege is applicable
2026-05-20 15:23:40,965 [INFO] Rule:233 - rule Rename STM32MP2 RIF Peripheral LTDC RIF.RISUP.LTDC_L0L1.Privilege -> RIF.RISUP.LTDC_L1L2.Privilege is applicable
2026-05-20 15:23:40,965 [INFO] Rule:233 - rule Rename STM32MP2 RIF Peripheral LTDC RIF.RISUP.LTDC_L0L1.Lock -> RIF.RISUP.LTDC_L1L2.Lock is applicable
2026-05-20 15:23:40,965 [INFO] Rule:233 - rule Rename STM32MP2 RIF Peripheral LTDC RIF.RISUP.LTDC_L2.Lock -> RIF.RISUP.LTDC_L3.Lock is applicable
2026-05-20 15:23:40,965 [INFO] Rule:233 - rule Adapt the old IOC example for updating the SYS when it is misconfigured. is applicable
2026-05-20 15:23:40,965 [INFO] Rule:233 - rule Rename STM32C09 Mcu.Package LQFP64 -> LQFP48 is applicable
2026-05-20 15:23:40,965 [INFO] Rule:233 - rule Adapt the old IOC example for updating the SYS when it is misconfigured. is applicable
2026-05-20 15:23:40,965 [INFO] Rule:233 - rule Adapt the old IOC example for updating the SYS when it is misconfigured. is applicable
2026-05-20 15:23:41,017 [INFO] DbConfProperties:307 - Apply Compatibility (81/313 Rules)
2026-05-20 15:23:43,418 [INFO] ImportTextPane:234 - (OptionalMessage_ERROR) Unable to find key (Mcu.ThirdPartyNb) in loaded IOC file
2026-05-20 15:23:43,423 [INFO] ImportTextPane:234 - (OptionalMessage_ERROR) Pin32 (VP_RIF_VS_RIF1) cannot be retrieved for this MCU
2026-05-20 15:23:43,663 [INFO] RtosManager:558 - Registered RTOS mode: class=CMSIS, group=RTOS, mode=CMSIS_V1, owner=FREERTOS
2026-05-20 15:23:43,663 [INFO] RtosManager:558 - Registered RTOS mode: class=CMSIS, group=RTOS2, mode=CMSIS_V2, owner=FREERTOS
2026-05-20 15:23:43,664 [INFO] RtosManager:558 - Registered RTOS mode: class=RTOS, group=Core, mode=CMSIS_V1, owner=FREERTOS
2026-05-20 15:23:43,664 [INFO] RtosManager:558 - Registered RTOS mode: class=RTOS, group=Core, mode=CMSIS_V2, owner=FREERTOS
2026-05-20 15:23:43,664 [WARN] ModelIntegratedComponent:184 - Missing modes for component STMicroelectronics:FreeRTOS:0.0.1:STMicroelectronics:RTOS:FreeRTOS:Core:::10.2.0:
2026-05-20 15:23:43,679 [WARN] ModelIntegratedComponent:63 - No mode defined for component null
2026-05-20 15:23:43,679 [WARN] ModelIntegratedComponent:63 - No mode defined for component null
2026-05-20 15:23:43,679 [WARN] ModelIntegratedComponent:63 - No mode defined for component null
2026-05-20 15:23:43,679 [WARN] ModelIntegratedComponent:63 - No mode defined for component null
2026-05-20 15:23:43,679 [WARN] ModelIntegratedComponent:63 - No mode defined for component null
2026-05-20 15:23:43,679 [WARN] ModelIntegratedComponent:63 - No mode defined for component null
2026-05-20 15:23:43,679 [WARN] ModelIntegratedComponent:63 - No mode defined for component null
2026-05-20 15:23:43,679 [WARN] ModelIntegratedComponent:63 - No mode defined for component null
2026-05-20 15:23:43,679 [WARN] ModelIntegratedComponent:63 - No mode defined for component null
2026-05-20 15:23:43,679 [WARN] ModelIntegratedComponent:63 - No mode defined for component null
2026-05-20 15:23:43,679 [WARN] ModelIntegratedComponent:63 - No mode defined for component null
2026-05-20 15:23:43,679 [WARN] ModelIntegratedComponent:63 - No mode defined for component null
2026-05-20 15:23:43,679 [WARN] ModelIntegratedComponent:63 - No mode defined for component null
2026-05-20 15:23:43,679 [WARN] ModelIntegratedComponent:63 - No mode defined for component null
2026-05-20 15:23:43,679 [WARN] ModelIntegratedComponent:63 - No mode defined for component null
2026-05-20 15:23:43,679 [WARN] ModelIntegratedComponent:63 - No mode defined for component null
2026-05-20 15:23:43,680 [WARN] ModelIntegratedComponent:63 - No mode defined for component null
2026-05-20 15:23:43,680 [WARN] ModelIntegratedComponent:63 - No mode defined for component null
2026-05-20 15:23:43,680 [WARN] ModelIntegratedComponent:63 - No mode defined for component null
2026-05-20 15:23:43,680 [WARN] ModelIntegratedComponent:63 - No mode defined for component null
2026-05-20 15:23:43,680 [WARN] ModelIntegratedComponent:63 - No mode defined for component null
2026-05-20 15:23:43,680 [WARN] ModelIntegratedComponent:63 - No mode defined for component null
2026-05-20 15:23:43,680 [WARN] ModelIntegratedComponent:63 - No mode defined for component null
2026-05-20 15:23:43,680 [WARN] ModelIntegratedComponent:63 - No mode defined for component null
2026-05-20 15:23:43,680 [WARN] ModelIntegratedComponent:63 - No mode defined for component null
2026-05-20 15:23:43,680 [WARN] ModelIntegratedComponent:63 - No mode defined for component null
2026-05-20 15:23:43,680 [WARN] ModelIntegratedComponent:63 - No mode defined for component null
2026-05-20 15:23:43,680 [WARN] ModelIntegratedComponent:63 - No mode defined for component null
2026-05-20 15:23:43,680 [WARN] ModelIntegratedComponent:63 - No mode defined for component null
2026-05-20 15:23:43,680 [WARN] ModelIntegratedComponent:63 - No mode defined for component null
2026-05-20 15:23:43,680 [WARN] ModelIntegratedComponent:63 - No mode defined for component null
2026-05-20 15:23:43,680 [WARN] ModelIntegratedComponent:63 - No mode defined for component null
2026-05-20 15:23:43,680 [WARN] ModelIntegratedComponent:63 - No mode defined for component null
2026-05-20 15:23:43,680 [WARN] ModelIntegratedComponent:63 - No mode defined for component null
2026-05-20 15:23:43,681 [WARN] ModelIntegratedComponent:63 - No mode defined for component null
2026-05-20 15:23:43,681 [WARN] ModelPack:524 - Component already loaded: STMicroelectronics:HAL Drivers:0.0.0:STMicroelectronics:Device:STMicro_Driver:XSPI:HAL::0.0.1:HAL_XSPI
2026-05-20 15:23:43,777 [INFO] ThirdPartyModel:298 - Start build external matchings
2026-05-20 15:23:44,877 [INFO] ThirdPartyModel:316 - End build external matchings
2026-05-20 15:23:45,200 [INFO] UtilMem:75 - End LoadConfig() Used Memory: 929859752 Bytes (1073741824)
2026-05-20 15:23:45,478 [WARN] ThirdParty:833 - waiting for thirdparty lock release [change project]
2026-05-20 15:23:45,478 [INFO] ThirdParty:835 - entering critical section [change project]
2026-05-20 15:23:45,478 [INFO] ThirdParty:1030 - CMSIS Pack Vendor :STMicroelectronics X-CUBE-AZRTOS-H7 3.5.0
2026-05-20 15:23:45,478 [INFO] ThirdParty:1030 - CMSIS Pack Vendor :STMicroelectronics X-CUBE-PM33A1 1.0.0
2026-05-20 15:23:45,478 [INFO] ThirdParty:1030 - CMSIS Pack Vendor :STMicroelectronics USBPD 4.1
2026-05-20 15:23:45,478 [INFO] ThirdParty:1030 - CMSIS Pack Vendor :STMicroelectronics X-CUBE-NFC9 1.0.0
2026-05-20 15:23:45,478 [INFO] ThirdParty:1030 - CMSIS Pack Vendor :STMicroelectronics USB_HOST 2.0.0
2026-05-20 15:23:45,479 [INFO] ThirdParty:1030 - CMSIS Pack Vendor :STMicroelectronics X-CUBE-AZRTOS-F4 1.1.0
2026-05-20 15:23:45,479 [INFO] ThirdParty:1030 - CMSIS Pack Vendor :STMicroelectronics LIBJPEG 8.0.0
2026-05-20 15:23:45,479 [INFO] ThirdParty:1030 - CMSIS Pack Vendor :STMicroelectronics FP-ATR-ASTRA1 2.0.2
2026-05-20 15:23:45,479 [INFO] ThirdParty:1030 - CMSIS Pack Vendor :STMicroelectronics X-CUBE-BLE1 7.1.0
2026-05-20 15:23:45,479 [INFO] ThirdParty:1030 - CMSIS Pack Vendor :STMicroelectronics X-CUBE-SMBUS 2.1.0
2026-05-20 15:23:45,479 [INFO] ThirdParty:1030 - CMSIS Pack Vendor :wolfSSL I-CUBE-wolfMQTT 1.19.2
2026-05-20 15:23:45,479 [INFO] ThirdParty:1030 - CMSIS Pack Vendor :STMicroelectronics USB_DEVICE 3.0.0
2026-05-20 15:23:45,479 [INFO] ThirdParty:1030 - CMSIS Pack Vendor :STMicroelectronics X-CUBE-ISPU 2.1.0
2026-05-20 15:23:45,479 [INFO] ThirdParty:1030 - CMSIS Pack Vendor :STMicroelectronics X-CUBE-EEPRMA1 5.2.0
2026-05-20 15:23:45,479 [INFO] ThirdParty:1030 - CMSIS Pack Vendor :STMicroelectronics X-CUBE-IPS 3.2.0
2026-05-20 15:23:45,479 [INFO] ThirdParty:1030 - CMSIS Pack Vendor :STMicroelectronics X-CUBE-BLEMGR 4.1.0
2026-05-20 15:23:45,479 [INFO] ThirdParty:1030 - CMSIS Pack Vendor :STMicroelectronics eDS-WB_DPC_TT-BIDIR 2.1.1
2026-05-20 15:23:45,479 [INFO] ThirdParty:1030 - CMSIS Pack Vendor :STMicroelectronics X-CUBE-AZRTOS-WB 2.0.0
2026-05-20 15:23:45,479 [INFO] ThirdParty:1030 - CMSIS Pack Vendor :wolfSSL I-CUBE-wolfSSL 5.8.4
2026-05-20 15:23:45,479 [INFO] ThirdParty:1030 - CMSIS Pack Vendor :Cesanta I-CUBE-Mongoose 7.20.0
2026-05-20 15:23:45,479 [INFO] ThirdParty:1030 - CMSIS Pack Vendor :STMicroelectronics X-CUBE-NFC12 1.0.0
2026-05-20 15:23:45,479 [INFO] ThirdParty:1030 - CMSIS Pack Vendor :STMicroelectronics X-CUBE-AZRTOS-F7 1.1.0
2026-05-20 15:23:45,479 [INFO] ThirdParty:1030 - CMSIS Pack Vendor :STMicroelectronics X-CUBE-AZRTOS-L5 2.0.0
2026-05-20 15:23:45,479 [INFO] ThirdParty:1030 - CMSIS Pack Vendor :STMicroelectronics USB_DEVICE 2.0.0
2026-05-20 15:23:45,479 [INFO] ThirdParty:1030 - CMSIS Pack Vendor :STMicroelectronics FP-SNS-STAIOTCFT 1.1.0
2026-05-20 15:23:45,479 [INFO] ThirdParty:1030 - CMSIS Pack Vendor :quantropi X-CUBE-qispace-sdk-base 2.1.0
2026-05-20 15:23:45,479 [INFO] ThirdParty:1030 - CMSIS Pack Vendor :STMicroelectronics X-CUBE-MEMS1 12.0.0
2026-05-20 15:23:45,479 [INFO] ThirdParty:1030 - CMSIS Pack Vendor :STMicroelectronics X-CUBE-STSE01 2.0.0
2026-05-20 15:23:45,479 [INFO] ThirdParty:1030 - CMSIS Pack Vendor :STMicroelectronics FP-SNS-MOTENV1 5.1.0
2026-05-20 15:23:45,479 [INFO] ThirdParty:1030 - CMSIS Pack Vendor :STMicroelectronics FreeRTOS 0.0.1
2026-05-20 15:23:45,479 [INFO] ThirdParty:1030 - CMSIS Pack Vendor :STMicroelectronics X-CUBE-AZRTOS-G0 1.1.0
2026-05-20 15:23:45,479 [INFO] ThirdParty:1030 - CMSIS Pack Vendor :STMicroelectronics X-CUBE-NFC4 3.0.0
2026-05-20 15:23:45,479 [INFO] ThirdParty:1030 - CMSIS Pack Vendor :STMicroelectronics X-CUBE-SUBG2 5.0.0
2026-05-20 15:23:45,479 [INFO] ThirdParty:1030 - CMSIS Pack Vendor :STMicroelectronics STM32_WPAN 1.0.0
2026-05-20 15:23:45,479 [INFO] ThirdParty:1030 - CMSIS Pack Vendor :STMicroelectronics eDS-WB_DPC_VIENNA 1.2.0
2026-05-20 15:23:45,479 [INFO] ThirdParty:1030 - CMSIS Pack Vendor :EmbeddedOffice I-CUBE-FS-RTOS 1.0.1
2026-05-20 15:23:45,479 [INFO] ThirdParty:1030 - CMSIS Pack Vendor :STMicroelectronics lwIP 2.0.3
2026-05-20 15:23:45,479 [INFO] ThirdParty:1030 - CMSIS Pack Vendor :WES I-CUBE-Cesium 1.4.0
2026-05-20 15:23:45,479 [INFO] ThirdParty:1030 - CMSIS Pack Vendor :STMicroelectronics eDS-WB_DPC_3PH2L-BIDIR 1.1.1
2026-05-20 15:23:45,479 [INFO] ThirdParty:1030 - CMSIS Pack Vendor :STMicroelectronics USB_HOST 1.0.0
2026-05-20 15:23:45,479 [INFO] ThirdParty:1030 - CMSIS Pack Vendor :STMicroelectronics X-CUBE-AZRTOS-G4 2.0.0
2026-05-20 15:23:45,480 [INFO] ThirdParty:1030 - CMSIS Pack Vendor :STMicroelectronics X-CUBE-WB05N 2.0.0
2026-05-20 15:23:45,480 [INFO] ThirdParty:1030 - CMSIS Pack Vendor :STMicroelectronics PDM2PCM 3.1.0
2026-05-20 15:23:45,480 [INFO] ThirdParty:1030 - CMSIS Pack Vendor :STMicroelectronics PDM2PCM 3.3.0
2026-05-20 15:23:45,480 [INFO] ThirdParty:1030 - CMSIS Pack Vendor :wolfSSL I-CUBE-wolfTPM 3.8.0
2026-05-20 15:23:45,480 [INFO] ThirdParty:1030 - CMSIS Pack Vendor :STMicroelectronics X-CUBE-DISPLAY 3.0.0
2026-05-20 15:23:45,480 [INFO] ThirdParty:1030 - CMSIS Pack Vendor :wolfSSL I-CUBE-wolfSSH 1.4.20
2026-05-20 15:23:45,480 [INFO] ThirdParty:1030 - CMSIS Pack Vendor :STMicroelectronics X-CUBE-NFC7 2.0.0
2026-05-20 15:23:45,480 [INFO] ThirdParty:1030 - CMSIS Pack Vendor :STMicroelectronics X-CUBE-GNSS1 7.1.1
2026-05-20 15:23:45,480 [INFO] ThirdParty:1030 - CMSIS Pack Vendor :STMicroelectronics FP-SNS-MOTENVWB1 1.5.0
2026-05-20 15:23:45,480 [INFO] ThirdParty:1030 - CMSIS Pack Vendor :STMicroelectronics X-CUBE-TCPP 4.2.0
2026-05-20 15:23:45,480 [INFO] ThirdParty:1030 - CMSIS Pack Vendor :RealThread X-CUBE-RT-Thread_Nano 4.1.1
2026-05-20 15:23:45,480 [INFO] ThirdParty:1030 - CMSIS Pack Vendor :wolfSSL I-CUBE-wolfSSL 5.9.1
2026-05-20 15:23:45,480 [INFO] ThirdParty:1030 - CMSIS Pack Vendor :STMicroelectronics FP-ATR-SIGFOX1 3.2.0
2026-05-20 15:23:45,480 [INFO] ThirdParty:1030 - CMSIS Pack Vendor :STMicroelectronics X-CUBE-NFC10 1.0.0
2026-05-20 15:23:45,480 [INFO] ThirdParty:1030 - CMSIS Pack Vendor :STMicroelectronics HAL Drivers 0.0.0
2026-05-20 15:23:45,480 [INFO] ThirdParty:1030 - CMSIS Pack Vendor :STMicroelectronics X-CUBE-FREERTOS 1.5.0
2026-05-20 15:23:45,480 [INFO] ThirdParty:1030 - CMSIS Pack Vendor :STMicroelectronics MBEDTLS 2.16.2
2026-05-20 15:23:45,480 [INFO] ThirdParty:1030 - CMSIS Pack Vendor :STMicroelectronics X-CUBE-ST60 1.1.0
2026-05-20 15:23:45,480 [INFO] ThirdParty:1030 - CMSIS Pack Vendor :STMicroelectronics X-CUBE-ALS 1.0.2
2026-05-20 15:23:45,480 [INFO] ThirdParty:1030 - CMSIS Pack Vendor :emotas I-CUBE-CANOPEN 1.3.0
2026-05-20 15:23:45,480 [INFO] ThirdParty:1030 - CMSIS Pack Vendor :STMicroelectronics MBEDTLS 2.14.1
2026-05-20 15:23:45,480 [INFO] ThirdParty:1030 - CMSIS Pack Vendor :STMicroelectronics X-CUBE-GNSS1 7.1.0
2026-05-20 15:23:45,480 [INFO] ThirdParty:1030 - CMSIS Pack Vendor :ITTIA_DB I-CUBE-ITTIADB 8.9.0
2026-05-20 15:23:45,480 [INFO] ThirdParty:1030 - CMSIS Pack Vendor :Cesanta I-CUBE-Mongoose 7.21.6
2026-05-20 15:23:45,480 [INFO] ThirdParty:1030 - CMSIS Pack Vendor :STMicroelectronics X-CUBE-TOUCHGFX 4.26.1
2026-05-20 15:23:45,480 [INFO] ThirdParty:1030 - CMSIS Pack Vendor :STMicroelectronics X-CUBE-NFC6 3.2.0
2026-05-20 15:23:45,480 [INFO] ThirdParty:1030 - CMSIS Pack Vendor :STMicroelectronics FP-SNS-STBOX1 2.1.0
2026-05-20 15:23:45,480 [INFO] ThirdParty:1030 - CMSIS Pack Vendor :STMicroelectronics X-CUBE-AI 10.2.0
2026-05-20 15:23:45,480 [INFO] ThirdParty:1030 - CMSIS Pack Vendor :STMicroelectronics FP-SNS-STAIOTCFT 1.0.0
2026-05-20 15:23:45,480 [INFO] ThirdParty:1030 - CMSIS Pack Vendor :STMicroelectronics ThreadX 1.0.0
2026-05-20 15:23:45,480 [INFO] ThirdParty:1030 - CMSIS Pack Vendor :STMicroelectronics FP-SNS-SMARTAG2 1.2.0
2026-05-20 15:23:45,480 [INFO] ThirdParty:1030 - CMSIS Pack Vendor :STMicroelectronics X-CUBE-MEMS1 12.1.0
2026-05-20 15:23:45,480 [INFO] ThirdParty:1030 - CMSIS Pack Vendor :STMicroelectronics FP-SNS-FLIGHT1 5.1.0
2026-05-20 15:23:45,480 [INFO] ThirdParty:1030 - CMSIS Pack Vendor :STMicroelectronics X-CUBE-AZRTOS-WL 2.0.0
2026-05-20 15:23:45,480 [INFO] ThirdParty:1030 - CMSIS Pack Vendor :SEGGER I-CUBE-embOS 1.3.1
2026-05-20 15:23:45,480 [INFO] ThirdParty:1030 - CMSIS Pack Vendor :STMicroelectronics X-CUBE-ALGOBUILD 1.4.0
2026-05-20 15:23:45,480 [INFO] ThirdParty:1030 - CMSIS Pack Vendor :STMicroelectronics X-CUBE-DPower 1.3.0
2026-05-20 15:23:45,480 [INFO] ThirdParty:1030 - CMSIS Pack Vendor :STMicroelectronics USB_DEVICE 1.0.0
2026-05-20 15:23:45,480 [INFO] ThirdParty:1030 - CMSIS Pack Vendor :STMicroelectronics X-CUBE-AZRTOS-H7RS 1.2.0
2026-05-20 15:23:45,480 [INFO] ThirdParty:1030 - CMSIS Pack Vendor :STMicroelectronics X-CUBE-AZRTOS-L4 2.0.0
2026-05-20 15:23:45,481 [INFO] ThirdParty:1030 - CMSIS Pack Vendor :STMicroelectronics ThreadX 0.0.2
2026-05-20 15:23:45,481 [INFO] ThirdParty:1030 - CMSIS Pack Vendor :STMicroelectronics lwIP 2.1.2
2026-05-20 15:23:45,481 [INFO] ThirdParty:1030 - CMSIS Pack Vendor :STMicroelectronics X-CUBE-SFXS2LP1 4.0.0
2026-05-20 15:23:45,481 [INFO] ThirdParty:1030 - CMSIS Pack Vendor :STMicroelectronics X-CUBE-BLE2 3.3.0
2026-05-20 15:23:45,481 [INFO] ThirdParty:1030 - CMSIS Pack Vendor :Avnet-IOTCONNECT X-CUBE-iotc-st67-sdk 1.0.0
2026-05-20 15:23:45,481 [INFO] ThirdParty:1030 - CMSIS Pack Vendor :STMicroelectronics X-CUBE-TOF1 3.4.3
2026-05-20 15:23:45,482 [INFO] ThirdParty:1030 - CMSIS Pack Vendor :Infineon AIROC-Wi-Fi-Bluetooth-STM32 1.8.0
2026-05-20 15:23:45,482 [INFO] ThirdParty:1030 - CMSIS Pack Vendor :STMicroelectronics PDM2PCM 3.2.0
2026-05-20 15:23:45,482 [INFO] ThirdParty:1030 - CMSIS Pack Vendor :STMicroelectronics X-CUBE-WB05N 2.1.0
2026-05-20 15:23:45,482 [INFO] ThirdParty:1030 - CMSIS Pack Vendor :STMicroelectronics X-CUBE-ST67W61 1.2.0
2026-05-20 15:23:45,482 [INFO] ThirdParty:841 - exiting critical section [change project]
2026-05-20 15:23:45,740 [INFO] PinOutPanel:1589 - setPackage(No Configuration,No Configuration)
2026-05-20 15:23:45,742 [INFO] PinOutPanel:1589 - setPackage(STM32L053C8Tx,LQFP48)
2026-05-20 15:23:46,162 [INFO] UtilMem:75 - Before build in PCC Used Memory: 911113000 Bytes (1073741824)
2026-05-20 15:23:46,628 [INFO] UtilMem:75 - After build in PCC Used Memory: 964273200 Bytes (1073741824)
2026-05-20 15:23:46,667 [INFO] IPUIPlugin:80 - create IPUIPlugin
2026-05-20 15:23:46,667 [INFO] IPUIPlugin:80 - create IPUIPlugin
2026-05-20 15:23:46,667 [INFO] IPUIPlugin:80 - create IPUIPlugin
2026-05-20 15:23:46,668 [INFO] IPUIPlugin:80 - create IPUIPlugin
2026-05-20 15:23:46,668 [INFO] IPUIPlugin:80 - create IPUIPlugin
2026-05-20 15:23:46,668 [INFO] IPUIPlugin:80 - create IPUIPlugin
2026-05-20 15:23:46,668 [INFO] IPUIPlugin:80 - create IPUIPlugin
2026-05-20 15:23:46,668 [INFO] IPUIPlugin:80 - create IPUIPlugin
2026-05-20 15:23:46,668 [INFO] IPUIPlugin:80 - create IPUIPlugin
2026-05-20 15:23:46,669 [INFO] IPUIPlugin:80 - create IPUIPlugin
2026-05-20 15:23:46,669 [INFO] IPUIPlugin:80 - create IPUIPlugin
2026-05-20 15:23:46,669 [INFO] IPUIPlugin:80 - create IPUIPlugin
2026-05-20 15:23:46,669 [INFO] IPUIPlugin:80 - create IPUIPlugin
2026-05-20 15:23:46,669 [INFO] IPUIPlugin:80 - create IPUIPlugin
2026-05-20 15:23:46,670 [INFO] IPUIPlugin:80 - create IPUIPlugin
2026-05-20 15:23:46,670 [INFO] IPUIPlugin:80 - create IPUIPlugin
2026-05-20 15:23:46,670 [INFO] IPUIPlugin:80 - create IPUIPlugin
2026-05-20 15:23:46,671 [INFO] IPUIPlugin:80 - create IPUIPlugin
2026-05-20 15:23:46,671 [INFO] IPUIPlugin:80 - create IPUIPlugin
2026-05-20 15:23:46,671 [INFO] IPUIPlugin:80 - create IPUIPlugin
2026-05-20 15:23:46,672 [INFO] IPUIPlugin:80 - create IPUIPlugin
2026-05-20 15:23:46,672 [INFO] IPUIPlugin:80 - create IPUIPlugin
2026-05-20 15:23:46,672 [INFO] IPUIPlugin:80 - create IPUIPlugin
2026-05-20 15:23:46,672 [INFO] IPUIPlugin:80 - create IPUIPlugin
2026-05-20 15:23:46,672 [INFO] IPUIPlugin:80 - create IPUIPlugin
2026-05-20 15:23:46,673 [INFO] IPUIPlugin:80 - create IPUIPlugin
2026-05-20 15:23:46,673 [INFO] IPUIPlugin:80 - create IPUIPlugin
2026-05-20 15:23:46,673 [INFO] IPUIPlugin:80 - create IPUIPlugin
2026-05-20 15:23:46,673 [INFO] IPUIPlugin:80 - create IPUIPlugin
2026-05-20 15:23:46,673 [INFO] IPUIPlugin:80 - create IPUIPlugin
2026-05-20 15:23:46,674 [INFO] IPUIPlugin:80 - create IPUIPlugin
2026-05-20 15:23:46,674 [INFO] IPUIPlugin:80 - create IPUIPlugin
2026-05-20 15:23:46,674 [INFO] IPUIPlugin:80 - create IPUIPlugin
2026-05-20 15:23:46,674 [INFO] IPUIPlugin:80 - create IPUIPlugin
2026-05-20 15:23:46,726 [INFO] CADModel:165 - CPN selected for project levelSTM32L053C8T6
2026-05-20 15:23:46,726 [INFO] CADModel:114 - Register for checkConnection events
2026-05-20 15:23:46,796 [INFO] OpenFileManager:386 - Restore cursor
2026-05-20 15:23:47,342 [INFO] UtilMem:75 - End SaveConfig() Used Memory: 839113352 Bytes (1073741824)
2026-05-20 15:23:47,476 [INFO] UtilMem:75 - End SaveConfig() Used Memory: 848964256 Bytes (1073741824)
2026-05-20 15:23:47,814 [INFO] BlockDiagram:2775 - set Specific Code input for plugin: NVIC
2026-05-20 15:23:47,815 [INFO] BlockDiagram:2775 - set Specific Code input for plugin: GPIO
2026-05-20 15:23:47,815 [INFO] BlockDiagram:2775 - set Specific Code input for plugin: RCC
2026-05-20 15:23:47,818 [INFO] CodeGenerator:892 - code generatio: config db path: C:\ST\STM32CubeIDE_1.19.0\STM32CubeIDE\plugins\com.st.stm32cube.common.mx_6.15.0.202507011659\\db\
2026-05-20 15:23:48,343 [INFO] CodeEngine:265 - oldGeneratedFile, D:\stm32L0\GSM_timer\MXTmpFiles\license.tmp_save
2026-05-20 15:23:49,579 [INFO] CodeEngine:289 - Generated code: D:\stm32L0\GSM_timer\MXTmpFiles\license.tmp
2026-05-20 15:23:49,873 [INFO] CodeEngine:265 - oldGeneratedFile, D:\stm32L0\GSM_timer\MXTmpFiles\gpio.tmp_save
2026-05-20 15:23:50,110 [INFO] CodeEngine:289 - Generated code: D:\stm32L0\GSM_timer\MXTmpFiles\gpio.tmp
2026-05-20 15:23:50,139 [INFO] CodeEngine:265 - oldGeneratedFile, D:\stm32L0\GSM_timer\Core\Src\stm32l0xx_it.c_save
2026-05-20 15:23:50,358 [INFO] CodeEngine:289 - Generated code: D:\stm32L0\GSM_timer\Core\Src\stm32l0xx_it.c
2026-05-20 15:23:50,370 [INFO] CodeEngine:265 - oldGeneratedFile, D:\stm32L0\GSM_timer\Core\Inc\stm32l0xx_it.h_save
2026-05-20 15:23:50,511 [INFO] CodeEngine:289 - Generated code: D:\stm32L0\GSM_timer\Core\Inc\stm32l0xx_it.h
2026-05-20 15:23:50,702 [INFO] CodeEngine:265 - oldGeneratedFile, D:\stm32L0\GSM_timer\Core\Src\stm32l0xx_hal_msp.c_save
2026-05-20 15:23:50,862 [INFO] CodeEngine:289 - Generated code: D:\stm32L0\GSM_timer\Core\Src\stm32l0xx_hal_msp.c
2026-05-20 15:23:50,873 [INFO] CodeEngine:265 - oldGeneratedFile, D:\stm32L0\GSM_timer\MXTmpFiles\system.tmp_save
2026-05-20 15:23:50,982 [INFO] CodeEngine:289 - Generated code: D:\stm32L0\GSM_timer\MXTmpFiles\system.tmp
2026-05-20 15:23:51,005 [INFO] CodeEngine:321 - oldGeneratedFile, D:\stm32L0\GSM_timer\Core\Inc\stm32l0xx_hal_conf.h_save
2026-05-20 15:23:51,127 [INFO] CodeEngine:345 - Generated code: D:\stm32L0\GSM_timer\Core\Inc\stm32l0xx_hal_conf.h
2026-05-20 15:23:51,192 [INFO] ApiDbMcu:532 - Load IP Config File for RCC
2026-05-20 15:23:51,210 [INFO] CodeEngine:265 - oldGeneratedFile, D:\stm32L0\GSM_timer\Core\Inc\main.h_save
2026-05-20 15:23:51,358 [INFO] CodeEngine:289 - Generated code: D:\stm32L0\GSM_timer\Core\Inc\main.h
2026-05-20 15:23:51,368 [INFO] CodeEngine:265 - oldGeneratedFile, D:\stm32L0\GSM_timer\Core\Src\main.c_save
2026-05-20 15:23:51,608 [INFO] CodeEngine:289 - Generated code: D:\stm32L0\GSM_timer\Core\Src\main.c
2026-05-20 15:23:52,404 [INFO] ProjectBuilder:3606 - Time for Copy HAL[1] : 424mS.
2026-05-20 15:23:52,421 [INFO] ProjectBuilder:5216 - Project Generator version: 4.7.0-B52
2026-05-20 15:23:52,549 [INFO] ConfigFileManager:1595 - The Die is : DIE417
2026-05-20 15:23:52,558 [INFO] ApiDbMcu:532 - Load IP Config File for FATFS
2026-05-20 15:23:52,568 [INFO] ApiDbMcu:532 - Load IP Config File for FREERTOS
2026-05-20 15:23:52,584 [INFO] ApiDbMcu:532 - Load IP Config File for TOUCHSENSING
2026-05-20 15:23:52,592 [INFO] ApiDbMcu:532 - Load IP Config File for USB_DEVICE
