2026-05-12 09:28:22,111 [INFO] Activator:176 - 


2026-05-12 09:28:22,123 [INFO] Activator:177 - !SESSION log4j initialized
2026-05-12 09:28:30,564 [INFO] LogOutputStream:77 - [STDOUT_REDIRECT] 
2026-05-12 09:28:34,888 [INFO] ApplicationProperties:184 - Using Application install path: C:\ST\STM32CubeIDE_1.19.0\STM32CubeIDE\plugins\com.st.stm32cube.common.mx_6.15.0.202507011659
2026-05-12 09:28:34,916 [INFO] DbMcusXml:78 - Set database path to: C:\ST\STM32CubeIDE_1.19.0\STM32CubeIDE\plugins\com.st.stm32cube.common.mx_6.15.0.202507011659\\db\/mcu/
2026-05-12 09:28:34,917 [INFO] ApiDb:274 - Set plugin database path to: C:\ST\STM32CubeIDE_1.19.0\STM32CubeIDE\plugins\com.st.stm32cube.common.mx_6.15.0.202507011659\\db\/plugins/boardmanager/
2026-05-12 09:28:34,918 [WARN] ApiDb:259 - Overriding images path with different value:  => C:\ST\STM32CubeIDE_1.19.0\STM32CubeIDE\plugins\com.st.stm32cube.common.mx_6.15.0.202507011659\\db\/plugins/mcufinder/images/
2026-05-12 09:28:34,929 [INFO] ApiDb:250 - Set database path to: C:\Users\jahna\.stmcufinder\plugins\mcufinder//mcu/
2026-05-12 09:28:34,931 [INFO] DbMcusAds:125 - Set database path to: C:\Users\jahna\.stmcufinder\plugins\mcufinder//mcu/
2026-05-12 09:28:34,934 [INFO] CrossReferenceDbSqlite:203 - Set database path to: C:\Users\jahna\.stmcufinder\plugins\mcufinder//mcu/cs/
2026-05-12 09:28:35,094 [INFO] RulesReader:64 - Compatibility file has been processed (317 Rules)
2026-05-12 09:28:35,247 [INFO] DbMcusXml:78 - Set database path to: C:\ST\STM32CubeIDE_1.19.0\STM32CubeIDE\plugins\com.st.stm32cube.common.mx_6.15.0.202507011659\\db\/mcu/
2026-05-12 09:28:35,247 [INFO] ApiDb:274 - Set plugin database path to: C:\ST\STM32CubeIDE_1.19.0\STM32CubeIDE\plugins\com.st.stm32cube.common.mx_6.15.0.202507011659\\db\/plugins/boardmanager/
2026-05-12 09:28:35,247 [INFO] ApiDb:261 - Set plugin images path to: C:\ST\STM32CubeIDE_1.19.0\STM32CubeIDE\plugins\com.st.stm32cube.common.mx_6.15.0.202507011659\\db\/plugins/mcufinder/images/
2026-05-12 09:28:35,247 [WARN] DbFile:41 - Overriding database path with different value: C:\Users\jahna\.stmcufinder\plugins\mcufinder/ => C:\Users\jahna\.stmcufinder\plugins\mcufinder
2026-05-12 09:28:35,248 [INFO] ApiDb:250 - Set database path to: C:\Users\jahna\.stmcufinder\plugins\mcufinder//mcu/
2026-05-12 09:28:35,248 [WARN] DbFile:41 - Overriding database path with different value: C:\Users\jahna\.stmcufinder\plugins\mcufinder/ => C:\Users\jahna\.stmcufinder\plugins\mcufinder
2026-05-12 09:28:35,248 [INFO] DbMcusAds:125 - Set database path to: C:\Users\jahna\.stmcufinder\plugins\mcufinder//mcu/
2026-05-12 09:28:35,248 [WARN] DbFile:41 - Overriding database path with different value: C:\Users\jahna\.stmcufinder\plugins\mcufinder/ => C:\Users\jahna\.stmcufinder\plugins\mcufinder
2026-05-12 09:28:35,249 [WARN] DbFile:41 - Overriding database path with different value: C:\Users\jahna\.stmcufinder\plugins\mcufinder/ => C:\Users\jahna\.stmcufinder\plugins\mcufinder
2026-05-12 09:28:35,249 [INFO] CrossReferenceDbSqlite:203 - Set database path to: C:\Users\jahna\.stmcufinder\plugins\mcufinder//mcu/cs/
2026-05-12 09:28:35,397 [INFO] MainPanel:274 - HeapMemory: 268435456
2026-05-12 09:28:35,560 [INFO] DbMcusXml:78 - Set database path to: C:\ST\STM32CubeIDE_1.19.0\STM32CubeIDE\plugins\com.st.stm32cube.common.mx_6.15.0.202507011659\\db\/mcu/
2026-05-12 09:28:35,560 [INFO] ApiDb:274 - Set plugin database path to: C:\ST\STM32CubeIDE_1.19.0\STM32CubeIDE\plugins\com.st.stm32cube.common.mx_6.15.0.202507011659\\db\/plugins/boardmanager/
2026-05-12 09:28:35,560 [INFO] ApiDb:261 - Set plugin images path to: C:\ST\STM32CubeIDE_1.19.0\STM32CubeIDE\plugins\com.st.stm32cube.common.mx_6.15.0.202507011659\\db\/plugins/mcufinder/images/
2026-05-12 09:28:35,561 [WARN] DbFile:41 - Overriding database path with different value: C:\Users\jahna\.stmcufinder\plugins\mcufinder/ => C:\Users\jahna\.stmcufinder\plugins\mcufinder
2026-05-12 09:28:35,561 [INFO] ApiDb:250 - Set database path to: C:\Users\jahna\.stmcufinder\plugins\mcufinder//mcu/
2026-05-12 09:28:35,561 [WARN] DbFile:41 - Overriding database path with different value: C:\Users\jahna\.stmcufinder\plugins\mcufinder/ => C:\Users\jahna\.stmcufinder\plugins\mcufinder
2026-05-12 09:28:35,561 [INFO] DbMcusAds:125 - Set database path to: C:\Users\jahna\.stmcufinder\plugins\mcufinder//mcu/
2026-05-12 09:28:35,561 [WARN] DbFile:41 - Overriding database path with different value: C:\Users\jahna\.stmcufinder\plugins\mcufinder/ => C:\Users\jahna\.stmcufinder\plugins\mcufinder
2026-05-12 09:28:35,562 [WARN] DbFile:41 - Overriding database path with different value: C:\Users\jahna\.stmcufinder\plugins\mcufinder/ => C:\Users\jahna\.stmcufinder\plugins\mcufinder
2026-05-12 09:28:35,562 [INFO] CrossReferenceDbSqlite:203 - Set database path to: C:\Users\jahna\.stmcufinder\plugins\mcufinder//mcu/cs/
2026-05-12 09:28:35,588 [INFO] ApplicationProperties:184 - Using Application install path: C:\ST\STM32CubeIDE_1.19.0\STM32CubeIDE\plugins\com.st.stm32cube.common.mx_6.15.0.202507011659
2026-05-12 09:28:35,591 [INFO] PluginManage:196 - Search for loadable plugins [exclusion list=, ]
2026-05-12 09:28:35,594 [INFO] PluginManage:310 - Check plugin analytics
2026-05-12 09:28:35,880 [INFO] AnalyticsPlugin:253 - Accepted Software Licenses: STM32CubeMX.6.17.0
2026-05-12 09:28:35,880 [INFO] AnalyticsPlugin:255 - Accepted CMSIS Pack Licenses: 
2026-05-12 09:28:35,881 [INFO] AnalyticsPlugin:257 - Accepted Firmware Licenses: FW.F4.1.28.0,FW.F4.1.28.3
2026-05-12 09:28:35,885 [INFO] PluginManage:359 - Loaded plugin analytics (category:tool,tabindex:-1)
2026-05-12 09:28:35,886 [INFO] PluginManage:310 - Check plugin cadmodel
2026-05-12 09:28:35,898 [INFO] CADModel:105 - Init CAD model plugin
2026-05-12 09:28:35,899 [INFO] PluginManage:359 - Loaded plugin cadmodel (category:power,tabindex:5)
2026-05-12 09:28:35,900 [INFO] PluginManage:310 - Check plugin clock
2026-05-12 09:28:35,920 [INFO] PluginManage:359 - Loaded plugin clock (category:base,tabindex:2)
2026-05-12 09:28:35,920 [INFO] PluginManage:310 - Check plugin ddr
2026-05-12 09:28:35,925 [INFO] PluginManage:359 - Loaded plugin ddr (category:tool,tabindex:6)
2026-05-12 09:28:35,926 [INFO] PluginManage:310 - Check plugin filemanager
2026-05-12 09:28:36,155 [INFO] PluginManage:359 - Loaded plugin filemanager (category:base,tabindex:10)
2026-05-12 09:28:36,155 [INFO] PluginManage:310 - Check plugin ipmanager
2026-05-12 09:28:36,166 [INFO] PluginManage:359 - Loaded plugin ipmanager (category:base,tabindex:5)
2026-05-12 09:28:36,166 [INFO] PluginManage:310 - Check plugin lpbam
2026-05-12 09:28:36,178 [INFO] PluginManage:359 - Loaded plugin lpbam (category:base,tabindex:0)
2026-05-12 09:28:36,178 [INFO] PluginManage:310 - Check plugin memorymap
2026-05-12 09:28:36,201 [INFO] PluginManage:359 - Loaded plugin memorymap (category:base,tabindex:4)
2026-05-12 09:28:36,201 [INFO] PluginManage:310 - Check plugin pinoutandconfiguration
2026-05-12 09:28:36,217 [INFO] PluginManage:359 - Loaded plugin pinoutandconfiguration (category:base,tabindex:1)
2026-05-12 09:28:36,217 [INFO] PluginManage:310 - Check plugin pinoutconfig
2026-05-12 09:28:36,400 [WARN] SupportedApi:132 - Cannot load RTOS API schema: s4s-elt-must-match.1: The content of 'definitions' must match (annotation?, (simpleType | complexType)?, (unique | key | keyref)*)). A problem was found starting at: attribute.
2026-05-12 09:28:36,612 [INFO] PluginManage:359 - Loaded plugin pinoutconfig (category:base,tabindex:0)
2026-05-12 09:28:36,612 [INFO] PluginManage:310 - Check plugin power
2026-05-12 09:28:36,629 [INFO] PluginManage:359 - Loaded plugin power (category:power,tabindex:4)
2026-05-12 09:28:36,629 [INFO] PluginManage:310 - Check plugin projectmanager
2026-05-12 09:28:36,653 [INFO] PluginManage:359 - Loaded plugin projectmanager (category:projectmanager,tabindex:4)
2026-05-12 09:28:36,653 [INFO] PluginManage:310 - Check plugin rif
2026-05-12 09:28:36,668 [INFO] PluginManage:359 - Loaded plugin rif (category:base,tabindex:3)
2026-05-12 09:28:36,668 [INFO] PluginManage:310 - Check plugin thirdparty
2026-05-12 09:28:36,936 [INFO] PluginManage:359 - Loaded plugin thirdparty (category:base,tabindex:-1)
2026-05-12 09:28:36,936 [WARN] IntegrityCheckThread:84 - waiting for thirdparty lock release [integrity check]
2026-05-12 09:28:36,937 [INFO] PluginManage:310 - Check plugin tools
2026-05-12 09:28:36,937 [INFO] IntegrityCheckThread:86 - entering critical section [integrity check]
2026-05-12 09:28:36,938 [INFO] ThirdPartyUpdaterWithRetryManager:70 - Updater plugin not ready yet. [1/15]
2026-05-12 09:28:36,943 [INFO] PluginManage:359 - Loaded plugin tools (category:base,tabindex:7)
2026-05-12 09:28:36,943 [INFO] PluginManage:310 - Check plugin tutovideos
2026-05-12 09:28:37,276 [INFO] PluginManage:359 - Loaded plugin tutovideos (category:base,tabindex:-1)
2026-05-12 09:28:37,276 [INFO] PluginManage:310 - Check plugin updater
2026-05-12 09:28:37,305 [INFO] PluginManage:359 - Loaded plugin updater (category:base,tabindex:12)
2026-05-12 09:28:37,305 [INFO] PluginManage:310 - Check plugin userauth
2026-05-12 09:28:37,312 [INFO] UserAuth:118 - Init User Auth plugin
2026-05-12 09:28:37,313 [INFO] PluginManage:359 - Loaded plugin userauth (category:base,tabindex:14)
2026-05-12 09:28:37,314 [INFO] PluginManage:283 - PluginManage : Loaded plugins [18]
2026-05-12 09:28:37,705 [INFO] PinOutPanel:1589 - setPackage(No Configuration,No Configuration)
2026-05-12 09:28:37,834 [INFO] CADModel:165 - CPN selected for project level
2026-05-12 09:28:37,834 [INFO] CADModel:114 - Register for checkConnection events
2026-05-12 09:28:37,867 [INFO] IPUIPlugin:80 - create IPUIPlugin
2026-05-12 09:28:37,868 [INFO] PluginManager:220 - loadIPPluginJar : add adc
2026-05-12 09:28:37,872 [INFO] IPUIPlugin:80 - create IPUIPlugin
2026-05-12 09:28:37,873 [INFO] PluginManager:220 - loadIPPluginJar : add aes
2026-05-12 09:28:37,878 [INFO] IPUIPlugin:80 - create IPUIPlugin
2026-05-12 09:28:37,878 [INFO] PluginManager:220 - loadIPPluginJar : add can
2026-05-12 09:28:37,881 [INFO] IPUIPlugin:80 - create IPUIPlugin
2026-05-12 09:28:37,882 [INFO] PluginManager:220 - loadIPPluginJar : add comp
2026-05-12 09:28:37,888 [INFO] IPUIPlugin:80 - create IPUIPlugin
2026-05-12 09:28:37,888 [INFO] PluginManager:220 - loadIPPluginJar : add cryp
2026-05-12 09:28:37,895 [INFO] IPUIPlugin:80 - create IPUIPlugin
2026-05-12 09:28:37,896 [INFO] PluginManager:220 - loadIPPluginJar : add ddr_ctrl_phy
2026-05-12 09:28:37,902 [INFO] IPUIPlugin:80 - create IPUIPlugin
2026-05-12 09:28:37,902 [INFO] PluginManager:220 - loadIPPluginJar : add dfsdm
2026-05-12 09:28:37,914 [INFO] IPUIPlugin:80 - create IPUIPlugin
2026-05-12 09:28:37,915 [INFO] PluginManager:220 - loadIPPluginJar : add dma
2026-05-12 09:28:37,921 [INFO] IPUIPlugin:80 - create IPUIPlugin
2026-05-12 09:28:37,921 [INFO] PluginManager:220 - loadIPPluginJar : add dma3
2026-05-12 09:28:37,926 [INFO] IPUIPlugin:80 - create IPUIPlugin
2026-05-12 09:28:37,926 [INFO] PluginManager:220 - loadIPPluginJar : add extmemmanager
2026-05-12 09:28:37,929 [INFO] IPUIPlugin:80 - create IPUIPlugin
2026-05-12 09:28:37,929 [INFO] PluginManager:220 - loadIPPluginJar : add fatfs
2026-05-12 09:28:37,937 [INFO] IPUIPlugin:80 - create IPUIPlugin
2026-05-12 09:28:37,937 [INFO] PluginManager:220 - loadIPPluginJar : add fmc
2026-05-12 09:28:37,949 [INFO] IPUIPlugin:80 - create IPUIPlugin
2026-05-12 09:28:37,950 [INFO] PluginManager:220 - loadIPPluginJar : add freertos
2026-05-12 09:28:37,953 [INFO] IPUIPlugin:80 - create IPUIPlugin
2026-05-12 09:28:37,954 [INFO] PluginManager:220 - loadIPPluginJar : add genericplugin
2026-05-12 09:28:37,959 [INFO] IPUIPlugin:80 - create IPUIPlugin
2026-05-12 09:28:37,960 [INFO] PluginManager:220 - loadIPPluginJar : add gfxmmu
2026-05-12 09:28:37,970 [INFO] IPUIPlugin:80 - create IPUIPlugin
2026-05-12 09:28:37,970 [INFO] PluginManager:220 - loadIPPluginJar : add gic
2026-05-12 09:28:37,980 [INFO] IPUIPlugin:80 - create IPUIPlugin
2026-05-12 09:28:37,981 [INFO] PluginManager:220 - loadIPPluginJar : add gpio
2026-05-12 09:28:37,987 [INFO] IPUIPlugin:80 - create IPUIPlugin
2026-05-12 09:28:37,988 [INFO] PluginManager:220 - loadIPPluginJar : add gtzc
2026-05-12 09:28:37,996 [INFO] IPUIPlugin:80 - create IPUIPlugin
2026-05-12 09:28:37,996 [INFO] PluginManager:220 - loadIPPluginJar : add hash
2026-05-12 09:28:38,002 [INFO] IPUIPlugin:80 - create IPUIPlugin
2026-05-12 09:28:38,002 [INFO] PluginManager:220 - loadIPPluginJar : add i2c
2026-05-12 09:28:38,011 [INFO] IPUIPlugin:80 - create IPUIPlugin
2026-05-12 09:28:38,011 [INFO] PluginManager:220 - loadIPPluginJar : add i2s
2026-05-12 09:28:38,017 [INFO] IPUIPlugin:80 - create IPUIPlugin
2026-05-12 09:28:38,018 [INFO] PluginManager:220 - loadIPPluginJar : add i3c
2026-05-12 09:28:38,025 [INFO] IPUIPlugin:80 - create IPUIPlugin
2026-05-12 09:28:38,026 [INFO] PluginManager:220 - loadIPPluginJar : add ipddr
2026-05-12 09:28:38,039 [INFO] IPUIPlugin:80 - create IPUIPlugin
2026-05-12 09:28:38,039 [INFO] PluginManager:220 - loadIPPluginJar : add linkedlist
2026-05-12 09:28:38,047 [INFO] IPUIPlugin:80 - create IPUIPlugin
2026-05-12 09:28:38,047 [INFO] PluginManager:220 - loadIPPluginJar : add lorawan
2026-05-12 09:28:38,051 [INFO] IPUIPlugin:80 - create IPUIPlugin
2026-05-12 09:28:38,051 [INFO] PluginManager:220 - loadIPPluginJar : add ltdc
2026-05-12 09:28:38,064 [INFO] IPUIPlugin:80 - create IPUIPlugin
2026-05-12 09:28:38,065 [INFO] PluginManager:220 - loadIPPluginJar : add mdma
2026-05-12 09:28:38,072 [INFO] IPUIPlugin:80 - create IPUIPlugin
2026-05-12 09:28:38,073 [INFO] PluginManager:220 - loadIPPluginJar : add nvic
2026-05-12 09:28:38,079 [INFO] IPUIPlugin:80 - create IPUIPlugin
2026-05-12 09:28:38,080 [INFO] PluginManager:220 - loadIPPluginJar : add opamp
2026-05-12 09:28:38,086 [INFO] IPUIPlugin:80 - create IPUIPlugin
2026-05-12 09:28:38,087 [INFO] PluginManager:220 - loadIPPluginJar : add openamp
2026-05-12 09:28:38,095 [INFO] IPUIPlugin:80 - create IPUIPlugin
2026-05-12 09:28:38,095 [INFO] PluginManager:220 - loadIPPluginJar : add pdm2pcm
2026-05-12 09:28:38,105 [INFO] IPUIPlugin:80 - create IPUIPlugin
2026-05-12 09:28:38,111 [INFO] PluginManager:220 - loadIPPluginJar : add plateformsettings
2026-05-12 09:28:38,115 [INFO] IPUIPlugin:80 - create IPUIPlugin
2026-05-12 09:28:38,116 [INFO] PluginManager:220 - loadIPPluginJar : add quadspi
2026-05-12 09:28:38,120 [INFO] IPUIPlugin:80 - create IPUIPlugin
2026-05-12 09:28:38,122 [INFO] PluginManager:220 - loadIPPluginJar : add radio
2026-05-12 09:28:38,130 [INFO] IPUIPlugin:80 - create IPUIPlugin
2026-05-12 09:28:38,130 [INFO] PluginManager:220 - loadIPPluginJar : add resmgrutility
2026-05-12 09:28:38,136 [INFO] IPUIPlugin:80 - create IPUIPlugin
2026-05-12 09:28:38,136 [INFO] PluginManager:220 - loadIPPluginJar : add sai
2026-05-12 09:28:38,144 [INFO] IPUIPlugin:80 - create IPUIPlugin
2026-05-12 09:28:38,144 [INFO] PluginManager:220 - loadIPPluginJar : add spi
2026-05-12 09:28:38,156 [INFO] IPUIPlugin:80 - create IPUIPlugin
2026-05-12 09:28:38,156 [INFO] PluginManager:220 - loadIPPluginJar : add stm32_wpan
2026-05-12 09:28:38,161 [INFO] IPUIPlugin:80 - create IPUIPlugin
2026-05-12 09:28:38,161 [INFO] PluginManager:220 - loadIPPluginJar : add tim
2026-05-12 09:28:38,168 [INFO] IPUIPlugin:80 - create IPUIPlugin
2026-05-12 09:28:38,168 [INFO] PluginManager:220 - loadIPPluginJar : add touchsensing
2026-05-12 09:28:38,173 [INFO] IPUIPlugin:80 - create IPUIPlugin
2026-05-12 09:28:38,173 [INFO] PluginManager:220 - loadIPPluginJar : add tracer_emb
2026-05-12 09:28:38,179 [INFO] IPUIPlugin:80 - create IPUIPlugin
2026-05-12 09:28:38,179 [INFO] PluginManager:220 - loadIPPluginJar : add ts
2026-05-12 09:28:38,183 [INFO] IPUIPlugin:80 - create IPUIPlugin
2026-05-12 09:28:38,183 [INFO] PluginManager:220 - loadIPPluginJar : add tsc
2026-05-12 09:28:38,188 [INFO] IPUIPlugin:80 - create IPUIPlugin
2026-05-12 09:28:38,188 [INFO] PluginManager:220 - loadIPPluginJar : add ucpd
2026-05-12 09:28:38,195 [INFO] IPUIPlugin:80 - create IPUIPlugin
2026-05-12 09:28:38,195 [INFO] PluginManager:220 - loadIPPluginJar : add usart
2026-05-12 09:28:38,204 [INFO] IPUIPlugin:80 - create IPUIPlugin
2026-05-12 09:28:38,204 [INFO] PluginManager:220 - loadIPPluginJar : add usbx
2026-05-12 09:28:38,375 [FATAL] Updater:351 - Updater called before beeing initialized
2026-05-12 09:28:38,424 [INFO] RulesReader:64 - Compatibility file has been processed (317 Rules)
2026-05-12 09:28:38,442 [INFO] RulesReader:64 - Compatibility file has been processed (317 Rules)
2026-05-12 09:28:38,453 [INFO] CADModel:165 - CPN selected for project level
2026-05-12 09:28:38,453 [INFO] CADModel:114 - Register for checkConnection events
2026-05-12 09:28:38,453 [FATAL] Updater:351 - Updater called before beeing initialized
2026-05-12 09:28:38,453 [ERROR] CADModel:125 - Updater not yet initialized, retry later 
2026-05-12 09:28:38,744 [FATAL] Updater:351 - Updater called before beeing initialized
2026-05-12 09:28:38,747 [INFO] CADModel:165 - CPN selected for project level
2026-05-12 09:28:38,747 [INFO] CADModel:114 - Register for checkConnection events
2026-05-12 09:28:38,747 [FATAL] Updater:351 - Updater called before beeing initialized
2026-05-12 09:28:38,747 [ERROR] CADModel:125 - Updater not yet initialized, retry later 
2026-05-12 09:28:38,752 [FATAL] Updater:351 - Updater called before beeing initialized
2026-05-12 09:28:38,907 [FATAL] Updater:351 - Updater called before beeing initialized
2026-05-12 09:28:38,912 [INFO] DbMcusAds:53 - JSON generation date=Mon Apr 27 13:44:29 IST 2026 (1777277669577)
2026-05-12 09:28:38,912 [FATAL] Updater:351 - Updater called before beeing initialized
2026-05-12 09:28:38,998 [WARN] DetailPanel:346 - Failed to get advertising image, set to default
2026-05-12 09:28:39,186 [FATAL] Updater:351 - Updater called before beeing initialized
2026-05-12 09:28:39,189 [FATAL] Updater:351 - Updater called before beeing initialized
2026-05-12 09:28:39,189 [FATAL] Updater:351 - Updater called before beeing initialized
2026-05-12 09:28:39,190 [WARN] DetailPanel:346 - Failed to get advertising image, set to default
2026-05-12 09:28:39,193 [FATAL] Updater:351 - Updater called before beeing initialized
2026-05-12 09:28:39,278 [ERROR] Updater:1198 - MainUpdater not yet initialized. External WinMGr cannot be set.
2026-05-12 09:28:39,282 [INFO] Updater:1134 - Updater Version found : 6.15.0
2026-05-12 09:28:39,323 [INFO] ApplicationProperties:184 - Using Application install path: C:\ST\STM32CubeIDE_1.19.0\STM32CubeIDE\plugins\com.st.stm32cube.common.mx_6.15.0.202507011659
2026-05-12 09:28:39,789 [INFO] MainUpdater:2872 - connection check result : 10
2026-05-12 09:28:39,791 [INFO] MainUpdater:289 - Updater Check For Update Now.
2026-05-12 09:28:39,791 [INFO] MicroXplorer:498 - Change Database Version : DB.6.0.150
2026-05-12 09:28:39,804 [INFO] McuFinderGlobals:63 - Set McuFinder mode to 2 (CubeIDE integrated)
2026-05-12 09:28:39,805 [INFO] UserAuth:171 - activating auth plugin
2026-05-12 09:28:39,813 [INFO] UserAuth:487 - Internet connection configuration mode: 1
2026-05-12 09:28:39,866 [INFO] JxBrowserEngine:152 - Initiate JxBrowser Engine with user profile folder
2026-05-12 09:28:39,939 [WARN] MainUpdater:1193 - Updater busy. Cannot search thirdparties
2026-05-12 09:28:39,939 [INFO] ThirdPartyUpdaterWithRetryManager:96 - Updater plugin is busy. [1/15]
2026-05-12 09:28:40,072 [INFO] CheckServerUpdateThread:120 - End of CheckServer Thread
2026-05-12 09:28:43,467 [INFO] WebApp:169 - Instantiating new browser for Auth
2026-05-12 09:28:43,677 [WARN] PackLoader:240 - Cannot read IP mode file for STMicroelectronics.X-CUBE-AZRTOS-H7.3.5.0
2026-05-12 09:28:43,701 [WARN] PackLoader:240 - Cannot read IP mode file for STMicroelectronics.FP-ATR-ASTRA1.2.0.2
2026-05-12 09:28:43,731 [WARN] PackLoader:240 - Cannot read IP mode file for STMicroelectronics.X-CUBE-SMBUS.2.1.0
2026-05-12 09:28:43,831 [WARN] PackLoader:240 - Cannot read IP mode file for STMicroelectronics.X-CUBE-AZRTOS-F7.1.1.0
2026-05-12 09:28:43,858 [WARN] PackLoader:240 - Cannot read IP mode file for STMicroelectronics.FP-SNS-MOTENV1.5.1.0
2026-05-12 09:28:43,882 [WARN] PackLoader:240 - Cannot read IP mode file for WES.I-CUBE-Cesium.1.4.0
2026-05-12 09:28:43,908 [WARN] PackLoader:240 - Cannot read IP mode file for STMicroelectronics.X-CUBE-DISPLAY.3.0.0
2026-05-12 09:28:43,938 [WARN] PackLoader:240 - Cannot read IP mode file for STMicroelectronics.X-CUBE-GNSS1.7.1.1
2026-05-12 09:28:43,964 [WARN] PackLoader:240 - Cannot read IP mode file for STMicroelectronics.FP-SNS-MOTENVWB1.1.5.0
2026-05-12 09:28:43,977 [WARN] PackLoader:240 - Cannot read IP mode file for wolfSSL.I-CUBE-wolfSSL.5.9.1
2026-05-12 09:28:43,995 [WARN] PackLoader:240 - Cannot read IP mode file for STMicroelectronics.X-CUBE-NFC10.1.0.0
2026-05-12 09:28:44,011 [WARN] PackLoader:240 - Cannot read IP mode file for STMicroelectronics.X-CUBE-ST60.1.1.0
2026-05-12 09:28:44,023 [WARN] PackLoader:240 - Cannot read IP mode file for emotas.I-CUBE-CANOPEN.1.3.0
2026-05-12 09:28:44,034 [WARN] PackLoader:240 - Cannot read IP mode file for STMicroelectronics.X-CUBE-GNSS1.7.1.0
2026-05-12 09:28:44,052 [WARN] PackLoader:240 - Cannot read IP mode file for STMicroelectronics.FP-SNS-STBOX1.2.1.0
2026-05-12 09:28:44,068 [WARN] PackLoader:240 - Cannot read IP mode file for STMicroelectronics.FP-SNS-SMARTAG2.1.2.0
2026-05-12 09:28:44,079 [WARN] PackLoader:240 - Cannot read IP mode file for STMicroelectronics.FP-SNS-FLIGHT1.5.1.0
2026-05-12 09:28:44,112 [INFO] LogOutputStream:77 - [STDOUT_REDIRECT] 1 : Invalid condition id : UX_CORESTACK_Condition cause : null
2026-05-12 09:28:44,114 [INFO] LogOutputStream:77 - [STDOUT_REDIRECT] 1 : Invalid condition id : UX_CORESTACK_Condition cause : null
2026-05-12 09:28:44,116 [INFO] LogOutputStream:77 - [STDOUT_REDIRECT] 1 : Invalid condition id : UX_CORESTACK_Condition cause : null
2026-05-12 09:28:44,117 [INFO] LogOutputStream:77 - [STDOUT_REDIRECT] 1 : Invalid condition id : UX_CORESTACK_Condition cause : null
2026-05-12 09:28:44,119 [INFO] LogOutputStream:77 - [STDOUT_REDIRECT] 1 : Invalid condition id : UX_CORESTACK_Condition cause : null
2026-05-12 09:28:44,124 [WARN] PackLoader:240 - Cannot read IP mode file for STMicroelectronics.X-CUBE-AZRTOS-WL.2.0.0
2026-05-12 09:28:44,164 [WARN] PackLoader:240 - Cannot read IP mode file for STMicroelectronics.X-CUBE-AZRTOS-H7RS.1.2.0
2026-05-12 09:28:44,186 [WARN] PackLoader:240 - Cannot read IP mode file for STMicroelectronics.X-CUBE-BLE2.3.3.0
2026-05-12 09:28:44,287 [WARN] PackLoader:240 - Cannot read IP mode file for Infineon.AIROC-Wi-Fi-Bluetooth-STM32.1.8.0
2026-05-12 09:28:44,317 [WARN] PackLoader:240 - Cannot read IP mode file for STMicroelectronics.X-CUBE-NFC9.1.0.0
2026-05-12 09:28:44,333 [WARN] PackLoader:240 - Cannot read IP mode file for STMicroelectronics.X-CUBE-BLE1.7.1.0
2026-05-12 09:28:44,343 [WARN] PackLoader:240 - Cannot read IP mode file for wolfSSL.I-CUBE-wolfMQTT.1.19.2
2026-05-12 09:28:44,358 [WARN] PackLoader:240 - Cannot read IP mode file for STMicroelectronics.X-CUBE-EEPRMA1.5.2.0
2026-05-12 09:28:44,371 [WARN] PackLoader:240 - Cannot read IP mode file for wolfSSL.I-CUBE-wolfSSL.5.8.4
2026-05-12 09:28:44,395 [WARN] PackLoader:240 - Cannot read IP mode file for Cesanta.I-CUBE-Mongoose.7.20.0
2026-05-12 09:28:44,411 [WARN] PackLoader:240 - Cannot read IP mode file for STMicroelectronics.FP-SNS-STAIOTCFT.1.1.0
2026-05-12 09:28:44,512 [WARN] PackLoader:240 - Cannot read IP mode file for STMicroelectronics.X-CUBE-MEMS1.12.0.0
2026-05-12 09:28:44,695 [WARN] PackLoader:240 - Cannot read IP mode file for STMicroelectronics.X-CUBE-AZRTOS-G0.1.1.0
2026-05-12 09:28:44,708 [WARN] PackLoader:240 - Cannot read IP mode file for STMicroelectronics.X-CUBE-NFC4.3.0.0
2026-05-12 09:28:44,728 [WARN] PackLoader:240 - Cannot read IP mode file for EmbeddedOffice.I-CUBE-FS-RTOS.1.0.1
2026-05-12 09:28:44,743 [WARN] PackLoader:240 - Cannot read IP mode file for STMicroelectronics.X-CUBE-WB05N.2.0.0
2026-05-12 09:28:44,753 [WARN] PackLoader:240 - Cannot read IP mode file for wolfSSL.I-CUBE-wolfTPM.3.8.0
2026-05-12 09:28:44,773 [WARN] PackLoader:240 - Cannot read IP mode file for STMicroelectronics.X-CUBE-TCPP.4.2.0
2026-05-12 09:28:44,788 [WARN] PackLoader:240 - Cannot read IP mode file for RealThread.X-CUBE-RT-Thread_Nano.4.1.1
2026-05-12 09:28:44,799 [WARN] PackLoader:240 - Cannot read IP mode file for STMicroelectronics.FP-ATR-SIGFOX1.3.2.0
2026-05-12 09:28:44,816 [WARN] PackLoader:240 - Cannot read IP mode file for STMicroelectronics.X-CUBE-FREERTOS.1.5.0
2026-05-12 09:28:44,833 [WARN] PackLoader:240 - Cannot read IP mode file for ITTIA_DB.I-CUBE-ITTIADB.8.9.0
2026-05-12 09:28:44,839 [WARN] PackLoader:240 - Cannot read IP mode file for Cesanta.I-CUBE-Mongoose.7.21.6
2026-05-12 09:28:44,863 [WARN] PackLoader:240 - Cannot read IP mode file for STMicroelectronics.X-CUBE-NFC6.3.2.0
2026-05-12 09:28:44,877 [WARN] PackLoader:240 - Cannot read IP mode file for STMicroelectronics.X-CUBE-AI.10.2.0
2026-05-12 09:28:44,968 [WARN] PackLoader:240 - Cannot read IP mode file for STMicroelectronics.X-CUBE-MEMS1.12.1.0
2026-05-12 09:28:45,233 [WARN] PackLoader:240 - Cannot read IP mode file for SEGGER.I-CUBE-embOS.1.3.1
2026-05-12 09:28:45,310 [WARN] PackLoader:240 - Cannot read IP mode file for STMicroelectronics.X-CUBE-ALGOBUILD.1.4.0
2026-05-12 09:28:45,321 [WARN] PackLoader:240 - Cannot read IP mode file for STMicroelectronics.X-CUBE-PM33A1.1.0.0
2026-05-12 09:28:45,347 [WARN] PackLoader:240 - Cannot read IP mode file for STMicroelectronics.X-CUBE-AZRTOS-F4.1.1.0
2026-05-12 09:28:45,364 [WARN] PackLoader:240 - Cannot read IP mode file for STMicroelectronics.X-CUBE-ISPU.2.1.0
2026-05-12 09:28:45,391 [WARN] PackLoader:240 - Cannot read IP mode file for STMicroelectronics.X-CUBE-IPS.3.2.0
2026-05-12 09:28:45,415 [WARN] PackLoader:240 - Cannot read IP mode file for STMicroelectronics.eDS-WB_DPC_TT-BIDIR.2.1.1
2026-05-12 09:28:45,435 [WARN] PackLoader:240 - Cannot read IP mode file for STMicroelectronics.X-CUBE-NFC12.1.0.0
2026-05-12 09:28:45,463 [WARN] PackLoader:240 - Cannot read IP mode file for STMicroelectronics.X-CUBE-AZRTOS-L5.2.0.0
2026-05-12 09:28:45,477 [WARN] PackLoader:240 - Cannot read IP mode file for STMicroelectronics.eDS-WB_DPC_VIENNA.1.2.0
2026-05-12 09:28:45,486 [WARN] PackLoader:240 - Cannot read IP mode file for STMicroelectronics.eDS-WB_DPC_3PH2L-BIDIR.1.1.1
2026-05-12 09:28:45,495 [ERROR] Engine:466 - C:\Users\jahna\.stm32cubemx\thirdparties\pdsc\STMicroelectronics.X-CUBE-ST67W61.1.3.0.pdsc: PDSC version is not supported
2026-05-12 09:28:45,510 [WARN] PackLoader:240 - Cannot read IP mode file for STMicroelectronics.X-CUBE-TOUCHGFX.4.26.1
2026-05-12 09:28:45,519 [WARN] PackLoader:240 - Cannot read IP mode file for STMicroelectronics.FP-SNS-STAIOTCFT.1.0.0
2026-05-12 09:28:45,532 [WARN] PackLoader:240 - Cannot read IP mode file for STMicroelectronics.X-CUBE-DPower.1.3.0
2026-05-12 09:28:45,563 [WARN] ConditionMgr:438 - getConditionDescription Invalid condition id : LAN8742 Phy interface Condition cause : null
2026-05-12 09:28:45,565 [WARN] PackLoader:240 - Cannot read IP mode file for STMicroelectronics.X-CUBE-AZRTOS-L4.2.0.0
2026-05-12 09:28:45,566 [WARN] ConditionMgr:1044 - genDependencies : Invalid condition id : LAN8742 Phy interface Condition cause : null
2026-05-12 09:28:45,567 [WARN] ConditionMgr:1044 - genDependencies : Invalid condition id : LAN8742 Phy interface Condition cause : null
2026-05-12 09:28:45,568 [WARN] ConditionMgr:1044 - genDependencies : Invalid condition id : LAN8742 Phy interface Condition cause : null
2026-05-12 09:28:45,584 [WARN] PackLoader:240 - Cannot read IP mode file for STMicroelectronics.X-CUBE-SFXS2LP1.4.0.0
2026-05-12 09:28:45,596 [WARN] PackLoader:240 - Cannot read IP mode file for STMicroelectronics.X-CUBE-WB05N.2.1.0
2026-05-12 09:28:45,611 [WARN] PackLoader:240 - Cannot read IP mode file for STMicroelectronics.X-CUBE-ST67W61.1.2.0
2026-05-12 09:28:45,639 [WARN] PackLoader:240 - Cannot read IP mode file for STMicroelectronics.X-CUBE-BLEMGR.4.1.0
2026-05-12 09:28:45,662 [WARN] ConditionMgr:438 - getConditionDescription Invalid condition id : UX DEVICE CLASS RTOS Condition cause : null
2026-05-12 09:28:45,663 [WARN] ConditionMgr:438 - getConditionDescription Invalid condition id : UX DEVICE CLASS RTOS Condition cause : null
2026-05-12 09:28:45,666 [WARN] PackLoader:240 - Cannot read IP mode file for STMicroelectronics.X-CUBE-AZRTOS-WB.2.0.0
2026-05-12 09:28:45,667 [WARN] ConditionMgr:1044 - genDependencies : Invalid condition id : UX DEVICE CLASS RTOS Condition cause : null
2026-05-12 09:28:45,667 [WARN] ConditionMgr:1044 - genDependencies : Invalid condition id : UX DEVICE CLASS RTOS Condition cause : null
2026-05-12 09:28:45,668 [WARN] ConditionMgr:1044 - genDependencies : Invalid condition id : UX DEVICE CLASS RTOS Condition cause : null
2026-05-12 09:28:45,668 [WARN] ConditionMgr:1044 - genDependencies : Invalid condition id : UX DEVICE CLASS RTOS Condition cause : null
2026-05-12 09:28:45,669 [WARN] ConditionMgr:1044 - genDependencies : Invalid condition id : UX DEVICE CLASS RTOS Condition cause : null
2026-05-12 09:28:45,679 [WARN] ConditionMgr:438 - getConditionDescription Invalid condition id : Cortex-A Device cause : null
2026-05-12 09:28:45,695 [WARN] ConditionMgr:1044 - genDependencies : Invalid condition id : Cortex-A Device cause : null
2026-05-12 09:28:45,695 [WARN] ConditionMgr:1044 - genDependencies : Invalid condition id : Cortex-A Device cause : null
2026-05-12 09:28:45,695 [WARN] ConditionMgr:1044 - genDependencies : Invalid condition id : Cortex-A Device cause : null
2026-05-12 09:28:45,710 [WARN] PackLoader:240 - Cannot read IP mode file for STMicroelectronics.X-CUBE-STSE01.2.0.0
2026-05-12 09:28:45,733 [WARN] PackLoader:240 - Cannot read IP mode file for STMicroelectronics.X-CUBE-SUBG2.5.0.0
2026-05-12 09:28:45,759 [WARN] PackLoader:240 - Cannot read IP mode file for STMicroelectronics.X-CUBE-AZRTOS-G4.2.0.0
2026-05-12 09:28:45,772 [WARN] PackLoader:240 - Cannot read IP mode file for wolfSSL.I-CUBE-wolfSSH.1.4.20
2026-05-12 09:28:45,785 [WARN] PackLoader:240 - Cannot read IP mode file for STMicroelectronics.X-CUBE-NFC7.2.0.0
2026-05-12 09:28:45,796 [WARN] PackLoader:240 - Cannot read IP mode file for STMicroelectronics.X-CUBE-ALS.1.0.2
2026-05-12 09:28:45,819 [WARN] PackLoader:240 - Cannot read IP mode file for STMicroelectronics.X-CUBE-TOF1.3.4.3
2026-05-12 09:28:45,842 [INFO] ThirdParty:978 - Integrity check success = true
2026-05-12 09:28:45,843 [INFO] IntegrityCheckThread:100 - exiting critical section [integrity check]
2026-05-12 09:28:45,843 [INFO] IntegrityCheckThread:103 - End integrity checks thread
2026-05-12 09:28:46,596 [INFO] WebApp:463 - Apply proxy settings
2026-05-12 09:28:46,597 [INFO] WebApp:548 - Chromium requires no authentication
2026-05-12 09:28:46,626 [INFO] WebApp:491 - Direct internet connection detected
2026-05-12 09:28:46,682 [INFO] WebApp:900 - Register for checkConnection events
2026-05-12 09:28:46,683 [INFO] WebApp:463 - Apply proxy settings
2026-05-12 09:28:46,683 [INFO] WebApp:548 - Chromium requires no authentication
2026-05-12 09:28:46,685 [INFO] WebApp:491 - Direct internet connection detected
2026-05-12 09:28:47,005 [INFO] WebApp:191 - Connection restablished
2026-05-12 09:28:47,109 [INFO] WebApp:225 - Starting web application
2026-05-12 09:28:47,110 [INFO] WebApp:593 - Web application path used C:\ST\STM32CubeIDE_1.19.0\STM32CubeIDE\plugins\com.st.stm32cube.common.mx_6.15.0.202507011659\db\plugins\mcufinder\reactClient1\index.html
2026-05-12 10:21:50,776 [INFO] WebApp:194 - Connection lost
2026-05-12 10:21:51,155 [INFO] WebApp:191 - Connection restablished
2026-05-12 10:48:52,894 [INFO] McuFinderGlobals:63 - Set McuFinder mode to 2 (CubeIDE integrated)
2026-05-12 10:48:55,170 [INFO] MainUpdater:2872 - connection check result : 10
2026-05-12 10:48:55,174 [INFO] MainUpdater:2872 - connection check result : 10
2026-05-12 10:48:55,707 [INFO] MicroXplorer:468 - Change Database Path : 
2026-05-12 10:48:55,709 [INFO] MicroXplorer:498 - Change Database Version : DB.6.0.150
2026-05-12 10:48:55,773 [WARN] ThirdParty:871 - waiting for thirdparty lock release [close project]
2026-05-12 10:48:55,774 [INFO] ThirdParty:873 - entering critical section [close project]
2026-05-12 10:48:55,800 [INFO] ThirdParty:883 - exiting critical section [close project]
2026-05-12 10:48:55,822 [INFO] PinOutPanel:1589 - setPackage(No Configuration,No Configuration)
2026-05-12 10:48:55,876 [INFO] UtilMem:75 - Begin LoadConfig() Used Memory: 738154640 Bytes (1073741824)
2026-05-12 10:48:55,895 [INFO] MicroXplorer:468 - Change Database Path : 
2026-05-12 10:48:55,895 [INFO] MicroXplorer:498 - Change Database Version : DB.6.0.150
2026-05-12 10:48:55,898 [INFO] OpenFileManager:355 - Change cursor
2026-05-12 10:48:56,151 [INFO] Mcu:2029 - Initializing MCU STM32L053C(6-8)Tx STM32L053C8Tx STM32L053C8T6
2026-05-12 10:48:57,990 [INFO] Context:786 - Trying to add GPIOservice into a context  which must be forbidden
2026-05-12 10:48:58,668 [INFO] ImportTextPane:234 - (OptionalMessage_ERROR) Pin10 (VP_RIF_VS_RIF1) cannot be retrieved for this MCU
2026-05-12 10:48:58,968 [INFO] RtosManager:558 - Registered RTOS mode: class=CMSIS, group=RTOS, mode=CMSIS_V1, owner=FREERTOS
2026-05-12 10:48:58,968 [INFO] RtosManager:558 - Registered RTOS mode: class=CMSIS, group=RTOS2, mode=CMSIS_V2, owner=FREERTOS
2026-05-12 10:48:58,968 [INFO] RtosManager:558 - Registered RTOS mode: class=RTOS, group=Core, mode=CMSIS_V1, owner=FREERTOS
2026-05-12 10:48:58,968 [INFO] RtosManager:558 - Registered RTOS mode: class=RTOS, group=Core, mode=CMSIS_V2, owner=FREERTOS
2026-05-12 10:48:58,969 [WARN] ModelIntegratedComponent:184 - Missing modes for component STMicroelectronics:FreeRTOS:0.0.1:STMicroelectronics:RTOS:FreeRTOS:Core:::10.2.0:
2026-05-12 10:48:58,996 [WARN] ModelIntegratedComponent:63 - No mode defined for component null
2026-05-12 10:48:58,997 [WARN] ModelIntegratedComponent:63 - No mode defined for component null
2026-05-12 10:48:58,997 [WARN] ModelIntegratedComponent:63 - No mode defined for component null
2026-05-12 10:48:58,997 [WARN] ModelIntegratedComponent:63 - No mode defined for component null
2026-05-12 10:48:58,997 [WARN] ModelIntegratedComponent:63 - No mode defined for component null
2026-05-12 10:48:58,998 [WARN] ModelIntegratedComponent:63 - No mode defined for component null
2026-05-12 10:48:58,999 [WARN] ModelIntegratedComponent:63 - No mode defined for component null
2026-05-12 10:48:58,999 [WARN] ModelIntegratedComponent:63 - No mode defined for component null
2026-05-12 10:48:58,999 [WARN] ModelIntegratedComponent:63 - No mode defined for component null
2026-05-12 10:48:58,999 [WARN] ModelIntegratedComponent:63 - No mode defined for component null
2026-05-12 10:48:58,999 [WARN] ModelIntegratedComponent:63 - No mode defined for component null
2026-05-12 10:48:58,999 [WARN] ModelIntegratedComponent:63 - No mode defined for component null
2026-05-12 10:48:58,999 [WARN] ModelIntegratedComponent:63 - No mode defined for component null
2026-05-12 10:48:58,999 [WARN] ModelIntegratedComponent:63 - No mode defined for component null
2026-05-12 10:48:58,999 [WARN] ModelIntegratedComponent:63 - No mode defined for component null
2026-05-12 10:48:58,999 [WARN] ModelIntegratedComponent:63 - No mode defined for component null
2026-05-12 10:48:58,999 [WARN] ModelIntegratedComponent:63 - No mode defined for component null
2026-05-12 10:48:59,000 [WARN] ModelIntegratedComponent:63 - No mode defined for component null
2026-05-12 10:48:59,000 [WARN] ModelIntegratedComponent:63 - No mode defined for component null
2026-05-12 10:48:59,000 [WARN] ModelIntegratedComponent:63 - No mode defined for component null
2026-05-12 10:48:59,000 [WARN] ModelIntegratedComponent:63 - No mode defined for component null
2026-05-12 10:48:59,000 [WARN] ModelIntegratedComponent:63 - No mode defined for component null
2026-05-12 10:48:59,000 [WARN] ModelIntegratedComponent:63 - No mode defined for component null
2026-05-12 10:48:59,000 [WARN] ModelIntegratedComponent:63 - No mode defined for component null
2026-05-12 10:48:59,000 [WARN] ModelIntegratedComponent:63 - No mode defined for component null
2026-05-12 10:48:59,000 [WARN] ModelIntegratedComponent:63 - No mode defined for component null
2026-05-12 10:48:59,000 [WARN] ModelIntegratedComponent:63 - No mode defined for component null
2026-05-12 10:48:59,000 [WARN] ModelIntegratedComponent:63 - No mode defined for component null
2026-05-12 10:48:59,001 [WARN] ModelIntegratedComponent:63 - No mode defined for component null
2026-05-12 10:48:59,001 [WARN] ModelIntegratedComponent:63 - No mode defined for component null
2026-05-12 10:48:59,001 [WARN] ModelIntegratedComponent:63 - No mode defined for component null
2026-05-12 10:48:59,001 [WARN] ModelIntegratedComponent:63 - No mode defined for component null
2026-05-12 10:48:59,001 [WARN] ModelIntegratedComponent:63 - No mode defined for component null
2026-05-12 10:48:59,001 [WARN] ModelIntegratedComponent:63 - No mode defined for component null
2026-05-12 10:48:59,001 [WARN] ModelIntegratedComponent:63 - No mode defined for component null
2026-05-12 10:48:59,001 [WARN] ModelPack:524 - Component already loaded: STMicroelectronics:HAL Drivers:0.0.0:STMicroelectronics:Device:STMicro_Driver:XSPI:HAL::0.0.1:HAL_XSPI
2026-05-12 10:48:59,103 [INFO] ThirdPartyModel:298 - Start build external matchings
2026-05-12 10:48:59,433 [INFO] ThirdPartyModel:316 - End build external matchings
2026-05-12 10:48:59,456 [INFO] ImportTextPane:234 - (OptionalMessage_ERROR) IP (RCC) : Invalid parameter (FamilyName)
2026-05-12 10:48:59,461 [INFO] ImportTextPane:234 - (OptionalMessage_ERROR) IP (RCC) : Invalid parameter (PWRFreq_Value)
2026-05-12 10:48:59,462 [INFO] ImportTextPane:234 - (OptionalMessage_ERROR) IP (RCC) : Parameter (RTCHSEDivFreq_Value) has invalid value (4000000)
2026-05-12 10:48:59,463 [INFO] ImportTextPane:234 - (OptionalMessage_ERROR) IP (RCC) : Invalid parameter (TIMFreq_Value)
2026-05-12 10:49:00,173 [INFO] ApiDb:581 - Connected to CubeFinder SQLite database (C:\Users\jahna\.stmcufinder\plugins\mcufinder\mcu\cube-finder-db.db)
2026-05-12 10:49:00,352 [INFO] ApiDb:668 - CubeFinder database Data Model version=2.1
2026-05-12 10:49:00,353 [INFO] ApiDb:669 - CubeFinder database Configuration version=3.0.42
2026-05-12 10:49:00,356 [INFO] ApiDb:670 - CubeFinder database generation date=2026-05-06 (1778060171)
2026-05-12 10:49:00,357 [INFO] ApiDb:671 - CubeFinder database FW Pack versions=[FP-ATR-ASTRA1_V2.0.0, FP-SNS-FLIGHT1_V5.1.0, FP-SNS-MOTENV1_V5.1.0, FP-SNS-MOTENVWB1_V1.5.0, FP-SNS-SMARTAG2_V1.2.0, FP-SNS-STBOX1_V2.1.0, STM32Cube_FW_C0_V1.4.0, STM32Cube_FW_F4_V1.28.3, STM32Cube_FW_F7_V1.17.4, STM32Cube_FW_G0_V1.6.3, STM32Cube_FW_G4_V1.6.2, STM32Cube_FW_H5_V1.6.0, STM32Cube_FW_H7RS_V1.3.0, STM32Cube_FW_H7_V1.13.0, STM32Cube_FW_L0_V1.12.2, STM32Cube_FW_L4_V1.18.2, STM32Cube_FW_L5_V1.6.0, STM32Cube_FW_N6_V1.3.0, STM32Cube_FW_U0_V1.3.0, STM32Cube_FW_U3_V1.3.0, STM32Cube_FW_U5_V1.8.0, STM32Cube_FW_WB0_V1.4.0, STM32Cube_FW_WBA_V1.9.0, STM32Cube_FW_WB_V1.24.0, STM32Cube_FW_WL3_V1.4.0, STM32Cube_FW_WL_V1.5.0, X-CUBE-ALGOBUILD_V1.4.0, X-CUBE-ALS_V1.0.2, X-CUBE-AZRTOS-F4_V1.1.0, X-CUBE-AZRTOS-F7_V1.1.0, X-CUBE-AZRTOS-G0_V1.1.0, X-CUBE-AZRTOS-G4_V2.0.0, X-CUBE-AZRTOS-H7RS_V1.1.0, X-CUBE-AZRTOS-H7_V3.5.0, X-CUBE-AZRTOS-L4_V2.0.0, X-CUBE-AZRTOS-L5_V2.0.0, X-CUBE-AZRTOS-WB_V2.0.0, X-CUBE-AZRTOS-WL_V2.0.0, X-CUBE-BLE1_V7.1.0, X-CUBE-BLE2_V3.3.0, X-CUBE-BLEMGR_V4.1.0, X-CUBE-EEPRMA1_V5.2.0, X-CUBE-FREERTOS_V1.5.0, X-CUBE-GNSS1_V6.0.0, X-CUBE-MEMS1_V12.0.0, X-CUBE-NFC4_V3.0.0, X-CUBE-NFC7_V2.0.0, X-CUBE-SFXS2LP1_V4.0.0, X-CUBE-ST67W61_V1.2.0, X-CUBE-SUBG2_V5.0.0, X-CUBE-TOF1_V3.4.3]
2026-05-12 10:49:00,546 [INFO] DbBoardsSqlite:226 - include board P-NUCLEO-WB55-NUCLEO as a kit item of type 'Nucleo-64'
2026-05-12 10:49:00,546 [INFO] DbBoardsSqlite:226 - include board P-NUCLEO-WB55-USBDONGLE as a kit item of type 'Nucleo USB Dongle'
2026-05-12 10:49:00,549 [INFO] DbBoardsSqlite:226 - include board STEVAL-IDP005V1 as a kit item of type 'Evaluation Board'
2026-05-12 10:49:00,549 [INFO] DbBoardsSqlite:226 - include board STEVAL-IDP005V2 as a kit item of type 'Evaluation Board'
2026-05-12 10:49:01,259 [INFO] ApiDb:240 - Found 880 in-development CPN: [B-G473E-ZEST1S, B-WB1M-WPAN1, B-WBA5M-WPAN, B-WL5M-SUBG1, NUCLEO-C031C6, NUCLEO-C051C8, NUCLEO-C071RB, NUCLEO-C092RC, NUCLEO-H503RB, NUCLEO-H533RE, NUCLEO-H563ZI, NUCLEO-H7S3L8, NUCLEO-N657X0-Q, NUCLEO-U031R8, NUCLEO-U083RC, NUCLEO-U385RG-Q, NUCLEO-U545RE-Q, NUCLEO-U5A5ZJ-Q, NUCLEO-WB05KZ, NUCLEO-WB07CC, NUCLEO-WB09KE, NUCLEO-WBA52CG, NUCLEO-WBA55CG, NUCLEO-WL33CC1, NUCLEO-WL33CC2, STEVAL-PROTEUS1, STEVAL-SMARTAG2, STEVAL-STWINBX1, STM320518-EVAL, STM32C0116-DK, STM32C011D6Y3TR, STM32C011D6Y6TR, STM32C011F4P3, STM32C011F4P6, STM32C011F4U3, STM32C011F4U6TR, STM32C011F6P3, STM32C011F6P6, STM32C011F6U3, STM32C011F6U6TR, STM32C011J4M3, STM32C011J4M6, STM32C011J6M3, STM32C011J6M6, STM32C0316-DK, STM32C031C4T3, STM32C031C4T6, STM32C031C4U3, STM32C031C4U6, STM32C031C6T3, STM32C031C6T6, STM32C031C6U3, STM32C031C6U6, STM32C031F4P3, STM32C031F4P6, STM32C031F6P3, STM32C031F6P6, STM32C031G4U3, STM32C031G4U6, STM32C031G6U3, STM32C031G6U6, STM32C031K4T3, STM32C031K4T6, STM32C031K4U3, STM32C031K4U6, STM32C031K6T3, STM32C031K6T6, STM32C031K6U3, STM32C031K6U6, STM32C051C6T6, STM32C051C6U6, STM32C051C8T6, STM32C051C8U6, STM32C051D8Y6TR, STM32C051F6P6, STM32C051F8P6, STM32C051G6U6, STM32C051G8U6, STM32C051K6T6, STM32C051K6U6, STM32C051K8T6, STM32C071C8T6, STM32C071C8T6N, STM32C071C8U6, STM32C071C8U6N, STM32C071CBT6, STM32C071CBT6N, STM32C071CBU6, STM32C071CBU6N, STM32C071F8P6, STM32C071F8P6N, STM32C071FBP6, STM32C071FBP6N, STM32C071FBY6TR, STM32C071G8U6, STM32C071G8U6N, STM32C071GBU6, STM32C071GBU6N, STM32C071K8T6, STM32C071K8T6N, STM32C071K8U6, STM32C071K8U6N, STM32C071KBT6, STM32C071KBT6N, STM32C071KBU6, STM32C071KBU6N, STM32C071R8T6, STM32C071R8T6N, STM32C071RBI6N, STM32C071RBT6, STM32C071RBT6N, STM32C091CBT6, STM32C091CBU6, STM32C091CCT6, STM32C091CCU6, STM32C091ECY6TR, STM32C091FBP6, STM32C091FCP6, STM32C091GBU6, STM32C091GCU6, STM32C091KBT6, STM32C091KBU6, STM32C091KCT6, STM32C091KCU6, STM32C091RBT6, STM32C091RCI6, STM32C091RCT6, STM32C092CBT6, STM32C092CBU6, STM32C092CCT6, STM32C092CCU6, STM32C092ECY6TR, STM32C092FBP6, STM32C092FCP6, STM32C092GBU6, STM32C092GCU6, STM32C092KBT6, STM32C092KBU6, STM32C092KCT6, STM32C092KCU6, STM32C092RBT6, STM32C092RCI6, STM32C092RCT6, STM32G071K8TXN, STM32G071K8UXN, STM32G081GBU6N, STM32G081KBT6N, STM32G081KBUXN, STM32G0B1CCT6N, STM32G0B1KCT6, STM32G0B1NEY6TR, STM32G0B1RCT6N, STM32G0C1CCT6, STM32G0C1CCT6N, STM32G0C1CCU6N, STM32G0C1CET6N, STM32G0C1CEU6N, STM32G0C1KCT6, STM32G0C1NEY6TR, STM32G0C1RCI6N, STM32G0C1RCT6N, STM32G0C1REI6N, STM32G0C1RET6N, STM32G0C1VCI6, STM32G0C1VEI6, STM32G411C6T3, STM32G411C6T6, STM32G411C6U3, STM32G411C6U6, STM32G411C8T3, STM32G411C8T6, STM32G411C8U3, STM32G411C8U6, STM32G411CBT3, STM32G411CBT6, STM32G411CBU3, STM32G411CBU6, STM32G411K6T3, STM32G411K6T6, STM32G411K6U3, STM32G411K6U6, STM32G411K8T3, STM32G411K8T6, STM32G411K8U3, STM32G411K8U6, STM32G411KBT3, STM32G411KBT6, STM32G411KBU3, STM32G411KBU6, STM32G411M6T3, STM32G411M6T6, STM32G411M8T3, STM32G411M8T6, STM32G411MBT3, STM32G411MBT6, STM32G411R6T3, STM32G411R6T6, STM32G411R8T3, STM32G411R8T6, STM32G411RBT3, STM32G411RBT6, STM32G414CBT3, STM32G414CBT6, STM32G414CBU3, STM32G414CBU6, STM32G414CCT3, STM32G414CCT6, STM32G414CCU3, STM32G414CCU6, STM32G414MBT3, STM32G414MBT6, STM32G414MCT3, STM32G414MCT6, STM32G414RBT3, STM32G414RBT6, STM32G414RCT3, STM32G414RCT6, STM32G414VBT3, STM32G414VBT6, STM32G414VCT3, STM32G414VCT6, STM32G431CBT3Z, STM32G431RBT3Z, STM32G471CCT6, STM32G471CCU6, STM32G471CET3, STM32G471CET6, STM32G471CEU3, STM32G471CEU6, STM32G471MCT6, STM32G471MET3, STM32G471MET6, STM32G471MEY6TR, STM32G471QCT6, STM32G471QET3, STM32G471RCT6, STM32G471RET3, STM32G471RET6, STM32G471VCH6, STM32G471VCI6, STM32G471VCT6, STM32G471VEH3, STM32G471VEH6, STM32G471VEI3, STM32G471VEI6, STM32G471VET3, STM32G471VET6, STM32G473QET3Z, STM32G473RET3Z, STM32G474CCT6, STM32G491RET3Z, STM32H503CBT6, STM32H503CBU6, STM32H503EBY6TR, STM32H503KBU6, STM32H503RBT6, STM32H523CCT6, STM32H523CCU6, STM32H523CET6, STM32H523CEU6, STM32H523HEY6TR, STM32H523RCT6, STM32H523RET6, STM32H523VCI6, STM32H523VCT6, STM32H523VEI6, STM32H523VET6, STM32H523ZCJ6, STM32H523ZCT6, STM32H523ZEJ6, STM32H523ZET6, STM32H533CET6, STM32H533CEU6, STM32H533HEY6TR, STM32H533RET6, STM32H533VEI6, STM32H533VET6, STM32H533ZEJ6, STM32H533ZET6, STM32H562AGI6, STM32H562AII6, STM32H562IGK6, STM32H562IGT6, STM32H562IIK6, STM32H562IIT6, STM32H562RGT6, STM32H562RGV6, STM32H562RIT6, STM32H562RIV6, STM32H562VGT6, STM32H562VIT6, STM32H562ZGT6, STM32H562ZIT6, STM32H563AGI6, STM32H563AII3Q, STM32H563AII6, STM32H563IGK6, STM32H563IGT6, STM32H563IIK3Q, STM32H563IIK6, STM32H563IIT3Q, STM32H563IIT6, STM32H563MIY3QTR, STM32H563RGT6, STM32H563RGV6, STM32H563RIT6, STM32H563RIV6, STM32H563VGT6, STM32H563VIT3Q, STM32H563VIT6, STM32H563ZGT6, STM32H563ZIT3Q, STM32H563ZIT6, STM32H573AII3Q, STM32H573AII6, STM32H573I-DK, STM32H573IIK3Q, STM32H573IIK6, STM32H573IIT3Q, STM32H573IIT6, STM32H573MIY3QTR, STM32H573RIT6, STM32H573RIV6, STM32H573VIT3Q, STM32H573VIT6, STM32H573ZIT3Q, STM32H573ZIT6, STM32H7R3A8I6, STM32H7R3I8K6, STM32H7R3I8T6, STM32H7R3L8H6, STM32H7R3L8H6H, STM32H7R3R8V6, STM32H7R3V8H6, STM32H7R3V8T6, STM32H7R3V8Y6TR, STM32H7R3Z8J6, STM32H7R3Z8T6, STM32H7R7A8I6, STM32H7R7I8K6, STM32H7R7I8T6, STM32H7R7L8H6, STM32H7R7L8H6H, STM32H7R7Z8J6, STM32H7S3A8I6, STM32H7S3I8K6, STM32H7S3I8T6, STM32H7S3L8H6, STM32H7S3L8H6H, STM32H7S3R8V6, STM32H7S3V8H6, STM32H7S3V8T6, STM32H7S3V8Y6TR, STM32H7S3Z8J6, STM32H7S3Z8T6, STM32H7S78-DK, STM32H7S7A8I6, STM32H7S7I8K6, STM32H7S7I8T6, STM32H7S7L8H6, STM32H7S7L8H6H, STM32H7S7Z8J6, STM32L4R5QGI6STR, STM32MP131AAE3, STM32MP131AAF3, STM32MP131AAG3, STM32MP131CAE3, STM32MP131CAF3, STM32MP131CAG3, STM32MP131DAE7, STM32MP131DAF7, STM32MP131DAG7, STM32MP131FAE7, STM32MP131FAF7, STM32MP131FAG7, STM32MP133AAE3, STM32MP133AAF3, STM32MP133AAG3, STM32MP133CAE3, STM32MP133CAF3, STM32MP133CAG3, STM32MP133DAE7, STM32MP133DAF7, STM32MP133DAG7, STM32MP133FAE7, STM32MP133FAF7, STM32MP133FAG7, STM32MP135AAE3, STM32MP135AAF3, STM32MP135AAG3, STM32MP135CAE3, STM32MP135CAF3, STM32MP135CAG3, STM32MP135DAE7, STM32MP135DAF7, STM32MP135DAG7, STM32MP135F-DK, STM32MP135FAE7, STM32MP135FAF7, STM32MP135FAF7T, STM32MP135FAF7U, STM32MP135FAG7, STM32MP211AAL3, STM32MP211AAM3, STM32MP211AAN3, STM32MP211AAO3, STM32MP211CAL3, STM32MP211CAM3, STM32MP211CAN3, STM32MP211CAO3, STM32MP211DAL3, STM32MP211DAM3, STM32MP211DAN3, STM32MP211DAO3, STM32MP211FAL3, STM32MP211FAM3, STM32MP211FAN3, STM32MP211FAO3, STM32MP213AAL3, STM32MP213AAM3, STM32MP213AAN3, STM32MP213AAO3, STM32MP213CAL3, STM32MP213CAM3, STM32MP213CAN3, STM32MP213CAO3, STM32MP213DAL3, STM32MP213DAM3, STM32MP213DAN3, STM32MP213DAO3, STM32MP213FAL3, STM32MP213FAM3, STM32MP213FAN3, STM32MP213FAO3, STM32MP215AAL3, STM32MP215AAM3, STM32MP215AAN3, STM32MP215AAO3, STM32MP215CAL3, STM32MP215CAM3, STM32MP215CAN3, STM32MP215CAO3, STM32MP215DAL3, STM32MP215DAM3, STM32MP215DAN3, STM32MP215DAO3, STM32MP215F-DK, STM32MP215FAL3, STM32MP215FAM3, STM32MP215FAN3, STM32MP215FAO3, STM32MP231AAJ3, STM32MP231AAK3, STM32MP231AAL3, STM32MP231CAJ3, STM32MP231CAK3, STM32MP231CAL3, STM32MP231DAJ3, STM32MP231DAK3, STM32MP231DAL3, STM32MP231FAJ3, STM32MP231FAK3, STM32MP231FAL3, STM32MP233AAJ3, STM32MP233AAK3, STM32MP233AAL3, STM32MP233CAJ3, STM32MP233CAK3, STM32MP233CAL3, STM32MP233DAJ3, STM32MP233DAK3, STM32MP233DAL3, STM32MP233FAJ3, STM32MP233FAK3, STM32MP233FAL3, STM32MP235AAJ3, STM32MP235AAK3, STM32MP235AAL3, STM32MP235CAJ3, STM32MP235CAK3, STM32MP235CAL3, STM32MP235DAJ3, STM32MP235DAK3, STM32MP235DAL3, STM32MP235FAJ3, STM32MP235FAK3, STM32MP235FAL3, STM32MP251AAI3, STM32MP251AAK3, STM32MP251AAL3, STM32MP251CAI3, STM32MP251CAK3, STM32MP251CAL3, STM32MP251DAI3, STM32MP251DAK3, STM32MP251DAL3, STM32MP251FAI3, STM32MP251FAK3, STM32MP251FAL3, STM32MP253AAI3, STM32MP253AAK3, STM32MP253AAL3, STM32MP253CAI3, STM32MP253CAK3, STM32MP253CAL3, STM32MP253DAI3, STM32MP253DAK3, STM32MP253DAL3, STM32MP253FAI3, STM32MP253FAK3, STM32MP253FAL3, STM32MP255AAI3, STM32MP255AAK3, STM32MP255AAL3, STM32MP255CAI3, STM32MP255CAK3, STM32MP255CAL3, STM32MP255DAI3, STM32MP255DAK3, STM32MP255DAL3, STM32MP255FAI3, STM32MP255FAK3, STM32MP255FAL3, STM32MP257AAI3, STM32MP257AAK3, STM32MP257AAL3, STM32MP257CAI3, STM32MP257CAK3, STM32MP257CAL3, STM32MP257DAI3, STM32MP257DAK3, STM32MP257DAL3, STM32MP257F-DK, STM32MP257F-EV1, STM32MP257FAI3, STM32MP257FAK3, STM32MP257FAL3, STM32N645A0H3Q, STM32N645B0H3Q, STM32N645I0H3Q, STM32N645L0H3Q, STM32N645X0H3Q, STM32N645Z0H3Q, STM32N647A0H3Q, STM32N647B0H3Q, STM32N647I0H3Q, STM32N647L0H3Q, STM32N647X0H3Q, STM32N647Z0H3Q, STM32N655A0H3Q, STM32N655B0H3Q, STM32N655I0H3Q, STM32N655L0H3Q, STM32N655X0H3Q, STM32N655Z0H3Q, STM32N6570-DK, STM32N657A0H3Q, STM32N657B0H3Q, STM32N657I0H3Q, STM32N657L0H3Q, STM32N657X0H3Q, STM32N657Z0H3Q, STM32U031C6T6, STM32U031C6U6, STM32U031C8T6, STM32U031C8U6, STM32U031F4P6, STM32U031F6P6, STM32U031F8P6, STM32U031G6Y6TR, STM32U031G8Y6TR, STM32U031K4U6, STM32U031K6U6, STM32U031K8U6, STM32U031R6I6, STM32U031R6T6, STM32U031R8I6, STM32U031R8T6, STM32U073C8T6, STM32U073C8U6, STM32U073CBT6, STM32U073CBU6, STM32U073CCT6, STM32U073CCU6, STM32U073H8Y6TR, STM32U073HBY6TR, STM32U073HCY6TR, STM32U073K8U6, STM32U073KBU6, STM32U073KCU6, STM32U073M8I6, STM32U073M8T6, STM32U073MBI6, STM32U073MBT6, STM32U073MCI6, STM32U073MCT6, STM32U073R8I6, STM32U073R8T6, STM32U073RBI6, STM32U073RBT6, STM32U073RCI6, STM32U073RCT6, STM32U083C-DK, STM32U083CCT6, STM32U083CCU6, STM32U083HCY6TR, STM32U083KCU6, STM32U083MCI6, STM32U083MCT6, STM32U083RCI6, STM32U083RCT6, STM32U375CET6, STM32U375CET6Q, STM32U375CEU6, STM32U375CEU6Q, STM32U375CEY6QTR, STM32U375CGT6, STM32U375CGT6Q, STM32U375CGU6, STM32U375CGU6Q, STM32U375CGY6QTR, STM32U375KEU6, STM32U375KGU6, STM32U375REI6, STM32U375REI6Q, STM32U375RET6, STM32U375RET6Q, STM32U375REY6GTR, STM32U375REY6QTR, STM32U375RGI6, STM32U375RGI6Q, STM32U375RGT6, STM32U375RGT6Q, STM32U375RGY6GTR, STM32U375RGY6QTR, STM32U375VEI6, STM32U375VEI6Q, STM32U375VET6, STM32U375VET6Q, STM32U375VGI6, STM32U375VGI6Q, STM32U375VGT6, STM32U375VGT6Q, STM32U385CGT6, STM32U385CGT6Q, STM32U385CGU6, STM32U385CGU6Q, STM32U385CGY6QTR, STM32U385KGU6, STM32U385RGI6, STM32U385RGI6Q, STM32U385RGT6, STM32U385RGT6Q, STM32U385RGY6GTR, STM32U385RGY6QTR, STM32U385VGI6, STM32U385VGI6Q, STM32U385VGT6, STM32U385VGT6Q, STM32U535CBT6, STM32U535CBT6Q, STM32U535CBU6, STM32U535CBU6Q, STM32U535CCT6, STM32U535CCT6Q, STM32U535CCU6, STM32U535CCU6Q, STM32U535CET6, STM32U535CET6Q, STM32U535CEU6, STM32U535CEU6Q, STM32U535JEY6QTR, STM32U535NCY6QTR, STM32U535NEY6QTR, STM32U535RBI6, STM32U535RBI6Q, STM32U535RBT6, STM32U535RBT6Q, STM32U535RCI6, STM32U535RCI6Q, STM32U535RCT6, STM32U535RCT6Q, STM32U535REI6, STM32U535REI6Q, STM32U535RET6, STM32U535RET6Q, STM32U535VCI6, STM32U535VCI6Q, STM32U535VCT6, STM32U535VCT6Q, STM32U535VEI6, STM32U535VEI6Q, STM32U535VET6, STM32U535VET6Q, STM32U545CET6, STM32U545CET6Q, STM32U545CEU6, STM32U545CEU6Q, STM32U545JEY6QTR, STM32U545NEY6QTR, STM32U545REI6, STM32U545REI6Q, STM32U545RET6, STM32U545RET6Q, STM32U545VEI6, STM32U545VEI6Q, STM32U545VET6, STM32U545VET6Q, STM32U595AIH6, STM32U595AIH6Q, STM32U595AJH6, STM32U595AJH6Q, STM32U595QII6, STM32U595QII6Q, STM32U595QJI6, STM32U595QJI6Q, STM32U595RIT6, STM32U595RIT6Q, STM32U595RJT6, STM32U595RJT6Q, STM32U595VIT6, STM32U595VIT6Q, STM32U595VJT6, STM32U595VJT6Q, STM32U595ZIT6, STM32U595ZIT6Q, STM32U595ZIY6QTR, STM32U595ZJT6, STM32U595ZJT6Q, STM32U595ZJY6QTR, STM32U599BJY6QTR, STM32U599NIH6Q, STM32U599NJH6Q, STM32U599VIT6Q, STM32U599VJT6, STM32U599VJT6Q, STM32U599ZIT6Q, STM32U599ZIY6QTR, STM32U599ZJT6Q, STM32U599ZJY6QTR, STM32U5A5AJH6, STM32U5A5AJH6Q, STM32U5A5QII3Q , STM32U5A5QJI6, STM32U5A5QJI6Q, STM32U5A5RJT6, STM32U5A5RJT6Q, STM32U5A5VJT6, STM32U5A5VJT6Q, STM32U5A5ZJT6, STM32U5A5ZJT6Q, STM32U5A5ZJY6QTR, STM32U5A9BJY6QTR, STM32U5A9J-DK, STM32U5A9NJH6Q, STM32U5A9VJT6Q, STM32U5A9ZJT6Q, STM32U5A9ZJY6QTR, STM32U5F7VIT6, STM32U5F7VIT6Q, STM32U5F7VJT6, STM32U5F7VJT6Q, STM32U5F9BJY6QTR, STM32U5F9NJH6Q, STM32U5F9VIT6Q, STM32U5F9VJT6Q, STM32U5F9ZIJ6QTR, STM32U5F9ZIT6Q, STM32U5F9ZJJ6QTR, STM32U5F9ZJT6Q, STM32U5G7VJT6, STM32U5G7VJT6Q, STM32U5G9BJY6QTR, STM32U5G9J-DK1, STM32U5G9J-DK2, STM32U5G9NJH6Q, STM32U5G9VJT6Q, STM32U5G9ZJJ6QTR, STM32U5G9ZJT6Q, STM32WB05KZV6TR, STM32WB05KZV7TR, STM32WB05TZF6TR, STM32WB05TZF7TR, STM32WB06CCF6TR, STM32WB06CCF7TR, STM32WB06CCV6TR, STM32WB06CCV7TR, STM32WB06KCV6TR, STM32WB06KCV7TR, STM32WB07CCF6TR, STM32WB07CCF7TR, STM32WB07CCV6TR, STM32WB07CCV7TR, STM32WB07KCV6TR, STM32WB07KCV7TR, STM32WB09KEV6TR, STM32WB09KEV7TR, STM32WB09TEF6TR, STM32WB09TEF7TR, STM32WB1MMCH6, STM32WBA50KGU6, STM32WBA50KGU6TR, STM32WBA52CEU6, STM32WBA52CEU6TR, STM32WBA52CEU7, STM32WBA52CEU7TR, STM32WBA52CGU6, STM32WBA52CGU6TR, STM32WBA52CGU6U, STM32WBA52CGU7, STM32WBA52CGU7TR, STM32WBA52KEU6, STM32WBA52KEU6TR, STM32WBA52KGU6, STM32WBA52KGU6TR, STM32WBA54CEU6, STM32WBA54CEU6TR, STM32WBA54CEU7, STM32WBA54CEU7TR, STM32WBA54CGU6, STM32WBA54CGU6TR, STM32WBA54CGU7, STM32WBA54CGU7TR, STM32WBA54KEU6, STM32WBA54KEU6TR, STM32WBA54KEU7, STM32WBA54KEU7TR, STM32WBA54KGU6, STM32WBA54KGU6TR, STM32WBA54KGU7, STM32WBA54KGU7TR, STM32WBA55CEU6, STM32WBA55CEU6TR, STM32WBA55CEU7, STM32WBA55CEU7TR, STM32WBA55CGU6, STM32WBA55CGU6TR, STM32WBA55CGU6U, STM32WBA55CGU7, STM32WBA55CGU7TR, STM32WBA55G-DK1, STM32WBA55HEF6, STM32WBA55HEF7, STM32WBA55HGF6, STM32WBA55HGF7, STM32WBA55UEI6, STM32WBA55UEI6TR, STM32WBA55UEI7, STM32WBA55UEI7TR, STM32WBA55UGI6, STM32WBA55UGI6TR, STM32WBA55UGI7, STM32WBA55UGI7TR, STM32WBA5MMGH6TR, STM32WBA62MGF6, STM32WBA62MIF6, STM32WBA65MGF7, STM32WBA65MIF6, STM32WBA65MIF7, STM32WL30K8V6, STM32WL30KBV6, STM32WL31C8V6, STM32WL31CBV6, STM32WL31K8V6, STM32WL31KBV6, STM32WL33C8V6, STM32WL33C8V6X, STM32WL33CBV6, STM32WL33CBV6X, STM32WL33CCV6, STM32WL33CCV6A, STM32WL33CCV6X, STM32WL33K8V7, STM32WL33K8V7X, STM32WL33KBV7 , STM32WL33KBV7X, STM32WL33KCV7, STM32WL33KCV7X, STM32WL5MOCH6, STM32WL5MOCH6TR]
2026-05-12 10:49:01,296 [INFO] ApiDb:668 - CubeFinder database Data Model version=2.1
2026-05-12 10:49:01,296 [INFO] ApiDb:669 - CubeFinder database Configuration version=3.0.42
2026-05-12 10:49:01,296 [INFO] ApiDb:670 - CubeFinder database generation date=2026-05-06 (1778060171)
2026-05-12 10:49:01,296 [INFO] ApiDb:671 - CubeFinder database FW Pack versions=[FP-ATR-ASTRA1_V2.0.0, FP-SNS-FLIGHT1_V5.1.0, FP-SNS-MOTENV1_V5.1.0, FP-SNS-MOTENVWB1_V1.5.0, FP-SNS-SMARTAG2_V1.2.0, FP-SNS-STBOX1_V2.1.0, STM32Cube_FW_C0_V1.4.0, STM32Cube_FW_F4_V1.28.3, STM32Cube_FW_F7_V1.17.4, STM32Cube_FW_G0_V1.6.3, STM32Cube_FW_G4_V1.6.2, STM32Cube_FW_H5_V1.6.0, STM32Cube_FW_H7RS_V1.3.0, STM32Cube_FW_H7_V1.13.0, STM32Cube_FW_L0_V1.12.2, STM32Cube_FW_L4_V1.18.2, STM32Cube_FW_L5_V1.6.0, STM32Cube_FW_N6_V1.3.0, STM32Cube_FW_U0_V1.3.0, STM32Cube_FW_U3_V1.3.0, STM32Cube_FW_U5_V1.8.0, STM32Cube_FW_WB0_V1.4.0, STM32Cube_FW_WBA_V1.9.0, STM32Cube_FW_WB_V1.24.0, STM32Cube_FW_WL3_V1.4.0, STM32Cube_FW_WL_V1.5.0, X-CUBE-ALGOBUILD_V1.4.0, X-CUBE-ALS_V1.0.2, X-CUBE-AZRTOS-F4_V1.1.0, X-CUBE-AZRTOS-F7_V1.1.0, X-CUBE-AZRTOS-G0_V1.1.0, X-CUBE-AZRTOS-G4_V2.0.0, X-CUBE-AZRTOS-H7RS_V1.1.0, X-CUBE-AZRTOS-H7_V3.5.0, X-CUBE-AZRTOS-L4_V2.0.0, X-CUBE-AZRTOS-L5_V2.0.0, X-CUBE-AZRTOS-WB_V2.0.0, X-CUBE-AZRTOS-WL_V2.0.0, X-CUBE-BLE1_V7.1.0, X-CUBE-BLE2_V3.3.0, X-CUBE-BLEMGR_V4.1.0, X-CUBE-EEPRMA1_V5.2.0, X-CUBE-FREERTOS_V1.5.0, X-CUBE-GNSS1_V6.0.0, X-CUBE-MEMS1_V12.0.0, X-CUBE-NFC4_V3.0.0, X-CUBE-NFC7_V2.0.0, X-CUBE-SFXS2LP1_V4.0.0, X-CUBE-ST67W61_V1.2.0, X-CUBE-SUBG2_V5.0.0, X-CUBE-TOF1_V3.4.3]
2026-05-12 10:49:03,625 [INFO] ApiDb:240 - Found 880 in-development CPN: [B-G473E-ZEST1S, B-WB1M-WPAN1, B-WBA5M-WPAN, B-WL5M-SUBG1, NUCLEO-C031C6, NUCLEO-C051C8, NUCLEO-C071RB, NUCLEO-C092RC, NUCLEO-H503RB, NUCLEO-H533RE, NUCLEO-H563ZI, NUCLEO-H7S3L8, NUCLEO-N657X0-Q, NUCLEO-U031R8, NUCLEO-U083RC, NUCLEO-U385RG-Q, NUCLEO-U545RE-Q, NUCLEO-U5A5ZJ-Q, NUCLEO-WB05KZ, NUCLEO-WB07CC, NUCLEO-WB09KE, NUCLEO-WBA52CG, NUCLEO-WBA55CG, NUCLEO-WL33CC1, NUCLEO-WL33CC2, STEVAL-PROTEUS1, STEVAL-SMARTAG2, STEVAL-STWINBX1, STM320518-EVAL, STM32C0116-DK, STM32C011D6Y3TR, STM32C011D6Y6TR, STM32C011F4P3, STM32C011F4P6, STM32C011F4U3, STM32C011F4U6TR, STM32C011F6P3, STM32C011F6P6, STM32C011F6U3, STM32C011F6U6TR, STM32C011J4M3, STM32C011J4M6, STM32C011J6M3, STM32C011J6M6, STM32C0316-DK, STM32C031C4T3, STM32C031C4T6, STM32C031C4U3, STM32C031C4U6, STM32C031C6T3, STM32C031C6T6, STM32C031C6U3, STM32C031C6U6, STM32C031F4P3, STM32C031F4P6, STM32C031F6P3, STM32C031F6P6, STM32C031G4U3, STM32C031G4U6, STM32C031G6U3, STM32C031G6U6, STM32C031K4T3, STM32C031K4T6, STM32C031K4U3, STM32C031K4U6, STM32C031K6T3, STM32C031K6T6, STM32C031K6U3, STM32C031K6U6, STM32C051C6T6, STM32C051C6U6, STM32C051C8T6, STM32C051C8U6, STM32C051D8Y6TR, STM32C051F6P6, STM32C051F8P6, STM32C051G6U6, STM32C051G8U6, STM32C051K6T6, STM32C051K6U6, STM32C051K8T6, STM32C071C8T6, STM32C071C8T6N, STM32C071C8U6, STM32C071C8U6N, STM32C071CBT6, STM32C071CBT6N, STM32C071CBU6, STM32C071CBU6N, STM32C071F8P6, STM32C071F8P6N, STM32C071FBP6, STM32C071FBP6N, STM32C071FBY6TR, STM32C071G8U6, STM32C071G8U6N, STM32C071GBU6, STM32C071GBU6N, STM32C071K8T6, STM32C071K8T6N, STM32C071K8U6, STM32C071K8U6N, STM32C071KBT6, STM32C071KBT6N, STM32C071KBU6, STM32C071KBU6N, STM32C071R8T6, STM32C071R8T6N, STM32C071RBI6N, STM32C071RBT6, STM32C071RBT6N, STM32C091CBT6, STM32C091CBU6, STM32C091CCT6, STM32C091CCU6, STM32C091ECY6TR, STM32C091FBP6, STM32C091FCP6, STM32C091GBU6, STM32C091GCU6, STM32C091KBT6, STM32C091KBU6, STM32C091KCT6, STM32C091KCU6, STM32C091RBT6, STM32C091RCI6, STM32C091RCT6, STM32C092CBT6, STM32C092CBU6, STM32C092CCT6, STM32C092CCU6, STM32C092ECY6TR, STM32C092FBP6, STM32C092FCP6, STM32C092GBU6, STM32C092GCU6, STM32C092KBT6, STM32C092KBU6, STM32C092KCT6, STM32C092KCU6, STM32C092RBT6, STM32C092RCI6, STM32C092RCT6, STM32G071K8TXN, STM32G071K8UXN, STM32G081GBU6N, STM32G081KBT6N, STM32G081KBUXN, STM32G0B1CCT6N, STM32G0B1KCT6, STM32G0B1NEY6TR, STM32G0B1RCT6N, STM32G0C1CCT6, STM32G0C1CCT6N, STM32G0C1CCU6N, STM32G0C1CET6N, STM32G0C1CEU6N, STM32G0C1KCT6, STM32G0C1NEY6TR, STM32G0C1RCI6N, STM32G0C1RCT6N, STM32G0C1REI6N, STM32G0C1RET6N, STM32G0C1VCI6, STM32G0C1VEI6, STM32G411C6T3, STM32G411C6T6, STM32G411C6U3, STM32G411C6U6, STM32G411C8T3, STM32G411C8T6, STM32G411C8U3, STM32G411C8U6, STM32G411CBT3, STM32G411CBT6, STM32G411CBU3, STM32G411CBU6, STM32G411K6T3, STM32G411K6T6, STM32G411K6U3, STM32G411K6U6, STM32G411K8T3, STM32G411K8T6, STM32G411K8U3, STM32G411K8U6, STM32G411KBT3, STM32G411KBT6, STM32G411KBU3, STM32G411KBU6, STM32G411M6T3, STM32G411M6T6, STM32G411M8T3, STM32G411M8T6, STM32G411MBT3, STM32G411MBT6, STM32G411R6T3, STM32G411R6T6, STM32G411R8T3, STM32G411R8T6, STM32G411RBT3, STM32G411RBT6, STM32G414CBT3, STM32G414CBT6, STM32G414CBU3, STM32G414CBU6, STM32G414CCT3, STM32G414CCT6, STM32G414CCU3, STM32G414CCU6, STM32G414MBT3, STM32G414MBT6, STM32G414MCT3, STM32G414MCT6, STM32G414RBT3, STM32G414RBT6, STM32G414RCT3, STM32G414RCT6, STM32G414VBT3, STM32G414VBT6, STM32G414VCT3, STM32G414VCT6, STM32G431CBT3Z, STM32G431RBT3Z, STM32G471CCT6, STM32G471CCU6, STM32G471CET3, STM32G471CET6, STM32G471CEU3, STM32G471CEU6, STM32G471MCT6, STM32G471MET3, STM32G471MET6, STM32G471MEY6TR, STM32G471QCT6, STM32G471QET3, STM32G471RCT6, STM32G471RET3, STM32G471RET6, STM32G471VCH6, STM32G471VCI6, STM32G471VCT6, STM32G471VEH3, STM32G471VEH6, STM32G471VEI3, STM32G471VEI6, STM32G471VET3, STM32G471VET6, STM32G473QET3Z, STM32G473RET3Z, STM32G474CCT6, STM32G491RET3Z, STM32H503CBT6, STM32H503CBU6, STM32H503EBY6TR, STM32H503KBU6, STM32H503RBT6, STM32H523CCT6, STM32H523CCU6, STM32H523CET6, STM32H523CEU6, STM32H523HEY6TR, STM32H523RCT6, STM32H523RET6, STM32H523VCI6, STM32H523VCT6, STM32H523VEI6, STM32H523VET6, STM32H523ZCJ6, STM32H523ZCT6, STM32H523ZEJ6, STM32H523ZET6, STM32H533CET6, STM32H533CEU6, STM32H533HEY6TR, STM32H533RET6, STM32H533VEI6, STM32H533VET6, STM32H533ZEJ6, STM32H533ZET6, STM32H562AGI6, STM32H562AII6, STM32H562IGK6, STM32H562IGT6, STM32H562IIK6, STM32H562IIT6, STM32H562RGT6, STM32H562RGV6, STM32H562RIT6, STM32H562RIV6, STM32H562VGT6, STM32H562VIT6, STM32H562ZGT6, STM32H562ZIT6, STM32H563AGI6, STM32H563AII3Q, STM32H563AII6, STM32H563IGK6, STM32H563IGT6, STM32H563IIK3Q, STM32H563IIK6, STM32H563IIT3Q, STM32H563IIT6, STM32H563MIY3QTR, STM32H563RGT6, STM32H563RGV6, STM32H563RIT6, STM32H563RIV6, STM32H563VGT6, STM32H563VIT3Q, STM32H563VIT6, STM32H563ZGT6, STM32H563ZIT3Q, STM32H563ZIT6, STM32H573AII3Q, STM32H573AII6, STM32H573I-DK, STM32H573IIK3Q, STM32H573IIK6, STM32H573IIT3Q, STM32H573IIT6, STM32H573MIY3QTR, STM32H573RIT6, STM32H573RIV6, STM32H573VIT3Q, STM32H573VIT6, STM32H573ZIT3Q, STM32H573ZIT6, STM32H7R3A8I6, STM32H7R3I8K6, STM32H7R3I8T6, STM32H7R3L8H6, STM32H7R3L8H6H, STM32H7R3R8V6, STM32H7R3V8H6, STM32H7R3V8T6, STM32H7R3V8Y6TR, STM32H7R3Z8J6, STM32H7R3Z8T6, STM32H7R7A8I6, STM32H7R7I8K6, STM32H7R7I8T6, STM32H7R7L8H6, STM32H7R7L8H6H, STM32H7R7Z8J6, STM32H7S3A8I6, STM32H7S3I8K6, STM32H7S3I8T6, STM32H7S3L8H6, STM32H7S3L8H6H, STM32H7S3R8V6, STM32H7S3V8H6, STM32H7S3V8T6, STM32H7S3V8Y6TR, STM32H7S3Z8J6, STM32H7S3Z8T6, STM32H7S78-DK, STM32H7S7A8I6, STM32H7S7I8K6, STM32H7S7I8T6, STM32H7S7L8H6, STM32H7S7L8H6H, STM32H7S7Z8J6, STM32L4R5QGI6STR, STM32MP131AAE3, STM32MP131AAF3, STM32MP131AAG3, STM32MP131CAE3, STM32MP131CAF3, STM32MP131CAG3, STM32MP131DAE7, STM32MP131DAF7, STM32MP131DAG7, STM32MP131FAE7, STM32MP131FAF7, STM32MP131FAG7, STM32MP133AAE3, STM32MP133AAF3, STM32MP133AAG3, STM32MP133CAE3, STM32MP133CAF3, STM32MP133CAG3, STM32MP133DAE7, STM32MP133DAF7, STM32MP133DAG7, STM32MP133FAE7, STM32MP133FAF7, STM32MP133FAG7, STM32MP135AAE3, STM32MP135AAF3, STM32MP135AAG3, STM32MP135CAE3, STM32MP135CAF3, STM32MP135CAG3, STM32MP135DAE7, STM32MP135DAF7, STM32MP135DAG7, STM32MP135F-DK, STM32MP135FAE7, STM32MP135FAF7, STM32MP135FAF7T, STM32MP135FAF7U, STM32MP135FAG7, STM32MP211AAL3, STM32MP211AAM3, STM32MP211AAN3, STM32MP211AAO3, STM32MP211CAL3, STM32MP211CAM3, STM32MP211CAN3, STM32MP211CAO3, STM32MP211DAL3, STM32MP211DAM3, STM32MP211DAN3, STM32MP211DAO3, STM32MP211FAL3, STM32MP211FAM3, STM32MP211FAN3, STM32MP211FAO3, STM32MP213AAL3, STM32MP213AAM3, STM32MP213AAN3, STM32MP213AAO3, STM32MP213CAL3, STM32MP213CAM3, STM32MP213CAN3, STM32MP213CAO3, STM32MP213DAL3, STM32MP213DAM3, STM32MP213DAN3, STM32MP213DAO3, STM32MP213FAL3, STM32MP213FAM3, STM32MP213FAN3, STM32MP213FAO3, STM32MP215AAL3, STM32MP215AAM3, STM32MP215AAN3, STM32MP215AAO3, STM32MP215CAL3, STM32MP215CAM3, STM32MP215CAN3, STM32MP215CAO3, STM32MP215DAL3, STM32MP215DAM3, STM32MP215DAN3, STM32MP215DAO3, STM32MP215F-DK, STM32MP215FAL3, STM32MP215FAM3, STM32MP215FAN3, STM32MP215FAO3, STM32MP231AAJ3, STM32MP231AAK3, STM32MP231AAL3, STM32MP231CAJ3, STM32MP231CAK3, STM32MP231CAL3, STM32MP231DAJ3, STM32MP231DAK3, STM32MP231DAL3, STM32MP231FAJ3, STM32MP231FAK3, STM32MP231FAL3, STM32MP233AAJ3, STM32MP233AAK3, STM32MP233AAL3, STM32MP233CAJ3, STM32MP233CAK3, STM32MP233CAL3, STM32MP233DAJ3, STM32MP233DAK3, STM32MP233DAL3, STM32MP233FAJ3, STM32MP233FAK3, STM32MP233FAL3, STM32MP235AAJ3, STM32MP235AAK3, STM32MP235AAL3, STM32MP235CAJ3, STM32MP235CAK3, STM32MP235CAL3, STM32MP235DAJ3, STM32MP235DAK3, STM32MP235DAL3, STM32MP235FAJ3, STM32MP235FAK3, STM32MP235FAL3, STM32MP251AAI3, STM32MP251AAK3, STM32MP251AAL3, STM32MP251CAI3, STM32MP251CAK3, STM32MP251CAL3, STM32MP251DAI3, STM32MP251DAK3, STM32MP251DAL3, STM32MP251FAI3, STM32MP251FAK3, STM32MP251FAL3, STM32MP253AAI3, STM32MP253AAK3, STM32MP253AAL3, STM32MP253CAI3, STM32MP253CAK3, STM32MP253CAL3, STM32MP253DAI3, STM32MP253DAK3, STM32MP253DAL3, STM32MP253FAI3, STM32MP253FAK3, STM32MP253FAL3, STM32MP255AAI3, STM32MP255AAK3, STM32MP255AAL3, STM32MP255CAI3, STM32MP255CAK3, STM32MP255CAL3, STM32MP255DAI3, STM32MP255DAK3, STM32MP255DAL3, STM32MP255FAI3, STM32MP255FAK3, STM32MP255FAL3, STM32MP257AAI3, STM32MP257AAK3, STM32MP257AAL3, STM32MP257CAI3, STM32MP257CAK3, STM32MP257CAL3, STM32MP257DAI3, STM32MP257DAK3, STM32MP257DAL3, STM32MP257F-DK, STM32MP257F-EV1, STM32MP257FAI3, STM32MP257FAK3, STM32MP257FAL3, STM32N645A0H3Q, STM32N645B0H3Q, STM32N645I0H3Q, STM32N645L0H3Q, STM32N645X0H3Q, STM32N645Z0H3Q, STM32N647A0H3Q, STM32N647B0H3Q, STM32N647I0H3Q, STM32N647L0H3Q, STM32N647X0H3Q, STM32N647Z0H3Q, STM32N655A0H3Q, STM32N655B0H3Q, STM32N655I0H3Q, STM32N655L0H3Q, STM32N655X0H3Q, STM32N655Z0H3Q, STM32N6570-DK, STM32N657A0H3Q, STM32N657B0H3Q, STM32N657I0H3Q, STM32N657L0H3Q, STM32N657X0H3Q, STM32N657Z0H3Q, STM32U031C6T6, STM32U031C6U6, STM32U031C8T6, STM32U031C8U6, STM32U031F4P6, STM32U031F6P6, STM32U031F8P6, STM32U031G6Y6TR, STM32U031G8Y6TR, STM32U031K4U6, STM32U031K6U6, STM32U031K8U6, STM32U031R6I6, STM32U031R6T6, STM32U031R8I6, STM32U031R8T6, STM32U073C8T6, STM32U073C8U6, STM32U073CBT6, STM32U073CBU6, STM32U073CCT6, STM32U073CCU6, STM32U073H8Y6TR, STM32U073HBY6TR, STM32U073HCY6TR, STM32U073K8U6, STM32U073KBU6, STM32U073KCU6, STM32U073M8I6, STM32U073M8T6, STM32U073MBI6, STM32U073MBT6, STM32U073MCI6, STM32U073MCT6, STM32U073R8I6, STM32U073R8T6, STM32U073RBI6, STM32U073RBT6, STM32U073RCI6, STM32U073RCT6, STM32U083C-DK, STM32U083CCT6, STM32U083CCU6, STM32U083HCY6TR, STM32U083KCU6, STM32U083MCI6, STM32U083MCT6, STM32U083RCI6, STM32U083RCT6, STM32U375CET6, STM32U375CET6Q, STM32U375CEU6, STM32U375CEU6Q, STM32U375CEY6QTR, STM32U375CGT6, STM32U375CGT6Q, STM32U375CGU6, STM32U375CGU6Q, STM32U375CGY6QTR, STM32U375KEU6, STM32U375KGU6, STM32U375REI6, STM32U375REI6Q, STM32U375RET6, STM32U375RET6Q, STM32U375REY6GTR, STM32U375REY6QTR, STM32U375RGI6, STM32U375RGI6Q, STM32U375RGT6, STM32U375RGT6Q, STM32U375RGY6GTR, STM32U375RGY6QTR, STM32U375VEI6, STM32U375VEI6Q, STM32U375VET6, STM32U375VET6Q, STM32U375VGI6, STM32U375VGI6Q, STM32U375VGT6, STM32U375VGT6Q, STM32U385CGT6, STM32U385CGT6Q, STM32U385CGU6, STM32U385CGU6Q, STM32U385CGY6QTR, STM32U385KGU6, STM32U385RGI6, STM32U385RGI6Q, STM32U385RGT6, STM32U385RGT6Q, STM32U385RGY6GTR, STM32U385RGY6QTR, STM32U385VGI6, STM32U385VGI6Q, STM32U385VGT6, STM32U385VGT6Q, STM32U535CBT6, STM32U535CBT6Q, STM32U535CBU6, STM32U535CBU6Q, STM32U535CCT6, STM32U535CCT6Q, STM32U535CCU6, STM32U535CCU6Q, STM32U535CET6, STM32U535CET6Q, STM32U535CEU6, STM32U535CEU6Q, STM32U535JEY6QTR, STM32U535NCY6QTR, STM32U535NEY6QTR, STM32U535RBI6, STM32U535RBI6Q, STM32U535RBT6, STM32U535RBT6Q, STM32U535RCI6, STM32U535RCI6Q, STM32U535RCT6, STM32U535RCT6Q, STM32U535REI6, STM32U535REI6Q, STM32U535RET6, STM32U535RET6Q, STM32U535VCI6, STM32U535VCI6Q, STM32U535VCT6, STM32U535VCT6Q, STM32U535VEI6, STM32U535VEI6Q, STM32U535VET6, STM32U535VET6Q, STM32U545CET6, STM32U545CET6Q, STM32U545CEU6, STM32U545CEU6Q, STM32U545JEY6QTR, STM32U545NEY6QTR, STM32U545REI6, STM32U545REI6Q, STM32U545RET6, STM32U545RET6Q, STM32U545VEI6, STM32U545VEI6Q, STM32U545VET6, STM32U545VET6Q, STM32U595AIH6, STM32U595AIH6Q, STM32U595AJH6, STM32U595AJH6Q, STM32U595QII6, STM32U595QII6Q, STM32U595QJI6, STM32U595QJI6Q, STM32U595RIT6, STM32U595RIT6Q, STM32U595RJT6, STM32U595RJT6Q, STM32U595VIT6, STM32U595VIT6Q, STM32U595VJT6, STM32U595VJT6Q, STM32U595ZIT6, STM32U595ZIT6Q, STM32U595ZIY6QTR, STM32U595ZJT6, STM32U595ZJT6Q, STM32U595ZJY6QTR, STM32U599BJY6QTR, STM32U599NIH6Q, STM32U599NJH6Q, STM32U599VIT6Q, STM32U599VJT6, STM32U599VJT6Q, STM32U599ZIT6Q, STM32U599ZIY6QTR, STM32U599ZJT6Q, STM32U599ZJY6QTR, STM32U5A5AJH6, STM32U5A5AJH6Q, STM32U5A5QII3Q , STM32U5A5QJI6, STM32U5A5QJI6Q, STM32U5A5RJT6, STM32U5A5RJT6Q, STM32U5A5VJT6, STM32U5A5VJT6Q, STM32U5A5ZJT6, STM32U5A5ZJT6Q, STM32U5A5ZJY6QTR, STM32U5A9BJY6QTR, STM32U5A9J-DK, STM32U5A9NJH6Q, STM32U5A9VJT6Q, STM32U5A9ZJT6Q, STM32U5A9ZJY6QTR, STM32U5F7VIT6, STM32U5F7VIT6Q, STM32U5F7VJT6, STM32U5F7VJT6Q, STM32U5F9BJY6QTR, STM32U5F9NJH6Q, STM32U5F9VIT6Q, STM32U5F9VJT6Q, STM32U5F9ZIJ6QTR, STM32U5F9ZIT6Q, STM32U5F9ZJJ6QTR, STM32U5F9ZJT6Q, STM32U5G7VJT6, STM32U5G7VJT6Q, STM32U5G9BJY6QTR, STM32U5G9J-DK1, STM32U5G9J-DK2, STM32U5G9NJH6Q, STM32U5G9VJT6Q, STM32U5G9ZJJ6QTR, STM32U5G9ZJT6Q, STM32WB05KZV6TR, STM32WB05KZV7TR, STM32WB05TZF6TR, STM32WB05TZF7TR, STM32WB06CCF6TR, STM32WB06CCF7TR, STM32WB06CCV6TR, STM32WB06CCV7TR, STM32WB06KCV6TR, STM32WB06KCV7TR, STM32WB07CCF6TR, STM32WB07CCF7TR, STM32WB07CCV6TR, STM32WB07CCV7TR, STM32WB07KCV6TR, STM32WB07KCV7TR, STM32WB09KEV6TR, STM32WB09KEV7TR, STM32WB09TEF6TR, STM32WB09TEF7TR, STM32WB1MMCH6, STM32WBA50KGU6, STM32WBA50KGU6TR, STM32WBA52CEU6, STM32WBA52CEU6TR, STM32WBA52CEU7, STM32WBA52CEU7TR, STM32WBA52CGU6, STM32WBA52CGU6TR, STM32WBA52CGU6U, STM32WBA52CGU7, STM32WBA52CGU7TR, STM32WBA52KEU6, STM32WBA52KEU6TR, STM32WBA52KGU6, STM32WBA52KGU6TR, STM32WBA54CEU6, STM32WBA54CEU6TR, STM32WBA54CEU7, STM32WBA54CEU7TR, STM32WBA54CGU6, STM32WBA54CGU6TR, STM32WBA54CGU7, STM32WBA54CGU7TR, STM32WBA54KEU6, STM32WBA54KEU6TR, STM32WBA54KEU7, STM32WBA54KEU7TR, STM32WBA54KGU6, STM32WBA54KGU6TR, STM32WBA54KGU7, STM32WBA54KGU7TR, STM32WBA55CEU6, STM32WBA55CEU6TR, STM32WBA55CEU7, STM32WBA55CEU7TR, STM32WBA55CGU6, STM32WBA55CGU6TR, STM32WBA55CGU6U, STM32WBA55CGU7, STM32WBA55CGU7TR, STM32WBA55G-DK1, STM32WBA55HEF6, STM32WBA55HEF7, STM32WBA55HGF6, STM32WBA55HGF7, STM32WBA55UEI6, STM32WBA55UEI6TR, STM32WBA55UEI7, STM32WBA55UEI7TR, STM32WBA55UGI6, STM32WBA55UGI6TR, STM32WBA55UGI7, STM32WBA55UGI7TR, STM32WBA5MMGH6TR, STM32WBA62MGF6, STM32WBA62MIF6, STM32WBA65MGF7, STM32WBA65MIF6, STM32WBA65MIF7, STM32WL30K8V6, STM32WL30KBV6, STM32WL31C8V6, STM32WL31CBV6, STM32WL31K8V6, STM32WL31KBV6, STM32WL33C8V6, STM32WL33C8V6X, STM32WL33CBV6, STM32WL33CBV6X, STM32WL33CCV6, STM32WL33CCV6A, STM32WL33CCV6X, STM32WL33K8V7, STM32WL33K8V7X, STM32WL33KBV7 , STM32WL33KBV7X, STM32WL33KCV7, STM32WL33KCV7X, STM32WL5MOCH6, STM32WL5MOCH6TR]
2026-05-12 10:49:03,635 [INFO] DbMcus:218 - Found 5086 MCUs, 4968 are supported
2026-05-12 10:49:03,638 [INFO] ApiDb:423 - Load user favorites file C:\Users\jahna/.stm32cubeide/favorites.mcus.txt: 0 item(s)
2026-05-12 10:49:03,638 [INFO] ApiDb:427 - User favorites MCUs=[]
2026-05-12 10:49:03,639 [INFO] DbMcus:224 - Set 0 / 0 favorites MCUs
2026-05-12 10:49:04,433 [INFO] BoardInfo:889 - No configuration file found for board NUCLEO-H5E5ZJ
2026-05-12 10:49:04,437 [INFO] DbBoards:161 - Board is not supported: NUCLEO-H5E5ZJ
2026-05-12 10:49:04,521 [INFO] BoardInfo:889 - No configuration file found for board NUCLEO-U3C5ZI-Q
2026-05-12 10:49:04,523 [INFO] DbBoards:161 - Board is not supported: NUCLEO-U3C5ZI-Q
2026-05-12 10:49:04,543 [INFO] BoardInfo:889 - No configuration file found for board NUCLEO-WBA25CE1
2026-05-12 10:49:04,546 [INFO] DbBoards:161 - Board is not supported: NUCLEO-WBA25CE1
2026-05-12 10:49:04,558 [INFO] BoardInfo:889 - No configuration file found for board NUCLEO-WL3RKB1
2026-05-12 10:49:04,559 [INFO] DbBoards:161 - Board is not supported: NUCLEO-WL3RKB1
2026-05-12 10:49:04,562 [INFO] BoardInfo:889 - No configuration file found for board NUCLEO-WL3RKB2
2026-05-12 10:49:04,563 [INFO] DbBoards:161 - Board is not supported: NUCLEO-WL3RKB2
2026-05-12 10:49:04,574 [INFO] BoardInfo:889 - No configuration file found for board P-NUCLEO-WB55
2026-05-12 10:49:04,577 [INFO] DbBoards:161 - Kit is not supported: P-NUCLEO-WB55
2026-05-12 10:49:04,590 [INFO] BoardInfo:889 - No configuration file found for board STEVAL-BFA001V1B
2026-05-12 10:49:04,591 [INFO] DbBoards:161 - Kit is not supported: STEVAL-BFA001V1B
2026-05-12 10:49:04,592 [INFO] BoardInfo:889 - No configuration file found for board STEVAL-BFA001V2B
2026-05-12 10:49:04,593 [INFO] DbBoards:161 - Kit is not supported: STEVAL-BFA001V2B
2026-05-12 10:49:04,833 [INFO] BoardInfo:889 - No configuration file found for board STM32H5F5J-DK
2026-05-12 10:49:04,834 [INFO] DbBoards:161 - Board is not supported: STM32H5F5J-DK
2026-05-12 10:49:04,955 [INFO] DbBoards:168 - Found 218 boards, 209 are supported
2026-05-12 10:49:04,957 [INFO] DbBoards:169 - Found 218 boards, 43 of them is supported for  Bsp
2026-05-12 10:49:04,964 [INFO] ApiDb:423 - Load user favorites file C:\Users\jahna/.stm32cubeide/favorites.boards.txt: 0 item(s)
2026-05-12 10:49:04,965 [INFO] ApiDb:427 - User favorites Boards=[]
2026-05-12 10:49:04,965 [INFO] DbBoards:198 - Set 0 / 0 favorites Boards
2026-05-12 10:49:05,051 [INFO] UtilMem:75 - End LoadConfig() Used Memory: 749947680 Bytes (1073741824)
2026-05-12 10:49:05,276 [WARN] ThirdParty:833 - waiting for thirdparty lock release [change project]
2026-05-12 10:49:05,277 [INFO] ThirdParty:835 - entering critical section [change project]
2026-05-12 10:49:05,278 [INFO] ThirdParty:1030 - CMSIS Pack Vendor :STMicroelectronics X-CUBE-AZRTOS-H7 3.5.0
2026-05-12 10:49:05,278 [INFO] ThirdParty:1030 - CMSIS Pack Vendor :STMicroelectronics X-CUBE-PM33A1 1.0.0
2026-05-12 10:49:05,279 [INFO] ThirdParty:1030 - CMSIS Pack Vendor :STMicroelectronics USBPD 4.1
2026-05-12 10:49:05,279 [INFO] ThirdParty:1030 - CMSIS Pack Vendor :STMicroelectronics X-CUBE-NFC9 1.0.0
2026-05-12 10:49:05,279 [INFO] ThirdParty:1030 - CMSIS Pack Vendor :STMicroelectronics USB_HOST 2.0.0
2026-05-12 10:49:05,279 [INFO] ThirdParty:1030 - CMSIS Pack Vendor :STMicroelectronics X-CUBE-AZRTOS-F4 1.1.0
2026-05-12 10:49:05,279 [INFO] ThirdParty:1030 - CMSIS Pack Vendor :STMicroelectronics LIBJPEG 8.0.0
2026-05-12 10:49:05,279 [INFO] ThirdParty:1030 - CMSIS Pack Vendor :STMicroelectronics FP-ATR-ASTRA1 2.0.2
2026-05-12 10:49:05,279 [INFO] ThirdParty:1030 - CMSIS Pack Vendor :STMicroelectronics X-CUBE-BLE1 7.1.0
2026-05-12 10:49:05,279 [INFO] ThirdParty:1030 - CMSIS Pack Vendor :STMicroelectronics X-CUBE-SMBUS 2.1.0
2026-05-12 10:49:05,279 [INFO] ThirdParty:1030 - CMSIS Pack Vendor :wolfSSL I-CUBE-wolfMQTT 1.19.2
2026-05-12 10:49:05,279 [INFO] ThirdParty:1030 - CMSIS Pack Vendor :STMicroelectronics USB_DEVICE 3.0.0
2026-05-12 10:49:05,279 [INFO] ThirdParty:1030 - CMSIS Pack Vendor :STMicroelectronics X-CUBE-ISPU 2.1.0
2026-05-12 10:49:05,279 [INFO] ThirdParty:1030 - CMSIS Pack Vendor :STMicroelectronics X-CUBE-EEPRMA1 5.2.0
2026-05-12 10:49:05,279 [INFO] ThirdParty:1030 - CMSIS Pack Vendor :STMicroelectronics X-CUBE-IPS 3.2.0
2026-05-12 10:49:05,279 [INFO] ThirdParty:1030 - CMSIS Pack Vendor :STMicroelectronics X-CUBE-BLEMGR 4.1.0
2026-05-12 10:49:05,279 [INFO] ThirdParty:1030 - CMSIS Pack Vendor :STMicroelectronics eDS-WB_DPC_TT-BIDIR 2.1.1
2026-05-12 10:49:05,279 [INFO] ThirdParty:1030 - CMSIS Pack Vendor :STMicroelectronics X-CUBE-AZRTOS-WB 2.0.0
2026-05-12 10:49:05,279 [INFO] ThirdParty:1030 - CMSIS Pack Vendor :wolfSSL I-CUBE-wolfSSL 5.8.4
2026-05-12 10:49:05,279 [INFO] ThirdParty:1030 - CMSIS Pack Vendor :Cesanta I-CUBE-Mongoose 7.20.0
2026-05-12 10:49:05,279 [INFO] ThirdParty:1030 - CMSIS Pack Vendor :STMicroelectronics X-CUBE-NFC12 1.0.0
2026-05-12 10:49:05,279 [INFO] ThirdParty:1030 - CMSIS Pack Vendor :STMicroelectronics X-CUBE-AZRTOS-F7 1.1.0
2026-05-12 10:49:05,279 [INFO] ThirdParty:1030 - CMSIS Pack Vendor :STMicroelectronics X-CUBE-AZRTOS-L5 2.0.0
2026-05-12 10:49:05,279 [INFO] ThirdParty:1030 - CMSIS Pack Vendor :STMicroelectronics USB_DEVICE 2.0.0
2026-05-12 10:49:05,279 [INFO] ThirdParty:1030 - CMSIS Pack Vendor :STMicroelectronics FP-SNS-STAIOTCFT 1.1.0
2026-05-12 10:49:05,279 [INFO] ThirdParty:1030 - CMSIS Pack Vendor :quantropi X-CUBE-qispace-sdk-base 2.1.0
2026-05-12 10:49:05,279 [INFO] ThirdParty:1030 - CMSIS Pack Vendor :STMicroelectronics X-CUBE-MEMS1 12.0.0
2026-05-12 10:49:05,280 [INFO] ThirdParty:1030 - CMSIS Pack Vendor :STMicroelectronics X-CUBE-STSE01 2.0.0
2026-05-12 10:49:05,280 [INFO] ThirdParty:1030 - CMSIS Pack Vendor :STMicroelectronics FP-SNS-MOTENV1 5.1.0
2026-05-12 10:49:05,280 [INFO] ThirdParty:1030 - CMSIS Pack Vendor :STMicroelectronics FreeRTOS 0.0.1
2026-05-12 10:49:05,280 [INFO] ThirdParty:1030 - CMSIS Pack Vendor :STMicroelectronics X-CUBE-AZRTOS-G0 1.1.0
2026-05-12 10:49:05,280 [INFO] ThirdParty:1030 - CMSIS Pack Vendor :STMicroelectronics X-CUBE-NFC4 3.0.0
2026-05-12 10:49:05,280 [INFO] ThirdParty:1030 - CMSIS Pack Vendor :STMicroelectronics X-CUBE-SUBG2 5.0.0
2026-05-12 10:49:05,280 [INFO] ThirdParty:1030 - CMSIS Pack Vendor :STMicroelectronics STM32_WPAN 1.0.0
2026-05-12 10:49:05,280 [INFO] ThirdParty:1030 - CMSIS Pack Vendor :STMicroelectronics eDS-WB_DPC_VIENNA 1.2.0
2026-05-12 10:49:05,280 [INFO] ThirdParty:1030 - CMSIS Pack Vendor :EmbeddedOffice I-CUBE-FS-RTOS 1.0.1
2026-05-12 10:49:05,280 [INFO] ThirdParty:1030 - CMSIS Pack Vendor :STMicroelectronics lwIP 2.0.3
2026-05-12 10:49:05,280 [INFO] ThirdParty:1030 - CMSIS Pack Vendor :WES I-CUBE-Cesium 1.4.0
2026-05-12 10:49:05,280 [INFO] ThirdParty:1030 - CMSIS Pack Vendor :STMicroelectronics eDS-WB_DPC_3PH2L-BIDIR 1.1.1
2026-05-12 10:49:05,280 [INFO] ThirdParty:1030 - CMSIS Pack Vendor :STMicroelectronics USB_HOST 1.0.0
2026-05-12 10:49:05,280 [INFO] ThirdParty:1030 - CMSIS Pack Vendor :STMicroelectronics X-CUBE-AZRTOS-G4 2.0.0
2026-05-12 10:49:05,280 [INFO] ThirdParty:1030 - CMSIS Pack Vendor :STMicroelectronics X-CUBE-WB05N 2.0.0
2026-05-12 10:49:05,280 [INFO] ThirdParty:1030 - CMSIS Pack Vendor :STMicroelectronics PDM2PCM 3.1.0
2026-05-12 10:49:05,280 [INFO] ThirdParty:1030 - CMSIS Pack Vendor :STMicroelectronics PDM2PCM 3.3.0
2026-05-12 10:49:05,280 [INFO] ThirdParty:1030 - CMSIS Pack Vendor :wolfSSL I-CUBE-wolfTPM 3.8.0
2026-05-12 10:49:05,280 [INFO] ThirdParty:1030 - CMSIS Pack Vendor :STMicroelectronics X-CUBE-DISPLAY 3.0.0
2026-05-12 10:49:05,280 [INFO] ThirdParty:1030 - CMSIS Pack Vendor :wolfSSL I-CUBE-wolfSSH 1.4.20
2026-05-12 10:49:05,280 [INFO] ThirdParty:1030 - CMSIS Pack Vendor :STMicroelectronics X-CUBE-NFC7 2.0.0
2026-05-12 10:49:05,280 [INFO] ThirdParty:1030 - CMSIS Pack Vendor :STMicroelectronics X-CUBE-GNSS1 7.1.1
2026-05-12 10:49:05,280 [INFO] ThirdParty:1030 - CMSIS Pack Vendor :STMicroelectronics FP-SNS-MOTENVWB1 1.5.0
2026-05-12 10:49:05,280 [INFO] ThirdParty:1030 - CMSIS Pack Vendor :STMicroelectronics X-CUBE-TCPP 4.2.0
2026-05-12 10:49:05,280 [INFO] ThirdParty:1030 - CMSIS Pack Vendor :RealThread X-CUBE-RT-Thread_Nano 4.1.1
2026-05-12 10:49:05,280 [INFO] ThirdParty:1030 - CMSIS Pack Vendor :wolfSSL I-CUBE-wolfSSL 5.9.1
2026-05-12 10:49:05,280 [INFO] ThirdParty:1030 - CMSIS Pack Vendor :STMicroelectronics FP-ATR-SIGFOX1 3.2.0
2026-05-12 10:49:05,281 [INFO] ThirdParty:1030 - CMSIS Pack Vendor :STMicroelectronics X-CUBE-NFC10 1.0.0
2026-05-12 10:49:05,281 [INFO] ThirdParty:1030 - CMSIS Pack Vendor :STMicroelectronics HAL Drivers 0.0.0
2026-05-12 10:49:05,281 [INFO] ThirdParty:1030 - CMSIS Pack Vendor :STMicroelectronics X-CUBE-FREERTOS 1.5.0
2026-05-12 10:49:05,281 [INFO] ThirdParty:1030 - CMSIS Pack Vendor :STMicroelectronics MBEDTLS 2.16.2
2026-05-12 10:49:05,281 [INFO] ThirdParty:1030 - CMSIS Pack Vendor :STMicroelectronics X-CUBE-ST60 1.1.0
2026-05-12 10:49:05,281 [INFO] ThirdParty:1030 - CMSIS Pack Vendor :STMicroelectronics X-CUBE-ALS 1.0.2
2026-05-12 10:49:05,281 [INFO] ThirdParty:1030 - CMSIS Pack Vendor :emotas I-CUBE-CANOPEN 1.3.0
2026-05-12 10:49:05,281 [INFO] ThirdParty:1030 - CMSIS Pack Vendor :STMicroelectronics MBEDTLS 2.14.1
2026-05-12 10:49:05,281 [INFO] ThirdParty:1030 - CMSIS Pack Vendor :STMicroelectronics X-CUBE-GNSS1 7.1.0
2026-05-12 10:49:05,281 [INFO] ThirdParty:1030 - CMSIS Pack Vendor :ITTIA_DB I-CUBE-ITTIADB 8.9.0
2026-05-12 10:49:05,281 [INFO] ThirdParty:1030 - CMSIS Pack Vendor :Cesanta I-CUBE-Mongoose 7.21.6
2026-05-12 10:49:05,281 [INFO] ThirdParty:1030 - CMSIS Pack Vendor :STMicroelectronics X-CUBE-TOUCHGFX 4.26.1
2026-05-12 10:49:05,281 [INFO] ThirdParty:1030 - CMSIS Pack Vendor :STMicroelectronics X-CUBE-NFC6 3.2.0
2026-05-12 10:49:05,281 [INFO] ThirdParty:1030 - CMSIS Pack Vendor :STMicroelectronics FP-SNS-STBOX1 2.1.0
2026-05-12 10:49:05,281 [INFO] ThirdParty:1030 - CMSIS Pack Vendor :STMicroelectronics X-CUBE-AI 10.2.0
2026-05-12 10:49:05,281 [INFO] ThirdParty:1030 - CMSIS Pack Vendor :STMicroelectronics FP-SNS-STAIOTCFT 1.0.0
2026-05-12 10:49:05,281 [INFO] ThirdParty:1030 - CMSIS Pack Vendor :STMicroelectronics ThreadX 1.0.0
2026-05-12 10:49:05,281 [INFO] ThirdParty:1030 - CMSIS Pack Vendor :STMicroelectronics FP-SNS-SMARTAG2 1.2.0
2026-05-12 10:49:05,281 [INFO] ThirdParty:1030 - CMSIS Pack Vendor :STMicroelectronics X-CUBE-MEMS1 12.1.0
2026-05-12 10:49:05,281 [INFO] ThirdParty:1030 - CMSIS Pack Vendor :STMicroelectronics FP-SNS-FLIGHT1 5.1.0
2026-05-12 10:49:05,281 [INFO] ThirdParty:1030 - CMSIS Pack Vendor :STMicroelectronics X-CUBE-AZRTOS-WL 2.0.0
2026-05-12 10:49:05,281 [INFO] ThirdParty:1030 - CMSIS Pack Vendor :SEGGER I-CUBE-embOS 1.3.1
2026-05-12 10:49:05,281 [INFO] ThirdParty:1030 - CMSIS Pack Vendor :STMicroelectronics X-CUBE-ALGOBUILD 1.4.0
2026-05-12 10:49:05,281 [INFO] ThirdParty:1030 - CMSIS Pack Vendor :STMicroelectronics X-CUBE-DPower 1.3.0
2026-05-12 10:49:05,281 [INFO] ThirdParty:1030 - CMSIS Pack Vendor :STMicroelectronics USB_DEVICE 1.0.0
2026-05-12 10:49:05,281 [INFO] ThirdParty:1030 - CMSIS Pack Vendor :STMicroelectronics X-CUBE-AZRTOS-H7RS 1.2.0
2026-05-12 10:49:05,281 [INFO] ThirdParty:1030 - CMSIS Pack Vendor :STMicroelectronics X-CUBE-AZRTOS-L4 2.0.0
2026-05-12 10:49:05,281 [INFO] ThirdParty:1030 - CMSIS Pack Vendor :STMicroelectronics ThreadX 0.0.2
2026-05-12 10:49:05,281 [INFO] ThirdParty:1030 - CMSIS Pack Vendor :STMicroelectronics lwIP 2.1.2
2026-05-12 10:49:05,281 [INFO] ThirdParty:1030 - CMSIS Pack Vendor :STMicroelectronics X-CUBE-SFXS2LP1 4.0.0
2026-05-12 10:49:05,281 [INFO] ThirdParty:1030 - CMSIS Pack Vendor :STMicroelectronics X-CUBE-BLE2 3.3.0
2026-05-12 10:49:05,281 [INFO] ThirdParty:1030 - CMSIS Pack Vendor :Avnet-IOTCONNECT X-CUBE-iotc-st67-sdk 1.0.0
2026-05-12 10:49:05,281 [INFO] ThirdParty:1030 - CMSIS Pack Vendor :STMicroelectronics X-CUBE-TOF1 3.4.3
2026-05-12 10:49:05,282 [INFO] ThirdParty:1030 - CMSIS Pack Vendor :Infineon AIROC-Wi-Fi-Bluetooth-STM32 1.8.0
2026-05-12 10:49:05,282 [INFO] ThirdParty:1030 - CMSIS Pack Vendor :STMicroelectronics PDM2PCM 3.2.0
2026-05-12 10:49:05,282 [INFO] ThirdParty:1030 - CMSIS Pack Vendor :STMicroelectronics X-CUBE-WB05N 2.1.0
2026-05-12 10:49:05,282 [INFO] ThirdParty:1030 - CMSIS Pack Vendor :STMicroelectronics X-CUBE-ST67W61 1.2.0
2026-05-12 10:49:05,282 [INFO] ThirdParty:841 - exiting critical section [change project]
2026-05-12 10:49:05,843 [INFO] PinOutPanel:1589 - setPackage(No Configuration,No Configuration)
2026-05-12 10:49:05,854 [INFO] PinOutPanel:1589 - setPackage(STM32L053C8Tx,LQFP48)
2026-05-12 10:49:06,690 [INFO] UtilMem:75 - Before build in PCC Used Memory: 782087000 Bytes (1073741824)
2026-05-12 10:49:08,483 [INFO] UtilMem:75 - After build in PCC Used Memory: 878555992 Bytes (1073741824)
2026-05-12 10:49:08,531 [INFO] IPUIPlugin:80 - create IPUIPlugin
2026-05-12 10:49:08,531 [INFO] IPUIPlugin:80 - create IPUIPlugin
2026-05-12 10:49:08,531 [INFO] IPUIPlugin:80 - create IPUIPlugin
2026-05-12 10:49:08,532 [INFO] IPUIPlugin:80 - create IPUIPlugin
2026-05-12 10:49:08,532 [INFO] IPUIPlugin:80 - create IPUIPlugin
2026-05-12 10:49:08,532 [INFO] IPUIPlugin:80 - create IPUIPlugin
2026-05-12 10:49:08,532 [INFO] IPUIPlugin:80 - create IPUIPlugin
2026-05-12 10:49:08,534 [INFO] IPUIPlugin:80 - create IPUIPlugin
2026-05-12 10:49:08,535 [INFO] IPUIPlugin:80 - create IPUIPlugin
2026-05-12 10:49:08,535 [INFO] IPUIPlugin:80 - create IPUIPlugin
2026-05-12 10:49:08,535 [INFO] IPUIPlugin:80 - create IPUIPlugin
2026-05-12 10:49:08,535 [INFO] IPUIPlugin:80 - create IPUIPlugin
2026-05-12 10:49:08,535 [INFO] IPUIPlugin:80 - create IPUIPlugin
2026-05-12 10:49:08,535 [INFO] IPUIPlugin:80 - create IPUIPlugin
2026-05-12 10:49:08,535 [INFO] IPUIPlugin:80 - create IPUIPlugin
2026-05-12 10:49:08,536 [INFO] IPUIPlugin:80 - create IPUIPlugin
2026-05-12 10:49:08,536 [INFO] IPUIPlugin:80 - create IPUIPlugin
2026-05-12 10:49:08,537 [INFO] IPUIPlugin:80 - create IPUIPlugin
2026-05-12 10:49:08,537 [INFO] IPUIPlugin:80 - create IPUIPlugin
2026-05-12 10:49:08,537 [INFO] IPUIPlugin:80 - create IPUIPlugin
2026-05-12 10:49:08,537 [INFO] IPUIPlugin:80 - create IPUIPlugin
2026-05-12 10:49:08,537 [INFO] IPUIPlugin:80 - create IPUIPlugin
2026-05-12 10:49:08,538 [INFO] IPUIPlugin:80 - create IPUIPlugin
2026-05-12 10:49:08,538 [INFO] IPUIPlugin:80 - create IPUIPlugin
2026-05-12 10:49:08,538 [INFO] IPUIPlugin:80 - create IPUIPlugin
2026-05-12 10:49:08,538 [INFO] IPUIPlugin:80 - create IPUIPlugin
2026-05-12 10:49:08,538 [INFO] IPUIPlugin:80 - create IPUIPlugin
2026-05-12 10:49:08,538 [INFO] IPUIPlugin:80 - create IPUIPlugin
2026-05-12 10:49:08,540 [INFO] IPUIPlugin:80 - create IPUIPlugin
2026-05-12 10:49:08,540 [INFO] IPUIPlugin:80 - create IPUIPlugin
2026-05-12 10:49:08,540 [INFO] IPUIPlugin:80 - create IPUIPlugin
2026-05-12 10:49:08,540 [INFO] IPUIPlugin:80 - create IPUIPlugin
2026-05-12 10:49:08,541 [INFO] IPUIPlugin:80 - create IPUIPlugin
2026-05-12 10:49:08,541 [INFO] IPUIPlugin:80 - create IPUIPlugin
2026-05-12 10:49:08,896 [INFO] CADModel:165 - CPN selected for project levelSTM32L053C8T6
2026-05-12 10:49:08,896 [INFO] CADModel:114 - Register for checkConnection events
2026-05-12 10:49:08,972 [INFO] OpenFileManager:386 - Restore cursor
2026-05-12 11:11:11,558 [INFO] UtilMem:75 - End SaveConfig() Used Memory: 938523752 Bytes (1073741824)
2026-05-12 11:11:13,300 [INFO] UtilMem:75 - End SaveConfig() Used Memory: 991862576 Bytes (1073741824)
2026-05-12 11:11:16,830 [INFO] UtilMem:75 - End SaveConfig() Used Memory: 726947360 Bytes (1073741824)
2026-05-12 11:11:17,720 [INFO] BlockDiagram:2775 - set Specific Code input for plugin: NVIC
2026-05-12 11:11:17,721 [INFO] BlockDiagram:2775 - set Specific Code input for plugin: SYS
2026-05-12 11:11:17,722 [INFO] BlockDiagram:2775 - set Specific Code input for plugin: GPIO
2026-05-12 11:11:17,723 [INFO] BlockDiagram:2775 - set Specific Code input for plugin: RCC
2026-05-12 11:11:17,750 [INFO] CodeGenerator:892 - code generatio: config db path: C:\ST\STM32CubeIDE_1.19.0\STM32CubeIDE\plugins\com.st.stm32cube.common.mx_6.15.0.202507011659\\db\
2026-05-12 11:11:17,943 [INFO] CodeEngine:265 - oldGeneratedFile, D:\stm32L0\001_user_button\MXTmpFiles\license.tmp_save
2026-05-12 11:11:18,451 [INFO] CodeEngine:289 - Generated code: D:\stm32L0\001_user_button\MXTmpFiles\license.tmp
2026-05-12 11:11:18,611 [INFO] CodeEngine:265 - oldGeneratedFile, D:\stm32L0\001_user_button\MXTmpFiles\gpio.tmp_save
2026-05-12 11:11:18,769 [INFO] CodeEngine:289 - Generated code: D:\stm32L0\001_user_button\MXTmpFiles\gpio.tmp
2026-05-12 11:11:18,816 [INFO] CodeEngine:265 - oldGeneratedFile, D:\stm32L0\001_user_button\Core\Src\stm32l0xx_it.c_save
2026-05-12 11:11:18,956 [INFO] CodeEngine:289 - Generated code: D:\stm32L0\001_user_button\Core\Src\stm32l0xx_it.c
2026-05-12 11:11:18,967 [INFO] CodeEngine:265 - oldGeneratedFile, D:\stm32L0\001_user_button\Core\Inc\stm32l0xx_it.h_save
2026-05-12 11:11:19,070 [INFO] CodeEngine:289 - Generated code: D:\stm32L0\001_user_button\Core\Inc\stm32l0xx_it.h
2026-05-12 11:11:19,092 [INFO] CodeEngine:265 - oldGeneratedFile, D:\stm32L0\001_user_button\Core\Src\stm32l0xx_hal_msp.c_save
2026-05-12 11:11:19,237 [INFO] CodeEngine:289 - Generated code: D:\stm32L0\001_user_button\Core\Src\stm32l0xx_hal_msp.c
2026-05-12 11:11:19,245 [INFO] CodeEngine:265 - oldGeneratedFile, D:\stm32L0\001_user_button\MXTmpFiles\system.tmp_save
2026-05-12 11:11:19,319 [INFO] CodeEngine:289 - Generated code: D:\stm32L0\001_user_button\MXTmpFiles\system.tmp
2026-05-12 11:11:19,336 [INFO] CodeEngine:321 - oldGeneratedFile, D:\stm32L0\001_user_button\Core\Inc\stm32l0xx_hal_conf.h_save
2026-05-12 11:11:19,439 [INFO] CodeEngine:345 - Generated code: D:\stm32L0\001_user_button\Core\Inc\stm32l0xx_hal_conf.h
2026-05-12 11:11:19,507 [INFO] ApiDbMcu:532 - Load IP Config File for RCC
2026-05-12 11:11:19,524 [INFO] CodeEngine:265 - oldGeneratedFile, D:\stm32L0\001_user_button\Core\Inc\main.h_save
2026-05-12 11:11:19,636 [INFO] CodeEngine:289 - Generated code: D:\stm32L0\001_user_button\Core\Inc\main.h
2026-05-12 11:11:19,644 [INFO] CodeEngine:265 - oldGeneratedFile, D:\stm32L0\001_user_button\Core\Src\main.c_save
2026-05-12 11:11:19,820 [INFO] CodeEngine:289 - Generated code: D:\stm32L0\001_user_button\Core\Src\main.c
2026-05-12 11:11:20,550 [INFO] ProjectBuilder:3606 - Time for Copy HAL[1] : 399mS.
2026-05-12 11:11:20,559 [INFO] ProjectBuilder:5216 - Project Generator version: 4.7.0-B52
2026-05-12 11:11:20,668 [INFO] ConfigFileManager:1595 - The Die is : DIE417
2026-05-12 11:11:20,682 [INFO] ApiDbMcu:532 - Load IP Config File for FATFS
2026-05-12 11:11:20,691 [INFO] ApiDbMcu:532 - Load IP Config File for FREERTOS
2026-05-12 11:11:20,713 [INFO] ApiDbMcu:532 - Load IP Config File for TOUCHSENSING
2026-05-12 11:11:20,725 [INFO] ApiDbMcu:532 - Load IP Config File for USB_DEVICE
2026-05-12 11:11:21,279 [INFO] LogOutputStream:77 - [STDOUT_REDIRECT] 
2026-05-12 11:11:23,935 [INFO] ProjectBuilder:5496 - Time for Generating toolchain IDE Files: 3373mS.
2026-05-12 11:11:23,939 [INFO] ProjectBuilder:3463 - Time for Copy CMSIS : 2mS.
2026-05-12 11:11:23,942 [INFO] ProjectBuilder:3463 - Time for Copy CMSIS : 0mS.
2026-05-12 11:12:37,770 [INFO] UtilMem:75 - End SaveConfig() Used Memory: 962099256 Bytes (1073741824)
2026-05-12 11:12:38,607 [INFO] UtilMem:75 - End SaveConfig() Used Memory: 984006720 Bytes (1073741824)
2026-05-12 11:12:40,395 [INFO] UtilMem:75 - End SaveConfig() Used Memory: 743196696 Bytes (1073741824)
2026-05-12 11:12:40,761 [INFO] BlockDiagram:2775 - set Specific Code input for plugin: SPI
2026-05-12 11:12:40,761 [INFO] BlockDiagram:2775 - set Specific Code input for plugin: NVIC
2026-05-12 11:12:40,761 [INFO] BlockDiagram:2775 - set Specific Code input for plugin: SYS
2026-05-12 11:12:40,761 [INFO] BlockDiagram:2775 - set Specific Code input for plugin: GPIO
2026-05-12 11:12:40,761 [INFO] BlockDiagram:2775 - set Specific Code input for plugin: RCC
2026-05-12 11:12:40,762 [INFO] CodeGenerator:892 - code generatio: config db path: C:\ST\STM32CubeIDE_1.19.0\STM32CubeIDE\plugins\com.st.stm32cube.common.mx_6.15.0.202507011659\\db\
2026-05-12 11:12:40,859 [INFO] CodeEngine:265 - oldGeneratedFile, D:\stm32L0\001_user_button\MXTmpFiles\license.tmp_save
2026-05-12 11:12:40,933 [INFO] CodeEngine:289 - Generated code: D:\stm32L0\001_user_button\MXTmpFiles\license.tmp
2026-05-12 11:12:40,968 [INFO] CodeEngine:265 - oldGeneratedFile, D:\stm32L0\001_user_button\MXTmpFiles\gpio.tmp_save
2026-05-12 11:12:41,034 [INFO] CodeEngine:289 - Generated code: D:\stm32L0\001_user_button\MXTmpFiles\gpio.tmp
2026-05-12 11:12:41,099 [INFO] CodeEngine:265 - oldGeneratedFile, D:\stm32L0\001_user_button\Core\Src\stm32l0xx_it.c_save
2026-05-12 11:12:41,175 [INFO] CodeEngine:289 - Generated code: D:\stm32L0\001_user_button\Core\Src\stm32l0xx_it.c
2026-05-12 11:12:41,186 [INFO] CodeEngine:265 - oldGeneratedFile, D:\stm32L0\001_user_button\Core\Inc\stm32l0xx_it.h_save
2026-05-12 11:12:41,251 [INFO] CodeEngine:289 - Generated code: D:\stm32L0\001_user_button\Core\Inc\stm32l0xx_it.h
2026-05-12 11:12:41,276 [INFO] CodeEngine:265 - oldGeneratedFile, D:\stm32L0\001_user_button\Core\Src\stm32l0xx_hal_msp.c_save
2026-05-12 11:12:41,384 [INFO] CodeEngine:289 - Generated code: D:\stm32L0\001_user_button\Core\Src\stm32l0xx_hal_msp.c
2026-05-12 11:12:41,389 [INFO] CodeEngine:265 - oldGeneratedFile, D:\stm32L0\001_user_button\MXTmpFiles\system.tmp_save
2026-05-12 11:12:41,441 [INFO] CodeEngine:289 - Generated code: D:\stm32L0\001_user_button\MXTmpFiles\system.tmp
2026-05-12 11:12:41,458 [INFO] CodeEngine:321 - oldGeneratedFile, D:\stm32L0\001_user_button\Core\Inc\stm32l0xx_hal_conf.h_save
2026-05-12 11:12:41,541 [INFO] CodeEngine:345 - Generated code: D:\stm32L0\001_user_button\Core\Inc\stm32l0xx_hal_conf.h
2026-05-12 11:12:41,570 [INFO] ApiDbMcu:532 - Load IP Config File for SPI1
2026-05-12 11:12:41,583 [INFO] CodeEngine:265 - oldGeneratedFile, D:\stm32L0\001_user_button\Core\Inc\main.h_save
2026-05-12 11:12:41,653 [INFO] CodeEngine:289 - Generated code: D:\stm32L0\001_user_button\Core\Inc\main.h
2026-05-12 11:12:41,659 [INFO] CodeEngine:265 - oldGeneratedFile, D:\stm32L0\001_user_button\Core\Src\main.c_save
2026-05-12 11:12:41,768 [INFO] CodeEngine:289 - Generated code: D:\stm32L0\001_user_button\Core\Src\main.c
2026-05-12 11:12:42,160 [INFO] ProjectBuilder:3606 - Time for Copy HAL[1] : 213mS.
2026-05-12 11:12:42,162 [INFO] ProjectBuilder:5216 - Project Generator version: 4.7.0-B52
2026-05-12 11:12:42,281 [INFO] ConfigFileManager:1595 - The Die is : DIE417
2026-05-12 11:12:43,673 [INFO] ProjectBuilder:5496 - Time for Generating toolchain IDE Files: 1511mS.
2026-05-12 11:12:43,674 [INFO] ProjectBuilder:3463 - Time for Copy CMSIS : 1mS.
2026-05-12 11:12:43,675 [INFO] ProjectBuilder:3463 - Time for Copy CMSIS : 0mS.
2026-05-12 11:21:50,488 [INFO] WebApp:194 - Connection lost
2026-05-12 11:21:50,975 [INFO] WebApp:191 - Connection restablished
2026-05-12 11:21:53,743 [INFO] WebApp:194 - Connection lost
2026-05-12 11:21:53,896 [INFO] WebApp:191 - Connection restablished
2026-05-12 11:48:51,237 [INFO] Gpio:278 - dependency for GPIO [RCC, SPI1]
2026-05-12 11:49:42,784 [INFO] UtilMem:75 - End SaveConfig() Used Memory: 1015658744 Bytes (1073741824)
2026-05-12 11:49:44,361 [INFO] UtilMem:75 - End SaveConfig() Used Memory: 704361736 Bytes (1073741824)
2026-05-12 11:49:46,936 [INFO] UtilMem:75 - End SaveConfig() Used Memory: 800570016 Bytes (1073741824)
2026-05-12 11:49:47,364 [INFO] BlockDiagram:2775 - set Specific Code input for plugin: SPI
2026-05-12 11:49:47,364 [INFO] BlockDiagram:2775 - set Specific Code input for plugin: NVIC
2026-05-12 11:49:47,364 [INFO] BlockDiagram:2775 - set Specific Code input for plugin: SYS
2026-05-12 11:49:47,365 [INFO] BlockDiagram:2775 - set Specific Code input for plugin: GPIO
2026-05-12 11:49:47,365 [INFO] BlockDiagram:2775 - set Specific Code input for plugin: RCC
2026-05-12 11:49:47,377 [INFO] CodeGenerator:892 - code generatio: config db path: C:\ST\STM32CubeIDE_1.19.0\STM32CubeIDE\plugins\com.st.stm32cube.common.mx_6.15.0.202507011659\\db\
2026-05-12 11:49:47,511 [INFO] CodeEngine:265 - oldGeneratedFile, D:\stm32L0\001_user_button\MXTmpFiles\license.tmp_save
2026-05-12 11:49:47,737 [INFO] CodeEngine:289 - Generated code: D:\stm32L0\001_user_button\MXTmpFiles\license.tmp
2026-05-12 11:49:47,808 [INFO] CodeEngine:265 - oldGeneratedFile, D:\stm32L0\001_user_button\MXTmpFiles\gpio.tmp_save
2026-05-12 11:49:47,955 [INFO] CodeEngine:289 - Generated code: D:\stm32L0\001_user_button\MXTmpFiles\gpio.tmp
2026-05-12 11:49:48,069 [INFO] CodeEngine:265 - oldGeneratedFile, D:\stm32L0\001_user_button\Core\Src\stm32l0xx_it.c_save
2026-05-12 11:49:48,353 [INFO] CodeEngine:289 - Generated code: D:\stm32L0\001_user_button\Core\Src\stm32l0xx_it.c
2026-05-12 11:49:48,364 [INFO] CodeEngine:265 - oldGeneratedFile, D:\stm32L0\001_user_button\Core\Inc\stm32l0xx_it.h_save
2026-05-12 11:49:48,431 [INFO] CodeEngine:289 - Generated code: D:\stm32L0\001_user_button\Core\Inc\stm32l0xx_it.h
2026-05-12 11:49:48,451 [INFO] CodeEngine:265 - oldGeneratedFile, D:\stm32L0\001_user_button\Core\Src\stm32l0xx_hal_msp.c_save
2026-05-12 11:49:48,620 [INFO] CodeEngine:289 - Generated code: D:\stm32L0\001_user_button\Core\Src\stm32l0xx_hal_msp.c
2026-05-12 11:49:48,628 [INFO] CodeEngine:265 - oldGeneratedFile, D:\stm32L0\001_user_button\MXTmpFiles\system.tmp_save
2026-05-12 11:49:48,701 [INFO] CodeEngine:289 - Generated code: D:\stm32L0\001_user_button\MXTmpFiles\system.tmp
2026-05-12 11:49:48,719 [INFO] CodeEngine:321 - oldGeneratedFile, D:\stm32L0\001_user_button\Core\Inc\stm32l0xx_hal_conf.h_save
2026-05-12 11:49:48,796 [INFO] CodeEngine:345 - Generated code: D:\stm32L0\001_user_button\Core\Inc\stm32l0xx_hal_conf.h
2026-05-12 11:49:48,846 [INFO] CodeEngine:265 - oldGeneratedFile, D:\stm32L0\001_user_button\Core\Inc\main.h_save
2026-05-12 11:49:48,944 [INFO] CodeEngine:289 - Generated code: D:\stm32L0\001_user_button\Core\Inc\main.h
2026-05-12 11:49:48,953 [INFO] CodeEngine:265 - oldGeneratedFile, D:\stm32L0\001_user_button\Core\Src\main.c_save
2026-05-12 11:49:49,088 [INFO] CodeEngine:289 - Generated code: D:\stm32L0\001_user_button\Core\Src\main.c
2026-05-12 11:49:50,030 [INFO] ProjectBuilder:3606 - Time for Copy HAL[1] : 600mS.
2026-05-12 11:49:50,045 [INFO] ProjectBuilder:5216 - Project Generator version: 4.7.0-B52
2026-05-12 11:49:50,188 [INFO] ConfigFileManager:1595 - The Die is : DIE417
2026-05-12 11:49:52,116 [INFO] ProjectBuilder:5496 - Time for Generating toolchain IDE Files: 2071mS.
2026-05-12 11:49:52,118 [INFO] ProjectBuilder:3463 - Time for Copy CMSIS : 1mS.
2026-05-12 11:49:52,120 [INFO] ProjectBuilder:3463 - Time for Copy CMSIS : 0mS.
2026-05-12 11:57:44,238 [INFO] Gpio:278 - dependency for GPIO [RCC, SPI1]
2026-05-12 12:01:13,133 [INFO] UtilMem:75 - End SaveConfig() Used Memory: 838535552 Bytes (1073741824)
2026-05-12 12:01:15,887 [INFO] UtilMem:75 - End SaveConfig() Used Memory: 861604224 Bytes (1073741824)
2026-05-12 12:01:16,340 [INFO] UtilMem:75 - End SaveConfig() Used Memory: 906166656 Bytes (1073741824)
2026-05-12 12:01:16,834 [INFO] BlockDiagram:2775 - set Specific Code input for plugin: SPI
2026-05-12 12:01:16,836 [INFO] BlockDiagram:2775 - set Specific Code input for plugin: NVIC
2026-05-12 12:01:16,836 [INFO] BlockDiagram:2775 - set Specific Code input for plugin: SYS
2026-05-12 12:01:16,836 [INFO] BlockDiagram:2775 - set Specific Code input for plugin: GPIO
2026-05-12 12:01:16,836 [INFO] BlockDiagram:2775 - set Specific Code input for plugin: RCC
2026-05-12 12:01:16,841 [INFO] CodeGenerator:892 - code generatio: config db path: C:\ST\STM32CubeIDE_1.19.0\STM32CubeIDE\plugins\com.st.stm32cube.common.mx_6.15.0.202507011659\\db\
2026-05-12 12:01:16,971 [INFO] CodeEngine:265 - oldGeneratedFile, D:\stm32L0\001_user_button\MXTmpFiles\license.tmp_save
2026-05-12 12:01:17,106 [INFO] CodeEngine:289 - Generated code: D:\stm32L0\001_user_button\MXTmpFiles\license.tmp
2026-05-12 12:01:17,276 [INFO] CodeEngine:265 - oldGeneratedFile, D:\stm32L0\001_user_button\MXTmpFiles\gpio.tmp_save
2026-05-12 12:01:17,360 [INFO] CodeEngine:289 - Generated code: D:\stm32L0\001_user_button\MXTmpFiles\gpio.tmp
2026-05-12 12:01:17,460 [INFO] CodeEngine:265 - oldGeneratedFile, D:\stm32L0\001_user_button\Core\Src\stm32l0xx_it.c_save
2026-05-12 12:01:17,628 [INFO] CodeEngine:289 - Generated code: D:\stm32L0\001_user_button\Core\Src\stm32l0xx_it.c
2026-05-12 12:01:17,640 [INFO] CodeEngine:265 - oldGeneratedFile, D:\stm32L0\001_user_button\Core\Inc\stm32l0xx_it.h_save
2026-05-12 12:01:17,709 [INFO] CodeEngine:289 - Generated code: D:\stm32L0\001_user_button\Core\Inc\stm32l0xx_it.h
2026-05-12 12:01:17,732 [INFO] CodeEngine:265 - oldGeneratedFile, D:\stm32L0\001_user_button\Core\Src\stm32l0xx_hal_msp.c_save
2026-05-12 12:01:17,850 [INFO] CodeEngine:289 - Generated code: D:\stm32L0\001_user_button\Core\Src\stm32l0xx_hal_msp.c
2026-05-12 12:01:17,859 [INFO] CodeEngine:265 - oldGeneratedFile, D:\stm32L0\001_user_button\MXTmpFiles\system.tmp_save
2026-05-12 12:01:17,921 [INFO] CodeEngine:289 - Generated code: D:\stm32L0\001_user_button\MXTmpFiles\system.tmp
2026-05-12 12:01:17,942 [INFO] CodeEngine:321 - oldGeneratedFile, D:\stm32L0\001_user_button\Core\Inc\stm32l0xx_hal_conf.h_save
2026-05-12 12:01:18,004 [INFO] CodeEngine:345 - Generated code: D:\stm32L0\001_user_button\Core\Inc\stm32l0xx_hal_conf.h
2026-05-12 12:01:18,045 [INFO] CodeEngine:265 - oldGeneratedFile, D:\stm32L0\001_user_button\Core\Inc\main.h_save
2026-05-12 12:01:18,140 [INFO] CodeEngine:289 - Generated code: D:\stm32L0\001_user_button\Core\Inc\main.h
2026-05-12 12:01:18,147 [INFO] CodeEngine:265 - oldGeneratedFile, D:\stm32L0\001_user_button\Core\Src\main.c_save
2026-05-12 12:01:18,266 [INFO] CodeEngine:289 - Generated code: D:\stm32L0\001_user_button\Core\Src\main.c
2026-05-12 12:01:18,836 [INFO] ProjectBuilder:3606 - Time for Copy HAL[1] : 288mS.
2026-05-12 12:01:18,843 [INFO] ProjectBuilder:5216 - Project Generator version: 4.7.0-B52
2026-05-12 12:01:18,993 [INFO] ConfigFileManager:1595 - The Die is : DIE417
2026-05-12 12:01:21,258 [INFO] ProjectBuilder:5496 - Time for Generating toolchain IDE Files: 2414mS.
2026-05-12 12:01:21,261 [INFO] ProjectBuilder:3463 - Time for Copy CMSIS : 2mS.
2026-05-12 12:01:21,264 [INFO] ProjectBuilder:3463 - Time for Copy CMSIS : 1mS.
2026-05-12 12:21:55,689 [INFO] WebApp:194 - Connection lost
2026-05-12 12:21:57,322 [INFO] WebApp:191 - Connection restablished
2026-05-12 12:28:17,026 [ERROR] LogOutputStream:75 - [STDERR_REDIRECT] 
2026-05-12 12:28:40,216 [INFO] Activator:176 - 


2026-05-12 12:28:40,229 [INFO] Activator:177 - !SESSION log4j initialized
2026-05-12 12:28:48,223 [INFO] LogOutputStream:77 - [STDOUT_REDIRECT] 
2026-05-12 12:28:52,897 [INFO] ApplicationProperties:184 - Using Application install path: C:\ST\STM32CubeIDE_1.19.0\STM32CubeIDE\plugins\com.st.stm32cube.common.mx_6.15.0.202507011659
2026-05-12 12:28:52,923 [INFO] DbMcusXml:78 - Set database path to: C:\ST\STM32CubeIDE_1.19.0\STM32CubeIDE\plugins\com.st.stm32cube.common.mx_6.15.0.202507011659\\db\/mcu/
2026-05-12 12:28:52,923 [INFO] ApiDb:274 - Set plugin database path to: C:\ST\STM32CubeIDE_1.19.0\STM32CubeIDE\plugins\com.st.stm32cube.common.mx_6.15.0.202507011659\\db\/plugins/boardmanager/
2026-05-12 12:28:52,923 [WARN] ApiDb:259 - Overriding images path with different value:  => C:\ST\STM32CubeIDE_1.19.0\STM32CubeIDE\plugins\com.st.stm32cube.common.mx_6.15.0.202507011659\\db\/plugins/mcufinder/images/
2026-05-12 12:28:52,936 [INFO] ApiDb:250 - Set database path to: C:\Users\jahna\.stmcufinder\plugins\mcufinder//mcu/
2026-05-12 12:28:52,938 [INFO] DbMcusAds:125 - Set database path to: C:\Users\jahna\.stmcufinder\plugins\mcufinder//mcu/
2026-05-12 12:28:52,942 [INFO] CrossReferenceDbSqlite:203 - Set database path to: C:\Users\jahna\.stmcufinder\plugins\mcufinder//mcu/cs/
2026-05-12 12:28:53,059 [INFO] RulesReader:64 - Compatibility file has been processed (317 Rules)
2026-05-12 12:28:53,163 [INFO] DbMcusXml:78 - Set database path to: C:\ST\STM32CubeIDE_1.19.0\STM32CubeIDE\plugins\com.st.stm32cube.common.mx_6.15.0.202507011659\\db\/mcu/
2026-05-12 12:28:53,164 [INFO] ApiDb:274 - Set plugin database path to: C:\ST\STM32CubeIDE_1.19.0\STM32CubeIDE\plugins\com.st.stm32cube.common.mx_6.15.0.202507011659\\db\/plugins/boardmanager/
2026-05-12 12:28:53,164 [INFO] ApiDb:261 - Set plugin images path to: C:\ST\STM32CubeIDE_1.19.0\STM32CubeIDE\plugins\com.st.stm32cube.common.mx_6.15.0.202507011659\\db\/plugins/mcufinder/images/
2026-05-12 12:28:53,164 [WARN] DbFile:41 - Overriding database path with different value: C:\Users\jahna\.stmcufinder\plugins\mcufinder/ => C:\Users\jahna\.stmcufinder\plugins\mcufinder
2026-05-12 12:28:53,164 [INFO] ApiDb:250 - Set database path to: C:\Users\jahna\.stmcufinder\plugins\mcufinder//mcu/
2026-05-12 12:28:53,164 [WARN] DbFile:41 - Overriding database path with different value: C:\Users\jahna\.stmcufinder\plugins\mcufinder/ => C:\Users\jahna\.stmcufinder\plugins\mcufinder
2026-05-12 12:28:53,164 [INFO] DbMcusAds:125 - Set database path to: C:\Users\jahna\.stmcufinder\plugins\mcufinder//mcu/
2026-05-12 12:28:53,164 [WARN] DbFile:41 - Overriding database path with different value: C:\Users\jahna\.stmcufinder\plugins\mcufinder/ => C:\Users\jahna\.stmcufinder\plugins\mcufinder
2026-05-12 12:28:53,164 [WARN] DbFile:41 - Overriding database path with different value: C:\Users\jahna\.stmcufinder\plugins\mcufinder/ => C:\Users\jahna\.stmcufinder\plugins\mcufinder
2026-05-12 12:28:53,164 [INFO] CrossReferenceDbSqlite:203 - Set database path to: C:\Users\jahna\.stmcufinder\plugins\mcufinder//mcu/cs/
2026-05-12 12:28:53,262 [INFO] MainPanel:274 - HeapMemory: 268435456
2026-05-12 12:28:53,410 [INFO] DbMcusXml:78 - Set database path to: C:\ST\STM32CubeIDE_1.19.0\STM32CubeIDE\plugins\com.st.stm32cube.common.mx_6.15.0.202507011659\\db\/mcu/
2026-05-12 12:28:53,410 [INFO] ApiDb:274 - Set plugin database path to: C:\ST\STM32CubeIDE_1.19.0\STM32CubeIDE\plugins\com.st.stm32cube.common.mx_6.15.0.202507011659\\db\/plugins/boardmanager/
2026-05-12 12:28:53,411 [INFO] ApiDb:261 - Set plugin images path to: C:\ST\STM32CubeIDE_1.19.0\STM32CubeIDE\plugins\com.st.stm32cube.common.mx_6.15.0.202507011659\\db\/plugins/mcufinder/images/
2026-05-12 12:28:53,411 [WARN] DbFile:41 - Overriding database path with different value: C:\Users\jahna\.stmcufinder\plugins\mcufinder/ => C:\Users\jahna\.stmcufinder\plugins\mcufinder
2026-05-12 12:28:53,411 [INFO] ApiDb:250 - Set database path to: C:\Users\jahna\.stmcufinder\plugins\mcufinder//mcu/
2026-05-12 12:28:53,411 [WARN] DbFile:41 - Overriding database path with different value: C:\Users\jahna\.stmcufinder\plugins\mcufinder/ => C:\Users\jahna\.stmcufinder\plugins\mcufinder
2026-05-12 12:28:53,411 [INFO] DbMcusAds:125 - Set database path to: C:\Users\jahna\.stmcufinder\plugins\mcufinder//mcu/
2026-05-12 12:28:53,411 [WARN] DbFile:41 - Overriding database path with different value: C:\Users\jahna\.stmcufinder\plugins\mcufinder/ => C:\Users\jahna\.stmcufinder\plugins\mcufinder
2026-05-12 12:28:53,411 [WARN] DbFile:41 - Overriding database path with different value: C:\Users\jahna\.stmcufinder\plugins\mcufinder/ => C:\Users\jahna\.stmcufinder\plugins\mcufinder
2026-05-12 12:28:53,411 [INFO] CrossReferenceDbSqlite:203 - Set database path to: C:\Users\jahna\.stmcufinder\plugins\mcufinder//mcu/cs/
2026-05-12 12:28:53,433 [INFO] ApplicationProperties:184 - Using Application install path: C:\ST\STM32CubeIDE_1.19.0\STM32CubeIDE\plugins\com.st.stm32cube.common.mx_6.15.0.202507011659
2026-05-12 12:28:53,434 [INFO] PluginManage:196 - Search for loadable plugins [exclusion list=, ]
2026-05-12 12:28:53,437 [INFO] PluginManage:310 - Check plugin analytics
2026-05-12 12:28:53,685 [INFO] AnalyticsPlugin:253 - Accepted Software Licenses: STM32CubeMX.6.17.0
2026-05-12 12:28:53,686 [INFO] AnalyticsPlugin:255 - Accepted CMSIS Pack Licenses: 
2026-05-12 12:28:53,686 [INFO] AnalyticsPlugin:257 - Accepted Firmware Licenses: FW.F4.1.28.0,FW.F4.1.28.3
2026-05-12 12:28:53,691 [INFO] PluginManage:359 - Loaded plugin analytics (category:tool,tabindex:-1)
2026-05-12 12:28:53,691 [INFO] PluginManage:310 - Check plugin cadmodel
2026-05-12 12:28:53,700 [INFO] CADModel:105 - Init CAD model plugin
2026-05-12 12:28:53,700 [INFO] PluginManage:359 - Loaded plugin cadmodel (category:power,tabindex:5)
2026-05-12 12:28:53,701 [INFO] PluginManage:310 - Check plugin clock
2026-05-12 12:28:53,718 [INFO] PluginManage:359 - Loaded plugin clock (category:base,tabindex:2)
2026-05-12 12:28:53,718 [INFO] PluginManage:310 - Check plugin ddr
2026-05-12 12:28:53,723 [INFO] PluginManage:359 - Loaded plugin ddr (category:tool,tabindex:6)
2026-05-12 12:28:53,724 [INFO] PluginManage:310 - Check plugin filemanager
2026-05-12 12:28:53,911 [INFO] PluginManage:359 - Loaded plugin filemanager (category:base,tabindex:10)
2026-05-12 12:28:53,911 [INFO] PluginManage:310 - Check plugin ipmanager
2026-05-12 12:28:53,923 [INFO] PluginManage:359 - Loaded plugin ipmanager (category:base,tabindex:5)
2026-05-12 12:28:53,923 [INFO] PluginManage:310 - Check plugin lpbam
2026-05-12 12:28:53,933 [INFO] PluginManage:359 - Loaded plugin lpbam (category:base,tabindex:0)
2026-05-12 12:28:53,933 [INFO] PluginManage:310 - Check plugin memorymap
2026-05-12 12:28:53,957 [INFO] PluginManage:359 - Loaded plugin memorymap (category:base,tabindex:4)
2026-05-12 12:28:53,957 [INFO] PluginManage:310 - Check plugin pinoutandconfiguration
2026-05-12 12:28:53,971 [INFO] PluginManage:359 - Loaded plugin pinoutandconfiguration (category:base,tabindex:1)
2026-05-12 12:28:53,971 [INFO] PluginManage:310 - Check plugin pinoutconfig
2026-05-12 12:28:54,088 [WARN] SupportedApi:132 - Cannot load RTOS API schema: s4s-elt-must-match.1: The content of 'definitions' must match (annotation?, (simpleType | complexType)?, (unique | key | keyref)*)). A problem was found starting at: attribute.
2026-05-12 12:28:54,239 [INFO] PluginManage:359 - Loaded plugin pinoutconfig (category:base,tabindex:0)
2026-05-12 12:28:54,240 [INFO] PluginManage:310 - Check plugin power
2026-05-12 12:28:54,250 [INFO] PluginManage:359 - Loaded plugin power (category:power,tabindex:4)
2026-05-12 12:28:54,250 [INFO] PluginManage:310 - Check plugin projectmanager
2026-05-12 12:28:54,266 [INFO] PluginManage:359 - Loaded plugin projectmanager (category:projectmanager,tabindex:4)
2026-05-12 12:28:54,267 [INFO] PluginManage:310 - Check plugin rif
2026-05-12 12:28:54,278 [INFO] PluginManage:359 - Loaded plugin rif (category:base,tabindex:3)
2026-05-12 12:28:54,278 [INFO] PluginManage:310 - Check plugin thirdparty
2026-05-12 12:28:54,449 [INFO] PluginManage:359 - Loaded plugin thirdparty (category:base,tabindex:-1)
2026-05-12 12:28:54,449 [WARN] IntegrityCheckThread:84 - waiting for thirdparty lock release [integrity check]
2026-05-12 12:28:54,449 [INFO] PluginManage:310 - Check plugin tools
2026-05-12 12:28:54,449 [INFO] IntegrityCheckThread:86 - entering critical section [integrity check]
2026-05-12 12:28:54,449 [INFO] ThirdPartyUpdaterWithRetryManager:70 - Updater plugin not ready yet. [1/15]
2026-05-12 12:28:54,453 [INFO] PluginManage:359 - Loaded plugin tools (category:base,tabindex:7)
2026-05-12 12:28:54,453 [INFO] PluginManage:310 - Check plugin tutovideos
2026-05-12 12:28:54,712 [INFO] PluginManage:359 - Loaded plugin tutovideos (category:base,tabindex:-1)
2026-05-12 12:28:54,712 [INFO] PluginManage:310 - Check plugin updater
2026-05-12 12:28:54,736 [INFO] PluginManage:359 - Loaded plugin updater (category:base,tabindex:12)
2026-05-12 12:28:54,737 [INFO] PluginManage:310 - Check plugin userauth
2026-05-12 12:28:54,743 [INFO] UserAuth:118 - Init User Auth plugin
2026-05-12 12:28:54,743 [INFO] PluginManage:359 - Loaded plugin userauth (category:base,tabindex:14)
2026-05-12 12:28:54,744 [INFO] PluginManage:283 - PluginManage : Loaded plugins [18]
2026-05-12 12:28:55,049 [INFO] PinOutPanel:1589 - setPackage(No Configuration,No Configuration)
2026-05-12 12:28:55,163 [INFO] CADModel:165 - CPN selected for project level
2026-05-12 12:28:55,163 [INFO] CADModel:114 - Register for checkConnection events
2026-05-12 12:28:55,190 [INFO] IPUIPlugin:80 - create IPUIPlugin
2026-05-12 12:28:55,190 [INFO] PluginManager:220 - loadIPPluginJar : add adc
2026-05-12 12:28:55,197 [INFO] IPUIPlugin:80 - create IPUIPlugin
2026-05-12 12:28:55,198 [INFO] PluginManager:220 - loadIPPluginJar : add aes
2026-05-12 12:28:55,201 [INFO] IPUIPlugin:80 - create IPUIPlugin
2026-05-12 12:28:55,202 [INFO] PluginManager:220 - loadIPPluginJar : add can
2026-05-12 12:28:55,206 [INFO] IPUIPlugin:80 - create IPUIPlugin
2026-05-12 12:28:55,206 [INFO] PluginManager:220 - loadIPPluginJar : add comp
2026-05-12 12:28:55,209 [INFO] IPUIPlugin:80 - create IPUIPlugin
2026-05-12 12:28:55,210 [INFO] PluginManager:220 - loadIPPluginJar : add cryp
2026-05-12 12:28:55,215 [INFO] IPUIPlugin:80 - create IPUIPlugin
2026-05-12 12:28:55,216 [INFO] PluginManager:220 - loadIPPluginJar : add ddr_ctrl_phy
2026-05-12 12:28:55,220 [INFO] IPUIPlugin:80 - create IPUIPlugin
2026-05-12 12:28:55,220 [INFO] PluginManager:220 - loadIPPluginJar : add dfsdm
2026-05-12 12:28:55,228 [INFO] IPUIPlugin:80 - create IPUIPlugin
2026-05-12 12:28:55,229 [INFO] PluginManager:220 - loadIPPluginJar : add dma
2026-05-12 12:28:55,233 [INFO] IPUIPlugin:80 - create IPUIPlugin
2026-05-12 12:28:55,233 [INFO] PluginManager:220 - loadIPPluginJar : add dma3
2026-05-12 12:28:55,238 [INFO] IPUIPlugin:80 - create IPUIPlugin
2026-05-12 12:28:55,238 [INFO] PluginManager:220 - loadIPPluginJar : add extmemmanager
2026-05-12 12:28:55,240 [INFO] IPUIPlugin:80 - create IPUIPlugin
2026-05-12 12:28:55,240 [INFO] PluginManager:220 - loadIPPluginJar : add fatfs
2026-05-12 12:28:55,246 [INFO] IPUIPlugin:80 - create IPUIPlugin
2026-05-12 12:28:55,246 [INFO] PluginManager:220 - loadIPPluginJar : add fmc
2026-05-12 12:28:55,256 [INFO] IPUIPlugin:80 - create IPUIPlugin
2026-05-12 12:28:55,256 [INFO] PluginManager:220 - loadIPPluginJar : add freertos
2026-05-12 12:28:55,259 [INFO] IPUIPlugin:80 - create IPUIPlugin
2026-05-12 12:28:55,259 [INFO] PluginManager:220 - loadIPPluginJar : add genericplugin
2026-05-12 12:28:55,263 [INFO] IPUIPlugin:80 - create IPUIPlugin
2026-05-12 12:28:55,263 [INFO] PluginManager:220 - loadIPPluginJar : add gfxmmu
2026-05-12 12:28:55,269 [INFO] IPUIPlugin:80 - create IPUIPlugin
2026-05-12 12:28:55,270 [INFO] PluginManager:220 - loadIPPluginJar : add gic
2026-05-12 12:28:55,275 [INFO] IPUIPlugin:80 - create IPUIPlugin
2026-05-12 12:28:55,276 [INFO] PluginManager:220 - loadIPPluginJar : add gpio
2026-05-12 12:28:55,281 [INFO] IPUIPlugin:80 - create IPUIPlugin
2026-05-12 12:28:55,281 [INFO] PluginManager:220 - loadIPPluginJar : add gtzc
2026-05-12 12:28:55,285 [INFO] IPUIPlugin:80 - create IPUIPlugin
2026-05-12 12:28:55,285 [INFO] PluginManager:220 - loadIPPluginJar : add hash
2026-05-12 12:28:55,289 [INFO] IPUIPlugin:80 - create IPUIPlugin
2026-05-12 12:28:55,289 [INFO] PluginManager:220 - loadIPPluginJar : add i2c
2026-05-12 12:28:55,293 [INFO] IPUIPlugin:80 - create IPUIPlugin
2026-05-12 12:28:55,293 [INFO] PluginManager:220 - loadIPPluginJar : add i2s
2026-05-12 12:28:55,297 [INFO] IPUIPlugin:80 - create IPUIPlugin
2026-05-12 12:28:55,297 [INFO] PluginManager:220 - loadIPPluginJar : add i3c
2026-05-12 12:28:55,301 [INFO] IPUIPlugin:80 - create IPUIPlugin
2026-05-12 12:28:55,302 [INFO] PluginManager:220 - loadIPPluginJar : add ipddr
2026-05-12 12:28:55,312 [INFO] IPUIPlugin:80 - create IPUIPlugin
2026-05-12 12:28:55,312 [INFO] PluginManager:220 - loadIPPluginJar : add linkedlist
2026-05-12 12:28:55,316 [INFO] IPUIPlugin:80 - create IPUIPlugin
2026-05-12 12:28:55,316 [INFO] PluginManager:220 - loadIPPluginJar : add lorawan
2026-05-12 12:28:55,320 [INFO] IPUIPlugin:80 - create IPUIPlugin
2026-05-12 12:28:55,320 [INFO] PluginManager:220 - loadIPPluginJar : add ltdc
2026-05-12 12:28:55,327 [INFO] IPUIPlugin:80 - create IPUIPlugin
2026-05-12 12:28:55,327 [INFO] PluginManager:220 - loadIPPluginJar : add mdma
2026-05-12 12:28:55,331 [INFO] IPUIPlugin:80 - create IPUIPlugin
2026-05-12 12:28:55,331 [INFO] PluginManager:220 - loadIPPluginJar : add nvic
2026-05-12 12:28:55,335 [INFO] IPUIPlugin:80 - create IPUIPlugin
2026-05-12 12:28:55,335 [INFO] PluginManager:220 - loadIPPluginJar : add opamp
2026-05-12 12:28:55,341 [INFO] IPUIPlugin:80 - create IPUIPlugin
2026-05-12 12:28:55,341 [INFO] PluginManager:220 - loadIPPluginJar : add openamp
2026-05-12 12:28:55,345 [INFO] IPUIPlugin:80 - create IPUIPlugin
2026-05-12 12:28:55,345 [INFO] PluginManager:220 - loadIPPluginJar : add pdm2pcm
2026-05-12 12:28:55,352 [INFO] IPUIPlugin:80 - create IPUIPlugin
2026-05-12 12:28:55,354 [INFO] PluginManager:220 - loadIPPluginJar : add plateformsettings
2026-05-12 12:28:55,357 [INFO] IPUIPlugin:80 - create IPUIPlugin
2026-05-12 12:28:55,358 [INFO] PluginManager:220 - loadIPPluginJar : add quadspi
2026-05-12 12:28:55,361 [INFO] IPUIPlugin:80 - create IPUIPlugin
2026-05-12 12:28:55,362 [INFO] PluginManager:220 - loadIPPluginJar : add radio
2026-05-12 12:28:55,368 [INFO] IPUIPlugin:80 - create IPUIPlugin
2026-05-12 12:28:55,368 [INFO] PluginManager:220 - loadIPPluginJar : add resmgrutility
2026-05-12 12:28:55,372 [INFO] IPUIPlugin:80 - create IPUIPlugin
2026-05-12 12:28:55,373 [INFO] PluginManager:220 - loadIPPluginJar : add sai
2026-05-12 12:28:55,376 [INFO] IPUIPlugin:80 - create IPUIPlugin
2026-05-12 12:28:55,376 [INFO] PluginManager:220 - loadIPPluginJar : add spi
2026-05-12 12:28:55,382 [INFO] IPUIPlugin:80 - create IPUIPlugin
2026-05-12 12:28:55,383 [INFO] PluginManager:220 - loadIPPluginJar : add stm32_wpan
2026-05-12 12:28:55,385 [INFO] IPUIPlugin:80 - create IPUIPlugin
2026-05-12 12:28:55,385 [INFO] PluginManager:220 - loadIPPluginJar : add tim
2026-05-12 12:28:55,389 [INFO] IPUIPlugin:80 - create IPUIPlugin
2026-05-12 12:28:55,390 [INFO] PluginManager:220 - loadIPPluginJar : add touchsensing
2026-05-12 12:28:55,393 [INFO] IPUIPlugin:80 - create IPUIPlugin
2026-05-12 12:28:55,393 [INFO] PluginManager:220 - loadIPPluginJar : add tracer_emb
2026-05-12 12:28:55,395 [INFO] IPUIPlugin:80 - create IPUIPlugin
2026-05-12 12:28:55,396 [INFO] PluginManager:220 - loadIPPluginJar : add ts
2026-05-12 12:28:55,398 [INFO] IPUIPlugin:80 - create IPUIPlugin
2026-05-12 12:28:55,398 [INFO] PluginManager:220 - loadIPPluginJar : add tsc
2026-05-12 12:28:55,401 [INFO] IPUIPlugin:80 - create IPUIPlugin
2026-05-12 12:28:55,401 [INFO] PluginManager:220 - loadIPPluginJar : add ucpd
2026-05-12 12:28:55,404 [INFO] IPUIPlugin:80 - create IPUIPlugin
2026-05-12 12:28:55,404 [INFO] PluginManager:220 - loadIPPluginJar : add usart
2026-05-12 12:28:55,408 [INFO] IPUIPlugin:80 - create IPUIPlugin
2026-05-12 12:28:55,408 [INFO] PluginManager:220 - loadIPPluginJar : add usbx
2026-05-12 12:28:55,538 [FATAL] Updater:351 - Updater called before beeing initialized
2026-05-12 12:28:55,574 [INFO] RulesReader:64 - Compatibility file has been processed (317 Rules)
2026-05-12 12:28:55,602 [INFO] RulesReader:64 - Compatibility file has been processed (317 Rules)
2026-05-12 12:28:55,618 [INFO] CADModel:165 - CPN selected for project level
2026-05-12 12:28:55,618 [INFO] CADModel:114 - Register for checkConnection events
2026-05-12 12:28:55,619 [FATAL] Updater:351 - Updater called before beeing initialized
2026-05-12 12:28:55,619 [ERROR] CADModel:125 - Updater not yet initialized, retry later 
2026-05-12 12:28:55,827 [FATAL] Updater:351 - Updater called before beeing initialized
2026-05-12 12:28:55,830 [INFO] CADModel:165 - CPN selected for project level
2026-05-12 12:28:55,830 [INFO] CADModel:114 - Register for checkConnection events
2026-05-12 12:28:55,830 [FATAL] Updater:351 - Updater called before beeing initialized
2026-05-12 12:28:55,831 [ERROR] CADModel:125 - Updater not yet initialized, retry later 
2026-05-12 12:28:55,834 [FATAL] Updater:351 - Updater called before beeing initialized
2026-05-12 12:28:55,987 [FATAL] Updater:351 - Updater called before beeing initialized
2026-05-12 12:28:55,991 [INFO] DbMcusAds:53 - JSON generation date=Mon Apr 27 13:44:29 IST 2026 (1777277669577)
2026-05-12 12:28:55,991 [FATAL] Updater:351 - Updater called before beeing initialized
2026-05-12 12:28:56,035 [WARN] DetailPanel:346 - Failed to get advertising image, set to default
2026-05-12 12:28:56,125 [FATAL] Updater:351 - Updater called before beeing initialized
2026-05-12 12:28:56,126 [FATAL] Updater:351 - Updater called before beeing initialized
2026-05-12 12:28:56,127 [FATAL] Updater:351 - Updater called before beeing initialized
2026-05-12 12:28:56,127 [WARN] DetailPanel:346 - Failed to get advertising image, set to default
2026-05-12 12:28:56,127 [FATAL] Updater:351 - Updater called before beeing initialized
2026-05-12 12:28:56,178 [ERROR] Updater:1198 - MainUpdater not yet initialized. External WinMGr cannot be set.
2026-05-12 12:28:56,180 [INFO] Updater:1134 - Updater Version found : 6.15.0
2026-05-12 12:28:56,197 [INFO] ApplicationProperties:184 - Using Application install path: C:\ST\STM32CubeIDE_1.19.0\STM32CubeIDE\plugins\com.st.stm32cube.common.mx_6.15.0.202507011659
2026-05-12 12:28:56,561 [INFO] MainUpdater:2872 - connection check result : 10
2026-05-12 12:28:56,563 [INFO] MainUpdater:289 - Updater Check For Update Now.
2026-05-12 12:28:56,563 [INFO] MicroXplorer:498 - Change Database Version : DB.6.0.150
2026-05-12 12:28:56,572 [INFO] McuFinderGlobals:63 - Set McuFinder mode to 2 (CubeIDE integrated)
2026-05-12 12:28:56,572 [INFO] UserAuth:171 - activating auth plugin
2026-05-12 12:28:56,576 [INFO] UserAuth:487 - Internet connection configuration mode: 1
2026-05-12 12:28:56,616 [INFO] JxBrowserEngine:152 - Initiate JxBrowser Engine with user profile folder
2026-05-12 12:28:56,767 [INFO] CheckServerUpdateThread:120 - End of CheckServer Thread
2026-05-12 12:28:57,844 [WARN] PackLoader:240 - Cannot read IP mode file for STMicroelectronics.X-CUBE-AZRTOS-H7.3.5.0
2026-05-12 12:28:57,860 [WARN] PackLoader:240 - Cannot read IP mode file for STMicroelectronics.FP-ATR-ASTRA1.2.0.2
2026-05-12 12:28:57,874 [WARN] PackLoader:240 - Cannot read IP mode file for STMicroelectronics.X-CUBE-SMBUS.2.1.0
2026-05-12 12:28:57,900 [WARN] PackLoader:240 - Cannot read IP mode file for STMicroelectronics.X-CUBE-AZRTOS-F7.1.1.0
2026-05-12 12:28:57,914 [WARN] PackLoader:240 - Cannot read IP mode file for STMicroelectronics.FP-SNS-MOTENV1.5.1.0
2026-05-12 12:28:57,933 [WARN] PackLoader:240 - Cannot read IP mode file for WES.I-CUBE-Cesium.1.4.0
2026-05-12 12:28:57,944 [WARN] PackLoader:240 - Cannot read IP mode file for STMicroelectronics.X-CUBE-DISPLAY.3.0.0
2026-05-12 12:28:57,958 [WARN] PackLoader:240 - Cannot read IP mode file for STMicroelectronics.X-CUBE-GNSS1.7.1.1
2026-05-12 12:28:57,972 [WARN] PackLoader:240 - Cannot read IP mode file for STMicroelectronics.FP-SNS-MOTENVWB1.1.5.0
2026-05-12 12:28:57,981 [WARN] PackLoader:240 - Cannot read IP mode file for wolfSSL.I-CUBE-wolfSSL.5.9.1
2026-05-12 12:28:57,990 [WARN] PackLoader:240 - Cannot read IP mode file for STMicroelectronics.X-CUBE-NFC10.1.0.0
2026-05-12 12:28:58,000 [WARN] PackLoader:240 - Cannot read IP mode file for STMicroelectronics.X-CUBE-ST60.1.1.0
2026-05-12 12:28:58,013 [WARN] PackLoader:240 - Cannot read IP mode file for emotas.I-CUBE-CANOPEN.1.3.0
2026-05-12 12:28:58,022 [WARN] PackLoader:240 - Cannot read IP mode file for STMicroelectronics.X-CUBE-GNSS1.7.1.0
2026-05-12 12:28:58,041 [WARN] PackLoader:240 - Cannot read IP mode file for STMicroelectronics.FP-SNS-STBOX1.2.1.0
2026-05-12 12:28:58,056 [WARN] PackLoader:240 - Cannot read IP mode file for STMicroelectronics.FP-SNS-SMARTAG2.1.2.0
2026-05-12 12:28:58,073 [WARN] PackLoader:240 - Cannot read IP mode file for STMicroelectronics.FP-SNS-FLIGHT1.5.1.0
2026-05-12 12:28:58,268 [INFO] LogOutputStream:77 - [STDOUT_REDIRECT] 1 : Invalid condition id : UX_CORESTACK_Condition cause : null
2026-05-12 12:28:58,269 [INFO] LogOutputStream:77 - [STDOUT_REDIRECT] 1 : Invalid condition id : UX_CORESTACK_Condition cause : null
2026-05-12 12:28:58,271 [INFO] LogOutputStream:77 - [STDOUT_REDIRECT] 1 : Invalid condition id : UX_CORESTACK_Condition cause : null
2026-05-12 12:28:58,273 [INFO] LogOutputStream:77 - [STDOUT_REDIRECT] 1 : Invalid condition id : UX_CORESTACK_Condition cause : null
2026-05-12 12:28:58,274 [INFO] LogOutputStream:77 - [STDOUT_REDIRECT] 1 : Invalid condition id : UX_CORESTACK_Condition cause : null
2026-05-12 12:28:58,279 [WARN] PackLoader:240 - Cannot read IP mode file for STMicroelectronics.X-CUBE-AZRTOS-WL.2.0.0
2026-05-12 12:28:58,306 [WARN] PackLoader:240 - Cannot read IP mode file for STMicroelectronics.X-CUBE-AZRTOS-H7RS.1.2.0
2026-05-12 12:28:58,318 [WARN] PackLoader:240 - Cannot read IP mode file for STMicroelectronics.X-CUBE-BLE2.3.3.0
2026-05-12 12:28:58,373 [WARN] PackLoader:240 - Cannot read IP mode file for Infineon.AIROC-Wi-Fi-Bluetooth-STM32.1.8.0
2026-05-12 12:28:58,391 [WARN] PackLoader:240 - Cannot read IP mode file for STMicroelectronics.X-CUBE-NFC9.1.0.0
2026-05-12 12:28:58,403 [WARN] PackLoader:240 - Cannot read IP mode file for STMicroelectronics.X-CUBE-BLE1.7.1.0
2026-05-12 12:28:58,409 [WARN] PackLoader:240 - Cannot read IP mode file for wolfSSL.I-CUBE-wolfMQTT.1.19.2
2026-05-12 12:28:58,421 [WARN] PackLoader:240 - Cannot read IP mode file for STMicroelectronics.X-CUBE-EEPRMA1.5.2.0
2026-05-12 12:28:58,431 [WARN] PackLoader:240 - Cannot read IP mode file for wolfSSL.I-CUBE-wolfSSL.5.8.4
2026-05-12 12:28:58,440 [WARN] PackLoader:240 - Cannot read IP mode file for Cesanta.I-CUBE-Mongoose.7.20.0
2026-05-12 12:28:58,450 [WARN] PackLoader:240 - Cannot read IP mode file for STMicroelectronics.FP-SNS-STAIOTCFT.1.1.0
2026-05-12 12:28:58,505 [WARN] PackLoader:240 - Cannot read IP mode file for STMicroelectronics.X-CUBE-MEMS1.12.0.0
2026-05-12 12:28:58,710 [WARN] PackLoader:240 - Cannot read IP mode file for STMicroelectronics.X-CUBE-AZRTOS-G0.1.1.0
2026-05-12 12:28:58,724 [WARN] PackLoader:240 - Cannot read IP mode file for STMicroelectronics.X-CUBE-NFC4.3.0.0
2026-05-12 12:28:58,744 [WARN] PackLoader:240 - Cannot read IP mode file for EmbeddedOffice.I-CUBE-FS-RTOS.1.0.1
2026-05-12 12:28:58,757 [WARN] PackLoader:240 - Cannot read IP mode file for STMicroelectronics.X-CUBE-WB05N.2.0.0
2026-05-12 12:28:58,767 [WARN] PackLoader:240 - Cannot read IP mode file for wolfSSL.I-CUBE-wolfTPM.3.8.0
2026-05-12 12:28:58,777 [WARN] PackLoader:240 - Cannot read IP mode file for STMicroelectronics.X-CUBE-TCPP.4.2.0
2026-05-12 12:28:58,791 [WARN] PackLoader:240 - Cannot read IP mode file for RealThread.X-CUBE-RT-Thread_Nano.4.1.1
2026-05-12 12:28:58,803 [WARN] PackLoader:240 - Cannot read IP mode file for STMicroelectronics.FP-ATR-SIGFOX1.3.2.0
2026-05-12 12:28:58,814 [WARN] PackLoader:240 - Cannot read IP mode file for STMicroelectronics.X-CUBE-FREERTOS.1.5.0
2026-05-12 12:28:58,826 [WARN] PackLoader:240 - Cannot read IP mode file for ITTIA_DB.I-CUBE-ITTIADB.8.9.0
2026-05-12 12:28:58,832 [WARN] PackLoader:240 - Cannot read IP mode file for Cesanta.I-CUBE-Mongoose.7.21.6
2026-05-12 12:28:58,847 [WARN] PackLoader:240 - Cannot read IP mode file for STMicroelectronics.X-CUBE-NFC6.3.2.0
2026-05-12 12:28:58,861 [WARN] PackLoader:240 - Cannot read IP mode file for STMicroelectronics.X-CUBE-AI.10.2.0
2026-05-12 12:28:58,961 [WARN] PackLoader:240 - Cannot read IP mode file for STMicroelectronics.X-CUBE-MEMS1.12.1.0
2026-05-12 12:28:59,178 [WARN] PackLoader:240 - Cannot read IP mode file for SEGGER.I-CUBE-embOS.1.3.1
2026-05-12 12:28:59,283 [WARN] PackLoader:240 - Cannot read IP mode file for STMicroelectronics.X-CUBE-ALGOBUILD.1.4.0
2026-05-12 12:28:59,300 [WARN] PackLoader:240 - Cannot read IP mode file for STMicroelectronics.X-CUBE-PM33A1.1.0.0
2026-05-12 12:28:59,327 [WARN] PackLoader:240 - Cannot read IP mode file for STMicroelectronics.X-CUBE-AZRTOS-F4.1.1.0
2026-05-12 12:28:59,339 [WARN] PackLoader:240 - Cannot read IP mode file for STMicroelectronics.X-CUBE-ISPU.2.1.0
2026-05-12 12:28:59,362 [WARN] PackLoader:240 - Cannot read IP mode file for STMicroelectronics.X-CUBE-IPS.3.2.0
2026-05-12 12:28:59,380 [WARN] PackLoader:240 - Cannot read IP mode file for STMicroelectronics.eDS-WB_DPC_TT-BIDIR.2.1.1
2026-05-12 12:28:59,409 [WARN] PackLoader:240 - Cannot read IP mode file for STMicroelectronics.X-CUBE-NFC12.1.0.0
2026-05-12 12:28:59,437 [WARN] PackLoader:240 - Cannot read IP mode file for STMicroelectronics.X-CUBE-AZRTOS-L5.2.0.0
2026-05-12 12:28:59,452 [WARN] PackLoader:240 - Cannot read IP mode file for STMicroelectronics.eDS-WB_DPC_VIENNA.1.2.0
2026-05-12 12:28:59,460 [WARN] PackLoader:240 - Cannot read IP mode file for STMicroelectronics.eDS-WB_DPC_3PH2L-BIDIR.1.1.1
2026-05-12 12:28:59,468 [ERROR] Engine:466 - C:\Users\jahna\.stm32cubemx\thirdparties\pdsc\STMicroelectronics.X-CUBE-ST67W61.1.3.0.pdsc: PDSC version is not supported
2026-05-12 12:28:59,479 [WARN] PackLoader:240 - Cannot read IP mode file for STMicroelectronics.X-CUBE-TOUCHGFX.4.26.1
2026-05-12 12:28:59,489 [WARN] PackLoader:240 - Cannot read IP mode file for STMicroelectronics.FP-SNS-STAIOTCFT.1.0.0
2026-05-12 12:28:59,502 [WARN] PackLoader:240 - Cannot read IP mode file for STMicroelectronics.X-CUBE-DPower.1.3.0
2026-05-12 12:28:59,564 [WARN] ConditionMgr:438 - getConditionDescription Invalid condition id : LAN8742 Phy interface Condition cause : null
2026-05-12 12:28:59,565 [WARN] PackLoader:240 - Cannot read IP mode file for STMicroelectronics.X-CUBE-AZRTOS-L4.2.0.0
2026-05-12 12:28:59,567 [WARN] ConditionMgr:1044 - genDependencies : Invalid condition id : LAN8742 Phy interface Condition cause : null
2026-05-12 12:28:59,567 [WARN] ConditionMgr:1044 - genDependencies : Invalid condition id : LAN8742 Phy interface Condition cause : null
2026-05-12 12:28:59,572 [WARN] ConditionMgr:1044 - genDependencies : Invalid condition id : LAN8742 Phy interface Condition cause : null
2026-05-12 12:28:59,586 [WARN] PackLoader:240 - Cannot read IP mode file for STMicroelectronics.X-CUBE-SFXS2LP1.4.0.0
2026-05-12 12:28:59,601 [WARN] PackLoader:240 - Cannot read IP mode file for STMicroelectronics.X-CUBE-WB05N.2.1.0
2026-05-12 12:28:59,615 [WARN] PackLoader:240 - Cannot read IP mode file for STMicroelectronics.X-CUBE-ST67W61.1.2.0
2026-05-12 12:28:59,634 [WARN] PackLoader:240 - Cannot read IP mode file for STMicroelectronics.X-CUBE-BLEMGR.4.1.0
2026-05-12 12:28:59,660 [WARN] ConditionMgr:438 - getConditionDescription Invalid condition id : UX DEVICE CLASS RTOS Condition cause : null
2026-05-12 12:28:59,661 [WARN] ConditionMgr:438 - getConditionDescription Invalid condition id : UX DEVICE CLASS RTOS Condition cause : null
2026-05-12 12:28:59,665 [WARN] PackLoader:240 - Cannot read IP mode file for STMicroelectronics.X-CUBE-AZRTOS-WB.2.0.0
2026-05-12 12:28:59,666 [WARN] ConditionMgr:1044 - genDependencies : Invalid condition id : UX DEVICE CLASS RTOS Condition cause : null
2026-05-12 12:28:59,666 [WARN] ConditionMgr:1044 - genDependencies : Invalid condition id : UX DEVICE CLASS RTOS Condition cause : null
2026-05-12 12:28:59,667 [WARN] ConditionMgr:1044 - genDependencies : Invalid condition id : UX DEVICE CLASS RTOS Condition cause : null
2026-05-12 12:28:59,667 [WARN] ConditionMgr:1044 - genDependencies : Invalid condition id : UX DEVICE CLASS RTOS Condition cause : null
2026-05-12 12:28:59,668 [WARN] ConditionMgr:1044 - genDependencies : Invalid condition id : UX DEVICE CLASS RTOS Condition cause : null
2026-05-12 12:28:59,680 [WARN] ConditionMgr:438 - getConditionDescription Invalid condition id : Cortex-A Device cause : null
2026-05-12 12:28:59,695 [WARN] ConditionMgr:1044 - genDependencies : Invalid condition id : Cortex-A Device cause : null
2026-05-12 12:28:59,696 [WARN] ConditionMgr:1044 - genDependencies : Invalid condition id : Cortex-A Device cause : null
2026-05-12 12:28:59,696 [WARN] ConditionMgr:1044 - genDependencies : Invalid condition id : Cortex-A Device cause : null
2026-05-12 12:28:59,710 [WARN] PackLoader:240 - Cannot read IP mode file for STMicroelectronics.X-CUBE-STSE01.2.0.0
2026-05-12 12:28:59,729 [WARN] PackLoader:240 - Cannot read IP mode file for STMicroelectronics.X-CUBE-SUBG2.5.0.0
2026-05-12 12:28:59,761 [WARN] PackLoader:240 - Cannot read IP mode file for STMicroelectronics.X-CUBE-AZRTOS-G4.2.0.0
2026-05-12 12:28:59,776 [INFO] WebApp:169 - Instantiating new browser for Auth
2026-05-12 12:28:59,782 [WARN] PackLoader:240 - Cannot read IP mode file for wolfSSL.I-CUBE-wolfSSH.1.4.20
2026-05-12 12:28:59,792 [WARN] PackLoader:240 - Cannot read IP mode file for STMicroelectronics.X-CUBE-NFC7.2.0.0
2026-05-12 12:28:59,803 [WARN] PackLoader:240 - Cannot read IP mode file for STMicroelectronics.X-CUBE-ALS.1.0.2
2026-05-12 12:28:59,822 [WARN] PackLoader:240 - Cannot read IP mode file for STMicroelectronics.X-CUBE-TOF1.3.4.3
2026-05-12 12:28:59,840 [INFO] ThirdParty:978 - Integrity check success = true
2026-05-12 12:28:59,840 [INFO] IntegrityCheckThread:100 - exiting critical section [integrity check]
2026-05-12 12:28:59,840 [INFO] IntegrityCheckThread:103 - End integrity checks thread
2026-05-12 12:29:01,595 [INFO] WebApp:463 - Apply proxy settings
2026-05-12 12:29:01,596 [INFO] WebApp:548 - Chromium requires no authentication
2026-05-12 12:29:01,614 [INFO] WebApp:491 - Direct internet connection detected
2026-05-12 12:29:01,674 [INFO] WebApp:900 - Register for checkConnection events
2026-05-12 12:29:01,675 [INFO] WebApp:463 - Apply proxy settings
2026-05-12 12:29:01,675 [INFO] WebApp:548 - Chromium requires no authentication
2026-05-12 12:29:01,678 [INFO] WebApp:491 - Direct internet connection detected
2026-05-12 12:29:02,110 [INFO] WebApp:225 - Starting web application
2026-05-12 12:29:02,110 [INFO] WebApp:593 - Web application path used C:\ST\STM32CubeIDE_1.19.0\STM32CubeIDE\plugins\com.st.stm32cube.common.mx_6.15.0.202507011659\db\plugins\mcufinder\reactClient1\index.html
2026-05-12 12:29:02,180 [INFO] WebApp:191 - Connection restablished
2026-05-12 12:54:56,491 [ERROR] LogOutputStream:75 - [STDERR_REDIRECT] 
2026-05-12 14:51:28,420 [INFO] Activator:176 - 


2026-05-12 14:51:28,441 [INFO] Activator:177 - !SESSION log4j initialized
2026-05-12 14:51:35,976 [INFO] LogOutputStream:77 - [STDOUT_REDIRECT] 
2026-05-12 14:51:43,982 [INFO] ApplicationProperties:184 - Using Application install path: C:\ST\STM32CubeIDE_1.19.0\STM32CubeIDE\plugins\com.st.stm32cube.common.mx_6.15.0.202507011659
2026-05-12 14:51:44,009 [INFO] DbMcusXml:78 - Set database path to: C:\ST\STM32CubeIDE_1.19.0\STM32CubeIDE\plugins\com.st.stm32cube.common.mx_6.15.0.202507011659\\db\/mcu/
2026-05-12 14:51:44,009 [INFO] ApiDb:274 - Set plugin database path to: C:\ST\STM32CubeIDE_1.19.0\STM32CubeIDE\plugins\com.st.stm32cube.common.mx_6.15.0.202507011659\\db\/plugins/boardmanager/
2026-05-12 14:51:44,009 [WARN] ApiDb:259 - Overriding images path with different value:  => C:\ST\STM32CubeIDE_1.19.0\STM32CubeIDE\plugins\com.st.stm32cube.common.mx_6.15.0.202507011659\\db\/plugins/mcufinder/images/
2026-05-12 14:51:44,028 [INFO] ApiDb:250 - Set database path to: C:\Users\jahna\.stmcufinder\plugins\mcufinder//mcu/
2026-05-12 14:51:44,030 [INFO] DbMcusAds:125 - Set database path to: C:\Users\jahna\.stmcufinder\plugins\mcufinder//mcu/
2026-05-12 14:51:44,033 [INFO] CrossReferenceDbSqlite:203 - Set database path to: C:\Users\jahna\.stmcufinder\plugins\mcufinder//mcu/cs/
2026-05-12 14:51:44,153 [INFO] RulesReader:64 - Compatibility file has been processed (317 Rules)
2026-05-12 14:51:44,252 [INFO] DbMcusXml:78 - Set database path to: C:\ST\STM32CubeIDE_1.19.0\STM32CubeIDE\plugins\com.st.stm32cube.common.mx_6.15.0.202507011659\\db\/mcu/
2026-05-12 14:51:44,252 [INFO] ApiDb:274 - Set plugin database path to: C:\ST\STM32CubeIDE_1.19.0\STM32CubeIDE\plugins\com.st.stm32cube.common.mx_6.15.0.202507011659\\db\/plugins/boardmanager/
2026-05-12 14:51:44,252 [INFO] ApiDb:261 - Set plugin images path to: C:\ST\STM32CubeIDE_1.19.0\STM32CubeIDE\plugins\com.st.stm32cube.common.mx_6.15.0.202507011659\\db\/plugins/mcufinder/images/
2026-05-12 14:51:44,253 [WARN] DbFile:41 - Overriding database path with different value: C:\Users\jahna\.stmcufinder\plugins\mcufinder/ => C:\Users\jahna\.stmcufinder\plugins\mcufinder
2026-05-12 14:51:44,253 [INFO] ApiDb:250 - Set database path to: C:\Users\jahna\.stmcufinder\plugins\mcufinder//mcu/
2026-05-12 14:51:44,253 [WARN] DbFile:41 - Overriding database path with different value: C:\Users\jahna\.stmcufinder\plugins\mcufinder/ => C:\Users\jahna\.stmcufinder\plugins\mcufinder
2026-05-12 14:51:44,253 [INFO] DbMcusAds:125 - Set database path to: C:\Users\jahna\.stmcufinder\plugins\mcufinder//mcu/
2026-05-12 14:51:44,253 [WARN] DbFile:41 - Overriding database path with different value: C:\Users\jahna\.stmcufinder\plugins\mcufinder/ => C:\Users\jahna\.stmcufinder\plugins\mcufinder
2026-05-12 14:51:44,253 [WARN] DbFile:41 - Overriding database path with different value: C:\Users\jahna\.stmcufinder\plugins\mcufinder/ => C:\Users\jahna\.stmcufinder\plugins\mcufinder
2026-05-12 14:51:44,253 [INFO] CrossReferenceDbSqlite:203 - Set database path to: C:\Users\jahna\.stmcufinder\plugins\mcufinder//mcu/cs/
2026-05-12 14:51:44,348 [INFO] MainPanel:274 - HeapMemory: 268435456
2026-05-12 14:51:44,499 [INFO] DbMcusXml:78 - Set database path to: C:\ST\STM32CubeIDE_1.19.0\STM32CubeIDE\plugins\com.st.stm32cube.common.mx_6.15.0.202507011659\\db\/mcu/
2026-05-12 14:51:44,499 [INFO] ApiDb:274 - Set plugin database path to: C:\ST\STM32CubeIDE_1.19.0\STM32CubeIDE\plugins\com.st.stm32cube.common.mx_6.15.0.202507011659\\db\/plugins/boardmanager/
2026-05-12 14:51:44,499 [INFO] ApiDb:261 - Set plugin images path to: C:\ST\STM32CubeIDE_1.19.0\STM32CubeIDE\plugins\com.st.stm32cube.common.mx_6.15.0.202507011659\\db\/plugins/mcufinder/images/
2026-05-12 14:51:44,500 [WARN] DbFile:41 - Overriding database path with different value: C:\Users\jahna\.stmcufinder\plugins\mcufinder/ => C:\Users\jahna\.stmcufinder\plugins\mcufinder
2026-05-12 14:51:44,500 [INFO] ApiDb:250 - Set database path to: C:\Users\jahna\.stmcufinder\plugins\mcufinder//mcu/
2026-05-12 14:51:44,500 [WARN] DbFile:41 - Overriding database path with different value: C:\Users\jahna\.stmcufinder\plugins\mcufinder/ => C:\Users\jahna\.stmcufinder\plugins\mcufinder
2026-05-12 14:51:44,500 [INFO] DbMcusAds:125 - Set database path to: C:\Users\jahna\.stmcufinder\plugins\mcufinder//mcu/
2026-05-12 14:51:44,500 [WARN] DbFile:41 - Overriding database path with different value: C:\Users\jahna\.stmcufinder\plugins\mcufinder/ => C:\Users\jahna\.stmcufinder\plugins\mcufinder
2026-05-12 14:51:44,500 [WARN] DbFile:41 - Overriding database path with different value: C:\Users\jahna\.stmcufinder\plugins\mcufinder/ => C:\Users\jahna\.stmcufinder\plugins\mcufinder
2026-05-12 14:51:44,500 [INFO] CrossReferenceDbSqlite:203 - Set database path to: C:\Users\jahna\.stmcufinder\plugins\mcufinder//mcu/cs/
2026-05-12 14:51:44,524 [INFO] ApplicationProperties:184 - Using Application install path: C:\ST\STM32CubeIDE_1.19.0\STM32CubeIDE\plugins\com.st.stm32cube.common.mx_6.15.0.202507011659
2026-05-12 14:51:44,526 [INFO] PluginManage:196 - Search for loadable plugins [exclusion list=, ]
2026-05-12 14:51:44,528 [INFO] PluginManage:310 - Check plugin analytics
2026-05-12 14:51:44,740 [INFO] AnalyticsPlugin:253 - Accepted Software Licenses: STM32CubeMX.6.17.0
2026-05-12 14:51:44,740 [INFO] AnalyticsPlugin:255 - Accepted CMSIS Pack Licenses: 
2026-05-12 14:51:44,740 [INFO] AnalyticsPlugin:257 - Accepted Firmware Licenses: FW.F4.1.28.0,FW.F4.1.28.3
2026-05-12 14:51:44,743 [INFO] PluginManage:359 - Loaded plugin analytics (category:tool,tabindex:-1)
2026-05-12 14:51:44,743 [INFO] PluginManage:310 - Check plugin cadmodel
2026-05-12 14:51:44,749 [INFO] CADModel:105 - Init CAD model plugin
2026-05-12 14:51:44,750 [INFO] PluginManage:359 - Loaded plugin cadmodel (category:power,tabindex:5)
2026-05-12 14:51:44,750 [INFO] PluginManage:310 - Check plugin clock
2026-05-12 14:51:44,760 [INFO] PluginManage:359 - Loaded plugin clock (category:base,tabindex:2)
2026-05-12 14:51:44,760 [INFO] PluginManage:310 - Check plugin ddr
2026-05-12 14:51:44,763 [INFO] PluginManage:359 - Loaded plugin ddr (category:tool,tabindex:6)
2026-05-12 14:51:44,763 [INFO] PluginManage:310 - Check plugin filemanager
2026-05-12 14:51:44,919 [INFO] PluginManage:359 - Loaded plugin filemanager (category:base,tabindex:10)
2026-05-12 14:51:44,919 [INFO] PluginManage:310 - Check plugin ipmanager
2026-05-12 14:51:44,928 [INFO] PluginManage:359 - Loaded plugin ipmanager (category:base,tabindex:5)
2026-05-12 14:51:44,928 [INFO] PluginManage:310 - Check plugin lpbam
2026-05-12 14:51:44,937 [INFO] PluginManage:359 - Loaded plugin lpbam (category:base,tabindex:0)
2026-05-12 14:51:44,938 [INFO] PluginManage:310 - Check plugin memorymap
2026-05-12 14:51:44,955 [INFO] PluginManage:359 - Loaded plugin memorymap (category:base,tabindex:4)
2026-05-12 14:51:44,955 [INFO] PluginManage:310 - Check plugin pinoutandconfiguration
2026-05-12 14:51:44,964 [INFO] PluginManage:359 - Loaded plugin pinoutandconfiguration (category:base,tabindex:1)
2026-05-12 14:51:44,964 [INFO] PluginManage:310 - Check plugin pinoutconfig
2026-05-12 14:51:45,052 [WARN] SupportedApi:132 - Cannot load RTOS API schema: s4s-elt-must-match.1: The content of 'definitions' must match (annotation?, (simpleType | complexType)?, (unique | key | keyref)*)). A problem was found starting at: attribute.
2026-05-12 14:51:45,200 [INFO] PluginManage:359 - Loaded plugin pinoutconfig (category:base,tabindex:0)
2026-05-12 14:51:45,200 [INFO] PluginManage:310 - Check plugin power
2026-05-12 14:51:45,211 [INFO] PluginManage:359 - Loaded plugin power (category:power,tabindex:4)
2026-05-12 14:51:45,212 [INFO] PluginManage:310 - Check plugin projectmanager
2026-05-12 14:51:45,228 [INFO] PluginManage:359 - Loaded plugin projectmanager (category:projectmanager,tabindex:4)
2026-05-12 14:51:45,228 [INFO] PluginManage:310 - Check plugin rif
2026-05-12 14:51:45,240 [INFO] PluginManage:359 - Loaded plugin rif (category:base,tabindex:3)
2026-05-12 14:51:45,240 [INFO] PluginManage:310 - Check plugin thirdparty
2026-05-12 14:51:45,407 [INFO] PluginManage:359 - Loaded plugin thirdparty (category:base,tabindex:-1)
2026-05-12 14:51:45,407 [WARN] IntegrityCheckThread:84 - waiting for thirdparty lock release [integrity check]
2026-05-12 14:51:45,407 [INFO] PluginManage:310 - Check plugin tools
2026-05-12 14:51:45,407 [INFO] IntegrityCheckThread:86 - entering critical section [integrity check]
2026-05-12 14:51:45,407 [INFO] ThirdPartyUpdaterWithRetryManager:70 - Updater plugin not ready yet. [1/15]
2026-05-12 14:51:45,411 [INFO] PluginManage:359 - Loaded plugin tools (category:base,tabindex:7)
2026-05-12 14:51:45,411 [INFO] PluginManage:310 - Check plugin tutovideos
2026-05-12 14:51:45,631 [INFO] PluginManage:359 - Loaded plugin tutovideos (category:base,tabindex:-1)
2026-05-12 14:51:45,631 [INFO] PluginManage:310 - Check plugin updater
2026-05-12 14:51:45,654 [INFO] PluginManage:359 - Loaded plugin updater (category:base,tabindex:12)
2026-05-12 14:51:45,654 [INFO] PluginManage:310 - Check plugin userauth
2026-05-12 14:51:45,659 [INFO] UserAuth:118 - Init User Auth plugin
2026-05-12 14:51:45,663 [INFO] PluginManage:359 - Loaded plugin userauth (category:base,tabindex:14)
2026-05-12 14:51:45,663 [INFO] PluginManage:283 - PluginManage : Loaded plugins [18]
2026-05-12 14:51:45,931 [INFO] PinOutPanel:1589 - setPackage(No Configuration,No Configuration)
2026-05-12 14:51:46,035 [INFO] CADModel:165 - CPN selected for project level
2026-05-12 14:51:46,035 [INFO] CADModel:114 - Register for checkConnection events
2026-05-12 14:51:46,066 [INFO] IPUIPlugin:80 - create IPUIPlugin
2026-05-12 14:51:46,066 [INFO] PluginManager:220 - loadIPPluginJar : add adc
2026-05-12 14:51:46,069 [INFO] IPUIPlugin:80 - create IPUIPlugin
2026-05-12 14:51:46,069 [INFO] PluginManager:220 - loadIPPluginJar : add aes
2026-05-12 14:51:46,073 [INFO] IPUIPlugin:80 - create IPUIPlugin
2026-05-12 14:51:46,073 [INFO] PluginManager:220 - loadIPPluginJar : add can
2026-05-12 14:51:46,077 [INFO] IPUIPlugin:80 - create IPUIPlugin
2026-05-12 14:51:46,077 [INFO] PluginManager:220 - loadIPPluginJar : add comp
2026-05-12 14:51:46,081 [INFO] IPUIPlugin:80 - create IPUIPlugin
2026-05-12 14:51:46,081 [INFO] PluginManager:220 - loadIPPluginJar : add cryp
2026-05-12 14:51:46,085 [INFO] IPUIPlugin:80 - create IPUIPlugin
2026-05-12 14:51:46,085 [INFO] PluginManager:220 - loadIPPluginJar : add ddr_ctrl_phy
2026-05-12 14:51:46,090 [INFO] IPUIPlugin:80 - create IPUIPlugin
2026-05-12 14:51:46,090 [INFO] PluginManager:220 - loadIPPluginJar : add dfsdm
2026-05-12 14:51:46,096 [INFO] IPUIPlugin:80 - create IPUIPlugin
2026-05-12 14:51:46,097 [INFO] PluginManager:220 - loadIPPluginJar : add dma
2026-05-12 14:51:46,102 [INFO] IPUIPlugin:80 - create IPUIPlugin
2026-05-12 14:51:46,102 [INFO] PluginManager:220 - loadIPPluginJar : add dma3
2026-05-12 14:51:46,106 [INFO] IPUIPlugin:80 - create IPUIPlugin
2026-05-12 14:51:46,106 [INFO] PluginManager:220 - loadIPPluginJar : add extmemmanager
2026-05-12 14:51:46,108 [INFO] IPUIPlugin:80 - create IPUIPlugin
2026-05-12 14:51:46,108 [INFO] PluginManager:220 - loadIPPluginJar : add fatfs
2026-05-12 14:51:46,114 [INFO] IPUIPlugin:80 - create IPUIPlugin
2026-05-12 14:51:46,114 [INFO] PluginManager:220 - loadIPPluginJar : add fmc
2026-05-12 14:51:46,121 [INFO] IPUIPlugin:80 - create IPUIPlugin
2026-05-12 14:51:46,121 [INFO] PluginManager:220 - loadIPPluginJar : add freertos
2026-05-12 14:51:46,124 [INFO] IPUIPlugin:80 - create IPUIPlugin
2026-05-12 14:51:46,124 [INFO] PluginManager:220 - loadIPPluginJar : add genericplugin
2026-05-12 14:51:46,126 [INFO] IPUIPlugin:80 - create IPUIPlugin
2026-05-12 14:51:46,126 [INFO] PluginManager:220 - loadIPPluginJar : add gfxmmu
2026-05-12 14:51:46,133 [INFO] IPUIPlugin:80 - create IPUIPlugin
2026-05-12 14:51:46,133 [INFO] PluginManager:220 - loadIPPluginJar : add gic
2026-05-12 14:51:46,137 [INFO] IPUIPlugin:80 - create IPUIPlugin
2026-05-12 14:51:46,137 [INFO] PluginManager:220 - loadIPPluginJar : add gpio
2026-05-12 14:51:46,142 [INFO] IPUIPlugin:80 - create IPUIPlugin
2026-05-12 14:51:46,142 [INFO] PluginManager:220 - loadIPPluginJar : add gtzc
2026-05-12 14:51:46,146 [INFO] IPUIPlugin:80 - create IPUIPlugin
2026-05-12 14:51:46,146 [INFO] PluginManager:220 - loadIPPluginJar : add hash
2026-05-12 14:51:46,150 [INFO] IPUIPlugin:80 - create IPUIPlugin
2026-05-12 14:51:46,150 [INFO] PluginManager:220 - loadIPPluginJar : add i2c
2026-05-12 14:51:46,155 [INFO] IPUIPlugin:80 - create IPUIPlugin
2026-05-12 14:51:46,156 [INFO] PluginManager:220 - loadIPPluginJar : add i2s
2026-05-12 14:51:46,159 [INFO] IPUIPlugin:80 - create IPUIPlugin
2026-05-12 14:51:46,160 [INFO] PluginManager:220 - loadIPPluginJar : add i3c
2026-05-12 14:51:46,163 [INFO] IPUIPlugin:80 - create IPUIPlugin
2026-05-12 14:51:46,163 [INFO] PluginManager:220 - loadIPPluginJar : add ipddr
2026-05-12 14:51:46,172 [INFO] IPUIPlugin:80 - create IPUIPlugin
2026-05-12 14:51:46,172 [INFO] PluginManager:220 - loadIPPluginJar : add linkedlist
2026-05-12 14:51:46,176 [INFO] IPUIPlugin:80 - create IPUIPlugin
2026-05-12 14:51:46,176 [INFO] PluginManager:220 - loadIPPluginJar : add lorawan
2026-05-12 14:51:46,179 [INFO] IPUIPlugin:80 - create IPUIPlugin
2026-05-12 14:51:46,179 [INFO] PluginManager:220 - loadIPPluginJar : add ltdc
2026-05-12 14:51:46,185 [INFO] IPUIPlugin:80 - create IPUIPlugin
2026-05-12 14:51:46,185 [INFO] PluginManager:220 - loadIPPluginJar : add mdma
2026-05-12 14:51:46,190 [INFO] IPUIPlugin:80 - create IPUIPlugin
2026-05-12 14:51:46,190 [INFO] PluginManager:220 - loadIPPluginJar : add nvic
2026-05-12 14:51:46,194 [INFO] IPUIPlugin:80 - create IPUIPlugin
2026-05-12 14:51:46,194 [INFO] PluginManager:220 - loadIPPluginJar : add opamp
2026-05-12 14:51:46,200 [INFO] IPUIPlugin:80 - create IPUIPlugin
2026-05-12 14:51:46,200 [INFO] PluginManager:220 - loadIPPluginJar : add openamp
2026-05-12 14:51:46,205 [INFO] IPUIPlugin:80 - create IPUIPlugin
2026-05-12 14:51:46,205 [INFO] PluginManager:220 - loadIPPluginJar : add pdm2pcm
2026-05-12 14:51:46,212 [INFO] IPUIPlugin:80 - create IPUIPlugin
2026-05-12 14:51:46,216 [INFO] PluginManager:220 - loadIPPluginJar : add plateformsettings
2026-05-12 14:51:46,218 [INFO] IPUIPlugin:80 - create IPUIPlugin
2026-05-12 14:51:46,218 [INFO] PluginManager:220 - loadIPPluginJar : add quadspi
2026-05-12 14:51:46,221 [INFO] IPUIPlugin:80 - create IPUIPlugin
2026-05-12 14:51:46,222 [INFO] PluginManager:220 - loadIPPluginJar : add radio
2026-05-12 14:51:46,227 [INFO] IPUIPlugin:80 - create IPUIPlugin
2026-05-12 14:51:46,228 [INFO] PluginManager:220 - loadIPPluginJar : add resmgrutility
2026-05-12 14:51:46,232 [INFO] IPUIPlugin:80 - create IPUIPlugin
2026-05-12 14:51:46,232 [INFO] PluginManager:220 - loadIPPluginJar : add sai
2026-05-12 14:51:46,235 [INFO] IPUIPlugin:80 - create IPUIPlugin
2026-05-12 14:51:46,235 [INFO] PluginManager:220 - loadIPPluginJar : add spi
2026-05-12 14:51:46,241 [INFO] IPUIPlugin:80 - create IPUIPlugin
2026-05-12 14:51:46,241 [INFO] PluginManager:220 - loadIPPluginJar : add stm32_wpan
2026-05-12 14:51:46,243 [INFO] IPUIPlugin:80 - create IPUIPlugin
2026-05-12 14:51:46,243 [INFO] PluginManager:220 - loadIPPluginJar : add tim
2026-05-12 14:51:46,247 [INFO] IPUIPlugin:80 - create IPUIPlugin
2026-05-12 14:51:46,247 [INFO] PluginManager:220 - loadIPPluginJar : add touchsensing
2026-05-12 14:51:46,250 [INFO] IPUIPlugin:80 - create IPUIPlugin
2026-05-12 14:51:46,250 [INFO] PluginManager:220 - loadIPPluginJar : add tracer_emb
2026-05-12 14:51:46,252 [INFO] IPUIPlugin:80 - create IPUIPlugin
2026-05-12 14:51:46,252 [INFO] PluginManager:220 - loadIPPluginJar : add ts
2026-05-12 14:51:46,254 [INFO] IPUIPlugin:80 - create IPUIPlugin
2026-05-12 14:51:46,254 [INFO] PluginManager:220 - loadIPPluginJar : add tsc
2026-05-12 14:51:46,256 [INFO] IPUIPlugin:80 - create IPUIPlugin
2026-05-12 14:51:46,256 [INFO] PluginManager:220 - loadIPPluginJar : add ucpd
2026-05-12 14:51:46,259 [INFO] IPUIPlugin:80 - create IPUIPlugin
2026-05-12 14:51:46,260 [INFO] PluginManager:220 - loadIPPluginJar : add usart
2026-05-12 14:51:46,263 [INFO] IPUIPlugin:80 - create IPUIPlugin
2026-05-12 14:51:46,263 [INFO] PluginManager:220 - loadIPPluginJar : add usbx
2026-05-12 14:51:46,389 [FATAL] Updater:351 - Updater called before beeing initialized
2026-05-12 14:51:46,465 [INFO] RulesReader:64 - Compatibility file has been processed (317 Rules)
2026-05-12 14:51:46,475 [INFO] RulesReader:64 - Compatibility file has been processed (317 Rules)
2026-05-12 14:51:46,484 [INFO] CADModel:165 - CPN selected for project level
2026-05-12 14:51:46,484 [INFO] CADModel:114 - Register for checkConnection events
2026-05-12 14:51:46,484 [FATAL] Updater:351 - Updater called before beeing initialized
2026-05-12 14:51:46,484 [ERROR] CADModel:125 - Updater not yet initialized, retry later 
2026-05-12 14:51:46,752 [FATAL] Updater:351 - Updater called before beeing initialized
2026-05-12 14:51:46,755 [INFO] CADModel:165 - CPN selected for project level
2026-05-12 14:51:46,755 [INFO] CADModel:114 - Register for checkConnection events
2026-05-12 14:51:46,755 [FATAL] Updater:351 - Updater called before beeing initialized
2026-05-12 14:51:46,755 [ERROR] CADModel:125 - Updater not yet initialized, retry later 
2026-05-12 14:51:46,768 [FATAL] Updater:351 - Updater called before beeing initialized
2026-05-12 14:51:46,988 [FATAL] Updater:351 - Updater called before beeing initialized
2026-05-12 14:51:46,994 [INFO] DbMcusAds:53 - JSON generation date=Mon Apr 27 13:44:29 IST 2026 (1777277669577)
2026-05-12 14:51:46,994 [FATAL] Updater:351 - Updater called before beeing initialized
2026-05-12 14:51:47,055 [WARN] DetailPanel:346 - Failed to get advertising image, set to default
2026-05-12 14:51:47,174 [FATAL] Updater:351 - Updater called before beeing initialized
2026-05-12 14:51:47,177 [FATAL] Updater:351 - Updater called before beeing initialized
2026-05-12 14:51:47,177 [FATAL] Updater:351 - Updater called before beeing initialized
2026-05-12 14:51:47,177 [WARN] DetailPanel:346 - Failed to get advertising image, set to default
2026-05-12 14:51:47,179 [FATAL] Updater:351 - Updater called before beeing initialized
2026-05-12 14:51:47,254 [ERROR] Updater:1198 - MainUpdater not yet initialized. External WinMGr cannot be set.
2026-05-12 14:51:47,257 [INFO] Updater:1134 - Updater Version found : 6.15.0
2026-05-12 14:51:47,275 [INFO] ApplicationProperties:184 - Using Application install path: C:\ST\STM32CubeIDE_1.19.0\STM32CubeIDE\plugins\com.st.stm32cube.common.mx_6.15.0.202507011659
2026-05-12 14:51:47,654 [INFO] MainUpdater:2872 - connection check result : 10
2026-05-12 14:51:47,655 [INFO] MainUpdater:289 - Updater Check For Update Now.
2026-05-12 14:51:47,655 [INFO] MicroXplorer:498 - Change Database Version : DB.6.0.150
2026-05-12 14:51:47,666 [INFO] McuFinderGlobals:63 - Set McuFinder mode to 2 (CubeIDE integrated)
2026-05-12 14:51:47,666 [INFO] UserAuth:171 - activating auth plugin
2026-05-12 14:51:47,676 [INFO] UserAuth:487 - Internet connection configuration mode: 1
2026-05-12 14:51:47,713 [INFO] JxBrowserEngine:152 - Initiate JxBrowser Engine with user profile folder
2026-05-12 14:51:47,855 [INFO] CheckServerUpdateThread:120 - End of CheckServer Thread
2026-05-12 14:51:48,762 [WARN] PackLoader:240 - Cannot read IP mode file for STMicroelectronics.X-CUBE-AZRTOS-H7.3.5.0
2026-05-12 14:51:48,775 [WARN] PackLoader:240 - Cannot read IP mode file for STMicroelectronics.FP-ATR-ASTRA1.2.0.2
2026-05-12 14:51:48,785 [WARN] PackLoader:240 - Cannot read IP mode file for STMicroelectronics.X-CUBE-SMBUS.2.1.0
2026-05-12 14:51:48,804 [WARN] PackLoader:240 - Cannot read IP mode file for STMicroelectronics.X-CUBE-AZRTOS-F7.1.1.0
2026-05-12 14:51:48,816 [WARN] PackLoader:240 - Cannot read IP mode file for STMicroelectronics.FP-SNS-MOTENV1.5.1.0
2026-05-12 14:51:48,828 [WARN] PackLoader:240 - Cannot read IP mode file for WES.I-CUBE-Cesium.1.4.0
2026-05-12 14:51:48,838 [WARN] PackLoader:240 - Cannot read IP mode file for STMicroelectronics.X-CUBE-DISPLAY.3.0.0
2026-05-12 14:51:48,853 [WARN] PackLoader:240 - Cannot read IP mode file for STMicroelectronics.X-CUBE-GNSS1.7.1.1
2026-05-12 14:51:48,860 [WARN] PackLoader:240 - Cannot read IP mode file for STMicroelectronics.FP-SNS-MOTENVWB1.1.5.0
2026-05-12 14:51:48,866 [WARN] PackLoader:240 - Cannot read IP mode file for wolfSSL.I-CUBE-wolfSSL.5.9.1
2026-05-12 14:51:48,875 [WARN] PackLoader:240 - Cannot read IP mode file for STMicroelectronics.X-CUBE-NFC10.1.0.0
2026-05-12 14:51:48,883 [WARN] PackLoader:240 - Cannot read IP mode file for STMicroelectronics.X-CUBE-ST60.1.1.0
2026-05-12 14:51:48,892 [WARN] PackLoader:240 - Cannot read IP mode file for emotas.I-CUBE-CANOPEN.1.3.0
2026-05-12 14:51:48,899 [WARN] PackLoader:240 - Cannot read IP mode file for STMicroelectronics.X-CUBE-GNSS1.7.1.0
2026-05-12 14:51:48,908 [WARN] PackLoader:240 - Cannot read IP mode file for STMicroelectronics.FP-SNS-STBOX1.2.1.0
2026-05-12 14:51:48,914 [WARN] PackLoader:240 - Cannot read IP mode file for STMicroelectronics.FP-SNS-SMARTAG2.1.2.0
2026-05-12 14:51:48,920 [WARN] PackLoader:240 - Cannot read IP mode file for STMicroelectronics.FP-SNS-FLIGHT1.5.1.0
2026-05-12 14:51:48,929 [INFO] LogOutputStream:77 - [STDOUT_REDIRECT] 1 : Invalid condition id : UX_CORESTACK_Condition cause : null
2026-05-12 14:51:48,930 [INFO] LogOutputStream:77 - [STDOUT_REDIRECT] 1 : Invalid condition id : UX_CORESTACK_Condition cause : null
2026-05-12 14:51:48,932 [INFO] LogOutputStream:77 - [STDOUT_REDIRECT] 1 : Invalid condition id : UX_CORESTACK_Condition cause : null
2026-05-12 14:51:48,934 [INFO] LogOutputStream:77 - [STDOUT_REDIRECT] 1 : Invalid condition id : UX_CORESTACK_Condition cause : null
2026-05-12 14:51:48,935 [INFO] LogOutputStream:77 - [STDOUT_REDIRECT] 1 : Invalid condition id : UX_CORESTACK_Condition cause : null
2026-05-12 14:51:48,939 [WARN] PackLoader:240 - Cannot read IP mode file for STMicroelectronics.X-CUBE-AZRTOS-WL.2.0.0
2026-05-12 14:51:48,970 [WARN] PackLoader:240 - Cannot read IP mode file for STMicroelectronics.X-CUBE-AZRTOS-H7RS.1.2.0
2026-05-12 14:51:48,983 [WARN] PackLoader:240 - Cannot read IP mode file for STMicroelectronics.X-CUBE-BLE2.3.3.0
2026-05-12 14:51:49,033 [WARN] PackLoader:240 - Cannot read IP mode file for Infineon.AIROC-Wi-Fi-Bluetooth-STM32.1.8.0
2026-05-12 14:51:49,047 [WARN] PackLoader:240 - Cannot read IP mode file for STMicroelectronics.X-CUBE-NFC9.1.0.0
2026-05-12 14:51:49,057 [WARN] PackLoader:240 - Cannot read IP mode file for STMicroelectronics.X-CUBE-BLE1.7.1.0
2026-05-12 14:51:49,063 [WARN] PackLoader:240 - Cannot read IP mode file for wolfSSL.I-CUBE-wolfMQTT.1.19.2
2026-05-12 14:51:49,072 [WARN] PackLoader:240 - Cannot read IP mode file for STMicroelectronics.X-CUBE-EEPRMA1.5.2.0
2026-05-12 14:51:49,077 [WARN] PackLoader:240 - Cannot read IP mode file for wolfSSL.I-CUBE-wolfSSL.5.8.4
2026-05-12 14:51:49,083 [WARN] PackLoader:240 - Cannot read IP mode file for Cesanta.I-CUBE-Mongoose.7.20.0
2026-05-12 14:51:49,091 [WARN] PackLoader:240 - Cannot read IP mode file for STMicroelectronics.FP-SNS-STAIOTCFT.1.1.0
2026-05-12 14:51:49,131 [WARN] PackLoader:240 - Cannot read IP mode file for STMicroelectronics.X-CUBE-MEMS1.12.0.0
2026-05-12 14:51:49,279 [WARN] PackLoader:240 - Cannot read IP mode file for STMicroelectronics.X-CUBE-AZRTOS-G0.1.1.0
2026-05-12 14:51:49,288 [WARN] PackLoader:240 - Cannot read IP mode file for STMicroelectronics.X-CUBE-NFC4.3.0.0
2026-05-12 14:51:49,329 [WARN] PackLoader:240 - Cannot read IP mode file for EmbeddedOffice.I-CUBE-FS-RTOS.1.0.1
2026-05-12 14:51:49,339 [WARN] PackLoader:240 - Cannot read IP mode file for STMicroelectronics.X-CUBE-WB05N.2.0.0
2026-05-12 14:51:49,346 [WARN] PackLoader:240 - Cannot read IP mode file for wolfSSL.I-CUBE-wolfTPM.3.8.0
2026-05-12 14:51:49,355 [WARN] PackLoader:240 - Cannot read IP mode file for STMicroelectronics.X-CUBE-TCPP.4.2.0
2026-05-12 14:51:49,366 [WARN] PackLoader:240 - Cannot read IP mode file for RealThread.X-CUBE-RT-Thread_Nano.4.1.1
2026-05-12 14:51:49,372 [WARN] PackLoader:240 - Cannot read IP mode file for STMicroelectronics.FP-ATR-SIGFOX1.3.2.0
2026-05-12 14:51:49,382 [WARN] PackLoader:240 - Cannot read IP mode file for STMicroelectronics.X-CUBE-FREERTOS.1.5.0
2026-05-12 14:51:49,390 [WARN] PackLoader:240 - Cannot read IP mode file for ITTIA_DB.I-CUBE-ITTIADB.8.9.0
2026-05-12 14:51:49,395 [WARN] PackLoader:240 - Cannot read IP mode file for Cesanta.I-CUBE-Mongoose.7.21.6
2026-05-12 14:51:49,405 [WARN] PackLoader:240 - Cannot read IP mode file for STMicroelectronics.X-CUBE-NFC6.3.2.0
2026-05-12 14:51:49,414 [WARN] PackLoader:240 - Cannot read IP mode file for STMicroelectronics.X-CUBE-AI.10.2.0
2026-05-12 14:51:49,466 [WARN] PackLoader:240 - Cannot read IP mode file for STMicroelectronics.X-CUBE-MEMS1.12.1.0
2026-05-12 14:51:49,556 [WARN] PackLoader:240 - Cannot read IP mode file for SEGGER.I-CUBE-embOS.1.3.1
2026-05-12 14:51:49,598 [WARN] PackLoader:240 - Cannot read IP mode file for STMicroelectronics.X-CUBE-ALGOBUILD.1.4.0
2026-05-12 14:51:49,605 [WARN] PackLoader:240 - Cannot read IP mode file for STMicroelectronics.X-CUBE-PM33A1.1.0.0
2026-05-12 14:51:49,623 [WARN] PackLoader:240 - Cannot read IP mode file for STMicroelectronics.X-CUBE-AZRTOS-F4.1.1.0
2026-05-12 14:51:49,805 [WARN] PackLoader:240 - Cannot read IP mode file for STMicroelectronics.X-CUBE-ISPU.2.1.0
2026-05-12 14:51:49,818 [WARN] PackLoader:240 - Cannot read IP mode file for STMicroelectronics.X-CUBE-IPS.3.2.0
2026-05-12 14:51:49,829 [WARN] PackLoader:240 - Cannot read IP mode file for STMicroelectronics.eDS-WB_DPC_TT-BIDIR.2.1.1
2026-05-12 14:51:49,839 [WARN] PackLoader:240 - Cannot read IP mode file for STMicroelectronics.X-CUBE-NFC12.1.0.0
2026-05-12 14:51:49,860 [WARN] PackLoader:240 - Cannot read IP mode file for STMicroelectronics.X-CUBE-AZRTOS-L5.2.0.0
2026-05-12 14:51:49,867 [WARN] PackLoader:240 - Cannot read IP mode file for STMicroelectronics.eDS-WB_DPC_VIENNA.1.2.0
2026-05-12 14:51:49,871 [WARN] PackLoader:240 - Cannot read IP mode file for STMicroelectronics.eDS-WB_DPC_3PH2L-BIDIR.1.1.1
2026-05-12 14:51:49,878 [ERROR] Engine:466 - C:\Users\jahna\.stm32cubemx\thirdparties\pdsc\STMicroelectronics.X-CUBE-ST67W61.1.3.0.pdsc: PDSC version is not supported
2026-05-12 14:51:49,885 [WARN] PackLoader:240 - Cannot read IP mode file for STMicroelectronics.X-CUBE-TOUCHGFX.4.26.1
2026-05-12 14:51:49,889 [WARN] PackLoader:240 - Cannot read IP mode file for STMicroelectronics.FP-SNS-STAIOTCFT.1.0.0
2026-05-12 14:51:49,898 [WARN] PackLoader:240 - Cannot read IP mode file for STMicroelectronics.X-CUBE-DPower.1.3.0
2026-05-12 14:51:49,912 [WARN] ConditionMgr:438 - getConditionDescription Invalid condition id : LAN8742 Phy interface Condition cause : null
2026-05-12 14:51:49,913 [WARN] PackLoader:240 - Cannot read IP mode file for STMicroelectronics.X-CUBE-AZRTOS-L4.2.0.0
2026-05-12 14:51:49,914 [WARN] ConditionMgr:1044 - genDependencies : Invalid condition id : LAN8742 Phy interface Condition cause : null
2026-05-12 14:51:49,914 [WARN] ConditionMgr:1044 - genDependencies : Invalid condition id : LAN8742 Phy interface Condition cause : null
2026-05-12 14:51:49,915 [WARN] ConditionMgr:1044 - genDependencies : Invalid condition id : LAN8742 Phy interface Condition cause : null
2026-05-12 14:51:49,924 [WARN] PackLoader:240 - Cannot read IP mode file for STMicroelectronics.X-CUBE-SFXS2LP1.4.0.0
2026-05-12 14:51:49,930 [WARN] PackLoader:240 - Cannot read IP mode file for STMicroelectronics.X-CUBE-WB05N.2.1.0
2026-05-12 14:51:49,938 [WARN] PackLoader:240 - Cannot read IP mode file for STMicroelectronics.X-CUBE-ST67W61.1.2.0
2026-05-12 14:51:49,948 [WARN] PackLoader:240 - Cannot read IP mode file for STMicroelectronics.X-CUBE-BLEMGR.4.1.0
2026-05-12 14:51:49,963 [WARN] ConditionMgr:438 - getConditionDescription Invalid condition id : UX DEVICE CLASS RTOS Condition cause : null
2026-05-12 14:51:49,964 [WARN] ConditionMgr:438 - getConditionDescription Invalid condition id : UX DEVICE CLASS RTOS Condition cause : null
2026-05-12 14:51:49,966 [WARN] PackLoader:240 - Cannot read IP mode file for STMicroelectronics.X-CUBE-AZRTOS-WB.2.0.0
2026-05-12 14:51:49,966 [WARN] ConditionMgr:1044 - genDependencies : Invalid condition id : UX DEVICE CLASS RTOS Condition cause : null
2026-05-12 14:51:49,966 [WARN] ConditionMgr:1044 - genDependencies : Invalid condition id : UX DEVICE CLASS RTOS Condition cause : null
2026-05-12 14:51:49,967 [WARN] ConditionMgr:1044 - genDependencies : Invalid condition id : UX DEVICE CLASS RTOS Condition cause : null
2026-05-12 14:51:49,967 [WARN] ConditionMgr:1044 - genDependencies : Invalid condition id : UX DEVICE CLASS RTOS Condition cause : null
2026-05-12 14:51:49,967 [WARN] ConditionMgr:1044 - genDependencies : Invalid condition id : UX DEVICE CLASS RTOS Condition cause : null
2026-05-12 14:51:49,973 [WARN] ConditionMgr:438 - getConditionDescription Invalid condition id : Cortex-A Device cause : null
2026-05-12 14:51:49,983 [WARN] ConditionMgr:1044 - genDependencies : Invalid condition id : Cortex-A Device cause : null
2026-05-12 14:51:49,983 [WARN] ConditionMgr:1044 - genDependencies : Invalid condition id : Cortex-A Device cause : null
2026-05-12 14:51:49,983 [WARN] ConditionMgr:1044 - genDependencies : Invalid condition id : Cortex-A Device cause : null
2026-05-12 14:51:49,991 [WARN] PackLoader:240 - Cannot read IP mode file for STMicroelectronics.X-CUBE-STSE01.2.0.0
2026-05-12 14:51:50,000 [WARN] PackLoader:240 - Cannot read IP mode file for STMicroelectronics.X-CUBE-SUBG2.5.0.0
2026-05-12 14:51:50,015 [WARN] PackLoader:240 - Cannot read IP mode file for STMicroelectronics.X-CUBE-AZRTOS-G4.2.0.0
2026-05-12 14:51:50,023 [WARN] PackLoader:240 - Cannot read IP mode file for wolfSSL.I-CUBE-wolfSSH.1.4.20
2026-05-12 14:51:50,029 [WARN] PackLoader:240 - Cannot read IP mode file for STMicroelectronics.X-CUBE-NFC7.2.0.0
2026-05-12 14:51:50,035 [WARN] PackLoader:240 - Cannot read IP mode file for STMicroelectronics.X-CUBE-ALS.1.0.2
2026-05-12 14:51:50,044 [WARN] PackLoader:240 - Cannot read IP mode file for STMicroelectronics.X-CUBE-TOF1.3.4.3
2026-05-12 14:51:50,050 [INFO] ThirdParty:978 - Integrity check success = true
2026-05-12 14:51:50,050 [INFO] IntegrityCheckThread:100 - exiting critical section [integrity check]
2026-05-12 14:51:50,050 [INFO] IntegrityCheckThread:103 - End integrity checks thread
2026-05-12 14:51:50,529 [INFO] WebApp:169 - Instantiating new browser for Auth
2026-05-12 14:51:51,633 [INFO] WebApp:463 - Apply proxy settings
2026-05-12 14:51:51,634 [INFO] WebApp:548 - Chromium requires no authentication
2026-05-12 14:51:51,662 [INFO] WebApp:491 - Direct internet connection detected
2026-05-12 14:51:51,693 [INFO] WebApp:900 - Register for checkConnection events
2026-05-12 14:51:51,693 [INFO] WebApp:463 - Apply proxy settings
2026-05-12 14:51:51,693 [INFO] WebApp:548 - Chromium requires no authentication
2026-05-12 14:51:51,694 [INFO] WebApp:491 - Direct internet connection detected
2026-05-12 14:51:51,941 [INFO] WebApp:225 - Starting web application
2026-05-12 14:51:51,941 [INFO] WebApp:593 - Web application path used C:\ST\STM32CubeIDE_1.19.0\STM32CubeIDE\plugins\com.st.stm32cube.common.mx_6.15.0.202507011659\db\plugins\mcufinder\reactClient1\index.html
2026-05-12 14:51:51,997 [INFO] WebApp:191 - Connection restablished
2026-05-12 14:53:26,959 [INFO] McuFinderGlobals:63 - Set McuFinder mode to 2 (CubeIDE integrated)
2026-05-12 14:53:26,968 [INFO] MainUpdater:2872 - connection check result : 10
2026-05-12 14:53:26,970 [INFO] MainUpdater:2872 - connection check result : 10
2026-05-12 14:53:27,049 [INFO] MicroXplorer:468 - Change Database Path : 
2026-05-12 14:53:27,049 [INFO] MicroXplorer:498 - Change Database Version : DB.6.0.150
2026-05-12 14:53:27,058 [WARN] ThirdParty:871 - waiting for thirdparty lock release [close project]
2026-05-12 14:53:27,058 [INFO] ThirdParty:873 - entering critical section [close project]
2026-05-12 14:53:27,063 [INFO] ThirdParty:883 - exiting critical section [close project]
2026-05-12 14:53:27,066 [INFO] PinOutPanel:1589 - setPackage(No Configuration,No Configuration)
2026-05-12 14:53:27,068 [INFO] UtilMem:75 - Begin LoadConfig() Used Memory: 713575640 Bytes (1073741824)
2026-05-12 14:53:27,071 [INFO] MicroXplorer:468 - Change Database Path : 
2026-05-12 14:53:27,072 [INFO] MicroXplorer:498 - Change Database Version : DB.6.0.150
2026-05-12 14:53:27,072 [INFO] OpenFileManager:355 - Change cursor
2026-05-12 14:53:27,126 [INFO] Mcu:2029 - Initializing MCU STM32L053C(6-8)Tx STM32L053C8Tx STM32L053C8T6
2026-05-12 14:53:28,523 [INFO] Context:786 - Trying to add GPIOservice into a context  which must be forbidden
2026-05-12 14:53:28,954 [INFO] ImportTextPane:234 - (OptionalMessage_ERROR) Pin6 (VP_RIF_VS_RIF1) cannot be retrieved for this MCU
2026-05-12 14:53:29,087 [INFO] RtosManager:558 - Registered RTOS mode: class=CMSIS, group=RTOS, mode=CMSIS_V1, owner=FREERTOS
2026-05-12 14:53:29,087 [INFO] RtosManager:558 - Registered RTOS mode: class=CMSIS, group=RTOS2, mode=CMSIS_V2, owner=FREERTOS
2026-05-12 14:53:29,087 [INFO] RtosManager:558 - Registered RTOS mode: class=RTOS, group=Core, mode=CMSIS_V1, owner=FREERTOS
2026-05-12 14:53:29,087 [INFO] RtosManager:558 - Registered RTOS mode: class=RTOS, group=Core, mode=CMSIS_V2, owner=FREERTOS
2026-05-12 14:53:29,087 [WARN] ModelIntegratedComponent:184 - Missing modes for component STMicroelectronics:FreeRTOS:0.0.1:STMicroelectronics:RTOS:FreeRTOS:Core:::10.2.0:
2026-05-12 14:53:29,104 [WARN] ModelIntegratedComponent:63 - No mode defined for component null
2026-05-12 14:53:29,104 [WARN] ModelIntegratedComponent:63 - No mode defined for component null
2026-05-12 14:53:29,104 [WARN] ModelIntegratedComponent:63 - No mode defined for component null
2026-05-12 14:53:29,104 [WARN] ModelIntegratedComponent:63 - No mode defined for component null
2026-05-12 14:53:29,104 [WARN] ModelIntegratedComponent:63 - No mode defined for component null
2026-05-12 14:53:29,104 [WARN] ModelIntegratedComponent:63 - No mode defined for component null
2026-05-12 14:53:29,104 [WARN] ModelIntegratedComponent:63 - No mode defined for component null
2026-05-12 14:53:29,104 [WARN] ModelIntegratedComponent:63 - No mode defined for component null
2026-05-12 14:53:29,104 [WARN] ModelIntegratedComponent:63 - No mode defined for component null
2026-05-12 14:53:29,105 [WARN] ModelIntegratedComponent:63 - No mode defined for component null
2026-05-12 14:53:29,105 [WARN] ModelIntegratedComponent:63 - No mode defined for component null
2026-05-12 14:53:29,105 [WARN] ModelIntegratedComponent:63 - No mode defined for component null
2026-05-12 14:53:29,105 [WARN] ModelIntegratedComponent:63 - No mode defined for component null
2026-05-12 14:53:29,105 [WARN] ModelIntegratedComponent:63 - No mode defined for component null
2026-05-12 14:53:29,105 [WARN] ModelIntegratedComponent:63 - No mode defined for component null
2026-05-12 14:53:29,105 [WARN] ModelIntegratedComponent:63 - No mode defined for component null
2026-05-12 14:53:29,105 [WARN] ModelIntegratedComponent:63 - No mode defined for component null
2026-05-12 14:53:29,105 [WARN] ModelIntegratedComponent:63 - No mode defined for component null
2026-05-12 14:53:29,105 [WARN] ModelIntegratedComponent:63 - No mode defined for component null
2026-05-12 14:53:29,105 [WARN] ModelIntegratedComponent:63 - No mode defined for component null
2026-05-12 14:53:29,105 [WARN] ModelIntegratedComponent:63 - No mode defined for component null
2026-05-12 14:53:29,105 [WARN] ModelIntegratedComponent:63 - No mode defined for component null
2026-05-12 14:53:29,105 [WARN] ModelIntegratedComponent:63 - No mode defined for component null
2026-05-12 14:53:29,105 [WARN] ModelIntegratedComponent:63 - No mode defined for component null
2026-05-12 14:53:29,105 [WARN] ModelIntegratedComponent:63 - No mode defined for component null
2026-05-12 14:53:29,105 [WARN] ModelIntegratedComponent:63 - No mode defined for component null
2026-05-12 14:53:29,105 [WARN] ModelIntegratedComponent:63 - No mode defined for component null
2026-05-12 14:53:29,105 [WARN] ModelIntegratedComponent:63 - No mode defined for component null
2026-05-12 14:53:29,105 [WARN] ModelIntegratedComponent:63 - No mode defined for component null
2026-05-12 14:53:29,105 [WARN] ModelIntegratedComponent:63 - No mode defined for component null
2026-05-12 14:53:29,105 [WARN] ModelIntegratedComponent:63 - No mode defined for component null
2026-05-12 14:53:29,105 [WARN] ModelIntegratedComponent:63 - No mode defined for component null
2026-05-12 14:53:29,105 [WARN] ModelIntegratedComponent:63 - No mode defined for component null
2026-05-12 14:53:29,105 [WARN] ModelIntegratedComponent:63 - No mode defined for component null
2026-05-12 14:53:29,105 [WARN] ModelIntegratedComponent:63 - No mode defined for component null
2026-05-12 14:53:29,106 [WARN] ModelPack:524 - Component already loaded: STMicroelectronics:HAL Drivers:0.0.0:STMicroelectronics:Device:STMicro_Driver:XSPI:HAL::0.0.1:HAL_XSPI
2026-05-12 14:53:29,185 [INFO] ThirdPartyModel:298 - Start build external matchings
2026-05-12 14:53:29,496 [INFO] ThirdPartyModel:316 - End build external matchings
2026-05-12 14:53:29,515 [INFO] ImportTextPane:234 - (OptionalMessage_ERROR) IP (RCC) : Parameter (48USBFreq_Value) has invalid value (32000000)
2026-05-12 14:53:29,516 [INFO] ImportTextPane:234 - (OptionalMessage_ERROR) IP (RCC) : Invalid parameter (FamilyName)
2026-05-12 14:53:29,517 [INFO] ImportTextPane:234 - (OptionalMessage_ERROR) IP (RCC) : Parameter (RTCHSEDivFreq_Value) has invalid value (4000000)
2026-05-12 14:53:29,517 [INFO] ImportTextPane:234 - (OptionalMessage_ERROR) IP (RCC) : Invalid parameter (TIMFreq_Value)
2026-05-12 14:53:29,874 [INFO] ApiDb:581 - Connected to CubeFinder SQLite database (C:\Users\jahna\.stmcufinder\plugins\mcufinder\mcu\cube-finder-db.db)
2026-05-12 14:53:30,019 [INFO] ApiDb:668 - CubeFinder database Data Model version=2.1
2026-05-12 14:53:30,019 [INFO] ApiDb:669 - CubeFinder database Configuration version=3.0.42
2026-05-12 14:53:30,020 [INFO] ApiDb:670 - CubeFinder database generation date=2026-05-06 (1778060171)
2026-05-12 14:53:30,020 [INFO] ApiDb:671 - CubeFinder database FW Pack versions=[FP-ATR-ASTRA1_V2.0.0, FP-SNS-FLIGHT1_V5.1.0, FP-SNS-MOTENV1_V5.1.0, FP-SNS-MOTENVWB1_V1.5.0, FP-SNS-SMARTAG2_V1.2.0, FP-SNS-STBOX1_V2.1.0, STM32Cube_FW_C0_V1.4.0, STM32Cube_FW_F4_V1.28.3, STM32Cube_FW_F7_V1.17.4, STM32Cube_FW_G0_V1.6.3, STM32Cube_FW_G4_V1.6.2, STM32Cube_FW_H5_V1.6.0, STM32Cube_FW_H7RS_V1.3.0, STM32Cube_FW_H7_V1.13.0, STM32Cube_FW_L0_V1.12.2, STM32Cube_FW_L4_V1.18.2, STM32Cube_FW_L5_V1.6.0, STM32Cube_FW_N6_V1.3.0, STM32Cube_FW_U0_V1.3.0, STM32Cube_FW_U3_V1.3.0, STM32Cube_FW_U5_V1.8.0, STM32Cube_FW_WB0_V1.4.0, STM32Cube_FW_WBA_V1.9.0, STM32Cube_FW_WB_V1.24.0, STM32Cube_FW_WL3_V1.4.0, STM32Cube_FW_WL_V1.5.0, X-CUBE-ALGOBUILD_V1.4.0, X-CUBE-ALS_V1.0.2, X-CUBE-AZRTOS-F4_V1.1.0, X-CUBE-AZRTOS-F7_V1.1.0, X-CUBE-AZRTOS-G0_V1.1.0, X-CUBE-AZRTOS-G4_V2.0.0, X-CUBE-AZRTOS-H7RS_V1.1.0, X-CUBE-AZRTOS-H7_V3.5.0, X-CUBE-AZRTOS-L4_V2.0.0, X-CUBE-AZRTOS-L5_V2.0.0, X-CUBE-AZRTOS-WB_V2.0.0, X-CUBE-AZRTOS-WL_V2.0.0, X-CUBE-BLE1_V7.1.0, X-CUBE-BLE2_V3.3.0, X-CUBE-BLEMGR_V4.1.0, X-CUBE-EEPRMA1_V5.2.0, X-CUBE-FREERTOS_V1.5.0, X-CUBE-GNSS1_V6.0.0, X-CUBE-MEMS1_V12.0.0, X-CUBE-NFC4_V3.0.0, X-CUBE-NFC7_V2.0.0, X-CUBE-SFXS2LP1_V4.0.0, X-CUBE-ST67W61_V1.2.0, X-CUBE-SUBG2_V5.0.0, X-CUBE-TOF1_V3.4.3]
2026-05-12 14:53:30,161 [INFO] DbBoardsSqlite:226 - include board P-NUCLEO-WB55-NUCLEO as a kit item of type 'Nucleo-64'
2026-05-12 14:53:30,161 [INFO] DbBoardsSqlite:226 - include board P-NUCLEO-WB55-USBDONGLE as a kit item of type 'Nucleo USB Dongle'
2026-05-12 14:53:30,162 [INFO] DbBoardsSqlite:226 - include board STEVAL-IDP005V1 as a kit item of type 'Evaluation Board'
2026-05-12 14:53:30,162 [INFO] DbBoardsSqlite:226 - include board STEVAL-IDP005V2 as a kit item of type 'Evaluation Board'
2026-05-12 14:53:30,790 [INFO] ApiDb:240 - Found 880 in-development CPN: [B-G473E-ZEST1S, B-WB1M-WPAN1, B-WBA5M-WPAN, B-WL5M-SUBG1, NUCLEO-C031C6, NUCLEO-C051C8, NUCLEO-C071RB, NUCLEO-C092RC, NUCLEO-H503RB, NUCLEO-H533RE, NUCLEO-H563ZI, NUCLEO-H7S3L8, NUCLEO-N657X0-Q, NUCLEO-U031R8, NUCLEO-U083RC, NUCLEO-U385RG-Q, NUCLEO-U545RE-Q, NUCLEO-U5A5ZJ-Q, NUCLEO-WB05KZ, NUCLEO-WB07CC, NUCLEO-WB09KE, NUCLEO-WBA52CG, NUCLEO-WBA55CG, NUCLEO-WL33CC1, NUCLEO-WL33CC2, STEVAL-PROTEUS1, STEVAL-SMARTAG2, STEVAL-STWINBX1, STM320518-EVAL, STM32C0116-DK, STM32C011D6Y3TR, STM32C011D6Y6TR, STM32C011F4P3, STM32C011F4P6, STM32C011F4U3, STM32C011F4U6TR, STM32C011F6P3, STM32C011F6P6, STM32C011F6U3, STM32C011F6U6TR, STM32C011J4M3, STM32C011J4M6, STM32C011J6M3, STM32C011J6M6, STM32C0316-DK, STM32C031C4T3, STM32C031C4T6, STM32C031C4U3, STM32C031C4U6, STM32C031C6T3, STM32C031C6T6, STM32C031C6U3, STM32C031C6U6, STM32C031F4P3, STM32C031F4P6, STM32C031F6P3, STM32C031F6P6, STM32C031G4U3, STM32C031G4U6, STM32C031G6U3, STM32C031G6U6, STM32C031K4T3, STM32C031K4T6, STM32C031K4U3, STM32C031K4U6, STM32C031K6T3, STM32C031K6T6, STM32C031K6U3, STM32C031K6U6, STM32C051C6T6, STM32C051C6U6, STM32C051C8T6, STM32C051C8U6, STM32C051D8Y6TR, STM32C051F6P6, STM32C051F8P6, STM32C051G6U6, STM32C051G8U6, STM32C051K6T6, STM32C051K6U6, STM32C051K8T6, STM32C071C8T6, STM32C071C8T6N, STM32C071C8U6, STM32C071C8U6N, STM32C071CBT6, STM32C071CBT6N, STM32C071CBU6, STM32C071CBU6N, STM32C071F8P6, STM32C071F8P6N, STM32C071FBP6, STM32C071FBP6N, STM32C071FBY6TR, STM32C071G8U6, STM32C071G8U6N, STM32C071GBU6, STM32C071GBU6N, STM32C071K8T6, STM32C071K8T6N, STM32C071K8U6, STM32C071K8U6N, STM32C071KBT6, STM32C071KBT6N, STM32C071KBU6, STM32C071KBU6N, STM32C071R8T6, STM32C071R8T6N, STM32C071RBI6N, STM32C071RBT6, STM32C071RBT6N, STM32C091CBT6, STM32C091CBU6, STM32C091CCT6, STM32C091CCU6, STM32C091ECY6TR, STM32C091FBP6, STM32C091FCP6, STM32C091GBU6, STM32C091GCU6, STM32C091KBT6, STM32C091KBU6, STM32C091KCT6, STM32C091KCU6, STM32C091RBT6, STM32C091RCI6, STM32C091RCT6, STM32C092CBT6, STM32C092CBU6, STM32C092CCT6, STM32C092CCU6, STM32C092ECY6TR, STM32C092FBP6, STM32C092FCP6, STM32C092GBU6, STM32C092GCU6, STM32C092KBT6, STM32C092KBU6, STM32C092KCT6, STM32C092KCU6, STM32C092RBT6, STM32C092RCI6, STM32C092RCT6, STM32G071K8TXN, STM32G071K8UXN, STM32G081GBU6N, STM32G081KBT6N, STM32G081KBUXN, STM32G0B1CCT6N, STM32G0B1KCT6, STM32G0B1NEY6TR, STM32G0B1RCT6N, STM32G0C1CCT6, STM32G0C1CCT6N, STM32G0C1CCU6N, STM32G0C1CET6N, STM32G0C1CEU6N, STM32G0C1KCT6, STM32G0C1NEY6TR, STM32G0C1RCI6N, STM32G0C1RCT6N, STM32G0C1REI6N, STM32G0C1RET6N, STM32G0C1VCI6, STM32G0C1VEI6, STM32G411C6T3, STM32G411C6T6, STM32G411C6U3, STM32G411C6U6, STM32G411C8T3, STM32G411C8T6, STM32G411C8U3, STM32G411C8U6, STM32G411CBT3, STM32G411CBT6, STM32G411CBU3, STM32G411CBU6, STM32G411K6T3, STM32G411K6T6, STM32G411K6U3, STM32G411K6U6, STM32G411K8T3, STM32G411K8T6, STM32G411K8U3, STM32G411K8U6, STM32G411KBT3, STM32G411KBT6, STM32G411KBU3, STM32G411KBU6, STM32G411M6T3, STM32G411M6T6, STM32G411M8T3, STM32G411M8T6, STM32G411MBT3, STM32G411MBT6, STM32G411R6T3, STM32G411R6T6, STM32G411R8T3, STM32G411R8T6, STM32G411RBT3, STM32G411RBT6, STM32G414CBT3, STM32G414CBT6, STM32G414CBU3, STM32G414CBU6, STM32G414CCT3, STM32G414CCT6, STM32G414CCU3, STM32G414CCU6, STM32G414MBT3, STM32G414MBT6, STM32G414MCT3, STM32G414MCT6, STM32G414RBT3, STM32G414RBT6, STM32G414RCT3, STM32G414RCT6, STM32G414VBT3, STM32G414VBT6, STM32G414VCT3, STM32G414VCT6, STM32G431CBT3Z, STM32G431RBT3Z, STM32G471CCT6, STM32G471CCU6, STM32G471CET3, STM32G471CET6, STM32G471CEU3, STM32G471CEU6, STM32G471MCT6, STM32G471MET3, STM32G471MET6, STM32G471MEY6TR, STM32G471QCT6, STM32G471QET3, STM32G471RCT6, STM32G471RET3, STM32G471RET6, STM32G471VCH6, STM32G471VCI6, STM32G471VCT6, STM32G471VEH3, STM32G471VEH6, STM32G471VEI3, STM32G471VEI6, STM32G471VET3, STM32G471VET6, STM32G473QET3Z, STM32G473RET3Z, STM32G474CCT6, STM32G491RET3Z, STM32H503CBT6, STM32H503CBU6, STM32H503EBY6TR, STM32H503KBU6, STM32H503RBT6, STM32H523CCT6, STM32H523CCU6, STM32H523CET6, STM32H523CEU6, STM32H523HEY6TR, STM32H523RCT6, STM32H523RET6, STM32H523VCI6, STM32H523VCT6, STM32H523VEI6, STM32H523VET6, STM32H523ZCJ6, STM32H523ZCT6, STM32H523ZEJ6, STM32H523ZET6, STM32H533CET6, STM32H533CEU6, STM32H533HEY6TR, STM32H533RET6, STM32H533VEI6, STM32H533VET6, STM32H533ZEJ6, STM32H533ZET6, STM32H562AGI6, STM32H562AII6, STM32H562IGK6, STM32H562IGT6, STM32H562IIK6, STM32H562IIT6, STM32H562RGT6, STM32H562RGV6, STM32H562RIT6, STM32H562RIV6, STM32H562VGT6, STM32H562VIT6, STM32H562ZGT6, STM32H562ZIT6, STM32H563AGI6, STM32H563AII3Q, STM32H563AII6, STM32H563IGK6, STM32H563IGT6, STM32H563IIK3Q, STM32H563IIK6, STM32H563IIT3Q, STM32H563IIT6, STM32H563MIY3QTR, STM32H563RGT6, STM32H563RGV6, STM32H563RIT6, STM32H563RIV6, STM32H563VGT6, STM32H563VIT3Q, STM32H563VIT6, STM32H563ZGT6, STM32H563ZIT3Q, STM32H563ZIT6, STM32H573AII3Q, STM32H573AII6, STM32H573I-DK, STM32H573IIK3Q, STM32H573IIK6, STM32H573IIT3Q, STM32H573IIT6, STM32H573MIY3QTR, STM32H573RIT6, STM32H573RIV6, STM32H573VIT3Q, STM32H573VIT6, STM32H573ZIT3Q, STM32H573ZIT6, STM32H7R3A8I6, STM32H7R3I8K6, STM32H7R3I8T6, STM32H7R3L8H6, STM32H7R3L8H6H, STM32H7R3R8V6, STM32H7R3V8H6, STM32H7R3V8T6, STM32H7R3V8Y6TR, STM32H7R3Z8J6, STM32H7R3Z8T6, STM32H7R7A8I6, STM32H7R7I8K6, STM32H7R7I8T6, STM32H7R7L8H6, STM32H7R7L8H6H, STM32H7R7Z8J6, STM32H7S3A8I6, STM32H7S3I8K6, STM32H7S3I8T6, STM32H7S3L8H6, STM32H7S3L8H6H, STM32H7S3R8V6, STM32H7S3V8H6, STM32H7S3V8T6, STM32H7S3V8Y6TR, STM32H7S3Z8J6, STM32H7S3Z8T6, STM32H7S78-DK, STM32H7S7A8I6, STM32H7S7I8K6, STM32H7S7I8T6, STM32H7S7L8H6, STM32H7S7L8H6H, STM32H7S7Z8J6, STM32L4R5QGI6STR, STM32MP131AAE3, STM32MP131AAF3, STM32MP131AAG3, STM32MP131CAE3, STM32MP131CAF3, STM32MP131CAG3, STM32MP131DAE7, STM32MP131DAF7, STM32MP131DAG7, STM32MP131FAE7, STM32MP131FAF7, STM32MP131FAG7, STM32MP133AAE3, STM32MP133AAF3, STM32MP133AAG3, STM32MP133CAE3, STM32MP133CAF3, STM32MP133CAG3, STM32MP133DAE7, STM32MP133DAF7, STM32MP133DAG7, STM32MP133FAE7, STM32MP133FAF7, STM32MP133FAG7, STM32MP135AAE3, STM32MP135AAF3, STM32MP135AAG3, STM32MP135CAE3, STM32MP135CAF3, STM32MP135CAG3, STM32MP135DAE7, STM32MP135DAF7, STM32MP135DAG7, STM32MP135F-DK, STM32MP135FAE7, STM32MP135FAF7, STM32MP135FAF7T, STM32MP135FAF7U, STM32MP135FAG7, STM32MP211AAL3, STM32MP211AAM3, STM32MP211AAN3, STM32MP211AAO3, STM32MP211CAL3, STM32MP211CAM3, STM32MP211CAN3, STM32MP211CAO3, STM32MP211DAL3, STM32MP211DAM3, STM32MP211DAN3, STM32MP211DAO3, STM32MP211FAL3, STM32MP211FAM3, STM32MP211FAN3, STM32MP211FAO3, STM32MP213AAL3, STM32MP213AAM3, STM32MP213AAN3, STM32MP213AAO3, STM32MP213CAL3, STM32MP213CAM3, STM32MP213CAN3, STM32MP213CAO3, STM32MP213DAL3, STM32MP213DAM3, STM32MP213DAN3, STM32MP213DAO3, STM32MP213FAL3, STM32MP213FAM3, STM32MP213FAN3, STM32MP213FAO3, STM32MP215AAL3, STM32MP215AAM3, STM32MP215AAN3, STM32MP215AAO3, STM32MP215CAL3, STM32MP215CAM3, STM32MP215CAN3, STM32MP215CAO3, STM32MP215DAL3, STM32MP215DAM3, STM32MP215DAN3, STM32MP215DAO3, STM32MP215F-DK, STM32MP215FAL3, STM32MP215FAM3, STM32MP215FAN3, STM32MP215FAO3, STM32MP231AAJ3, STM32MP231AAK3, STM32MP231AAL3, STM32MP231CAJ3, STM32MP231CAK3, STM32MP231CAL3, STM32MP231DAJ3, STM32MP231DAK3, STM32MP231DAL3, STM32MP231FAJ3, STM32MP231FAK3, STM32MP231FAL3, STM32MP233AAJ3, STM32MP233AAK3, STM32MP233AAL3, STM32MP233CAJ3, STM32MP233CAK3, STM32MP233CAL3, STM32MP233DAJ3, STM32MP233DAK3, STM32MP233DAL3, STM32MP233FAJ3, STM32MP233FAK3, STM32MP233FAL3, STM32MP235AAJ3, STM32MP235AAK3, STM32MP235AAL3, STM32MP235CAJ3, STM32MP235CAK3, STM32MP235CAL3, STM32MP235DAJ3, STM32MP235DAK3, STM32MP235DAL3, STM32MP235FAJ3, STM32MP235FAK3, STM32MP235FAL3, STM32MP251AAI3, STM32MP251AAK3, STM32MP251AAL3, STM32MP251CAI3, STM32MP251CAK3, STM32MP251CAL3, STM32MP251DAI3, STM32MP251DAK3, STM32MP251DAL3, STM32MP251FAI3, STM32MP251FAK3, STM32MP251FAL3, STM32MP253AAI3, STM32MP253AAK3, STM32MP253AAL3, STM32MP253CAI3, STM32MP253CAK3, STM32MP253CAL3, STM32MP253DAI3, STM32MP253DAK3, STM32MP253DAL3, STM32MP253FAI3, STM32MP253FAK3, STM32MP253FAL3, STM32MP255AAI3, STM32MP255AAK3, STM32MP255AAL3, STM32MP255CAI3, STM32MP255CAK3, STM32MP255CAL3, STM32MP255DAI3, STM32MP255DAK3, STM32MP255DAL3, STM32MP255FAI3, STM32MP255FAK3, STM32MP255FAL3, STM32MP257AAI3, STM32MP257AAK3, STM32MP257AAL3, STM32MP257CAI3, STM32MP257CAK3, STM32MP257CAL3, STM32MP257DAI3, STM32MP257DAK3, STM32MP257DAL3, STM32MP257F-DK, STM32MP257F-EV1, STM32MP257FAI3, STM32MP257FAK3, STM32MP257FAL3, STM32N645A0H3Q, STM32N645B0H3Q, STM32N645I0H3Q, STM32N645L0H3Q, STM32N645X0H3Q, STM32N645Z0H3Q, STM32N647A0H3Q, STM32N647B0H3Q, STM32N647I0H3Q, STM32N647L0H3Q, STM32N647X0H3Q, STM32N647Z0H3Q, STM32N655A0H3Q, STM32N655B0H3Q, STM32N655I0H3Q, STM32N655L0H3Q, STM32N655X0H3Q, STM32N655Z0H3Q, STM32N6570-DK, STM32N657A0H3Q, STM32N657B0H3Q, STM32N657I0H3Q, STM32N657L0H3Q, STM32N657X0H3Q, STM32N657Z0H3Q, STM32U031C6T6, STM32U031C6U6, STM32U031C8T6, STM32U031C8U6, STM32U031F4P6, STM32U031F6P6, STM32U031F8P6, STM32U031G6Y6TR, STM32U031G8Y6TR, STM32U031K4U6, STM32U031K6U6, STM32U031K8U6, STM32U031R6I6, STM32U031R6T6, STM32U031R8I6, STM32U031R8T6, STM32U073C8T6, STM32U073C8U6, STM32U073CBT6, STM32U073CBU6, STM32U073CCT6, STM32U073CCU6, STM32U073H8Y6TR, STM32U073HBY6TR, STM32U073HCY6TR, STM32U073K8U6, STM32U073KBU6, STM32U073KCU6, STM32U073M8I6, STM32U073M8T6, STM32U073MBI6, STM32U073MBT6, STM32U073MCI6, STM32U073MCT6, STM32U073R8I6, STM32U073R8T6, STM32U073RBI6, STM32U073RBT6, STM32U073RCI6, STM32U073RCT6, STM32U083C-DK, STM32U083CCT6, STM32U083CCU6, STM32U083HCY6TR, STM32U083KCU6, STM32U083MCI6, STM32U083MCT6, STM32U083RCI6, STM32U083RCT6, STM32U375CET6, STM32U375CET6Q, STM32U375CEU6, STM32U375CEU6Q, STM32U375CEY6QTR, STM32U375CGT6, STM32U375CGT6Q, STM32U375CGU6, STM32U375CGU6Q, STM32U375CGY6QTR, STM32U375KEU6, STM32U375KGU6, STM32U375REI6, STM32U375REI6Q, STM32U375RET6, STM32U375RET6Q, STM32U375REY6GTR, STM32U375REY6QTR, STM32U375RGI6, STM32U375RGI6Q, STM32U375RGT6, STM32U375RGT6Q, STM32U375RGY6GTR, STM32U375RGY6QTR, STM32U375VEI6, STM32U375VEI6Q, STM32U375VET6, STM32U375VET6Q, STM32U375VGI6, STM32U375VGI6Q, STM32U375VGT6, STM32U375VGT6Q, STM32U385CGT6, STM32U385CGT6Q, STM32U385CGU6, STM32U385CGU6Q, STM32U385CGY6QTR, STM32U385KGU6, STM32U385RGI6, STM32U385RGI6Q, STM32U385RGT6, STM32U385RGT6Q, STM32U385RGY6GTR, STM32U385RGY6QTR, STM32U385VGI6, STM32U385VGI6Q, STM32U385VGT6, STM32U385VGT6Q, STM32U535CBT6, STM32U535CBT6Q, STM32U535CBU6, STM32U535CBU6Q, STM32U535CCT6, STM32U535CCT6Q, STM32U535CCU6, STM32U535CCU6Q, STM32U535CET6, STM32U535CET6Q, STM32U535CEU6, STM32U535CEU6Q, STM32U535JEY6QTR, STM32U535NCY6QTR, STM32U535NEY6QTR, STM32U535RBI6, STM32U535RBI6Q, STM32U535RBT6, STM32U535RBT6Q, STM32U535RCI6, STM32U535RCI6Q, STM32U535RCT6, STM32U535RCT6Q, STM32U535REI6, STM32U535REI6Q, STM32U535RET6, STM32U535RET6Q, STM32U535VCI6, STM32U535VCI6Q, STM32U535VCT6, STM32U535VCT6Q, STM32U535VEI6, STM32U535VEI6Q, STM32U535VET6, STM32U535VET6Q, STM32U545CET6, STM32U545CET6Q, STM32U545CEU6, STM32U545CEU6Q, STM32U545JEY6QTR, STM32U545NEY6QTR, STM32U545REI6, STM32U545REI6Q, STM32U545RET6, STM32U545RET6Q, STM32U545VEI6, STM32U545VEI6Q, STM32U545VET6, STM32U545VET6Q, STM32U595AIH6, STM32U595AIH6Q, STM32U595AJH6, STM32U595AJH6Q, STM32U595QII6, STM32U595QII6Q, STM32U595QJI6, STM32U595QJI6Q, STM32U595RIT6, STM32U595RIT6Q, STM32U595RJT6, STM32U595RJT6Q, STM32U595VIT6, STM32U595VIT6Q, STM32U595VJT6, STM32U595VJT6Q, STM32U595ZIT6, STM32U595ZIT6Q, STM32U595ZIY6QTR, STM32U595ZJT6, STM32U595ZJT6Q, STM32U595ZJY6QTR, STM32U599BJY6QTR, STM32U599NIH6Q, STM32U599NJH6Q, STM32U599VIT6Q, STM32U599VJT6, STM32U599VJT6Q, STM32U599ZIT6Q, STM32U599ZIY6QTR, STM32U599ZJT6Q, STM32U599ZJY6QTR, STM32U5A5AJH6, STM32U5A5AJH6Q, STM32U5A5QII3Q , STM32U5A5QJI6, STM32U5A5QJI6Q, STM32U5A5RJT6, STM32U5A5RJT6Q, STM32U5A5VJT6, STM32U5A5VJT6Q, STM32U5A5ZJT6, STM32U5A5ZJT6Q, STM32U5A5ZJY6QTR, STM32U5A9BJY6QTR, STM32U5A9J-DK, STM32U5A9NJH6Q, STM32U5A9VJT6Q, STM32U5A9ZJT6Q, STM32U5A9ZJY6QTR, STM32U5F7VIT6, STM32U5F7VIT6Q, STM32U5F7VJT6, STM32U5F7VJT6Q, STM32U5F9BJY6QTR, STM32U5F9NJH6Q, STM32U5F9VIT6Q, STM32U5F9VJT6Q, STM32U5F9ZIJ6QTR, STM32U5F9ZIT6Q, STM32U5F9ZJJ6QTR, STM32U5F9ZJT6Q, STM32U5G7VJT6, STM32U5G7VJT6Q, STM32U5G9BJY6QTR, STM32U5G9J-DK1, STM32U5G9J-DK2, STM32U5G9NJH6Q, STM32U5G9VJT6Q, STM32U5G9ZJJ6QTR, STM32U5G9ZJT6Q, STM32WB05KZV6TR, STM32WB05KZV7TR, STM32WB05TZF6TR, STM32WB05TZF7TR, STM32WB06CCF6TR, STM32WB06CCF7TR, STM32WB06CCV6TR, STM32WB06CCV7TR, STM32WB06KCV6TR, STM32WB06KCV7TR, STM32WB07CCF6TR, STM32WB07CCF7TR, STM32WB07CCV6TR, STM32WB07CCV7TR, STM32WB07KCV6TR, STM32WB07KCV7TR, STM32WB09KEV6TR, STM32WB09KEV7TR, STM32WB09TEF6TR, STM32WB09TEF7TR, STM32WB1MMCH6, STM32WBA50KGU6, STM32WBA50KGU6TR, STM32WBA52CEU6, STM32WBA52CEU6TR, STM32WBA52CEU7, STM32WBA52CEU7TR, STM32WBA52CGU6, STM32WBA52CGU6TR, STM32WBA52CGU6U, STM32WBA52CGU7, STM32WBA52CGU7TR, STM32WBA52KEU6, STM32WBA52KEU6TR, STM32WBA52KGU6, STM32WBA52KGU6TR, STM32WBA54CEU6, STM32WBA54CEU6TR, STM32WBA54CEU7, STM32WBA54CEU7TR, STM32WBA54CGU6, STM32WBA54CGU6TR, STM32WBA54CGU7, STM32WBA54CGU7TR, STM32WBA54KEU6, STM32WBA54KEU6TR, STM32WBA54KEU7, STM32WBA54KEU7TR, STM32WBA54KGU6, STM32WBA54KGU6TR, STM32WBA54KGU7, STM32WBA54KGU7TR, STM32WBA55CEU6, STM32WBA55CEU6TR, STM32WBA55CEU7, STM32WBA55CEU7TR, STM32WBA55CGU6, STM32WBA55CGU6TR, STM32WBA55CGU6U, STM32WBA55CGU7, STM32WBA55CGU7TR, STM32WBA55G-DK1, STM32WBA55HEF6, STM32WBA55HEF7, STM32WBA55HGF6, STM32WBA55HGF7, STM32WBA55UEI6, STM32WBA55UEI6TR, STM32WBA55UEI7, STM32WBA55UEI7TR, STM32WBA55UGI6, STM32WBA55UGI6TR, STM32WBA55UGI7, STM32WBA55UGI7TR, STM32WBA5MMGH6TR, STM32WBA62MGF6, STM32WBA62MIF6, STM32WBA65MGF7, STM32WBA65MIF6, STM32WBA65MIF7, STM32WL30K8V6, STM32WL30KBV6, STM32WL31C8V6, STM32WL31CBV6, STM32WL31K8V6, STM32WL31KBV6, STM32WL33C8V6, STM32WL33C8V6X, STM32WL33CBV6, STM32WL33CBV6X, STM32WL33CCV6, STM32WL33CCV6A, STM32WL33CCV6X, STM32WL33K8V7, STM32WL33K8V7X, STM32WL33KBV7 , STM32WL33KBV7X, STM32WL33KCV7, STM32WL33KCV7X, STM32WL5MOCH6, STM32WL5MOCH6TR]
2026-05-12 14:53:30,796 [INFO] ApiDb:668 - CubeFinder database Data Model version=2.1
2026-05-12 14:53:30,796 [INFO] ApiDb:669 - CubeFinder database Configuration version=3.0.42
2026-05-12 14:53:30,796 [INFO] ApiDb:670 - CubeFinder database generation date=2026-05-06 (1778060171)
2026-05-12 14:53:30,796 [INFO] ApiDb:671 - CubeFinder database FW Pack versions=[FP-ATR-ASTRA1_V2.0.0, FP-SNS-FLIGHT1_V5.1.0, FP-SNS-MOTENV1_V5.1.0, FP-SNS-MOTENVWB1_V1.5.0, FP-SNS-SMARTAG2_V1.2.0, FP-SNS-STBOX1_V2.1.0, STM32Cube_FW_C0_V1.4.0, STM32Cube_FW_F4_V1.28.3, STM32Cube_FW_F7_V1.17.4, STM32Cube_FW_G0_V1.6.3, STM32Cube_FW_G4_V1.6.2, STM32Cube_FW_H5_V1.6.0, STM32Cube_FW_H7RS_V1.3.0, STM32Cube_FW_H7_V1.13.0, STM32Cube_FW_L0_V1.12.2, STM32Cube_FW_L4_V1.18.2, STM32Cube_FW_L5_V1.6.0, STM32Cube_FW_N6_V1.3.0, STM32Cube_FW_U0_V1.3.0, STM32Cube_FW_U3_V1.3.0, STM32Cube_FW_U5_V1.8.0, STM32Cube_FW_WB0_V1.4.0, STM32Cube_FW_WBA_V1.9.0, STM32Cube_FW_WB_V1.24.0, STM32Cube_FW_WL3_V1.4.0, STM32Cube_FW_WL_V1.5.0, X-CUBE-ALGOBUILD_V1.4.0, X-CUBE-ALS_V1.0.2, X-CUBE-AZRTOS-F4_V1.1.0, X-CUBE-AZRTOS-F7_V1.1.0, X-CUBE-AZRTOS-G0_V1.1.0, X-CUBE-AZRTOS-G4_V2.0.0, X-CUBE-AZRTOS-H7RS_V1.1.0, X-CUBE-AZRTOS-H7_V3.5.0, X-CUBE-AZRTOS-L4_V2.0.0, X-CUBE-AZRTOS-L5_V2.0.0, X-CUBE-AZRTOS-WB_V2.0.0, X-CUBE-AZRTOS-WL_V2.0.0, X-CUBE-BLE1_V7.1.0, X-CUBE-BLE2_V3.3.0, X-CUBE-BLEMGR_V4.1.0, X-CUBE-EEPRMA1_V5.2.0, X-CUBE-FREERTOS_V1.5.0, X-CUBE-GNSS1_V6.0.0, X-CUBE-MEMS1_V12.0.0, X-CUBE-NFC4_V3.0.0, X-CUBE-NFC7_V2.0.0, X-CUBE-SFXS2LP1_V4.0.0, X-CUBE-ST67W61_V1.2.0, X-CUBE-SUBG2_V5.0.0, X-CUBE-TOF1_V3.4.3]
2026-05-12 14:53:32,745 [INFO] ApiDb:240 - Found 880 in-development CPN: [B-G473E-ZEST1S, B-WB1M-WPAN1, B-WBA5M-WPAN, B-WL5M-SUBG1, NUCLEO-C031C6, NUCLEO-C051C8, NUCLEO-C071RB, NUCLEO-C092RC, NUCLEO-H503RB, NUCLEO-H533RE, NUCLEO-H563ZI, NUCLEO-H7S3L8, NUCLEO-N657X0-Q, NUCLEO-U031R8, NUCLEO-U083RC, NUCLEO-U385RG-Q, NUCLEO-U545RE-Q, NUCLEO-U5A5ZJ-Q, NUCLEO-WB05KZ, NUCLEO-WB07CC, NUCLEO-WB09KE, NUCLEO-WBA52CG, NUCLEO-WBA55CG, NUCLEO-WL33CC1, NUCLEO-WL33CC2, STEVAL-PROTEUS1, STEVAL-SMARTAG2, STEVAL-STWINBX1, STM320518-EVAL, STM32C0116-DK, STM32C011D6Y3TR, STM32C011D6Y6TR, STM32C011F4P3, STM32C011F4P6, STM32C011F4U3, STM32C011F4U6TR, STM32C011F6P3, STM32C011F6P6, STM32C011F6U3, STM32C011F6U6TR, STM32C011J4M3, STM32C011J4M6, STM32C011J6M3, STM32C011J6M6, STM32C0316-DK, STM32C031C4T3, STM32C031C4T6, STM32C031C4U3, STM32C031C4U6, STM32C031C6T3, STM32C031C6T6, STM32C031C6U3, STM32C031C6U6, STM32C031F4P3, STM32C031F4P6, STM32C031F6P3, STM32C031F6P6, STM32C031G4U3, STM32C031G4U6, STM32C031G6U3, STM32C031G6U6, STM32C031K4T3, STM32C031K4T6, STM32C031K4U3, STM32C031K4U6, STM32C031K6T3, STM32C031K6T6, STM32C031K6U3, STM32C031K6U6, STM32C051C6T6, STM32C051C6U6, STM32C051C8T6, STM32C051C8U6, STM32C051D8Y6TR, STM32C051F6P6, STM32C051F8P6, STM32C051G6U6, STM32C051G8U6, STM32C051K6T6, STM32C051K6U6, STM32C051K8T6, STM32C071C8T6, STM32C071C8T6N, STM32C071C8U6, STM32C071C8U6N, STM32C071CBT6, STM32C071CBT6N, STM32C071CBU6, STM32C071CBU6N, STM32C071F8P6, STM32C071F8P6N, STM32C071FBP6, STM32C071FBP6N, STM32C071FBY6TR, STM32C071G8U6, STM32C071G8U6N, STM32C071GBU6, STM32C071GBU6N, STM32C071K8T6, STM32C071K8T6N, STM32C071K8U6, STM32C071K8U6N, STM32C071KBT6, STM32C071KBT6N, STM32C071KBU6, STM32C071KBU6N, STM32C071R8T6, STM32C071R8T6N, STM32C071RBI6N, STM32C071RBT6, STM32C071RBT6N, STM32C091CBT6, STM32C091CBU6, STM32C091CCT6, STM32C091CCU6, STM32C091ECY6TR, STM32C091FBP6, STM32C091FCP6, STM32C091GBU6, STM32C091GCU6, STM32C091KBT6, STM32C091KBU6, STM32C091KCT6, STM32C091KCU6, STM32C091RBT6, STM32C091RCI6, STM32C091RCT6, STM32C092CBT6, STM32C092CBU6, STM32C092CCT6, STM32C092CCU6, STM32C092ECY6TR, STM32C092FBP6, STM32C092FCP6, STM32C092GBU6, STM32C092GCU6, STM32C092KBT6, STM32C092KBU6, STM32C092KCT6, STM32C092KCU6, STM32C092RBT6, STM32C092RCI6, STM32C092RCT6, STM32G071K8TXN, STM32G071K8UXN, STM32G081GBU6N, STM32G081KBT6N, STM32G081KBUXN, STM32G0B1CCT6N, STM32G0B1KCT6, STM32G0B1NEY6TR, STM32G0B1RCT6N, STM32G0C1CCT6, STM32G0C1CCT6N, STM32G0C1CCU6N, STM32G0C1CET6N, STM32G0C1CEU6N, STM32G0C1KCT6, STM32G0C1NEY6TR, STM32G0C1RCI6N, STM32G0C1RCT6N, STM32G0C1REI6N, STM32G0C1RET6N, STM32G0C1VCI6, STM32G0C1VEI6, STM32G411C6T3, STM32G411C6T6, STM32G411C6U3, STM32G411C6U6, STM32G411C8T3, STM32G411C8T6, STM32G411C8U3, STM32G411C8U6, STM32G411CBT3, STM32G411CBT6, STM32G411CBU3, STM32G411CBU6, STM32G411K6T3, STM32G411K6T6, STM32G411K6U3, STM32G411K6U6, STM32G411K8T3, STM32G411K8T6, STM32G411K8U3, STM32G411K8U6, STM32G411KBT3, STM32G411KBT6, STM32G411KBU3, STM32G411KBU6, STM32G411M6T3, STM32G411M6T6, STM32G411M8T3, STM32G411M8T6, STM32G411MBT3, STM32G411MBT6, STM32G411R6T3, STM32G411R6T6, STM32G411R8T3, STM32G411R8T6, STM32G411RBT3, STM32G411RBT6, STM32G414CBT3, STM32G414CBT6, STM32G414CBU3, STM32G414CBU6, STM32G414CCT3, STM32G414CCT6, STM32G414CCU3, STM32G414CCU6, STM32G414MBT3, STM32G414MBT6, STM32G414MCT3, STM32G414MCT6, STM32G414RBT3, STM32G414RBT6, STM32G414RCT3, STM32G414RCT6, STM32G414VBT3, STM32G414VBT6, STM32G414VCT3, STM32G414VCT6, STM32G431CBT3Z, STM32G431RBT3Z, STM32G471CCT6, STM32G471CCU6, STM32G471CET3, STM32G471CET6, STM32G471CEU3, STM32G471CEU6, STM32G471MCT6, STM32G471MET3, STM32G471MET6, STM32G471MEY6TR, STM32G471QCT6, STM32G471QET3, STM32G471RCT6, STM32G471RET3, STM32G471RET6, STM32G471VCH6, STM32G471VCI6, STM32G471VCT6, STM32G471VEH3, STM32G471VEH6, STM32G471VEI3, STM32G471VEI6, STM32G471VET3, STM32G471VET6, STM32G473QET3Z, STM32G473RET3Z, STM32G474CCT6, STM32G491RET3Z, STM32H503CBT6, STM32H503CBU6, STM32H503EBY6TR, STM32H503KBU6, STM32H503RBT6, STM32H523CCT6, STM32H523CCU6, STM32H523CET6, STM32H523CEU6, STM32H523HEY6TR, STM32H523RCT6, STM32H523RET6, STM32H523VCI6, STM32H523VCT6, STM32H523VEI6, STM32H523VET6, STM32H523ZCJ6, STM32H523ZCT6, STM32H523ZEJ6, STM32H523ZET6, STM32H533CET6, STM32H533CEU6, STM32H533HEY6TR, STM32H533RET6, STM32H533VEI6, STM32H533VET6, STM32H533ZEJ6, STM32H533ZET6, STM32H562AGI6, STM32H562AII6, STM32H562IGK6, STM32H562IGT6, STM32H562IIK6, STM32H562IIT6, STM32H562RGT6, STM32H562RGV6, STM32H562RIT6, STM32H562RIV6, STM32H562VGT6, STM32H562VIT6, STM32H562ZGT6, STM32H562ZIT6, STM32H563AGI6, STM32H563AII3Q, STM32H563AII6, STM32H563IGK6, STM32H563IGT6, STM32H563IIK3Q, STM32H563IIK6, STM32H563IIT3Q, STM32H563IIT6, STM32H563MIY3QTR, STM32H563RGT6, STM32H563RGV6, STM32H563RIT6, STM32H563RIV6, STM32H563VGT6, STM32H563VIT3Q, STM32H563VIT6, STM32H563ZGT6, STM32H563ZIT3Q, STM32H563ZIT6, STM32H573AII3Q, STM32H573AII6, STM32H573I-DK, STM32H573IIK3Q, STM32H573IIK6, STM32H573IIT3Q, STM32H573IIT6, STM32H573MIY3QTR, STM32H573RIT6, STM32H573RIV6, STM32H573VIT3Q, STM32H573VIT6, STM32H573ZIT3Q, STM32H573ZIT6, STM32H7R3A8I6, STM32H7R3I8K6, STM32H7R3I8T6, STM32H7R3L8H6, STM32H7R3L8H6H, STM32H7R3R8V6, STM32H7R3V8H6, STM32H7R3V8T6, STM32H7R3V8Y6TR, STM32H7R3Z8J6, STM32H7R3Z8T6, STM32H7R7A8I6, STM32H7R7I8K6, STM32H7R7I8T6, STM32H7R7L8H6, STM32H7R7L8H6H, STM32H7R7Z8J6, STM32H7S3A8I6, STM32H7S3I8K6, STM32H7S3I8T6, STM32H7S3L8H6, STM32H7S3L8H6H, STM32H7S3R8V6, STM32H7S3V8H6, STM32H7S3V8T6, STM32H7S3V8Y6TR, STM32H7S3Z8J6, STM32H7S3Z8T6, STM32H7S78-DK, STM32H7S7A8I6, STM32H7S7I8K6, STM32H7S7I8T6, STM32H7S7L8H6, STM32H7S7L8H6H, STM32H7S7Z8J6, STM32L4R5QGI6STR, STM32MP131AAE3, STM32MP131AAF3, STM32MP131AAG3, STM32MP131CAE3, STM32MP131CAF3, STM32MP131CAG3, STM32MP131DAE7, STM32MP131DAF7, STM32MP131DAG7, STM32MP131FAE7, STM32MP131FAF7, STM32MP131FAG7, STM32MP133AAE3, STM32MP133AAF3, STM32MP133AAG3, STM32MP133CAE3, STM32MP133CAF3, STM32MP133CAG3, STM32MP133DAE7, STM32MP133DAF7, STM32MP133DAG7, STM32MP133FAE7, STM32MP133FAF7, STM32MP133FAG7, STM32MP135AAE3, STM32MP135AAF3, STM32MP135AAG3, STM32MP135CAE3, STM32MP135CAF3, STM32MP135CAG3, STM32MP135DAE7, STM32MP135DAF7, STM32MP135DAG7, STM32MP135F-DK, STM32MP135FAE7, STM32MP135FAF7, STM32MP135FAF7T, STM32MP135FAF7U, STM32MP135FAG7, STM32MP211AAL3, STM32MP211AAM3, STM32MP211AAN3, STM32MP211AAO3, STM32MP211CAL3, STM32MP211CAM3, STM32MP211CAN3, STM32MP211CAO3, STM32MP211DAL3, STM32MP211DAM3, STM32MP211DAN3, STM32MP211DAO3, STM32MP211FAL3, STM32MP211FAM3, STM32MP211FAN3, STM32MP211FAO3, STM32MP213AAL3, STM32MP213AAM3, STM32MP213AAN3, STM32MP213AAO3, STM32MP213CAL3, STM32MP213CAM3, STM32MP213CAN3, STM32MP213CAO3, STM32MP213DAL3, STM32MP213DAM3, STM32MP213DAN3, STM32MP213DAO3, STM32MP213FAL3, STM32MP213FAM3, STM32MP213FAN3, STM32MP213FAO3, STM32MP215AAL3, STM32MP215AAM3, STM32MP215AAN3, STM32MP215AAO3, STM32MP215CAL3, STM32MP215CAM3, STM32MP215CAN3, STM32MP215CAO3, STM32MP215DAL3, STM32MP215DAM3, STM32MP215DAN3, STM32MP215DAO3, STM32MP215F-DK, STM32MP215FAL3, STM32MP215FAM3, STM32MP215FAN3, STM32MP215FAO3, STM32MP231AAJ3, STM32MP231AAK3, STM32MP231AAL3, STM32MP231CAJ3, STM32MP231CAK3, STM32MP231CAL3, STM32MP231DAJ3, STM32MP231DAK3, STM32MP231DAL3, STM32MP231FAJ3, STM32MP231FAK3, STM32MP231FAL3, STM32MP233AAJ3, STM32MP233AAK3, STM32MP233AAL3, STM32MP233CAJ3, STM32MP233CAK3, STM32MP233CAL3, STM32MP233DAJ3, STM32MP233DAK3, STM32MP233DAL3, STM32MP233FAJ3, STM32MP233FAK3, STM32MP233FAL3, STM32MP235AAJ3, STM32MP235AAK3, STM32MP235AAL3, STM32MP235CAJ3, STM32MP235CAK3, STM32MP235CAL3, STM32MP235DAJ3, STM32MP235DAK3, STM32MP235DAL3, STM32MP235FAJ3, STM32MP235FAK3, STM32MP235FAL3, STM32MP251AAI3, STM32MP251AAK3, STM32MP251AAL3, STM32MP251CAI3, STM32MP251CAK3, STM32MP251CAL3, STM32MP251DAI3, STM32MP251DAK3, STM32MP251DAL3, STM32MP251FAI3, STM32MP251FAK3, STM32MP251FAL3, STM32MP253AAI3, STM32MP253AAK3, STM32MP253AAL3, STM32MP253CAI3, STM32MP253CAK3, STM32MP253CAL3, STM32MP253DAI3, STM32MP253DAK3, STM32MP253DAL3, STM32MP253FAI3, STM32MP253FAK3, STM32MP253FAL3, STM32MP255AAI3, STM32MP255AAK3, STM32MP255AAL3, STM32MP255CAI3, STM32MP255CAK3, STM32MP255CAL3, STM32MP255DAI3, STM32MP255DAK3, STM32MP255DAL3, STM32MP255FAI3, STM32MP255FAK3, STM32MP255FAL3, STM32MP257AAI3, STM32MP257AAK3, STM32MP257AAL3, STM32MP257CAI3, STM32MP257CAK3, STM32MP257CAL3, STM32MP257DAI3, STM32MP257DAK3, STM32MP257DAL3, STM32MP257F-DK, STM32MP257F-EV1, STM32MP257FAI3, STM32MP257FAK3, STM32MP257FAL3, STM32N645A0H3Q, STM32N645B0H3Q, STM32N645I0H3Q, STM32N645L0H3Q, STM32N645X0H3Q, STM32N645Z0H3Q, STM32N647A0H3Q, STM32N647B0H3Q, STM32N647I0H3Q, STM32N647L0H3Q, STM32N647X0H3Q, STM32N647Z0H3Q, STM32N655A0H3Q, STM32N655B0H3Q, STM32N655I0H3Q, STM32N655L0H3Q, STM32N655X0H3Q, STM32N655Z0H3Q, STM32N6570-DK, STM32N657A0H3Q, STM32N657B0H3Q, STM32N657I0H3Q, STM32N657L0H3Q, STM32N657X0H3Q, STM32N657Z0H3Q, STM32U031C6T6, STM32U031C6U6, STM32U031C8T6, STM32U031C8U6, STM32U031F4P6, STM32U031F6P6, STM32U031F8P6, STM32U031G6Y6TR, STM32U031G8Y6TR, STM32U031K4U6, STM32U031K6U6, STM32U031K8U6, STM32U031R6I6, STM32U031R6T6, STM32U031R8I6, STM32U031R8T6, STM32U073C8T6, STM32U073C8U6, STM32U073CBT6, STM32U073CBU6, STM32U073CCT6, STM32U073CCU6, STM32U073H8Y6TR, STM32U073HBY6TR, STM32U073HCY6TR, STM32U073K8U6, STM32U073KBU6, STM32U073KCU6, STM32U073M8I6, STM32U073M8T6, STM32U073MBI6, STM32U073MBT6, STM32U073MCI6, STM32U073MCT6, STM32U073R8I6, STM32U073R8T6, STM32U073RBI6, STM32U073RBT6, STM32U073RCI6, STM32U073RCT6, STM32U083C-DK, STM32U083CCT6, STM32U083CCU6, STM32U083HCY6TR, STM32U083KCU6, STM32U083MCI6, STM32U083MCT6, STM32U083RCI6, STM32U083RCT6, STM32U375CET6, STM32U375CET6Q, STM32U375CEU6, STM32U375CEU6Q, STM32U375CEY6QTR, STM32U375CGT6, STM32U375CGT6Q, STM32U375CGU6, STM32U375CGU6Q, STM32U375CGY6QTR, STM32U375KEU6, STM32U375KGU6, STM32U375REI6, STM32U375REI6Q, STM32U375RET6, STM32U375RET6Q, STM32U375REY6GTR, STM32U375REY6QTR, STM32U375RGI6, STM32U375RGI6Q, STM32U375RGT6, STM32U375RGT6Q, STM32U375RGY6GTR, STM32U375RGY6QTR, STM32U375VEI6, STM32U375VEI6Q, STM32U375VET6, STM32U375VET6Q, STM32U375VGI6, STM32U375VGI6Q, STM32U375VGT6, STM32U375VGT6Q, STM32U385CGT6, STM32U385CGT6Q, STM32U385CGU6, STM32U385CGU6Q, STM32U385CGY6QTR, STM32U385KGU6, STM32U385RGI6, STM32U385RGI6Q, STM32U385RGT6, STM32U385RGT6Q, STM32U385RGY6GTR, STM32U385RGY6QTR, STM32U385VGI6, STM32U385VGI6Q, STM32U385VGT6, STM32U385VGT6Q, STM32U535CBT6, STM32U535CBT6Q, STM32U535CBU6, STM32U535CBU6Q, STM32U535CCT6, STM32U535CCT6Q, STM32U535CCU6, STM32U535CCU6Q, STM32U535CET6, STM32U535CET6Q, STM32U535CEU6, STM32U535CEU6Q, STM32U535JEY6QTR, STM32U535NCY6QTR, STM32U535NEY6QTR, STM32U535RBI6, STM32U535RBI6Q, STM32U535RBT6, STM32U535RBT6Q, STM32U535RCI6, STM32U535RCI6Q, STM32U535RCT6, STM32U535RCT6Q, STM32U535REI6, STM32U535REI6Q, STM32U535RET6, STM32U535RET6Q, STM32U535VCI6, STM32U535VCI6Q, STM32U535VCT6, STM32U535VCT6Q, STM32U535VEI6, STM32U535VEI6Q, STM32U535VET6, STM32U535VET6Q, STM32U545CET6, STM32U545CET6Q, STM32U545CEU6, STM32U545CEU6Q, STM32U545JEY6QTR, STM32U545NEY6QTR, STM32U545REI6, STM32U545REI6Q, STM32U545RET6, STM32U545RET6Q, STM32U545VEI6, STM32U545VEI6Q, STM32U545VET6, STM32U545VET6Q, STM32U595AIH6, STM32U595AIH6Q, STM32U595AJH6, STM32U595AJH6Q, STM32U595QII6, STM32U595QII6Q, STM32U595QJI6, STM32U595QJI6Q, STM32U595RIT6, STM32U595RIT6Q, STM32U595RJT6, STM32U595RJT6Q, STM32U595VIT6, STM32U595VIT6Q, STM32U595VJT6, STM32U595VJT6Q, STM32U595ZIT6, STM32U595ZIT6Q, STM32U595ZIY6QTR, STM32U595ZJT6, STM32U595ZJT6Q, STM32U595ZJY6QTR, STM32U599BJY6QTR, STM32U599NIH6Q, STM32U599NJH6Q, STM32U599VIT6Q, STM32U599VJT6, STM32U599VJT6Q, STM32U599ZIT6Q, STM32U599ZIY6QTR, STM32U599ZJT6Q, STM32U599ZJY6QTR, STM32U5A5AJH6, STM32U5A5AJH6Q, STM32U5A5QII3Q , STM32U5A5QJI6, STM32U5A5QJI6Q, STM32U5A5RJT6, STM32U5A5RJT6Q, STM32U5A5VJT6, STM32U5A5VJT6Q, STM32U5A5ZJT6, STM32U5A5ZJT6Q, STM32U5A5ZJY6QTR, STM32U5A9BJY6QTR, STM32U5A9J-DK, STM32U5A9NJH6Q, STM32U5A9VJT6Q, STM32U5A9ZJT6Q, STM32U5A9ZJY6QTR, STM32U5F7VIT6, STM32U5F7VIT6Q, STM32U5F7VJT6, STM32U5F7VJT6Q, STM32U5F9BJY6QTR, STM32U5F9NJH6Q, STM32U5F9VIT6Q, STM32U5F9VJT6Q, STM32U5F9ZIJ6QTR, STM32U5F9ZIT6Q, STM32U5F9ZJJ6QTR, STM32U5F9ZJT6Q, STM32U5G7VJT6, STM32U5G7VJT6Q, STM32U5G9BJY6QTR, STM32U5G9J-DK1, STM32U5G9J-DK2, STM32U5G9NJH6Q, STM32U5G9VJT6Q, STM32U5G9ZJJ6QTR, STM32U5G9ZJT6Q, STM32WB05KZV6TR, STM32WB05KZV7TR, STM32WB05TZF6TR, STM32WB05TZF7TR, STM32WB06CCF6TR, STM32WB06CCF7TR, STM32WB06CCV6TR, STM32WB06CCV7TR, STM32WB06KCV6TR, STM32WB06KCV7TR, STM32WB07CCF6TR, STM32WB07CCF7TR, STM32WB07CCV6TR, STM32WB07CCV7TR, STM32WB07KCV6TR, STM32WB07KCV7TR, STM32WB09KEV6TR, STM32WB09KEV7TR, STM32WB09TEF6TR, STM32WB09TEF7TR, STM32WB1MMCH6, STM32WBA50KGU6, STM32WBA50KGU6TR, STM32WBA52CEU6, STM32WBA52CEU6TR, STM32WBA52CEU7, STM32WBA52CEU7TR, STM32WBA52CGU6, STM32WBA52CGU6TR, STM32WBA52CGU6U, STM32WBA52CGU7, STM32WBA52CGU7TR, STM32WBA52KEU6, STM32WBA52KEU6TR, STM32WBA52KGU6, STM32WBA52KGU6TR, STM32WBA54CEU6, STM32WBA54CEU6TR, STM32WBA54CEU7, STM32WBA54CEU7TR, STM32WBA54CGU6, STM32WBA54CGU6TR, STM32WBA54CGU7, STM32WBA54CGU7TR, STM32WBA54KEU6, STM32WBA54KEU6TR, STM32WBA54KEU7, STM32WBA54KEU7TR, STM32WBA54KGU6, STM32WBA54KGU6TR, STM32WBA54KGU7, STM32WBA54KGU7TR, STM32WBA55CEU6, STM32WBA55CEU6TR, STM32WBA55CEU7, STM32WBA55CEU7TR, STM32WBA55CGU6, STM32WBA55CGU6TR, STM32WBA55CGU6U, STM32WBA55CGU7, STM32WBA55CGU7TR, STM32WBA55G-DK1, STM32WBA55HEF6, STM32WBA55HEF7, STM32WBA55HGF6, STM32WBA55HGF7, STM32WBA55UEI6, STM32WBA55UEI6TR, STM32WBA55UEI7, STM32WBA55UEI7TR, STM32WBA55UGI6, STM32WBA55UGI6TR, STM32WBA55UGI7, STM32WBA55UGI7TR, STM32WBA5MMGH6TR, STM32WBA62MGF6, STM32WBA62MIF6, STM32WBA65MGF7, STM32WBA65MIF6, STM32WBA65MIF7, STM32WL30K8V6, STM32WL30KBV6, STM32WL31C8V6, STM32WL31CBV6, STM32WL31K8V6, STM32WL31KBV6, STM32WL33C8V6, STM32WL33C8V6X, STM32WL33CBV6, STM32WL33CBV6X, STM32WL33CCV6, STM32WL33CCV6A, STM32WL33CCV6X, STM32WL33K8V7, STM32WL33K8V7X, STM32WL33KBV7 , STM32WL33KBV7X, STM32WL33KCV7, STM32WL33KCV7X, STM32WL5MOCH6, STM32WL5MOCH6TR]
2026-05-12 14:53:32,756 [INFO] DbMcus:218 - Found 5086 MCUs, 4968 are supported
2026-05-12 14:53:32,757 [INFO] ApiDb:423 - Load user favorites file C:\Users\jahna/.stm32cubeide/favorites.mcus.txt: 0 item(s)
2026-05-12 14:53:32,757 [INFO] ApiDb:427 - User favorites MCUs=[]
2026-05-12 14:53:32,757 [INFO] DbMcus:224 - Set 0 / 0 favorites MCUs
2026-05-12 14:53:33,302 [INFO] BoardInfo:889 - No configuration file found for board NUCLEO-H5E5ZJ
2026-05-12 14:53:33,303 [INFO] DbBoards:161 - Board is not supported: NUCLEO-H5E5ZJ
2026-05-12 14:53:33,383 [INFO] BoardInfo:889 - No configuration file found for board NUCLEO-U3C5ZI-Q
2026-05-12 14:53:33,385 [INFO] DbBoards:161 - Board is not supported: NUCLEO-U3C5ZI-Q
2026-05-12 14:53:33,404 [INFO] BoardInfo:889 - No configuration file found for board NUCLEO-WBA25CE1
2026-05-12 14:53:33,405 [INFO] DbBoards:161 - Board is not supported: NUCLEO-WBA25CE1
2026-05-12 14:53:33,419 [INFO] BoardInfo:889 - No configuration file found for board NUCLEO-WL3RKB1
2026-05-12 14:53:33,420 [INFO] DbBoards:161 - Board is not supported: NUCLEO-WL3RKB1
2026-05-12 14:53:33,421 [INFO] BoardInfo:889 - No configuration file found for board NUCLEO-WL3RKB2
2026-05-12 14:53:33,422 [INFO] DbBoards:161 - Board is not supported: NUCLEO-WL3RKB2
2026-05-12 14:53:33,434 [INFO] BoardInfo:889 - No configuration file found for board P-NUCLEO-WB55
2026-05-12 14:53:33,435 [INFO] DbBoards:161 - Kit is not supported: P-NUCLEO-WB55
2026-05-12 14:53:33,445 [INFO] BoardInfo:889 - No configuration file found for board STEVAL-BFA001V1B
2026-05-12 14:53:33,446 [INFO] DbBoards:161 - Kit is not supported: STEVAL-BFA001V1B
2026-05-12 14:53:33,447 [INFO] BoardInfo:889 - No configuration file found for board STEVAL-BFA001V2B
2026-05-12 14:53:33,449 [INFO] DbBoards:161 - Kit is not supported: STEVAL-BFA001V2B
2026-05-12 14:53:33,599 [INFO] BoardInfo:889 - No configuration file found for board STM32H5F5J-DK
2026-05-12 14:53:33,600 [INFO] DbBoards:161 - Board is not supported: STM32H5F5J-DK
2026-05-12 14:53:33,723 [INFO] DbBoards:168 - Found 218 boards, 209 are supported
2026-05-12 14:53:33,724 [INFO] DbBoards:169 - Found 218 boards, 43 of them is supported for  Bsp
2026-05-12 14:53:33,732 [INFO] ApiDb:423 - Load user favorites file C:\Users\jahna/.stm32cubeide/favorites.boards.txt: 0 item(s)
2026-05-12 14:53:33,732 [INFO] ApiDb:427 - User favorites Boards=[]
2026-05-12 14:53:33,733 [INFO] DbBoards:198 - Set 0 / 0 favorites Boards
2026-05-12 14:53:33,802 [INFO] UtilMem:75 - End LoadConfig() Used Memory: 691325120 Bytes (1073741824)
2026-05-12 14:53:34,000 [WARN] ThirdParty:833 - waiting for thirdparty lock release [change project]
2026-05-12 14:53:34,000 [INFO] ThirdParty:835 - entering critical section [change project]
2026-05-12 14:53:34,000 [INFO] ThirdParty:1030 - CMSIS Pack Vendor :STMicroelectronics X-CUBE-AZRTOS-H7 3.5.0
2026-05-12 14:53:34,000 [INFO] ThirdParty:1030 - CMSIS Pack Vendor :STMicroelectronics X-CUBE-PM33A1 1.0.0
2026-05-12 14:53:34,000 [INFO] ThirdParty:1030 - CMSIS Pack Vendor :STMicroelectronics USBPD 4.1
2026-05-12 14:53:34,000 [INFO] ThirdParty:1030 - CMSIS Pack Vendor :STMicroelectronics X-CUBE-NFC9 1.0.0
2026-05-12 14:53:34,000 [INFO] ThirdParty:1030 - CMSIS Pack Vendor :STMicroelectronics USB_HOST 2.0.0
2026-05-12 14:53:34,000 [INFO] ThirdParty:1030 - CMSIS Pack Vendor :STMicroelectronics X-CUBE-AZRTOS-F4 1.1.0
2026-05-12 14:53:34,000 [INFO] ThirdParty:1030 - CMSIS Pack Vendor :STMicroelectronics LIBJPEG 8.0.0
2026-05-12 14:53:34,000 [INFO] ThirdParty:1030 - CMSIS Pack Vendor :STMicroelectronics FP-ATR-ASTRA1 2.0.2
2026-05-12 14:53:34,000 [INFO] ThirdParty:1030 - CMSIS Pack Vendor :STMicroelectronics X-CUBE-BLE1 7.1.0
2026-05-12 14:53:34,000 [INFO] ThirdParty:1030 - CMSIS Pack Vendor :STMicroelectronics X-CUBE-SMBUS 2.1.0
2026-05-12 14:53:34,000 [INFO] ThirdParty:1030 - CMSIS Pack Vendor :wolfSSL I-CUBE-wolfMQTT 1.19.2
2026-05-12 14:53:34,000 [INFO] ThirdParty:1030 - CMSIS Pack Vendor :STMicroelectronics USB_DEVICE 3.0.0
2026-05-12 14:53:34,000 [INFO] ThirdParty:1030 - CMSIS Pack Vendor :STMicroelectronics X-CUBE-ISPU 2.1.0
2026-05-12 14:53:34,000 [INFO] ThirdParty:1030 - CMSIS Pack Vendor :STMicroelectronics X-CUBE-EEPRMA1 5.2.0
2026-05-12 14:53:34,000 [INFO] ThirdParty:1030 - CMSIS Pack Vendor :STMicroelectronics X-CUBE-IPS 3.2.0
2026-05-12 14:53:34,000 [INFO] ThirdParty:1030 - CMSIS Pack Vendor :STMicroelectronics X-CUBE-BLEMGR 4.1.0
2026-05-12 14:53:34,000 [INFO] ThirdParty:1030 - CMSIS Pack Vendor :STMicroelectronics eDS-WB_DPC_TT-BIDIR 2.1.1
2026-05-12 14:53:34,000 [INFO] ThirdParty:1030 - CMSIS Pack Vendor :STMicroelectronics X-CUBE-AZRTOS-WB 2.0.0
2026-05-12 14:53:34,000 [INFO] ThirdParty:1030 - CMSIS Pack Vendor :wolfSSL I-CUBE-wolfSSL 5.8.4
2026-05-12 14:53:34,000 [INFO] ThirdParty:1030 - CMSIS Pack Vendor :Cesanta I-CUBE-Mongoose 7.20.0
2026-05-12 14:53:34,000 [INFO] ThirdParty:1030 - CMSIS Pack Vendor :STMicroelectronics X-CUBE-NFC12 1.0.0
2026-05-12 14:53:34,001 [INFO] ThirdParty:1030 - CMSIS Pack Vendor :STMicroelectronics X-CUBE-AZRTOS-F7 1.1.0
2026-05-12 14:53:34,001 [INFO] ThirdParty:1030 - CMSIS Pack Vendor :STMicroelectronics X-CUBE-AZRTOS-L5 2.0.0
2026-05-12 14:53:34,001 [INFO] ThirdParty:1030 - CMSIS Pack Vendor :STMicroelectronics USB_DEVICE 2.0.0
2026-05-12 14:53:34,001 [INFO] ThirdParty:1030 - CMSIS Pack Vendor :STMicroelectronics FP-SNS-STAIOTCFT 1.1.0
2026-05-12 14:53:34,001 [INFO] ThirdParty:1030 - CMSIS Pack Vendor :quantropi X-CUBE-qispace-sdk-base 2.1.0
2026-05-12 14:53:34,001 [INFO] ThirdParty:1030 - CMSIS Pack Vendor :STMicroelectronics X-CUBE-MEMS1 12.0.0
2026-05-12 14:53:34,001 [INFO] ThirdParty:1030 - CMSIS Pack Vendor :STMicroelectronics X-CUBE-STSE01 2.0.0
2026-05-12 14:53:34,001 [INFO] ThirdParty:1030 - CMSIS Pack Vendor :STMicroelectronics FP-SNS-MOTENV1 5.1.0
2026-05-12 14:53:34,001 [INFO] ThirdParty:1030 - CMSIS Pack Vendor :STMicroelectronics FreeRTOS 0.0.1
2026-05-12 14:53:34,001 [INFO] ThirdParty:1030 - CMSIS Pack Vendor :STMicroelectronics X-CUBE-AZRTOS-G0 1.1.0
2026-05-12 14:53:34,001 [INFO] ThirdParty:1030 - CMSIS Pack Vendor :STMicroelectronics X-CUBE-NFC4 3.0.0
2026-05-12 14:53:34,001 [INFO] ThirdParty:1030 - CMSIS Pack Vendor :STMicroelectronics X-CUBE-SUBG2 5.0.0
2026-05-12 14:53:34,001 [INFO] ThirdParty:1030 - CMSIS Pack Vendor :STMicroelectronics STM32_WPAN 1.0.0
2026-05-12 14:53:34,001 [INFO] ThirdParty:1030 - CMSIS Pack Vendor :STMicroelectronics eDS-WB_DPC_VIENNA 1.2.0
2026-05-12 14:53:34,001 [INFO] ThirdParty:1030 - CMSIS Pack Vendor :EmbeddedOffice I-CUBE-FS-RTOS 1.0.1
2026-05-12 14:53:34,001 [INFO] ThirdParty:1030 - CMSIS Pack Vendor :STMicroelectronics lwIP 2.0.3
2026-05-12 14:53:34,001 [INFO] ThirdParty:1030 - CMSIS Pack Vendor :WES I-CUBE-Cesium 1.4.0
2026-05-12 14:53:34,001 [INFO] ThirdParty:1030 - CMSIS Pack Vendor :STMicroelectronics eDS-WB_DPC_3PH2L-BIDIR 1.1.1
2026-05-12 14:53:34,001 [INFO] ThirdParty:1030 - CMSIS Pack Vendor :STMicroelectronics USB_HOST 1.0.0
2026-05-12 14:53:34,001 [INFO] ThirdParty:1030 - CMSIS Pack Vendor :STMicroelectronics X-CUBE-AZRTOS-G4 2.0.0
2026-05-12 14:53:34,001 [INFO] ThirdParty:1030 - CMSIS Pack Vendor :STMicroelectronics X-CUBE-WB05N 2.0.0
2026-05-12 14:53:34,001 [INFO] ThirdParty:1030 - CMSIS Pack Vendor :STMicroelectronics PDM2PCM 3.1.0
2026-05-12 14:53:34,001 [INFO] ThirdParty:1030 - CMSIS Pack Vendor :STMicroelectronics PDM2PCM 3.3.0
2026-05-12 14:53:34,001 [INFO] ThirdParty:1030 - CMSIS Pack Vendor :wolfSSL I-CUBE-wolfTPM 3.8.0
2026-05-12 14:53:34,001 [INFO] ThirdParty:1030 - CMSIS Pack Vendor :STMicroelectronics X-CUBE-DISPLAY 3.0.0
2026-05-12 14:53:34,001 [INFO] ThirdParty:1030 - CMSIS Pack Vendor :wolfSSL I-CUBE-wolfSSH 1.4.20
2026-05-12 14:53:34,001 [INFO] ThirdParty:1030 - CMSIS Pack Vendor :STMicroelectronics X-CUBE-NFC7 2.0.0
2026-05-12 14:53:34,001 [INFO] ThirdParty:1030 - CMSIS Pack Vendor :STMicroelectronics X-CUBE-GNSS1 7.1.1
2026-05-12 14:53:34,001 [INFO] ThirdParty:1030 - CMSIS Pack Vendor :STMicroelectronics FP-SNS-MOTENVWB1 1.5.0
2026-05-12 14:53:34,001 [INFO] ThirdParty:1030 - CMSIS Pack Vendor :STMicroelectronics X-CUBE-TCPP 4.2.0
2026-05-12 14:53:34,001 [INFO] ThirdParty:1030 - CMSIS Pack Vendor :RealThread X-CUBE-RT-Thread_Nano 4.1.1
2026-05-12 14:53:34,001 [INFO] ThirdParty:1030 - CMSIS Pack Vendor :wolfSSL I-CUBE-wolfSSL 5.9.1
2026-05-12 14:53:34,001 [INFO] ThirdParty:1030 - CMSIS Pack Vendor :STMicroelectronics FP-ATR-SIGFOX1 3.2.0
2026-05-12 14:53:34,001 [INFO] ThirdParty:1030 - CMSIS Pack Vendor :STMicroelectronics X-CUBE-NFC10 1.0.0
2026-05-12 14:53:34,001 [INFO] ThirdParty:1030 - CMSIS Pack Vendor :STMicroelectronics HAL Drivers 0.0.0
2026-05-12 14:53:34,001 [INFO] ThirdParty:1030 - CMSIS Pack Vendor :STMicroelectronics X-CUBE-FREERTOS 1.5.0
2026-05-12 14:53:34,002 [INFO] ThirdParty:1030 - CMSIS Pack Vendor :STMicroelectronics MBEDTLS 2.16.2
2026-05-12 14:53:34,002 [INFO] ThirdParty:1030 - CMSIS Pack Vendor :STMicroelectronics X-CUBE-ST60 1.1.0
2026-05-12 14:53:34,002 [INFO] ThirdParty:1030 - CMSIS Pack Vendor :STMicroelectronics X-CUBE-ALS 1.0.2
2026-05-12 14:53:34,002 [INFO] ThirdParty:1030 - CMSIS Pack Vendor :emotas I-CUBE-CANOPEN 1.3.0
2026-05-12 14:53:34,002 [INFO] ThirdParty:1030 - CMSIS Pack Vendor :STMicroelectronics MBEDTLS 2.14.1
2026-05-12 14:53:34,002 [INFO] ThirdParty:1030 - CMSIS Pack Vendor :STMicroelectronics X-CUBE-GNSS1 7.1.0
2026-05-12 14:53:34,002 [INFO] ThirdParty:1030 - CMSIS Pack Vendor :ITTIA_DB I-CUBE-ITTIADB 8.9.0
2026-05-12 14:53:34,002 [INFO] ThirdParty:1030 - CMSIS Pack Vendor :Cesanta I-CUBE-Mongoose 7.21.6
2026-05-12 14:53:34,002 [INFO] ThirdParty:1030 - CMSIS Pack Vendor :STMicroelectronics X-CUBE-TOUCHGFX 4.26.1
2026-05-12 14:53:34,002 [INFO] ThirdParty:1030 - CMSIS Pack Vendor :STMicroelectronics X-CUBE-NFC6 3.2.0
2026-05-12 14:53:34,002 [INFO] ThirdParty:1030 - CMSIS Pack Vendor :STMicroelectronics FP-SNS-STBOX1 2.1.0
2026-05-12 14:53:34,002 [INFO] ThirdParty:1030 - CMSIS Pack Vendor :STMicroelectronics X-CUBE-AI 10.2.0
2026-05-12 14:53:34,002 [INFO] ThirdParty:1030 - CMSIS Pack Vendor :STMicroelectronics FP-SNS-STAIOTCFT 1.0.0
2026-05-12 14:53:34,002 [INFO] ThirdParty:1030 - CMSIS Pack Vendor :STMicroelectronics ThreadX 1.0.0
2026-05-12 14:53:34,002 [INFO] ThirdParty:1030 - CMSIS Pack Vendor :STMicroelectronics FP-SNS-SMARTAG2 1.2.0
2026-05-12 14:53:34,002 [INFO] ThirdParty:1030 - CMSIS Pack Vendor :STMicroelectronics X-CUBE-MEMS1 12.1.0
2026-05-12 14:53:34,002 [INFO] ThirdParty:1030 - CMSIS Pack Vendor :STMicroelectronics FP-SNS-FLIGHT1 5.1.0
2026-05-12 14:53:34,002 [INFO] ThirdParty:1030 - CMSIS Pack Vendor :STMicroelectronics X-CUBE-AZRTOS-WL 2.0.0
2026-05-12 14:53:34,002 [INFO] ThirdParty:1030 - CMSIS Pack Vendor :SEGGER I-CUBE-embOS 1.3.1
2026-05-12 14:53:34,002 [INFO] ThirdParty:1030 - CMSIS Pack Vendor :STMicroelectronics X-CUBE-ALGOBUILD 1.4.0
2026-05-12 14:53:34,002 [INFO] ThirdParty:1030 - CMSIS Pack Vendor :STMicroelectronics X-CUBE-DPower 1.3.0
2026-05-12 14:53:34,002 [INFO] ThirdParty:1030 - CMSIS Pack Vendor :STMicroelectronics USB_DEVICE 1.0.0
2026-05-12 14:53:34,002 [INFO] ThirdParty:1030 - CMSIS Pack Vendor :STMicroelectronics X-CUBE-AZRTOS-H7RS 1.2.0
2026-05-12 14:53:34,002 [INFO] ThirdParty:1030 - CMSIS Pack Vendor :STMicroelectronics X-CUBE-AZRTOS-L4 2.0.0
2026-05-12 14:53:34,002 [INFO] ThirdParty:1030 - CMSIS Pack Vendor :STMicroelectronics ThreadX 0.0.2
2026-05-12 14:53:34,002 [INFO] ThirdParty:1030 - CMSIS Pack Vendor :STMicroelectronics lwIP 2.1.2
2026-05-12 14:53:34,002 [INFO] ThirdParty:1030 - CMSIS Pack Vendor :STMicroelectronics X-CUBE-SFXS2LP1 4.0.0
2026-05-12 14:53:34,002 [INFO] ThirdParty:1030 - CMSIS Pack Vendor :STMicroelectronics X-CUBE-BLE2 3.3.0
2026-05-12 14:53:34,002 [INFO] ThirdParty:1030 - CMSIS Pack Vendor :Avnet-IOTCONNECT X-CUBE-iotc-st67-sdk 1.0.0
2026-05-12 14:53:34,002 [INFO] ThirdParty:1030 - CMSIS Pack Vendor :STMicroelectronics X-CUBE-TOF1 3.4.3
2026-05-12 14:53:34,002 [INFO] ThirdParty:1030 - CMSIS Pack Vendor :Infineon AIROC-Wi-Fi-Bluetooth-STM32 1.8.0
2026-05-12 14:53:34,002 [INFO] ThirdParty:1030 - CMSIS Pack Vendor :STMicroelectronics PDM2PCM 3.2.0
2026-05-12 14:53:34,002 [INFO] ThirdParty:1030 - CMSIS Pack Vendor :STMicroelectronics X-CUBE-WB05N 2.1.0
2026-05-12 14:53:34,002 [INFO] ThirdParty:1030 - CMSIS Pack Vendor :STMicroelectronics X-CUBE-ST67W61 1.2.0
2026-05-12 14:53:34,003 [INFO] ThirdParty:841 - exiting critical section [change project]
2026-05-12 14:53:34,382 [INFO] PinOutPanel:1589 - setPackage(No Configuration,No Configuration)
2026-05-12 14:53:34,387 [INFO] PinOutPanel:1589 - setPackage(STM32L053C8Tx,LQFP48)
2026-05-12 14:53:35,041 [INFO] UtilMem:75 - Before build in PCC Used Memory: 696937704 Bytes (1073741824)
2026-05-12 14:53:36,217 [INFO] UtilMem:75 - After build in PCC Used Memory: 765786000 Bytes (1073741824)
2026-05-12 14:53:36,263 [INFO] IPUIPlugin:80 - create IPUIPlugin
2026-05-12 14:53:36,264 [INFO] IPUIPlugin:80 - create IPUIPlugin
2026-05-12 14:53:36,264 [INFO] IPUIPlugin:80 - create IPUIPlugin
2026-05-12 14:53:36,265 [INFO] IPUIPlugin:80 - create IPUIPlugin
2026-05-12 14:53:36,265 [INFO] IPUIPlugin:80 - create IPUIPlugin
2026-05-12 14:53:36,265 [INFO] IPUIPlugin:80 - create IPUIPlugin
2026-05-12 14:53:36,266 [INFO] IPUIPlugin:80 - create IPUIPlugin
2026-05-12 14:53:36,266 [INFO] IPUIPlugin:80 - create IPUIPlugin
2026-05-12 14:53:36,266 [INFO] IPUIPlugin:80 - create IPUIPlugin
2026-05-12 14:53:36,266 [INFO] IPUIPlugin:80 - create IPUIPlugin
2026-05-12 14:53:36,266 [INFO] IPUIPlugin:80 - create IPUIPlugin
2026-05-12 14:53:36,266 [INFO] IPUIPlugin:80 - create IPUIPlugin
2026-05-12 14:53:36,267 [INFO] IPUIPlugin:80 - create IPUIPlugin
2026-05-12 14:53:36,267 [INFO] IPUIPlugin:80 - create IPUIPlugin
2026-05-12 14:53:36,267 [INFO] IPUIPlugin:80 - create IPUIPlugin
2026-05-12 14:53:36,267 [INFO] IPUIPlugin:80 - create IPUIPlugin
2026-05-12 14:53:36,268 [INFO] IPUIPlugin:80 - create IPUIPlugin
2026-05-12 14:53:36,268 [INFO] IPUIPlugin:80 - create IPUIPlugin
2026-05-12 14:53:36,268 [INFO] IPUIPlugin:80 - create IPUIPlugin
2026-05-12 14:53:36,268 [INFO] IPUIPlugin:80 - create IPUIPlugin
2026-05-12 14:53:36,269 [INFO] IPUIPlugin:80 - create IPUIPlugin
2026-05-12 14:53:36,269 [INFO] IPUIPlugin:80 - create IPUIPlugin
2026-05-12 14:53:36,269 [INFO] IPUIPlugin:80 - create IPUIPlugin
2026-05-12 14:53:36,269 [INFO] IPUIPlugin:80 - create IPUIPlugin
2026-05-12 14:53:36,270 [INFO] IPUIPlugin:80 - create IPUIPlugin
2026-05-12 14:53:36,270 [INFO] IPUIPlugin:80 - create IPUIPlugin
2026-05-12 14:53:36,270 [INFO] IPUIPlugin:80 - create IPUIPlugin
2026-05-12 14:53:36,271 [INFO] IPUIPlugin:80 - create IPUIPlugin
2026-05-12 14:53:36,271 [INFO] IPUIPlugin:80 - create IPUIPlugin
2026-05-12 14:53:36,271 [INFO] IPUIPlugin:80 - create IPUIPlugin
2026-05-12 14:53:36,272 [INFO] IPUIPlugin:80 - create IPUIPlugin
2026-05-12 14:53:36,272 [INFO] IPUIPlugin:80 - create IPUIPlugin
2026-05-12 14:53:36,272 [INFO] IPUIPlugin:80 - create IPUIPlugin
2026-05-12 14:53:36,273 [INFO] IPUIPlugin:80 - create IPUIPlugin
2026-05-12 14:53:36,594 [INFO] CADModel:165 - CPN selected for project levelSTM32L053C8T6
2026-05-12 14:53:36,596 [INFO] CADModel:114 - Register for checkConnection events
2026-05-12 14:53:36,663 [INFO] OpenFileManager:386 - Restore cursor
2026-05-12 14:58:30,553 [ERROR] LogOutputStream:75 - [STDERR_REDIRECT] 
2026-05-12 17:20:47,649 [INFO] Activator:176 - 


2026-05-12 17:20:47,688 [INFO] Activator:177 - !SESSION log4j initialized
2026-05-12 17:20:55,827 [INFO] LogOutputStream:77 - [STDOUT_REDIRECT] 
2026-05-12 17:21:03,481 [INFO] ApplicationProperties:184 - Using Application install path: C:\ST\STM32CubeIDE_1.19.0\STM32CubeIDE\plugins\com.st.stm32cube.common.mx_6.15.0.202507011659
2026-05-12 17:21:03,511 [INFO] DbMcusXml:78 - Set database path to: C:\ST\STM32CubeIDE_1.19.0\STM32CubeIDE\plugins\com.st.stm32cube.common.mx_6.15.0.202507011659\\db\/mcu/
2026-05-12 17:21:03,511 [INFO] ApiDb:274 - Set plugin database path to: C:\ST\STM32CubeIDE_1.19.0\STM32CubeIDE\plugins\com.st.stm32cube.common.mx_6.15.0.202507011659\\db\/plugins/boardmanager/
2026-05-12 17:21:03,512 [WARN] ApiDb:259 - Overriding images path with different value:  => C:\ST\STM32CubeIDE_1.19.0\STM32CubeIDE\plugins\com.st.stm32cube.common.mx_6.15.0.202507011659\\db\/plugins/mcufinder/images/
2026-05-12 17:21:03,527 [INFO] ApiDb:250 - Set database path to: C:\Users\jahna\.stmcufinder\plugins\mcufinder//mcu/
2026-05-12 17:21:03,530 [INFO] DbMcusAds:125 - Set database path to: C:\Users\jahna\.stmcufinder\plugins\mcufinder//mcu/
2026-05-12 17:21:03,534 [INFO] CrossReferenceDbSqlite:203 - Set database path to: C:\Users\jahna\.stmcufinder\plugins\mcufinder//mcu/cs/
2026-05-12 17:21:03,726 [INFO] RulesReader:64 - Compatibility file has been processed (317 Rules)
2026-05-12 17:21:03,895 [INFO] DbMcusXml:78 - Set database path to: C:\ST\STM32CubeIDE_1.19.0\STM32CubeIDE\plugins\com.st.stm32cube.common.mx_6.15.0.202507011659\\db\/mcu/
2026-05-12 17:21:03,895 [INFO] ApiDb:274 - Set plugin database path to: C:\ST\STM32CubeIDE_1.19.0\STM32CubeIDE\plugins\com.st.stm32cube.common.mx_6.15.0.202507011659\\db\/plugins/boardmanager/
2026-05-12 17:21:03,896 [INFO] ApiDb:261 - Set plugin images path to: C:\ST\STM32CubeIDE_1.19.0\STM32CubeIDE\plugins\com.st.stm32cube.common.mx_6.15.0.202507011659\\db\/plugins/mcufinder/images/
2026-05-12 17:21:03,896 [WARN] DbFile:41 - Overriding database path with different value: C:\Users\jahna\.stmcufinder\plugins\mcufinder/ => C:\Users\jahna\.stmcufinder\plugins\mcufinder
2026-05-12 17:21:03,896 [INFO] ApiDb:250 - Set database path to: C:\Users\jahna\.stmcufinder\plugins\mcufinder//mcu/
2026-05-12 17:21:03,897 [WARN] DbFile:41 - Overriding database path with different value: C:\Users\jahna\.stmcufinder\plugins\mcufinder/ => C:\Users\jahna\.stmcufinder\plugins\mcufinder
2026-05-12 17:21:03,897 [INFO] DbMcusAds:125 - Set database path to: C:\Users\jahna\.stmcufinder\plugins\mcufinder//mcu/
2026-05-12 17:21:03,897 [WARN] DbFile:41 - Overriding database path with different value: C:\Users\jahna\.stmcufinder\plugins\mcufinder/ => C:\Users\jahna\.stmcufinder\plugins\mcufinder
2026-05-12 17:21:03,897 [WARN] DbFile:41 - Overriding database path with different value: C:\Users\jahna\.stmcufinder\plugins\mcufinder/ => C:\Users\jahna\.stmcufinder\plugins\mcufinder
2026-05-12 17:21:03,897 [INFO] CrossReferenceDbSqlite:203 - Set database path to: C:\Users\jahna\.stmcufinder\plugins\mcufinder//mcu/cs/
2026-05-12 17:21:04,062 [INFO] MainPanel:274 - HeapMemory: 268435456
2026-05-12 17:21:04,343 [INFO] DbMcusXml:78 - Set database path to: C:\ST\STM32CubeIDE_1.19.0\STM32CubeIDE\plugins\com.st.stm32cube.common.mx_6.15.0.202507011659\\db\/mcu/
2026-05-12 17:21:04,343 [INFO] ApiDb:274 - Set plugin database path to: C:\ST\STM32CubeIDE_1.19.0\STM32CubeIDE\plugins\com.st.stm32cube.common.mx_6.15.0.202507011659\\db\/plugins/boardmanager/
2026-05-12 17:21:04,343 [INFO] ApiDb:261 - Set plugin images path to: C:\ST\STM32CubeIDE_1.19.0\STM32CubeIDE\plugins\com.st.stm32cube.common.mx_6.15.0.202507011659\\db\/plugins/mcufinder/images/
2026-05-12 17:21:04,344 [WARN] DbFile:41 - Overriding database path with different value: C:\Users\jahna\.stmcufinder\plugins\mcufinder/ => C:\Users\jahna\.stmcufinder\plugins\mcufinder
2026-05-12 17:21:04,344 [INFO] ApiDb:250 - Set database path to: C:\Users\jahna\.stmcufinder\plugins\mcufinder//mcu/
2026-05-12 17:21:04,345 [WARN] DbFile:41 - Overriding database path with different value: C:\Users\jahna\.stmcufinder\plugins\mcufinder/ => C:\Users\jahna\.stmcufinder\plugins\mcufinder
2026-05-12 17:21:04,345 [INFO] DbMcusAds:125 - Set database path to: C:\Users\jahna\.stmcufinder\plugins\mcufinder//mcu/
2026-05-12 17:21:04,345 [WARN] DbFile:41 - Overriding database path with different value: C:\Users\jahna\.stmcufinder\plugins\mcufinder/ => C:\Users\jahna\.stmcufinder\plugins\mcufinder
2026-05-12 17:21:04,345 [WARN] DbFile:41 - Overriding database path with different value: C:\Users\jahna\.stmcufinder\plugins\mcufinder/ => C:\Users\jahna\.stmcufinder\plugins\mcufinder
2026-05-12 17:21:04,345 [INFO] CrossReferenceDbSqlite:203 - Set database path to: C:\Users\jahna\.stmcufinder\plugins\mcufinder//mcu/cs/
2026-05-12 17:21:04,395 [INFO] ApplicationProperties:184 - Using Application install path: C:\ST\STM32CubeIDE_1.19.0\STM32CubeIDE\plugins\com.st.stm32cube.common.mx_6.15.0.202507011659
2026-05-12 17:21:04,397 [INFO] PluginManage:196 - Search for loadable plugins [exclusion list=, ]
2026-05-12 17:21:04,400 [INFO] PluginManage:310 - Check plugin analytics
2026-05-12 17:21:04,820 [INFO] AnalyticsPlugin:253 - Accepted Software Licenses: STM32CubeMX.6.17.0
2026-05-12 17:21:04,821 [INFO] AnalyticsPlugin:255 - Accepted CMSIS Pack Licenses: 
2026-05-12 17:21:04,822 [INFO] AnalyticsPlugin:257 - Accepted Firmware Licenses: FW.F4.1.28.0,FW.F4.1.28.3
2026-05-12 17:21:04,826 [INFO] PluginManage:359 - Loaded plugin analytics (category:tool,tabindex:-1)
2026-05-12 17:21:04,826 [INFO] PluginManage:310 - Check plugin cadmodel
2026-05-12 17:21:04,838 [INFO] CADModel:105 - Init CAD model plugin
2026-05-12 17:21:04,838 [INFO] PluginManage:359 - Loaded plugin cadmodel (category:power,tabindex:5)
2026-05-12 17:21:04,839 [INFO] PluginManage:310 - Check plugin clock
2026-05-12 17:21:04,856 [INFO] PluginManage:359 - Loaded plugin clock (category:base,tabindex:2)
2026-05-12 17:21:04,856 [INFO] PluginManage:310 - Check plugin ddr
2026-05-12 17:21:04,861 [INFO] PluginManage:359 - Loaded plugin ddr (category:tool,tabindex:6)
2026-05-12 17:21:04,862 [INFO] PluginManage:310 - Check plugin filemanager
2026-05-12 17:21:05,196 [INFO] PluginManage:359 - Loaded plugin filemanager (category:base,tabindex:10)
2026-05-12 17:21:05,196 [INFO] PluginManage:310 - Check plugin ipmanager
2026-05-12 17:21:05,214 [INFO] PluginManage:359 - Loaded plugin ipmanager (category:base,tabindex:5)
2026-05-12 17:21:05,214 [INFO] PluginManage:310 - Check plugin lpbam
2026-05-12 17:21:05,233 [INFO] PluginManage:359 - Loaded plugin lpbam (category:base,tabindex:0)
2026-05-12 17:21:05,234 [INFO] PluginManage:310 - Check plugin memorymap
2026-05-12 17:21:05,268 [INFO] PluginManage:359 - Loaded plugin memorymap (category:base,tabindex:4)
2026-05-12 17:21:05,269 [INFO] PluginManage:310 - Check plugin pinoutandconfiguration
2026-05-12 17:21:05,289 [INFO] PluginManage:359 - Loaded plugin pinoutandconfiguration (category:base,tabindex:1)
2026-05-12 17:21:05,290 [INFO] PluginManage:310 - Check plugin pinoutconfig
2026-05-12 17:21:05,478 [WARN] SupportedApi:132 - Cannot load RTOS API schema: s4s-elt-must-match.1: The content of 'definitions' must match (annotation?, (simpleType | complexType)?, (unique | key | keyref)*)). A problem was found starting at: attribute.
2026-05-12 17:21:05,750 [INFO] PluginManage:359 - Loaded plugin pinoutconfig (category:base,tabindex:0)
2026-05-12 17:21:05,751 [INFO] PluginManage:310 - Check plugin power
2026-05-12 17:21:05,769 [INFO] PluginManage:359 - Loaded plugin power (category:power,tabindex:4)
2026-05-12 17:21:05,770 [INFO] PluginManage:310 - Check plugin projectmanager
2026-05-12 17:21:05,797 [INFO] PluginManage:359 - Loaded plugin projectmanager (category:projectmanager,tabindex:4)
2026-05-12 17:21:05,797 [INFO] PluginManage:310 - Check plugin rif
2026-05-12 17:21:05,815 [INFO] PluginManage:359 - Loaded plugin rif (category:base,tabindex:3)
2026-05-12 17:21:05,816 [INFO] PluginManage:310 - Check plugin thirdparty
2026-05-12 17:21:06,080 [INFO] PluginManage:359 - Loaded plugin thirdparty (category:base,tabindex:-1)
2026-05-12 17:21:06,080 [WARN] IntegrityCheckThread:84 - waiting for thirdparty lock release [integrity check]
2026-05-12 17:21:06,081 [INFO] IntegrityCheckThread:86 - entering critical section [integrity check]
2026-05-12 17:21:06,081 [INFO] PluginManage:310 - Check plugin tools
2026-05-12 17:21:06,082 [INFO] ThirdPartyUpdaterWithRetryManager:70 - Updater plugin not ready yet. [1/15]
2026-05-12 17:21:06,086 [INFO] PluginManage:359 - Loaded plugin tools (category:base,tabindex:7)
2026-05-12 17:21:06,086 [INFO] PluginManage:310 - Check plugin tutovideos
2026-05-12 17:21:06,479 [INFO] PluginManage:359 - Loaded plugin tutovideos (category:base,tabindex:-1)
2026-05-12 17:21:06,480 [INFO] PluginManage:310 - Check plugin updater
2026-05-12 17:21:06,513 [INFO] PluginManage:359 - Loaded plugin updater (category:base,tabindex:12)
2026-05-12 17:21:06,514 [INFO] PluginManage:310 - Check plugin userauth
2026-05-12 17:21:06,522 [INFO] UserAuth:118 - Init User Auth plugin
2026-05-12 17:21:06,523 [INFO] PluginManage:359 - Loaded plugin userauth (category:base,tabindex:14)
2026-05-12 17:21:06,524 [INFO] PluginManage:283 - PluginManage : Loaded plugins [18]
2026-05-12 17:21:06,909 [INFO] PinOutPanel:1589 - setPackage(No Configuration,No Configuration)
2026-05-12 17:21:07,077 [INFO] CADModel:165 - CPN selected for project level
2026-05-12 17:21:07,078 [INFO] CADModel:114 - Register for checkConnection events
2026-05-12 17:21:07,113 [INFO] IPUIPlugin:80 - create IPUIPlugin
2026-05-12 17:21:07,114 [INFO] PluginManager:220 - loadIPPluginJar : add adc
2026-05-12 17:21:07,119 [INFO] IPUIPlugin:80 - create IPUIPlugin
2026-05-12 17:21:07,119 [INFO] PluginManager:220 - loadIPPluginJar : add aes
2026-05-12 17:21:07,127 [INFO] IPUIPlugin:80 - create IPUIPlugin
2026-05-12 17:21:07,128 [INFO] PluginManager:220 - loadIPPluginJar : add can
2026-05-12 17:21:07,130 [INFO] IPUIPlugin:80 - create IPUIPlugin
2026-05-12 17:21:07,130 [INFO] PluginManager:220 - loadIPPluginJar : add comp
2026-05-12 17:21:07,135 [INFO] IPUIPlugin:80 - create IPUIPlugin
2026-05-12 17:21:07,135 [INFO] PluginManager:220 - loadIPPluginJar : add cryp
2026-05-12 17:21:07,142 [INFO] IPUIPlugin:80 - create IPUIPlugin
2026-05-12 17:21:07,143 [INFO] PluginManager:220 - loadIPPluginJar : add ddr_ctrl_phy
2026-05-12 17:21:07,148 [INFO] IPUIPlugin:80 - create IPUIPlugin
2026-05-12 17:21:07,148 [INFO] PluginManager:220 - loadIPPluginJar : add dfsdm
2026-05-12 17:21:07,159 [INFO] IPUIPlugin:80 - create IPUIPlugin
2026-05-12 17:21:07,160 [INFO] PluginManager:220 - loadIPPluginJar : add dma
2026-05-12 17:21:07,166 [INFO] IPUIPlugin:80 - create IPUIPlugin
2026-05-12 17:21:07,166 [INFO] PluginManager:220 - loadIPPluginJar : add dma3
2026-05-12 17:21:07,173 [INFO] IPUIPlugin:80 - create IPUIPlugin
2026-05-12 17:21:07,173 [INFO] PluginManager:220 - loadIPPluginJar : add extmemmanager
2026-05-12 17:21:07,176 [INFO] IPUIPlugin:80 - create IPUIPlugin
2026-05-12 17:21:07,176 [INFO] PluginManager:220 - loadIPPluginJar : add fatfs
2026-05-12 17:21:07,184 [INFO] IPUIPlugin:80 - create IPUIPlugin
2026-05-12 17:21:07,184 [INFO] PluginManager:220 - loadIPPluginJar : add fmc
2026-05-12 17:21:07,194 [INFO] IPUIPlugin:80 - create IPUIPlugin
2026-05-12 17:21:07,195 [INFO] PluginManager:220 - loadIPPluginJar : add freertos
2026-05-12 17:21:07,199 [INFO] IPUIPlugin:80 - create IPUIPlugin
2026-05-12 17:21:07,199 [INFO] PluginManager:220 - loadIPPluginJar : add genericplugin
2026-05-12 17:21:07,204 [INFO] IPUIPlugin:80 - create IPUIPlugin
2026-05-12 17:21:07,205 [INFO] PluginManager:220 - loadIPPluginJar : add gfxmmu
2026-05-12 17:21:07,215 [INFO] IPUIPlugin:80 - create IPUIPlugin
2026-05-12 17:21:07,215 [INFO] PluginManager:220 - loadIPPluginJar : add gic
2026-05-12 17:21:07,225 [INFO] IPUIPlugin:80 - create IPUIPlugin
2026-05-12 17:21:07,225 [INFO] PluginManager:220 - loadIPPluginJar : add gpio
2026-05-12 17:21:07,231 [INFO] IPUIPlugin:80 - create IPUIPlugin
2026-05-12 17:21:07,232 [INFO] PluginManager:220 - loadIPPluginJar : add gtzc
2026-05-12 17:21:07,239 [INFO] IPUIPlugin:80 - create IPUIPlugin
2026-05-12 17:21:07,239 [INFO] PluginManager:220 - loadIPPluginJar : add hash
2026-05-12 17:21:07,246 [INFO] IPUIPlugin:80 - create IPUIPlugin
2026-05-12 17:21:07,247 [INFO] PluginManager:220 - loadIPPluginJar : add i2c
2026-05-12 17:21:07,253 [INFO] IPUIPlugin:80 - create IPUIPlugin
2026-05-12 17:21:07,254 [INFO] PluginManager:220 - loadIPPluginJar : add i2s
2026-05-12 17:21:07,261 [INFO] IPUIPlugin:80 - create IPUIPlugin
2026-05-12 17:21:07,261 [INFO] PluginManager:220 - loadIPPluginJar : add i3c
2026-05-12 17:21:07,269 [INFO] IPUIPlugin:80 - create IPUIPlugin
2026-05-12 17:21:07,270 [INFO] PluginManager:220 - loadIPPluginJar : add ipddr
2026-05-12 17:21:07,285 [INFO] IPUIPlugin:80 - create IPUIPlugin
2026-05-12 17:21:07,286 [INFO] PluginManager:220 - loadIPPluginJar : add linkedlist
2026-05-12 17:21:07,294 [INFO] IPUIPlugin:80 - create IPUIPlugin
2026-05-12 17:21:07,295 [INFO] PluginManager:220 - loadIPPluginJar : add lorawan
2026-05-12 17:21:07,300 [INFO] IPUIPlugin:80 - create IPUIPlugin
2026-05-12 17:21:07,300 [INFO] PluginManager:220 - loadIPPluginJar : add ltdc
2026-05-12 17:21:07,309 [INFO] IPUIPlugin:80 - create IPUIPlugin
2026-05-12 17:21:07,310 [INFO] PluginManager:220 - loadIPPluginJar : add mdma
2026-05-12 17:21:07,316 [INFO] IPUIPlugin:80 - create IPUIPlugin
2026-05-12 17:21:07,317 [INFO] PluginManager:220 - loadIPPluginJar : add nvic
2026-05-12 17:21:07,324 [INFO] IPUIPlugin:80 - create IPUIPlugin
2026-05-12 17:21:07,324 [INFO] PluginManager:220 - loadIPPluginJar : add opamp
2026-05-12 17:21:07,331 [INFO] IPUIPlugin:80 - create IPUIPlugin
2026-05-12 17:21:07,331 [INFO] PluginManager:220 - loadIPPluginJar : add openamp
2026-05-12 17:21:07,336 [INFO] IPUIPlugin:80 - create IPUIPlugin
2026-05-12 17:21:07,337 [INFO] PluginManager:220 - loadIPPluginJar : add pdm2pcm
2026-05-12 17:21:07,347 [INFO] IPUIPlugin:80 - create IPUIPlugin
2026-05-12 17:21:07,351 [INFO] PluginManager:220 - loadIPPluginJar : add plateformsettings
2026-05-12 17:21:07,355 [INFO] IPUIPlugin:80 - create IPUIPlugin
2026-05-12 17:21:07,355 [INFO] PluginManager:220 - loadIPPluginJar : add quadspi
2026-05-12 17:21:07,359 [INFO] IPUIPlugin:80 - create IPUIPlugin
2026-05-12 17:21:07,359 [INFO] PluginManager:220 - loadIPPluginJar : add radio
2026-05-12 17:21:07,365 [INFO] IPUIPlugin:80 - create IPUIPlugin
2026-05-12 17:21:07,365 [INFO] PluginManager:220 - loadIPPluginJar : add resmgrutility
2026-05-12 17:21:07,370 [INFO] IPUIPlugin:80 - create IPUIPlugin
2026-05-12 17:21:07,370 [INFO] PluginManager:220 - loadIPPluginJar : add sai
2026-05-12 17:21:07,376 [INFO] IPUIPlugin:80 - create IPUIPlugin
2026-05-12 17:21:07,376 [INFO] PluginManager:220 - loadIPPluginJar : add spi
2026-05-12 17:21:07,386 [INFO] IPUIPlugin:80 - create IPUIPlugin
2026-05-12 17:21:07,387 [INFO] PluginManager:220 - loadIPPluginJar : add stm32_wpan
2026-05-12 17:21:07,390 [INFO] IPUIPlugin:80 - create IPUIPlugin
2026-05-12 17:21:07,390 [INFO] PluginManager:220 - loadIPPluginJar : add tim
2026-05-12 17:21:07,395 [INFO] IPUIPlugin:80 - create IPUIPlugin
2026-05-12 17:21:07,395 [INFO] PluginManager:220 - loadIPPluginJar : add touchsensing
2026-05-12 17:21:07,399 [INFO] IPUIPlugin:80 - create IPUIPlugin
2026-05-12 17:21:07,399 [INFO] PluginManager:220 - loadIPPluginJar : add tracer_emb
2026-05-12 17:21:07,402 [INFO] IPUIPlugin:80 - create IPUIPlugin
2026-05-12 17:21:07,402 [INFO] PluginManager:220 - loadIPPluginJar : add ts
2026-05-12 17:21:07,405 [INFO] IPUIPlugin:80 - create IPUIPlugin
2026-05-12 17:21:07,405 [INFO] PluginManager:220 - loadIPPluginJar : add tsc
2026-05-12 17:21:07,409 [INFO] IPUIPlugin:80 - create IPUIPlugin
2026-05-12 17:21:07,409 [INFO] PluginManager:220 - loadIPPluginJar : add ucpd
2026-05-12 17:21:07,413 [INFO] IPUIPlugin:80 - create IPUIPlugin
2026-05-12 17:21:07,413 [INFO] PluginManager:220 - loadIPPluginJar : add usart
2026-05-12 17:21:07,418 [INFO] IPUIPlugin:80 - create IPUIPlugin
2026-05-12 17:21:07,418 [INFO] PluginManager:220 - loadIPPluginJar : add usbx
2026-05-12 17:21:07,574 [FATAL] Updater:351 - Updater called before beeing initialized
2026-05-12 17:21:07,616 [INFO] RulesReader:64 - Compatibility file has been processed (317 Rules)
2026-05-12 17:21:07,638 [INFO] RulesReader:64 - Compatibility file has been processed (317 Rules)
2026-05-12 17:21:07,651 [INFO] CADModel:165 - CPN selected for project level
2026-05-12 17:21:07,651 [INFO] CADModel:114 - Register for checkConnection events
2026-05-12 17:21:07,651 [FATAL] Updater:351 - Updater called before beeing initialized
2026-05-12 17:21:07,652 [ERROR] CADModel:125 - Updater not yet initialized, retry later 
2026-05-12 17:21:07,971 [FATAL] Updater:351 - Updater called before beeing initialized
2026-05-12 17:21:07,977 [INFO] CADModel:165 - CPN selected for project level
2026-05-12 17:21:07,977 [INFO] CADModel:114 - Register for checkConnection events
2026-05-12 17:21:07,978 [FATAL] Updater:351 - Updater called before beeing initialized
2026-05-12 17:21:07,978 [ERROR] CADModel:125 - Updater not yet initialized, retry later 
2026-05-12 17:21:07,984 [FATAL] Updater:351 - Updater called before beeing initialized
2026-05-12 17:21:08,212 [FATAL] Updater:351 - Updater called before beeing initialized
2026-05-12 17:21:08,217 [INFO] DbMcusAds:53 - JSON generation date=Mon Apr 27 13:44:29 IST 2026 (1777277669577)
2026-05-12 17:21:08,217 [FATAL] Updater:351 - Updater called before beeing initialized
2026-05-12 17:21:08,276 [WARN] DetailPanel:346 - Failed to get advertising image, set to default
2026-05-12 17:21:08,407 [FATAL] Updater:351 - Updater called before beeing initialized
2026-05-12 17:21:08,409 [FATAL] Updater:351 - Updater called before beeing initialized
2026-05-12 17:21:08,409 [FATAL] Updater:351 - Updater called before beeing initialized
2026-05-12 17:21:08,409 [WARN] DetailPanel:346 - Failed to get advertising image, set to default
2026-05-12 17:21:08,410 [FATAL] Updater:351 - Updater called before beeing initialized
2026-05-12 17:21:08,474 [ERROR] Updater:1198 - MainUpdater not yet initialized. External WinMGr cannot be set.
2026-05-12 17:21:08,477 [INFO] Updater:1134 - Updater Version found : 6.15.0
2026-05-12 17:21:08,498 [INFO] ApplicationProperties:184 - Using Application install path: C:\ST\STM32CubeIDE_1.19.0\STM32CubeIDE\plugins\com.st.stm32cube.common.mx_6.15.0.202507011659
2026-05-12 17:21:08,966 [INFO] MainUpdater:2872 - connection check result : 10
2026-05-12 17:21:08,967 [INFO] MainUpdater:289 - Updater Check For Update Now.
2026-05-12 17:21:08,967 [INFO] MicroXplorer:498 - Change Database Version : DB.6.0.150
2026-05-12 17:21:08,974 [INFO] McuFinderGlobals:63 - Set McuFinder mode to 2 (CubeIDE integrated)
2026-05-12 17:21:08,974 [INFO] UserAuth:171 - activating auth plugin
2026-05-12 17:21:08,978 [INFO] UserAuth:487 - Internet connection configuration mode: 1
2026-05-12 17:21:09,011 [INFO] JxBrowserEngine:152 - Initiate JxBrowser Engine with user profile folder
2026-05-12 17:21:09,083 [WARN] MainUpdater:1193 - Updater busy. Cannot search thirdparties
2026-05-12 17:21:09,083 [INFO] ThirdPartyUpdaterWithRetryManager:96 - Updater plugin is busy. [1/15]
2026-05-12 17:21:09,193 [INFO] CheckServerUpdateThread:120 - End of CheckServer Thread
2026-05-12 17:21:11,005 [INFO] WebApp:169 - Instantiating new browser for Auth
2026-05-12 17:21:12,653 [INFO] WebApp:463 - Apply proxy settings
2026-05-12 17:21:12,653 [INFO] WebApp:548 - Chromium requires no authentication
2026-05-12 17:21:12,670 [INFO] WebApp:491 - Direct internet connection detected
2026-05-12 17:21:12,716 [INFO] WebApp:900 - Register for checkConnection events
2026-05-12 17:21:12,716 [INFO] WebApp:463 - Apply proxy settings
2026-05-12 17:21:12,716 [INFO] WebApp:548 - Chromium requires no authentication
2026-05-12 17:21:12,717 [INFO] WebApp:491 - Direct internet connection detected
2026-05-12 17:21:13,101 [INFO] WebApp:191 - Connection restablished
2026-05-12 17:21:13,212 [INFO] WebApp:225 - Starting web application
2026-05-12 17:21:13,212 [INFO] WebApp:593 - Web application path used C:\ST\STM32CubeIDE_1.19.0\STM32CubeIDE\plugins\com.st.stm32cube.common.mx_6.15.0.202507011659\db\plugins\mcufinder\reactClient1\index.html
2026-05-12 17:21:13,380 [WARN] PackLoader:240 - Cannot read IP mode file for STMicroelectronics.X-CUBE-AZRTOS-H7.3.5.0
2026-05-12 17:21:13,434 [WARN] PackLoader:240 - Cannot read IP mode file for STMicroelectronics.FP-ATR-ASTRA1.2.0.2
2026-05-12 17:21:13,479 [WARN] PackLoader:240 - Cannot read IP mode file for STMicroelectronics.X-CUBE-SMBUS.2.1.0
2026-05-12 17:21:13,735 [WARN] PackLoader:240 - Cannot read IP mode file for STMicroelectronics.X-CUBE-AZRTOS-F7.1.1.0
2026-05-12 17:21:13,762 [WARN] PackLoader:240 - Cannot read IP mode file for STMicroelectronics.FP-SNS-MOTENV1.5.1.0
2026-05-12 17:21:13,793 [WARN] PackLoader:240 - Cannot read IP mode file for WES.I-CUBE-Cesium.1.4.0
2026-05-12 17:21:13,809 [WARN] PackLoader:240 - Cannot read IP mode file for STMicroelectronics.X-CUBE-DISPLAY.3.0.0
2026-05-12 17:21:13,830 [WARN] PackLoader:240 - Cannot read IP mode file for STMicroelectronics.X-CUBE-GNSS1.7.1.1
2026-05-12 17:21:13,840 [WARN] PackLoader:240 - Cannot read IP mode file for STMicroelectronics.FP-SNS-MOTENVWB1.1.5.0
2026-05-12 17:21:13,854 [WARN] PackLoader:240 - Cannot read IP mode file for wolfSSL.I-CUBE-wolfSSL.5.9.1
2026-05-12 17:21:13,870 [WARN] PackLoader:240 - Cannot read IP mode file for STMicroelectronics.X-CUBE-NFC10.1.0.0
2026-05-12 17:21:13,887 [WARN] PackLoader:240 - Cannot read IP mode file for STMicroelectronics.X-CUBE-ST60.1.1.0
2026-05-12 17:21:13,902 [WARN] PackLoader:240 - Cannot read IP mode file for emotas.I-CUBE-CANOPEN.1.3.0
2026-05-12 17:21:13,914 [WARN] PackLoader:240 - Cannot read IP mode file for STMicroelectronics.X-CUBE-GNSS1.7.1.0
2026-05-12 17:21:13,933 [WARN] PackLoader:240 - Cannot read IP mode file for STMicroelectronics.FP-SNS-STBOX1.2.1.0
2026-05-12 17:21:13,949 [WARN] PackLoader:240 - Cannot read IP mode file for STMicroelectronics.FP-SNS-SMARTAG2.1.2.0
2026-05-12 17:21:13,958 [WARN] PackLoader:240 - Cannot read IP mode file for STMicroelectronics.FP-SNS-FLIGHT1.5.1.0
2026-05-12 17:21:13,974 [INFO] LogOutputStream:77 - [STDOUT_REDIRECT] 1 : Invalid condition id : UX_CORESTACK_Condition cause : null
2026-05-12 17:21:13,976 [INFO] LogOutputStream:77 - [STDOUT_REDIRECT] 1 : Invalid condition id : UX_CORESTACK_Condition cause : null
2026-05-12 17:21:14,000 [INFO] LogOutputStream:77 - [STDOUT_REDIRECT] 1 : Invalid condition id : UX_CORESTACK_Condition cause : null
2026-05-12 17:21:14,019 [INFO] LogOutputStream:77 - [STDOUT_REDIRECT] 1 : Invalid condition id : UX_CORESTACK_Condition cause : null
2026-05-12 17:21:14,021 [INFO] LogOutputStream:77 - [STDOUT_REDIRECT] 1 : Invalid condition id : UX_CORESTACK_Condition cause : null
2026-05-12 17:21:14,026 [WARN] PackLoader:240 - Cannot read IP mode file for STMicroelectronics.X-CUBE-AZRTOS-WL.2.0.0
2026-05-12 17:21:14,057 [WARN] PackLoader:240 - Cannot read IP mode file for STMicroelectronics.X-CUBE-AZRTOS-H7RS.1.2.0
2026-05-12 17:21:14,131 [WARN] PackLoader:240 - Cannot read IP mode file for STMicroelectronics.X-CUBE-BLE2.3.3.0
2026-05-12 17:21:14,197 [WARN] PackLoader:240 - Cannot read IP mode file for Infineon.AIROC-Wi-Fi-Bluetooth-STM32.1.8.0
2026-05-12 17:21:14,216 [WARN] PackLoader:240 - Cannot read IP mode file for STMicroelectronics.X-CUBE-NFC9.1.0.0
2026-05-12 17:21:14,230 [WARN] PackLoader:240 - Cannot read IP mode file for STMicroelectronics.X-CUBE-BLE1.7.1.0
2026-05-12 17:21:14,238 [WARN] PackLoader:240 - Cannot read IP mode file for wolfSSL.I-CUBE-wolfMQTT.1.19.2
2026-05-12 17:21:14,257 [WARN] PackLoader:240 - Cannot read IP mode file for STMicroelectronics.X-CUBE-EEPRMA1.5.2.0
2026-05-12 17:21:14,266 [WARN] PackLoader:240 - Cannot read IP mode file for wolfSSL.I-CUBE-wolfSSL.5.8.4
2026-05-12 17:21:14,278 [WARN] PackLoader:240 - Cannot read IP mode file for Cesanta.I-CUBE-Mongoose.7.20.0
2026-05-12 17:21:14,289 [WARN] PackLoader:240 - Cannot read IP mode file for STMicroelectronics.FP-SNS-STAIOTCFT.1.1.0
2026-05-12 17:21:14,347 [WARN] PackLoader:240 - Cannot read IP mode file for STMicroelectronics.X-CUBE-MEMS1.12.0.0
2026-05-12 17:21:14,508 [WARN] PackLoader:240 - Cannot read IP mode file for STMicroelectronics.X-CUBE-AZRTOS-G0.1.1.0
2026-05-12 17:21:14,529 [WARN] PackLoader:240 - Cannot read IP mode file for STMicroelectronics.X-CUBE-NFC4.3.0.0
2026-05-12 17:21:14,550 [WARN] PackLoader:240 - Cannot read IP mode file for EmbeddedOffice.I-CUBE-FS-RTOS.1.0.1
2026-05-12 17:21:14,569 [WARN] PackLoader:240 - Cannot read IP mode file for STMicroelectronics.X-CUBE-WB05N.2.0.0
2026-05-12 17:21:14,587 [WARN] PackLoader:240 - Cannot read IP mode file for wolfSSL.I-CUBE-wolfTPM.3.8.0
2026-05-12 17:21:14,663 [WARN] PackLoader:240 - Cannot read IP mode file for STMicroelectronics.X-CUBE-TCPP.4.2.0
2026-05-12 17:21:14,679 [WARN] PackLoader:240 - Cannot read IP mode file for RealThread.X-CUBE-RT-Thread_Nano.4.1.1
2026-05-12 17:21:14,692 [WARN] PackLoader:240 - Cannot read IP mode file for STMicroelectronics.FP-ATR-SIGFOX1.3.2.0
2026-05-12 17:21:14,722 [WARN] PackLoader:240 - Cannot read IP mode file for STMicroelectronics.X-CUBE-FREERTOS.1.5.0
2026-05-12 17:21:14,738 [WARN] PackLoader:240 - Cannot read IP mode file for ITTIA_DB.I-CUBE-ITTIADB.8.9.0
2026-05-12 17:21:14,745 [WARN] PackLoader:240 - Cannot read IP mode file for Cesanta.I-CUBE-Mongoose.7.21.6
2026-05-12 17:21:14,759 [WARN] PackLoader:240 - Cannot read IP mode file for STMicroelectronics.X-CUBE-NFC6.3.2.0
2026-05-12 17:21:14,771 [WARN] PackLoader:240 - Cannot read IP mode file for STMicroelectronics.X-CUBE-AI.10.2.0
2026-05-12 17:21:14,847 [WARN] PackLoader:240 - Cannot read IP mode file for STMicroelectronics.X-CUBE-MEMS1.12.1.0
2026-05-12 17:21:15,014 [WARN] PackLoader:240 - Cannot read IP mode file for SEGGER.I-CUBE-embOS.1.3.1
2026-05-12 17:21:15,070 [WARN] PackLoader:240 - Cannot read IP mode file for STMicroelectronics.X-CUBE-ALGOBUILD.1.4.0
2026-05-12 17:21:15,080 [WARN] PackLoader:240 - Cannot read IP mode file for STMicroelectronics.X-CUBE-PM33A1.1.0.0
2026-05-12 17:21:15,104 [WARN] PackLoader:240 - Cannot read IP mode file for STMicroelectronics.X-CUBE-AZRTOS-F4.1.1.0
2026-05-12 17:21:15,115 [WARN] PackLoader:240 - Cannot read IP mode file for STMicroelectronics.X-CUBE-ISPU.2.1.0
2026-05-12 17:21:15,135 [WARN] PackLoader:240 - Cannot read IP mode file for STMicroelectronics.X-CUBE-IPS.3.2.0
2026-05-12 17:21:15,152 [WARN] PackLoader:240 - Cannot read IP mode file for STMicroelectronics.eDS-WB_DPC_TT-BIDIR.2.1.1
2026-05-12 17:21:15,164 [WARN] PackLoader:240 - Cannot read IP mode file for STMicroelectronics.X-CUBE-NFC12.1.0.0
2026-05-12 17:21:15,187 [WARN] PackLoader:240 - Cannot read IP mode file for STMicroelectronics.X-CUBE-AZRTOS-L5.2.0.0
2026-05-12 17:21:15,198 [WARN] PackLoader:240 - Cannot read IP mode file for STMicroelectronics.eDS-WB_DPC_VIENNA.1.2.0
2026-05-12 17:21:15,207 [WARN] PackLoader:240 - Cannot read IP mode file for STMicroelectronics.eDS-WB_DPC_3PH2L-BIDIR.1.1.1
2026-05-12 17:21:15,214 [ERROR] Engine:466 - C:\Users\jahna\.stm32cubemx\thirdparties\pdsc\STMicroelectronics.X-CUBE-ST67W61.1.3.0.pdsc: PDSC version is not supported
2026-05-12 17:21:15,226 [WARN] PackLoader:240 - Cannot read IP mode file for STMicroelectronics.X-CUBE-TOUCHGFX.4.26.1
2026-05-12 17:21:15,232 [WARN] PackLoader:240 - Cannot read IP mode file for STMicroelectronics.FP-SNS-STAIOTCFT.1.0.0
2026-05-12 17:21:15,245 [WARN] PackLoader:240 - Cannot read IP mode file for STMicroelectronics.X-CUBE-DPower.1.3.0
2026-05-12 17:21:15,266 [WARN] ConditionMgr:438 - getConditionDescription Invalid condition id : LAN8742 Phy interface Condition cause : null
2026-05-12 17:21:15,267 [WARN] PackLoader:240 - Cannot read IP mode file for STMicroelectronics.X-CUBE-AZRTOS-L4.2.0.0
2026-05-12 17:21:15,268 [WARN] ConditionMgr:1044 - genDependencies : Invalid condition id : LAN8742 Phy interface Condition cause : null
2026-05-12 17:21:15,268 [WARN] ConditionMgr:1044 - genDependencies : Invalid condition id : LAN8742 Phy interface Condition cause : null
2026-05-12 17:21:15,269 [WARN] ConditionMgr:1044 - genDependencies : Invalid condition id : LAN8742 Phy interface Condition cause : null
2026-05-12 17:21:15,282 [WARN] PackLoader:240 - Cannot read IP mode file for STMicroelectronics.X-CUBE-SFXS2LP1.4.0.0
2026-05-12 17:21:15,293 [WARN] PackLoader:240 - Cannot read IP mode file for STMicroelectronics.X-CUBE-WB05N.2.1.0
2026-05-12 17:21:15,303 [WARN] PackLoader:240 - Cannot read IP mode file for STMicroelectronics.X-CUBE-ST67W61.1.2.0
2026-05-12 17:21:15,320 [WARN] PackLoader:240 - Cannot read IP mode file for STMicroelectronics.X-CUBE-BLEMGR.4.1.0
2026-05-12 17:21:15,344 [WARN] ConditionMgr:438 - getConditionDescription Invalid condition id : UX DEVICE CLASS RTOS Condition cause : null
2026-05-12 17:21:15,345 [WARN] ConditionMgr:438 - getConditionDescription Invalid condition id : UX DEVICE CLASS RTOS Condition cause : null
2026-05-12 17:21:15,348 [WARN] PackLoader:240 - Cannot read IP mode file for STMicroelectronics.X-CUBE-AZRTOS-WB.2.0.0
2026-05-12 17:21:15,349 [WARN] ConditionMgr:1044 - genDependencies : Invalid condition id : UX DEVICE CLASS RTOS Condition cause : null
2026-05-12 17:21:15,349 [WARN] ConditionMgr:1044 - genDependencies : Invalid condition id : UX DEVICE CLASS RTOS Condition cause : null
2026-05-12 17:21:15,349 [WARN] ConditionMgr:1044 - genDependencies : Invalid condition id : UX DEVICE CLASS RTOS Condition cause : null
2026-05-12 17:21:15,349 [WARN] ConditionMgr:1044 - genDependencies : Invalid condition id : UX DEVICE CLASS RTOS Condition cause : null
2026-05-12 17:21:15,349 [WARN] ConditionMgr:1044 - genDependencies : Invalid condition id : UX DEVICE CLASS RTOS Condition cause : null
2026-05-12 17:21:15,361 [WARN] ConditionMgr:438 - getConditionDescription Invalid condition id : Cortex-A Device cause : null
2026-05-12 17:21:15,377 [WARN] ConditionMgr:1044 - genDependencies : Invalid condition id : Cortex-A Device cause : null
2026-05-12 17:21:15,377 [WARN] ConditionMgr:1044 - genDependencies : Invalid condition id : Cortex-A Device cause : null
2026-05-12 17:21:15,377 [WARN] ConditionMgr:1044 - genDependencies : Invalid condition id : Cortex-A Device cause : null
2026-05-12 17:21:15,387 [WARN] PackLoader:240 - Cannot read IP mode file for STMicroelectronics.X-CUBE-STSE01.2.0.0
2026-05-12 17:21:15,405 [WARN] PackLoader:240 - Cannot read IP mode file for STMicroelectronics.X-CUBE-SUBG2.5.0.0
2026-05-12 17:21:15,431 [WARN] PackLoader:240 - Cannot read IP mode file for STMicroelectronics.X-CUBE-AZRTOS-G4.2.0.0
2026-05-12 17:21:15,443 [WARN] PackLoader:240 - Cannot read IP mode file for wolfSSL.I-CUBE-wolfSSH.1.4.20
2026-05-12 17:21:15,451 [WARN] PackLoader:240 - Cannot read IP mode file for STMicroelectronics.X-CUBE-NFC7.2.0.0
2026-05-12 17:21:15,464 [WARN] PackLoader:240 - Cannot read IP mode file for STMicroelectronics.X-CUBE-ALS.1.0.2
2026-05-12 17:21:15,479 [WARN] PackLoader:240 - Cannot read IP mode file for STMicroelectronics.X-CUBE-TOF1.3.4.3
2026-05-12 17:21:15,491 [INFO] ThirdParty:978 - Integrity check success = true
2026-05-12 17:21:15,492 [INFO] IntegrityCheckThread:100 - exiting critical section [integrity check]
2026-05-12 17:21:15,492 [INFO] IntegrityCheckThread:103 - End integrity checks thread
2026-05-12 17:21:27,839 [INFO] McuFinderGlobals:63 - Set McuFinder mode to 2 (CubeIDE integrated)
2026-05-12 17:21:27,846 [INFO] MainUpdater:2872 - connection check result : 10
2026-05-12 17:21:27,855 [INFO] McuFinderGlobals:76 - Set McuFinderConnectedMode to true
2026-05-12 17:21:28,044 [INFO] ServerAccessManage:452 - Complete download http(s) 200
2026-05-12 17:21:28,046 [INFO] ServerAccessManage:509 - Download File mcusAds.json._tmp_
2026-05-12 17:21:28,166 [INFO] LoadUrlFilesThread:156 - End of LoadUrlFiles Thread
2026-05-12 17:21:28,316 [INFO] ServerAccessManage:452 - Complete download http(s) 200
2026-05-12 17:21:28,317 [INFO] ServerAccessManage:509 - Download File cube-finder-db.zip
2026-05-12 17:21:29,900 [INFO] FileExtend:248 - Unzip File : cube-finder-db.zip
2026-05-12 17:21:29,901 [INFO] FileExtend:263 - Standard Zip Deflate
2026-05-12 17:21:30,951 [INFO] LoadUrlFilesThread:156 - End of LoadUrlFiles Thread
2026-05-12 17:21:31,846 [INFO] ServerAccessManage:452 - Complete download http(s) 200
2026-05-12 17:21:31,847 [INFO] ServerAccessManage:509 - Download File crdb.zip
2026-05-12 17:21:32,766 [INFO] FileExtend:248 - Unzip File : crdb.zip
2026-05-12 17:21:32,767 [INFO] FileExtend:263 - Standard Zip Deflate
2026-05-12 17:21:32,911 [INFO] LoadUrlFilesThread:156 - End of LoadUrlFiles Thread
2026-05-12 17:21:33,063 [INFO] ServerAccessManage:452 - Complete download http(s) 200
2026-05-12 17:21:33,063 [INFO] ServerAccessManage:509 - Download File tutoVideoDB.zip
2026-05-12 17:21:33,080 [INFO] FileExtend:248 - Unzip File : tutoVideoDB.zip
2026-05-12 17:21:33,081 [INFO] FileExtend:263 - Standard Zip Deflate
2026-05-12 17:21:33,212 [INFO] LoadUrlFilesThread:156 - End of LoadUrlFiles Thread
2026-05-12 17:21:33,221 [WARN] DbFile:41 - Overriding database path with different value: C:\Users\jahna\.stmcufinder\plugins\mcufinder/ => C:\Users\jahna\.stmcufinder\plugins\mcufinder
2026-05-12 17:21:33,948 [ERROR] ServerAccessManage:1212 - Problem, file not found on Server
2026-05-12 17:21:33,950 [ERROR] ServerAccessManage:740 - Problem, file not found on Server : api_config.json.
2026-05-12 17:21:35,247 [INFO] LoadUrlFilesThread:156 - End of LoadUrlFiles Thread
2026-05-12 17:21:36,177 [INFO] DbMcusAds:53 - JSON generation date=Mon Apr 27 13:44:29 IST 2026 (1777277669577)
2026-05-12 17:21:36,223 [ERROR] TargetSelectorAdapter:267 - Unable to refresh data
2026-05-12 17:21:36,966 [INFO] ApiDb:581 - Connected to CubeFinder SQLite database (C:\Users\jahna\.stmcufinder\plugins\mcufinder\mcu\cube-finder-db.db)
2026-05-12 17:21:37,156 [INFO] ApiDb:668 - CubeFinder database Data Model version=2.1
2026-05-12 17:21:37,157 [INFO] ApiDb:669 - CubeFinder database Configuration version=3.0.42
2026-05-12 17:21:37,157 [INFO] ApiDb:670 - CubeFinder database generation date=2026-05-06 (1778060171)
2026-05-12 17:21:37,157 [INFO] ApiDb:671 - CubeFinder database FW Pack versions=[FP-ATR-ASTRA1_V2.0.0, FP-SNS-FLIGHT1_V5.1.0, FP-SNS-MOTENV1_V5.1.0, FP-SNS-MOTENVWB1_V1.5.0, FP-SNS-SMARTAG2_V1.2.0, FP-SNS-STBOX1_V2.1.0, STM32Cube_FW_C0_V1.4.0, STM32Cube_FW_F4_V1.28.3, STM32Cube_FW_F7_V1.17.4, STM32Cube_FW_G0_V1.6.3, STM32Cube_FW_G4_V1.6.2, STM32Cube_FW_H5_V1.6.0, STM32Cube_FW_H7RS_V1.3.0, STM32Cube_FW_H7_V1.13.0, STM32Cube_FW_L0_V1.12.2, STM32Cube_FW_L4_V1.18.2, STM32Cube_FW_L5_V1.6.0, STM32Cube_FW_N6_V1.3.0, STM32Cube_FW_U0_V1.3.0, STM32Cube_FW_U3_V1.3.0, STM32Cube_FW_U5_V1.8.0, STM32Cube_FW_WB0_V1.4.0, STM32Cube_FW_WBA_V1.9.0, STM32Cube_FW_WB_V1.24.0, STM32Cube_FW_WL3_V1.4.0, STM32Cube_FW_WL_V1.5.0, X-CUBE-ALGOBUILD_V1.4.0, X-CUBE-ALS_V1.0.2, X-CUBE-AZRTOS-F4_V1.1.0, X-CUBE-AZRTOS-F7_V1.1.0, X-CUBE-AZRTOS-G0_V1.1.0, X-CUBE-AZRTOS-G4_V2.0.0, X-CUBE-AZRTOS-H7RS_V1.1.0, X-CUBE-AZRTOS-H7_V3.5.0, X-CUBE-AZRTOS-L4_V2.0.0, X-CUBE-AZRTOS-L5_V2.0.0, X-CUBE-AZRTOS-WB_V2.0.0, X-CUBE-AZRTOS-WL_V2.0.0, X-CUBE-BLE1_V7.1.0, X-CUBE-BLE2_V3.3.0, X-CUBE-BLEMGR_V4.1.0, X-CUBE-EEPRMA1_V5.2.0, X-CUBE-FREERTOS_V1.5.0, X-CUBE-GNSS1_V6.0.0, X-CUBE-MEMS1_V12.0.0, X-CUBE-NFC4_V3.0.0, X-CUBE-NFC7_V2.0.0, X-CUBE-SFXS2LP1_V4.0.0, X-CUBE-ST67W61_V1.2.0, X-CUBE-SUBG2_V5.0.0, X-CUBE-TOF1_V3.4.3]
2026-05-12 17:21:39,605 [INFO] ApiDb:240 - Found 880 in-development CPN: [B-G473E-ZEST1S, B-WB1M-WPAN1, B-WBA5M-WPAN, B-WL5M-SUBG1, NUCLEO-C031C6, NUCLEO-C051C8, NUCLEO-C071RB, NUCLEO-C092RC, NUCLEO-H503RB, NUCLEO-H533RE, NUCLEO-H563ZI, NUCLEO-H7S3L8, NUCLEO-N657X0-Q, NUCLEO-U031R8, NUCLEO-U083RC, NUCLEO-U385RG-Q, NUCLEO-U545RE-Q, NUCLEO-U5A5ZJ-Q, NUCLEO-WB05KZ, NUCLEO-WB07CC, NUCLEO-WB09KE, NUCLEO-WBA52CG, NUCLEO-WBA55CG, NUCLEO-WL33CC1, NUCLEO-WL33CC2, STEVAL-PROTEUS1, STEVAL-SMARTAG2, STEVAL-STWINBX1, STM320518-EVAL, STM32C0116-DK, STM32C011D6Y3TR, STM32C011D6Y6TR, STM32C011F4P3, STM32C011F4P6, STM32C011F4U3, STM32C011F4U6TR, STM32C011F6P3, STM32C011F6P6, STM32C011F6U3, STM32C011F6U6TR, STM32C011J4M3, STM32C011J4M6, STM32C011J6M3, STM32C011J6M6, STM32C0316-DK, STM32C031C4T3, STM32C031C4T6, STM32C031C4U3, STM32C031C4U6, STM32C031C6T3, STM32C031C6T6, STM32C031C6U3, STM32C031C6U6, STM32C031F4P3, STM32C031F4P6, STM32C031F6P3, STM32C031F6P6, STM32C031G4U3, STM32C031G4U6, STM32C031G6U3, STM32C031G6U6, STM32C031K4T3, STM32C031K4T6, STM32C031K4U3, STM32C031K4U6, STM32C031K6T3, STM32C031K6T6, STM32C031K6U3, STM32C031K6U6, STM32C051C6T6, STM32C051C6U6, STM32C051C8T6, STM32C051C8U6, STM32C051D8Y6TR, STM32C051F6P6, STM32C051F8P6, STM32C051G6U6, STM32C051G8U6, STM32C051K6T6, STM32C051K6U6, STM32C051K8T6, STM32C071C8T6, STM32C071C8T6N, STM32C071C8U6, STM32C071C8U6N, STM32C071CBT6, STM32C071CBT6N, STM32C071CBU6, STM32C071CBU6N, STM32C071F8P6, STM32C071F8P6N, STM32C071FBP6, STM32C071FBP6N, STM32C071FBY6TR, STM32C071G8U6, STM32C071G8U6N, STM32C071GBU6, STM32C071GBU6N, STM32C071K8T6, STM32C071K8T6N, STM32C071K8U6, STM32C071K8U6N, STM32C071KBT6, STM32C071KBT6N, STM32C071KBU6, STM32C071KBU6N, STM32C071R8T6, STM32C071R8T6N, STM32C071RBI6N, STM32C071RBT6, STM32C071RBT6N, STM32C091CBT6, STM32C091CBU6, STM32C091CCT6, STM32C091CCU6, STM32C091ECY6TR, STM32C091FBP6, STM32C091FCP6, STM32C091GBU6, STM32C091GCU6, STM32C091KBT6, STM32C091KBU6, STM32C091KCT6, STM32C091KCU6, STM32C091RBT6, STM32C091RCI6, STM32C091RCT6, STM32C092CBT6, STM32C092CBU6, STM32C092CCT6, STM32C092CCU6, STM32C092ECY6TR, STM32C092FBP6, STM32C092FCP6, STM32C092GBU6, STM32C092GCU6, STM32C092KBT6, STM32C092KBU6, STM32C092KCT6, STM32C092KCU6, STM32C092RBT6, STM32C092RCI6, STM32C092RCT6, STM32G071K8TXN, STM32G071K8UXN, STM32G081GBU6N, STM32G081KBT6N, STM32G081KBUXN, STM32G0B1CCT6N, STM32G0B1KCT6, STM32G0B1NEY6TR, STM32G0B1RCT6N, STM32G0C1CCT6, STM32G0C1CCT6N, STM32G0C1CCU6N, STM32G0C1CET6N, STM32G0C1CEU6N, STM32G0C1KCT6, STM32G0C1NEY6TR, STM32G0C1RCI6N, STM32G0C1RCT6N, STM32G0C1REI6N, STM32G0C1RET6N, STM32G0C1VCI6, STM32G0C1VEI6, STM32G411C6T3, STM32G411C6T6, STM32G411C6U3, STM32G411C6U6, STM32G411C8T3, STM32G411C8T6, STM32G411C8U3, STM32G411C8U6, STM32G411CBT3, STM32G411CBT6, STM32G411CBU3, STM32G411CBU6, STM32G411K6T3, STM32G411K6T6, STM32G411K6U3, STM32G411K6U6, STM32G411K8T3, STM32G411K8T6, STM32G411K8U3, STM32G411K8U6, STM32G411KBT3, STM32G411KBT6, STM32G411KBU3, STM32G411KBU6, STM32G411M6T3, STM32G411M6T6, STM32G411M8T3, STM32G411M8T6, STM32G411MBT3, STM32G411MBT6, STM32G411R6T3, STM32G411R6T6, STM32G411R8T3, STM32G411R8T6, STM32G411RBT3, STM32G411RBT6, STM32G414CBT3, STM32G414CBT6, STM32G414CBU3, STM32G414CBU6, STM32G414CCT3, STM32G414CCT6, STM32G414CCU3, STM32G414CCU6, STM32G414MBT3, STM32G414MBT6, STM32G414MCT3, STM32G414MCT6, STM32G414RBT3, STM32G414RBT6, STM32G414RCT3, STM32G414RCT6, STM32G414VBT3, STM32G414VBT6, STM32G414VCT3, STM32G414VCT6, STM32G431CBT3Z, STM32G431RBT3Z, STM32G471CCT6, STM32G471CCU6, STM32G471CET3, STM32G471CET6, STM32G471CEU3, STM32G471CEU6, STM32G471MCT6, STM32G471MET3, STM32G471MET6, STM32G471MEY6TR, STM32G471QCT6, STM32G471QET3, STM32G471RCT6, STM32G471RET3, STM32G471RET6, STM32G471VCH6, STM32G471VCI6, STM32G471VCT6, STM32G471VEH3, STM32G471VEH6, STM32G471VEI3, STM32G471VEI6, STM32G471VET3, STM32G471VET6, STM32G473QET3Z, STM32G473RET3Z, STM32G474CCT6, STM32G491RET3Z, STM32H503CBT6, STM32H503CBU6, STM32H503EBY6TR, STM32H503KBU6, STM32H503RBT6, STM32H523CCT6, STM32H523CCU6, STM32H523CET6, STM32H523CEU6, STM32H523HEY6TR, STM32H523RCT6, STM32H523RET6, STM32H523VCI6, STM32H523VCT6, STM32H523VEI6, STM32H523VET6, STM32H523ZCJ6, STM32H523ZCT6, STM32H523ZEJ6, STM32H523ZET6, STM32H533CET6, STM32H533CEU6, STM32H533HEY6TR, STM32H533RET6, STM32H533VEI6, STM32H533VET6, STM32H533ZEJ6, STM32H533ZET6, STM32H562AGI6, STM32H562AII6, STM32H562IGK6, STM32H562IGT6, STM32H562IIK6, STM32H562IIT6, STM32H562RGT6, STM32H562RGV6, STM32H562RIT6, STM32H562RIV6, STM32H562VGT6, STM32H562VIT6, STM32H562ZGT6, STM32H562ZIT6, STM32H563AGI6, STM32H563AII3Q, STM32H563AII6, STM32H563IGK6, STM32H563IGT6, STM32H563IIK3Q, STM32H563IIK6, STM32H563IIT3Q, STM32H563IIT6, STM32H563MIY3QTR, STM32H563RGT6, STM32H563RGV6, STM32H563RIT6, STM32H563RIV6, STM32H563VGT6, STM32H563VIT3Q, STM32H563VIT6, STM32H563ZGT6, STM32H563ZIT3Q, STM32H563ZIT6, STM32H573AII3Q, STM32H573AII6, STM32H573I-DK, STM32H573IIK3Q, STM32H573IIK6, STM32H573IIT3Q, STM32H573IIT6, STM32H573MIY3QTR, STM32H573RIT6, STM32H573RIV6, STM32H573VIT3Q, STM32H573VIT6, STM32H573ZIT3Q, STM32H573ZIT6, STM32H7R3A8I6, STM32H7R3I8K6, STM32H7R3I8T6, STM32H7R3L8H6, STM32H7R3L8H6H, STM32H7R3R8V6, STM32H7R3V8H6, STM32H7R3V8T6, STM32H7R3V8Y6TR, STM32H7R3Z8J6, STM32H7R3Z8T6, STM32H7R7A8I6, STM32H7R7I8K6, STM32H7R7I8T6, STM32H7R7L8H6, STM32H7R7L8H6H, STM32H7R7Z8J6, STM32H7S3A8I6, STM32H7S3I8K6, STM32H7S3I8T6, STM32H7S3L8H6, STM32H7S3L8H6H, STM32H7S3R8V6, STM32H7S3V8H6, STM32H7S3V8T6, STM32H7S3V8Y6TR, STM32H7S3Z8J6, STM32H7S3Z8T6, STM32H7S78-DK, STM32H7S7A8I6, STM32H7S7I8K6, STM32H7S7I8T6, STM32H7S7L8H6, STM32H7S7L8H6H, STM32H7S7Z8J6, STM32L4R5QGI6STR, STM32MP131AAE3, STM32MP131AAF3, STM32MP131AAG3, STM32MP131CAE3, STM32MP131CAF3, STM32MP131CAG3, STM32MP131DAE7, STM32MP131DAF7, STM32MP131DAG7, STM32MP131FAE7, STM32MP131FAF7, STM32MP131FAG7, STM32MP133AAE3, STM32MP133AAF3, STM32MP133AAG3, STM32MP133CAE3, STM32MP133CAF3, STM32MP133CAG3, STM32MP133DAE7, STM32MP133DAF7, STM32MP133DAG7, STM32MP133FAE7, STM32MP133FAF7, STM32MP133FAG7, STM32MP135AAE3, STM32MP135AAF3, STM32MP135AAG3, STM32MP135CAE3, STM32MP135CAF3, STM32MP135CAG3, STM32MP135DAE7, STM32MP135DAF7, STM32MP135DAG7, STM32MP135F-DK, STM32MP135FAE7, STM32MP135FAF7, STM32MP135FAF7T, STM32MP135FAF7U, STM32MP135FAG7, STM32MP211AAL3, STM32MP211AAM3, STM32MP211AAN3, STM32MP211AAO3, STM32MP211CAL3, STM32MP211CAM3, STM32MP211CAN3, STM32MP211CAO3, STM32MP211DAL3, STM32MP211DAM3, STM32MP211DAN3, STM32MP211DAO3, STM32MP211FAL3, STM32MP211FAM3, STM32MP211FAN3, STM32MP211FAO3, STM32MP213AAL3, STM32MP213AAM3, STM32MP213AAN3, STM32MP213AAO3, STM32MP213CAL3, STM32MP213CAM3, STM32MP213CAN3, STM32MP213CAO3, STM32MP213DAL3, STM32MP213DAM3, STM32MP213DAN3, STM32MP213DAO3, STM32MP213FAL3, STM32MP213FAM3, STM32MP213FAN3, STM32MP213FAO3, STM32MP215AAL3, STM32MP215AAM3, STM32MP215AAN3, STM32MP215AAO3, STM32MP215CAL3, STM32MP215CAM3, STM32MP215CAN3, STM32MP215CAO3, STM32MP215DAL3, STM32MP215DAM3, STM32MP215DAN3, STM32MP215DAO3, STM32MP215F-DK, STM32MP215FAL3, STM32MP215FAM3, STM32MP215FAN3, STM32MP215FAO3, STM32MP231AAJ3, STM32MP231AAK3, STM32MP231AAL3, STM32MP231CAJ3, STM32MP231CAK3, STM32MP231CAL3, STM32MP231DAJ3, STM32MP231DAK3, STM32MP231DAL3, STM32MP231FAJ3, STM32MP231FAK3, STM32MP231FAL3, STM32MP233AAJ3, STM32MP233AAK3, STM32MP233AAL3, STM32MP233CAJ3, STM32MP233CAK3, STM32MP233CAL3, STM32MP233DAJ3, STM32MP233DAK3, STM32MP233DAL3, STM32MP233FAJ3, STM32MP233FAK3, STM32MP233FAL3, STM32MP235AAJ3, STM32MP235AAK3, STM32MP235AAL3, STM32MP235CAJ3, STM32MP235CAK3, STM32MP235CAL3, STM32MP235DAJ3, STM32MP235DAK3, STM32MP235DAL3, STM32MP235FAJ3, STM32MP235FAK3, STM32MP235FAL3, STM32MP251AAI3, STM32MP251AAK3, STM32MP251AAL3, STM32MP251CAI3, STM32MP251CAK3, STM32MP251CAL3, STM32MP251DAI3, STM32MP251DAK3, STM32MP251DAL3, STM32MP251FAI3, STM32MP251FAK3, STM32MP251FAL3, STM32MP253AAI3, STM32MP253AAK3, STM32MP253AAL3, STM32MP253CAI3, STM32MP253CAK3, STM32MP253CAL3, STM32MP253DAI3, STM32MP253DAK3, STM32MP253DAL3, STM32MP253FAI3, STM32MP253FAK3, STM32MP253FAL3, STM32MP255AAI3, STM32MP255AAK3, STM32MP255AAL3, STM32MP255CAI3, STM32MP255CAK3, STM32MP255CAL3, STM32MP255DAI3, STM32MP255DAK3, STM32MP255DAL3, STM32MP255FAI3, STM32MP255FAK3, STM32MP255FAL3, STM32MP257AAI3, STM32MP257AAK3, STM32MP257AAL3, STM32MP257CAI3, STM32MP257CAK3, STM32MP257CAL3, STM32MP257DAI3, STM32MP257DAK3, STM32MP257DAL3, STM32MP257F-DK, STM32MP257F-EV1, STM32MP257FAI3, STM32MP257FAK3, STM32MP257FAL3, STM32N645A0H3Q, STM32N645B0H3Q, STM32N645I0H3Q, STM32N645L0H3Q, STM32N645X0H3Q, STM32N645Z0H3Q, STM32N647A0H3Q, STM32N647B0H3Q, STM32N647I0H3Q, STM32N647L0H3Q, STM32N647X0H3Q, STM32N647Z0H3Q, STM32N655A0H3Q, STM32N655B0H3Q, STM32N655I0H3Q, STM32N655L0H3Q, STM32N655X0H3Q, STM32N655Z0H3Q, STM32N6570-DK, STM32N657A0H3Q, STM32N657B0H3Q, STM32N657I0H3Q, STM32N657L0H3Q, STM32N657X0H3Q, STM32N657Z0H3Q, STM32U031C6T6, STM32U031C6U6, STM32U031C8T6, STM32U031C8U6, STM32U031F4P6, STM32U031F6P6, STM32U031F8P6, STM32U031G6Y6TR, STM32U031G8Y6TR, STM32U031K4U6, STM32U031K6U6, STM32U031K8U6, STM32U031R6I6, STM32U031R6T6, STM32U031R8I6, STM32U031R8T6, STM32U073C8T6, STM32U073C8U6, STM32U073CBT6, STM32U073CBU6, STM32U073CCT6, STM32U073CCU6, STM32U073H8Y6TR, STM32U073HBY6TR, STM32U073HCY6TR, STM32U073K8U6, STM32U073KBU6, STM32U073KCU6, STM32U073M8I6, STM32U073M8T6, STM32U073MBI6, STM32U073MBT6, STM32U073MCI6, STM32U073MCT6, STM32U073R8I6, STM32U073R8T6, STM32U073RBI6, STM32U073RBT6, STM32U073RCI6, STM32U073RCT6, STM32U083C-DK, STM32U083CCT6, STM32U083CCU6, STM32U083HCY6TR, STM32U083KCU6, STM32U083MCI6, STM32U083MCT6, STM32U083RCI6, STM32U083RCT6, STM32U375CET6, STM32U375CET6Q, STM32U375CEU6, STM32U375CEU6Q, STM32U375CEY6QTR, STM32U375CGT6, STM32U375CGT6Q, STM32U375CGU6, STM32U375CGU6Q, STM32U375CGY6QTR, STM32U375KEU6, STM32U375KGU6, STM32U375REI6, STM32U375REI6Q, STM32U375RET6, STM32U375RET6Q, STM32U375REY6GTR, STM32U375REY6QTR, STM32U375RGI6, STM32U375RGI6Q, STM32U375RGT6, STM32U375RGT6Q, STM32U375RGY6GTR, STM32U375RGY6QTR, STM32U375VEI6, STM32U375VEI6Q, STM32U375VET6, STM32U375VET6Q, STM32U375VGI6, STM32U375VGI6Q, STM32U375VGT6, STM32U375VGT6Q, STM32U385CGT6, STM32U385CGT6Q, STM32U385CGU6, STM32U385CGU6Q, STM32U385CGY6QTR, STM32U385KGU6, STM32U385RGI6, STM32U385RGI6Q, STM32U385RGT6, STM32U385RGT6Q, STM32U385RGY6GTR, STM32U385RGY6QTR, STM32U385VGI6, STM32U385VGI6Q, STM32U385VGT6, STM32U385VGT6Q, STM32U535CBT6, STM32U535CBT6Q, STM32U535CBU6, STM32U535CBU6Q, STM32U535CCT6, STM32U535CCT6Q, STM32U535CCU6, STM32U535CCU6Q, STM32U535CET6, STM32U535CET6Q, STM32U535CEU6, STM32U535CEU6Q, STM32U535JEY6QTR, STM32U535NCY6QTR, STM32U535NEY6QTR, STM32U535RBI6, STM32U535RBI6Q, STM32U535RBT6, STM32U535RBT6Q, STM32U535RCI6, STM32U535RCI6Q, STM32U535RCT6, STM32U535RCT6Q, STM32U535REI6, STM32U535REI6Q, STM32U535RET6, STM32U535RET6Q, STM32U535VCI6, STM32U535VCI6Q, STM32U535VCT6, STM32U535VCT6Q, STM32U535VEI6, STM32U535VEI6Q, STM32U535VET6, STM32U535VET6Q, STM32U545CET6, STM32U545CET6Q, STM32U545CEU6, STM32U545CEU6Q, STM32U545JEY6QTR, STM32U545NEY6QTR, STM32U545REI6, STM32U545REI6Q, STM32U545RET6, STM32U545RET6Q, STM32U545VEI6, STM32U545VEI6Q, STM32U545VET6, STM32U545VET6Q, STM32U595AIH6, STM32U595AIH6Q, STM32U595AJH6, STM32U595AJH6Q, STM32U595QII6, STM32U595QII6Q, STM32U595QJI6, STM32U595QJI6Q, STM32U595RIT6, STM32U595RIT6Q, STM32U595RJT6, STM32U595RJT6Q, STM32U595VIT6, STM32U595VIT6Q, STM32U595VJT6, STM32U595VJT6Q, STM32U595ZIT6, STM32U595ZIT6Q, STM32U595ZIY6QTR, STM32U595ZJT6, STM32U595ZJT6Q, STM32U595ZJY6QTR, STM32U599BJY6QTR, STM32U599NIH6Q, STM32U599NJH6Q, STM32U599VIT6Q, STM32U599VJT6, STM32U599VJT6Q, STM32U599ZIT6Q, STM32U599ZIY6QTR, STM32U599ZJT6Q, STM32U599ZJY6QTR, STM32U5A5AJH6, STM32U5A5AJH6Q, STM32U5A5QII3Q , STM32U5A5QJI6, STM32U5A5QJI6Q, STM32U5A5RJT6, STM32U5A5RJT6Q, STM32U5A5VJT6, STM32U5A5VJT6Q, STM32U5A5ZJT6, STM32U5A5ZJT6Q, STM32U5A5ZJY6QTR, STM32U5A9BJY6QTR, STM32U5A9J-DK, STM32U5A9NJH6Q, STM32U5A9VJT6Q, STM32U5A9ZJT6Q, STM32U5A9ZJY6QTR, STM32U5F7VIT6, STM32U5F7VIT6Q, STM32U5F7VJT6, STM32U5F7VJT6Q, STM32U5F9BJY6QTR, STM32U5F9NJH6Q, STM32U5F9VIT6Q, STM32U5F9VJT6Q, STM32U5F9ZIJ6QTR, STM32U5F9ZIT6Q, STM32U5F9ZJJ6QTR, STM32U5F9ZJT6Q, STM32U5G7VJT6, STM32U5G7VJT6Q, STM32U5G9BJY6QTR, STM32U5G9J-DK1, STM32U5G9J-DK2, STM32U5G9NJH6Q, STM32U5G9VJT6Q, STM32U5G9ZJJ6QTR, STM32U5G9ZJT6Q, STM32WB05KZV6TR, STM32WB05KZV7TR, STM32WB05TZF6TR, STM32WB05TZF7TR, STM32WB06CCF6TR, STM32WB06CCF7TR, STM32WB06CCV6TR, STM32WB06CCV7TR, STM32WB06KCV6TR, STM32WB06KCV7TR, STM32WB07CCF6TR, STM32WB07CCF7TR, STM32WB07CCV6TR, STM32WB07CCV7TR, STM32WB07KCV6TR, STM32WB07KCV7TR, STM32WB09KEV6TR, STM32WB09KEV7TR, STM32WB09TEF6TR, STM32WB09TEF7TR, STM32WB1MMCH6, STM32WBA50KGU6, STM32WBA50KGU6TR, STM32WBA52CEU6, STM32WBA52CEU6TR, STM32WBA52CEU7, STM32WBA52CEU7TR, STM32WBA52CGU6, STM32WBA52CGU6TR, STM32WBA52CGU6U, STM32WBA52CGU7, STM32WBA52CGU7TR, STM32WBA52KEU6, STM32WBA52KEU6TR, STM32WBA52KGU6, STM32WBA52KGU6TR, STM32WBA54CEU6, STM32WBA54CEU6TR, STM32WBA54CEU7, STM32WBA54CEU7TR, STM32WBA54CGU6, STM32WBA54CGU6TR, STM32WBA54CGU7, STM32WBA54CGU7TR, STM32WBA54KEU6, STM32WBA54KEU6TR, STM32WBA54KEU7, STM32WBA54KEU7TR, STM32WBA54KGU6, STM32WBA54KGU6TR, STM32WBA54KGU7, STM32WBA54KGU7TR, STM32WBA55CEU6, STM32WBA55CEU6TR, STM32WBA55CEU7, STM32WBA55CEU7TR, STM32WBA55CGU6, STM32WBA55CGU6TR, STM32WBA55CGU6U, STM32WBA55CGU7, STM32WBA55CGU7TR, STM32WBA55G-DK1, STM32WBA55HEF6, STM32WBA55HEF7, STM32WBA55HGF6, STM32WBA55HGF7, STM32WBA55UEI6, STM32WBA55UEI6TR, STM32WBA55UEI7, STM32WBA55UEI7TR, STM32WBA55UGI6, STM32WBA55UGI6TR, STM32WBA55UGI7, STM32WBA55UGI7TR, STM32WBA5MMGH6TR, STM32WBA62MGF6, STM32WBA62MIF6, STM32WBA65MGF7, STM32WBA65MIF6, STM32WBA65MIF7, STM32WL30K8V6, STM32WL30KBV6, STM32WL31C8V6, STM32WL31CBV6, STM32WL31K8V6, STM32WL31KBV6, STM32WL33C8V6, STM32WL33C8V6X, STM32WL33CBV6, STM32WL33CBV6X, STM32WL33CCV6, STM32WL33CCV6A, STM32WL33CCV6X, STM32WL33K8V7, STM32WL33K8V7X, STM32WL33KBV7 , STM32WL33KBV7X, STM32WL33KCV7, STM32WL33KCV7X, STM32WL5MOCH6, STM32WL5MOCH6TR]
2026-05-12 17:21:39,617 [INFO] DbMcus:218 - Found 5086 MCUs, 4968 are supported
2026-05-12 17:21:39,618 [INFO] ApiDb:423 - Load user favorites file C:\Users\jahna/.stm32cubeide/favorites.mcus.txt: 0 item(s)
2026-05-12 17:21:39,619 [INFO] ApiDb:427 - User favorites MCUs=[]
2026-05-12 17:21:39,619 [INFO] DbMcus:224 - Set 0 / 0 favorites MCUs
2026-05-12 17:21:40,500 [INFO] ApiDb:668 - CubeFinder database Data Model version=2.1
2026-05-12 17:21:40,501 [INFO] ApiDb:669 - CubeFinder database Configuration version=3.0.42
2026-05-12 17:21:40,501 [INFO] ApiDb:670 - CubeFinder database generation date=2026-05-06 (1778060171)
2026-05-12 17:21:40,501 [INFO] ApiDb:671 - CubeFinder database FW Pack versions=[FP-ATR-ASTRA1_V2.0.0, FP-SNS-FLIGHT1_V5.1.0, FP-SNS-MOTENV1_V5.1.0, FP-SNS-MOTENVWB1_V1.5.0, FP-SNS-SMARTAG2_V1.2.0, FP-SNS-STBOX1_V2.1.0, STM32Cube_FW_C0_V1.4.0, STM32Cube_FW_F4_V1.28.3, STM32Cube_FW_F7_V1.17.4, STM32Cube_FW_G0_V1.6.3, STM32Cube_FW_G4_V1.6.2, STM32Cube_FW_H5_V1.6.0, STM32Cube_FW_H7RS_V1.3.0, STM32Cube_FW_H7_V1.13.0, STM32Cube_FW_L0_V1.12.2, STM32Cube_FW_L4_V1.18.2, STM32Cube_FW_L5_V1.6.0, STM32Cube_FW_N6_V1.3.0, STM32Cube_FW_U0_V1.3.0, STM32Cube_FW_U3_V1.3.0, STM32Cube_FW_U5_V1.8.0, STM32Cube_FW_WB0_V1.4.0, STM32Cube_FW_WBA_V1.9.0, STM32Cube_FW_WB_V1.24.0, STM32Cube_FW_WL3_V1.4.0, STM32Cube_FW_WL_V1.5.0, X-CUBE-ALGOBUILD_V1.4.0, X-CUBE-ALS_V1.0.2, X-CUBE-AZRTOS-F4_V1.1.0, X-CUBE-AZRTOS-F7_V1.1.0, X-CUBE-AZRTOS-G0_V1.1.0, X-CUBE-AZRTOS-G4_V2.0.0, X-CUBE-AZRTOS-H7RS_V1.1.0, X-CUBE-AZRTOS-H7_V3.5.0, X-CUBE-AZRTOS-L4_V2.0.0, X-CUBE-AZRTOS-L5_V2.0.0, X-CUBE-AZRTOS-WB_V2.0.0, X-CUBE-AZRTOS-WL_V2.0.0, X-CUBE-BLE1_V7.1.0, X-CUBE-BLE2_V3.3.0, X-CUBE-BLEMGR_V4.1.0, X-CUBE-EEPRMA1_V5.2.0, X-CUBE-FREERTOS_V1.5.0, X-CUBE-GNSS1_V6.0.0, X-CUBE-MEMS1_V12.0.0, X-CUBE-NFC4_V3.0.0, X-CUBE-NFC7_V2.0.0, X-CUBE-SFXS2LP1_V4.0.0, X-CUBE-ST67W61_V1.2.0, X-CUBE-SUBG2_V5.0.0, X-CUBE-TOF1_V3.4.3]
2026-05-12 17:21:40,632 [INFO] DbBoardsSqlite:226 - include board P-NUCLEO-WB55-NUCLEO as a kit item of type 'Nucleo-64'
2026-05-12 17:21:40,632 [INFO] DbBoardsSqlite:226 - include board P-NUCLEO-WB55-USBDONGLE as a kit item of type 'Nucleo USB Dongle'
2026-05-12 17:21:40,633 [INFO] DbBoardsSqlite:226 - include board STEVAL-IDP005V1 as a kit item of type 'Evaluation Board'
2026-05-12 17:21:40,633 [INFO] DbBoardsSqlite:226 - include board STEVAL-IDP005V2 as a kit item of type 'Evaluation Board'
2026-05-12 17:21:40,808 [INFO] ApiDb:240 - Found 880 in-development CPN: [B-G473E-ZEST1S, B-WB1M-WPAN1, B-WBA5M-WPAN, B-WL5M-SUBG1, NUCLEO-C031C6, NUCLEO-C051C8, NUCLEO-C071RB, NUCLEO-C092RC, NUCLEO-H503RB, NUCLEO-H533RE, NUCLEO-H563ZI, NUCLEO-H7S3L8, NUCLEO-N657X0-Q, NUCLEO-U031R8, NUCLEO-U083RC, NUCLEO-U385RG-Q, NUCLEO-U545RE-Q, NUCLEO-U5A5ZJ-Q, NUCLEO-WB05KZ, NUCLEO-WB07CC, NUCLEO-WB09KE, NUCLEO-WBA52CG, NUCLEO-WBA55CG, NUCLEO-WL33CC1, NUCLEO-WL33CC2, STEVAL-PROTEUS1, STEVAL-SMARTAG2, STEVAL-STWINBX1, STM320518-EVAL, STM32C0116-DK, STM32C011D6Y3TR, STM32C011D6Y6TR, STM32C011F4P3, STM32C011F4P6, STM32C011F4U3, STM32C011F4U6TR, STM32C011F6P3, STM32C011F6P6, STM32C011F6U3, STM32C011F6U6TR, STM32C011J4M3, STM32C011J4M6, STM32C011J6M3, STM32C011J6M6, STM32C0316-DK, STM32C031C4T3, STM32C031C4T6, STM32C031C4U3, STM32C031C4U6, STM32C031C6T3, STM32C031C6T6, STM32C031C6U3, STM32C031C6U6, STM32C031F4P3, STM32C031F4P6, STM32C031F6P3, STM32C031F6P6, STM32C031G4U3, STM32C031G4U6, STM32C031G6U3, STM32C031G6U6, STM32C031K4T3, STM32C031K4T6, STM32C031K4U3, STM32C031K4U6, STM32C031K6T3, STM32C031K6T6, STM32C031K6U3, STM32C031K6U6, STM32C051C6T6, STM32C051C6U6, STM32C051C8T6, STM32C051C8U6, STM32C051D8Y6TR, STM32C051F6P6, STM32C051F8P6, STM32C051G6U6, STM32C051G8U6, STM32C051K6T6, STM32C051K6U6, STM32C051K8T6, STM32C071C8T6, STM32C071C8T6N, STM32C071C8U6, STM32C071C8U6N, STM32C071CBT6, STM32C071CBT6N, STM32C071CBU6, STM32C071CBU6N, STM32C071F8P6, STM32C071F8P6N, STM32C071FBP6, STM32C071FBP6N, STM32C071FBY6TR, STM32C071G8U6, STM32C071G8U6N, STM32C071GBU6, STM32C071GBU6N, STM32C071K8T6, STM32C071K8T6N, STM32C071K8U6, STM32C071K8U6N, STM32C071KBT6, STM32C071KBT6N, STM32C071KBU6, STM32C071KBU6N, STM32C071R8T6, STM32C071R8T6N, STM32C071RBI6N, STM32C071RBT6, STM32C071RBT6N, STM32C091CBT6, STM32C091CBU6, STM32C091CCT6, STM32C091CCU6, STM32C091ECY6TR, STM32C091FBP6, STM32C091FCP6, STM32C091GBU6, STM32C091GCU6, STM32C091KBT6, STM32C091KBU6, STM32C091KCT6, STM32C091KCU6, STM32C091RBT6, STM32C091RCI6, STM32C091RCT6, STM32C092CBT6, STM32C092CBU6, STM32C092CCT6, STM32C092CCU6, STM32C092ECY6TR, STM32C092FBP6, STM32C092FCP6, STM32C092GBU6, STM32C092GCU6, STM32C092KBT6, STM32C092KBU6, STM32C092KCT6, STM32C092KCU6, STM32C092RBT6, STM32C092RCI6, STM32C092RCT6, STM32G071K8TXN, STM32G071K8UXN, STM32G081GBU6N, STM32G081KBT6N, STM32G081KBUXN, STM32G0B1CCT6N, STM32G0B1KCT6, STM32G0B1NEY6TR, STM32G0B1RCT6N, STM32G0C1CCT6, STM32G0C1CCT6N, STM32G0C1CCU6N, STM32G0C1CET6N, STM32G0C1CEU6N, STM32G0C1KCT6, STM32G0C1NEY6TR, STM32G0C1RCI6N, STM32G0C1RCT6N, STM32G0C1REI6N, STM32G0C1RET6N, STM32G0C1VCI6, STM32G0C1VEI6, STM32G411C6T3, STM32G411C6T6, STM32G411C6U3, STM32G411C6U6, STM32G411C8T3, STM32G411C8T6, STM32G411C8U3, STM32G411C8U6, STM32G411CBT3, STM32G411CBT6, STM32G411CBU3, STM32G411CBU6, STM32G411K6T3, STM32G411K6T6, STM32G411K6U3, STM32G411K6U6, STM32G411K8T3, STM32G411K8T6, STM32G411K8U3, STM32G411K8U6, STM32G411KBT3, STM32G411KBT6, STM32G411KBU3, STM32G411KBU6, STM32G411M6T3, STM32G411M6T6, STM32G411M8T3, STM32G411M8T6, STM32G411MBT3, STM32G411MBT6, STM32G411R6T3, STM32G411R6T6, STM32G411R8T3, STM32G411R8T6, STM32G411RBT3, STM32G411RBT6, STM32G414CBT3, STM32G414CBT6, STM32G414CBU3, STM32G414CBU6, STM32G414CCT3, STM32G414CCT6, STM32G414CCU3, STM32G414CCU6, STM32G414MBT3, STM32G414MBT6, STM32G414MCT3, STM32G414MCT6, STM32G414RBT3, STM32G414RBT6, STM32G414RCT3, STM32G414RCT6, STM32G414VBT3, STM32G414VBT6, STM32G414VCT3, STM32G414VCT6, STM32G431CBT3Z, STM32G431RBT3Z, STM32G471CCT6, STM32G471CCU6, STM32G471CET3, STM32G471CET6, STM32G471CEU3, STM32G471CEU6, STM32G471MCT6, STM32G471MET3, STM32G471MET6, STM32G471MEY6TR, STM32G471QCT6, STM32G471QET3, STM32G471RCT6, STM32G471RET3, STM32G471RET6, STM32G471VCH6, STM32G471VCI6, STM32G471VCT6, STM32G471VEH3, STM32G471VEH6, STM32G471VEI3, STM32G471VEI6, STM32G471VET3, STM32G471VET6, STM32G473QET3Z, STM32G473RET3Z, STM32G474CCT6, STM32G491RET3Z, STM32H503CBT6, STM32H503CBU6, STM32H503EBY6TR, STM32H503KBU6, STM32H503RBT6, STM32H523CCT6, STM32H523CCU6, STM32H523CET6, STM32H523CEU6, STM32H523HEY6TR, STM32H523RCT6, STM32H523RET6, STM32H523VCI6, STM32H523VCT6, STM32H523VEI6, STM32H523VET6, STM32H523ZCJ6, STM32H523ZCT6, STM32H523ZEJ6, STM32H523ZET6, STM32H533CET6, STM32H533CEU6, STM32H533HEY6TR, STM32H533RET6, STM32H533VEI6, STM32H533VET6, STM32H533ZEJ6, STM32H533ZET6, STM32H562AGI6, STM32H562AII6, STM32H562IGK6, STM32H562IGT6, STM32H562IIK6, STM32H562IIT6, STM32H562RGT6, STM32H562RGV6, STM32H562RIT6, STM32H562RIV6, STM32H562VGT6, STM32H562VIT6, STM32H562ZGT6, STM32H562ZIT6, STM32H563AGI6, STM32H563AII3Q, STM32H563AII6, STM32H563IGK6, STM32H563IGT6, STM32H563IIK3Q, STM32H563IIK6, STM32H563IIT3Q, STM32H563IIT6, STM32H563MIY3QTR, STM32H563RGT6, STM32H563RGV6, STM32H563RIT6, STM32H563RIV6, STM32H563VGT6, STM32H563VIT3Q, STM32H563VIT6, STM32H563ZGT6, STM32H563ZIT3Q, STM32H563ZIT6, STM32H573AII3Q, STM32H573AII6, STM32H573I-DK, STM32H573IIK3Q, STM32H573IIK6, STM32H573IIT3Q, STM32H573IIT6, STM32H573MIY3QTR, STM32H573RIT6, STM32H573RIV6, STM32H573VIT3Q, STM32H573VIT6, STM32H573ZIT3Q, STM32H573ZIT6, STM32H7R3A8I6, STM32H7R3I8K6, STM32H7R3I8T6, STM32H7R3L8H6, STM32H7R3L8H6H, STM32H7R3R8V6, STM32H7R3V8H6, STM32H7R3V8T6, STM32H7R3V8Y6TR, STM32H7R3Z8J6, STM32H7R3Z8T6, STM32H7R7A8I6, STM32H7R7I8K6, STM32H7R7I8T6, STM32H7R7L8H6, STM32H7R7L8H6H, STM32H7R7Z8J6, STM32H7S3A8I6, STM32H7S3I8K6, STM32H7S3I8T6, STM32H7S3L8H6, STM32H7S3L8H6H, STM32H7S3R8V6, STM32H7S3V8H6, STM32H7S3V8T6, STM32H7S3V8Y6TR, STM32H7S3Z8J6, STM32H7S3Z8T6, STM32H7S78-DK, STM32H7S7A8I6, STM32H7S7I8K6, STM32H7S7I8T6, STM32H7S7L8H6, STM32H7S7L8H6H, STM32H7S7Z8J6, STM32L4R5QGI6STR, STM32MP131AAE3, STM32MP131AAF3, STM32MP131AAG3, STM32MP131CAE3, STM32MP131CAF3, STM32MP131CAG3, STM32MP131DAE7, STM32MP131DAF7, STM32MP131DAG7, STM32MP131FAE7, STM32MP131FAF7, STM32MP131FAG7, STM32MP133AAE3, STM32MP133AAF3, STM32MP133AAG3, STM32MP133CAE3, STM32MP133CAF3, STM32MP133CAG3, STM32MP133DAE7, STM32MP133DAF7, STM32MP133DAG7, STM32MP133FAE7, STM32MP133FAF7, STM32MP133FAG7, STM32MP135AAE3, STM32MP135AAF3, STM32MP135AAG3, STM32MP135CAE3, STM32MP135CAF3, STM32MP135CAG3, STM32MP135DAE7, STM32MP135DAF7, STM32MP135DAG7, STM32MP135F-DK, STM32MP135FAE7, STM32MP135FAF7, STM32MP135FAF7T, STM32MP135FAF7U, STM32MP135FAG7, STM32MP211AAL3, STM32MP211AAM3, STM32MP211AAN3, STM32MP211AAO3, STM32MP211CAL3, STM32MP211CAM3, STM32MP211CAN3, STM32MP211CAO3, STM32MP211DAL3, STM32MP211DAM3, STM32MP211DAN3, STM32MP211DAO3, STM32MP211FAL3, STM32MP211FAM3, STM32MP211FAN3, STM32MP211FAO3, STM32MP213AAL3, STM32MP213AAM3, STM32MP213AAN3, STM32MP213AAO3, STM32MP213CAL3, STM32MP213CAM3, STM32MP213CAN3, STM32MP213CAO3, STM32MP213DAL3, STM32MP213DAM3, STM32MP213DAN3, STM32MP213DAO3, STM32MP213FAL3, STM32MP213FAM3, STM32MP213FAN3, STM32MP213FAO3, STM32MP215AAL3, STM32MP215AAM3, STM32MP215AAN3, STM32MP215AAO3, STM32MP215CAL3, STM32MP215CAM3, STM32MP215CAN3, STM32MP215CAO3, STM32MP215DAL3, STM32MP215DAM3, STM32MP215DAN3, STM32MP215DAO3, STM32MP215F-DK, STM32MP215FAL3, STM32MP215FAM3, STM32MP215FAN3, STM32MP215FAO3, STM32MP231AAJ3, STM32MP231AAK3, STM32MP231AAL3, STM32MP231CAJ3, STM32MP231CAK3, STM32MP231CAL3, STM32MP231DAJ3, STM32MP231DAK3, STM32MP231DAL3, STM32MP231FAJ3, STM32MP231FAK3, STM32MP231FAL3, STM32MP233AAJ3, STM32MP233AAK3, STM32MP233AAL3, STM32MP233CAJ3, STM32MP233CAK3, STM32MP233CAL3, STM32MP233DAJ3, STM32MP233DAK3, STM32MP233DAL3, STM32MP233FAJ3, STM32MP233FAK3, STM32MP233FAL3, STM32MP235AAJ3, STM32MP235AAK3, STM32MP235AAL3, STM32MP235CAJ3, STM32MP235CAK3, STM32MP235CAL3, STM32MP235DAJ3, STM32MP235DAK3, STM32MP235DAL3, STM32MP235FAJ3, STM32MP235FAK3, STM32MP235FAL3, STM32MP251AAI3, STM32MP251AAK3, STM32MP251AAL3, STM32MP251CAI3, STM32MP251CAK3, STM32MP251CAL3, STM32MP251DAI3, STM32MP251DAK3, STM32MP251DAL3, STM32MP251FAI3, STM32MP251FAK3, STM32MP251FAL3, STM32MP253AAI3, STM32MP253AAK3, STM32MP253AAL3, STM32MP253CAI3, STM32MP253CAK3, STM32MP253CAL3, STM32MP253DAI3, STM32MP253DAK3, STM32MP253DAL3, STM32MP253FAI3, STM32MP253FAK3, STM32MP253FAL3, STM32MP255AAI3, STM32MP255AAK3, STM32MP255AAL3, STM32MP255CAI3, STM32MP255CAK3, STM32MP255CAL3, STM32MP255DAI3, STM32MP255DAK3, STM32MP255DAL3, STM32MP255FAI3, STM32MP255FAK3, STM32MP255FAL3, STM32MP257AAI3, STM32MP257AAK3, STM32MP257AAL3, STM32MP257CAI3, STM32MP257CAK3, STM32MP257CAL3, STM32MP257DAI3, STM32MP257DAK3, STM32MP257DAL3, STM32MP257F-DK, STM32MP257F-EV1, STM32MP257FAI3, STM32MP257FAK3, STM32MP257FAL3, STM32N645A0H3Q, STM32N645B0H3Q, STM32N645I0H3Q, STM32N645L0H3Q, STM32N645X0H3Q, STM32N645Z0H3Q, STM32N647A0H3Q, STM32N647B0H3Q, STM32N647I0H3Q, STM32N647L0H3Q, STM32N647X0H3Q, STM32N647Z0H3Q, STM32N655A0H3Q, STM32N655B0H3Q, STM32N655I0H3Q, STM32N655L0H3Q, STM32N655X0H3Q, STM32N655Z0H3Q, STM32N6570-DK, STM32N657A0H3Q, STM32N657B0H3Q, STM32N657I0H3Q, STM32N657L0H3Q, STM32N657X0H3Q, STM32N657Z0H3Q, STM32U031C6T6, STM32U031C6U6, STM32U031C8T6, STM32U031C8U6, STM32U031F4P6, STM32U031F6P6, STM32U031F8P6, STM32U031G6Y6TR, STM32U031G8Y6TR, STM32U031K4U6, STM32U031K6U6, STM32U031K8U6, STM32U031R6I6, STM32U031R6T6, STM32U031R8I6, STM32U031R8T6, STM32U073C8T6, STM32U073C8U6, STM32U073CBT6, STM32U073CBU6, STM32U073CCT6, STM32U073CCU6, STM32U073H8Y6TR, STM32U073HBY6TR, STM32U073HCY6TR, STM32U073K8U6, STM32U073KBU6, STM32U073KCU6, STM32U073M8I6, STM32U073M8T6, STM32U073MBI6, STM32U073MBT6, STM32U073MCI6, STM32U073MCT6, STM32U073R8I6, STM32U073R8T6, STM32U073RBI6, STM32U073RBT6, STM32U073RCI6, STM32U073RCT6, STM32U083C-DK, STM32U083CCT6, STM32U083CCU6, STM32U083HCY6TR, STM32U083KCU6, STM32U083MCI6, STM32U083MCT6, STM32U083RCI6, STM32U083RCT6, STM32U375CET6, STM32U375CET6Q, STM32U375CEU6, STM32U375CEU6Q, STM32U375CEY6QTR, STM32U375CGT6, STM32U375CGT6Q, STM32U375CGU6, STM32U375CGU6Q, STM32U375CGY6QTR, STM32U375KEU6, STM32U375KGU6, STM32U375REI6, STM32U375REI6Q, STM32U375RET6, STM32U375RET6Q, STM32U375REY6GTR, STM32U375REY6QTR, STM32U375RGI6, STM32U375RGI6Q, STM32U375RGT6, STM32U375RGT6Q, STM32U375RGY6GTR, STM32U375RGY6QTR, STM32U375VEI6, STM32U375VEI6Q, STM32U375VET6, STM32U375VET6Q, STM32U375VGI6, STM32U375VGI6Q, STM32U375VGT6, STM32U375VGT6Q, STM32U385CGT6, STM32U385CGT6Q, STM32U385CGU6, STM32U385CGU6Q, STM32U385CGY6QTR, STM32U385KGU6, STM32U385RGI6, STM32U385RGI6Q, STM32U385RGT6, STM32U385RGT6Q, STM32U385RGY6GTR, STM32U385RGY6QTR, STM32U385VGI6, STM32U385VGI6Q, STM32U385VGT6, STM32U385VGT6Q, STM32U535CBT6, STM32U535CBT6Q, STM32U535CBU6, STM32U535CBU6Q, STM32U535CCT6, STM32U535CCT6Q, STM32U535CCU6, STM32U535CCU6Q, STM32U535CET6, STM32U535CET6Q, STM32U535CEU6, STM32U535CEU6Q, STM32U535JEY6QTR, STM32U535NCY6QTR, STM32U535NEY6QTR, STM32U535RBI6, STM32U535RBI6Q, STM32U535RBT6, STM32U535RBT6Q, STM32U535RCI6, STM32U535RCI6Q, STM32U535RCT6, STM32U535RCT6Q, STM32U535REI6, STM32U535REI6Q, STM32U535RET6, STM32U535RET6Q, STM32U535VCI6, STM32U535VCI6Q, STM32U535VCT6, STM32U535VCT6Q, STM32U535VEI6, STM32U535VEI6Q, STM32U535VET6, STM32U535VET6Q, STM32U545CET6, STM32U545CET6Q, STM32U545CEU6, STM32U545CEU6Q, STM32U545JEY6QTR, STM32U545NEY6QTR, STM32U545REI6, STM32U545REI6Q, STM32U545RET6, STM32U545RET6Q, STM32U545VEI6, STM32U545VEI6Q, STM32U545VET6, STM32U545VET6Q, STM32U595AIH6, STM32U595AIH6Q, STM32U595AJH6, STM32U595AJH6Q, STM32U595QII6, STM32U595QII6Q, STM32U595QJI6, STM32U595QJI6Q, STM32U595RIT6, STM32U595RIT6Q, STM32U595RJT6, STM32U595RJT6Q, STM32U595VIT6, STM32U595VIT6Q, STM32U595VJT6, STM32U595VJT6Q, STM32U595ZIT6, STM32U595ZIT6Q, STM32U595ZIY6QTR, STM32U595ZJT6, STM32U595ZJT6Q, STM32U595ZJY6QTR, STM32U599BJY6QTR, STM32U599NIH6Q, STM32U599NJH6Q, STM32U599VIT6Q, STM32U599VJT6, STM32U599VJT6Q, STM32U599ZIT6Q, STM32U599ZIY6QTR, STM32U599ZJT6Q, STM32U599ZJY6QTR, STM32U5A5AJH6, STM32U5A5AJH6Q, STM32U5A5QII3Q , STM32U5A5QJI6, STM32U5A5QJI6Q, STM32U5A5RJT6, STM32U5A5RJT6Q, STM32U5A5VJT6, STM32U5A5VJT6Q, STM32U5A5ZJT6, STM32U5A5ZJT6Q, STM32U5A5ZJY6QTR, STM32U5A9BJY6QTR, STM32U5A9J-DK, STM32U5A9NJH6Q, STM32U5A9VJT6Q, STM32U5A9ZJT6Q, STM32U5A9ZJY6QTR, STM32U5F7VIT6, STM32U5F7VIT6Q, STM32U5F7VJT6, STM32U5F7VJT6Q, STM32U5F9BJY6QTR, STM32U5F9NJH6Q, STM32U5F9VIT6Q, STM32U5F9VJT6Q, STM32U5F9ZIJ6QTR, STM32U5F9ZIT6Q, STM32U5F9ZJJ6QTR, STM32U5F9ZJT6Q, STM32U5G7VJT6, STM32U5G7VJT6Q, STM32U5G9BJY6QTR, STM32U5G9J-DK1, STM32U5G9J-DK2, STM32U5G9NJH6Q, STM32U5G9VJT6Q, STM32U5G9ZJJ6QTR, STM32U5G9ZJT6Q, STM32WB05KZV6TR, STM32WB05KZV7TR, STM32WB05TZF6TR, STM32WB05TZF7TR, STM32WB06CCF6TR, STM32WB06CCF7TR, STM32WB06CCV6TR, STM32WB06CCV7TR, STM32WB06KCV6TR, STM32WB06KCV7TR, STM32WB07CCF6TR, STM32WB07CCF7TR, STM32WB07CCV6TR, STM32WB07CCV7TR, STM32WB07KCV6TR, STM32WB07KCV7TR, STM32WB09KEV6TR, STM32WB09KEV7TR, STM32WB09TEF6TR, STM32WB09TEF7TR, STM32WB1MMCH6, STM32WBA50KGU6, STM32WBA50KGU6TR, STM32WBA52CEU6, STM32WBA52CEU6TR, STM32WBA52CEU7, STM32WBA52CEU7TR, STM32WBA52CGU6, STM32WBA52CGU6TR, STM32WBA52CGU6U, STM32WBA52CGU7, STM32WBA52CGU7TR, STM32WBA52KEU6, STM32WBA52KEU6TR, STM32WBA52KGU6, STM32WBA52KGU6TR, STM32WBA54CEU6, STM32WBA54CEU6TR, STM32WBA54CEU7, STM32WBA54CEU7TR, STM32WBA54CGU6, STM32WBA54CGU6TR, STM32WBA54CGU7, STM32WBA54CGU7TR, STM32WBA54KEU6, STM32WBA54KEU6TR, STM32WBA54KEU7, STM32WBA54KEU7TR, STM32WBA54KGU6, STM32WBA54KGU6TR, STM32WBA54KGU7, STM32WBA54KGU7TR, STM32WBA55CEU6, STM32WBA55CEU6TR, STM32WBA55CEU7, STM32WBA55CEU7TR, STM32WBA55CGU6, STM32WBA55CGU6TR, STM32WBA55CGU6U, STM32WBA55CGU7, STM32WBA55CGU7TR, STM32WBA55G-DK1, STM32WBA55HEF6, STM32WBA55HEF7, STM32WBA55HGF6, STM32WBA55HGF7, STM32WBA55UEI6, STM32WBA55UEI6TR, STM32WBA55UEI7, STM32WBA55UEI7TR, STM32WBA55UGI6, STM32WBA55UGI6TR, STM32WBA55UGI7, STM32WBA55UGI7TR, STM32WBA5MMGH6TR, STM32WBA62MGF6, STM32WBA62MIF6, STM32WBA65MGF7, STM32WBA65MIF6, STM32WBA65MIF7, STM32WL30K8V6, STM32WL30KBV6, STM32WL31C8V6, STM32WL31CBV6, STM32WL31K8V6, STM32WL31KBV6, STM32WL33C8V6, STM32WL33C8V6X, STM32WL33CBV6, STM32WL33CBV6X, STM32WL33CCV6, STM32WL33CCV6A, STM32WL33CCV6X, STM32WL33K8V7, STM32WL33K8V7X, STM32WL33KBV7 , STM32WL33KBV7X, STM32WL33KCV7, STM32WL33KCV7X, STM32WL5MOCH6, STM32WL5MOCH6TR]
2026-05-12 17:21:41,136 [INFO] BoardInfo:889 - No configuration file found for board NUCLEO-H5E5ZJ
2026-05-12 17:21:41,141 [INFO] DbBoards:161 - Board is not supported: NUCLEO-H5E5ZJ
2026-05-12 17:21:41,275 [INFO] BoardInfo:889 - No configuration file found for board NUCLEO-U3C5ZI-Q
2026-05-12 17:21:41,284 [INFO] DbBoards:161 - Board is not supported: NUCLEO-U3C5ZI-Q
2026-05-12 17:21:41,317 [INFO] BoardInfo:889 - No configuration file found for board NUCLEO-WBA25CE1
2026-05-12 17:21:41,319 [INFO] DbBoards:161 - Board is not supported: NUCLEO-WBA25CE1
2026-05-12 17:21:41,343 [INFO] BoardInfo:889 - No configuration file found for board NUCLEO-WL3RKB1
2026-05-12 17:21:41,346 [INFO] DbBoards:161 - Board is not supported: NUCLEO-WL3RKB1
2026-05-12 17:21:41,348 [INFO] BoardInfo:889 - No configuration file found for board NUCLEO-WL3RKB2
2026-05-12 17:21:41,351 [INFO] DbBoards:161 - Board is not supported: NUCLEO-WL3RKB2
2026-05-12 17:21:41,370 [INFO] BoardInfo:889 - No configuration file found for board P-NUCLEO-WB55
2026-05-12 17:21:41,373 [INFO] DbBoards:161 - Kit is not supported: P-NUCLEO-WB55
2026-05-12 17:21:41,389 [INFO] BoardInfo:889 - No configuration file found for board STEVAL-BFA001V1B
2026-05-12 17:21:41,392 [INFO] DbBoards:161 - Kit is not supported: STEVAL-BFA001V1B
2026-05-12 17:21:41,393 [INFO] BoardInfo:889 - No configuration file found for board STEVAL-BFA001V2B
2026-05-12 17:21:41,395 [INFO] DbBoards:161 - Kit is not supported: STEVAL-BFA001V2B
2026-05-12 17:21:41,648 [INFO] BoardInfo:889 - No configuration file found for board STM32H5F5J-DK
2026-05-12 17:21:41,650 [INFO] DbBoards:161 - Board is not supported: STM32H5F5J-DK
2026-05-12 17:21:41,853 [INFO] DbBoards:168 - Found 218 boards, 209 are supported
2026-05-12 17:21:41,853 [INFO] DbBoards:169 - Found 218 boards, 43 of them is supported for  Bsp
2026-05-12 17:21:41,863 [INFO] ApiDb:423 - Load user favorites file C:\Users\jahna/.stm32cubeide/favorites.boards.txt: 0 item(s)
2026-05-12 17:21:41,863 [INFO] ApiDb:427 - User favorites Boards=[]
2026-05-12 17:21:41,863 [INFO] DbBoards:198 - Set 0 / 0 favorites Boards
2026-05-12 17:21:41,864 [INFO] McuFinderGlobals:76 - Set McuFinderConnectedMode to true
2026-05-12 17:21:41,878 [INFO] MultiScanPanel:200 - Auto-refresh data requested => check proxy status ongoing
2026-05-12 17:21:41,882 [INFO] FinderPluginLoader:96 - Searching for filters in installed packs
2026-05-12 17:21:44,209 [INFO] LoadUrlFilesThread:185 - End of LoadServerUrlFiles without Thread
2026-05-12 17:21:44,232 [INFO] DetailPanel:341 - Set advertising image to C:/Users/jahna/STM32Cube/Repository/\en.prom-stm32wba2-stm32-nucleo-board-0426.png
2026-05-12 17:21:49,341 [INFO] MultiScanPanel:200 - Auto-refresh data requested => check proxy status ongoing
2026-05-12 17:21:49,618 [INFO] LoadUrlFilesThread:185 - End of LoadServerUrlFiles without Thread
2026-05-12 17:21:49,619 [INFO] DetailPanel:341 - Set advertising image to C:/Users/jahna/STM32Cube/Repository/\en.prom-stm32wba2-stm32-nucleo-board-0426.png
2026-05-12 17:21:49,638 [INFO] DbBoards:642 - Loading board mini-images...
2026-05-12 17:21:53,256 [INFO] DbBoards:665 - Loaded 218 board mini-images
2026-05-12 17:22:07,046 [INFO] WebApp:194 - Connection lost
2026-05-12 17:22:08,019 [INFO] WebApp:191 - Connection restablished
2026-05-12 17:22:27,512 [INFO] MainUpdater:2872 - connection check result : 10
2026-05-12 17:22:27,513 [INFO] MainUpdater:2872 - connection check result : 10
2026-05-12 17:22:27,585 [INFO] MicroXplorer:468 - Change Database Path : 
2026-05-12 17:22:27,585 [INFO] MicroXplorer:498 - Change Database Version : DB.6.0.150
2026-05-12 17:22:27,599 [WARN] ThirdParty:871 - waiting for thirdparty lock release [close project]
2026-05-12 17:22:27,600 [INFO] ThirdParty:873 - entering critical section [close project]
2026-05-12 17:22:27,605 [INFO] ThirdParty:883 - exiting critical section [close project]
2026-05-12 17:22:27,617 [INFO] PinOutPanel:1589 - setPackage(No Configuration,No Configuration)
2026-05-12 17:22:27,625 [INFO] UtilMem:75 - Begin LoadConfig() Used Memory: 920523048 Bytes (1073741824)
2026-05-12 17:22:27,635 [INFO] OpenFileManager:355 - Change cursor
2026-05-12 17:22:27,698 [INFO] ProjectFactory:514 - No CPN specified for board STM32L0538-DISCO => set CPN to STM32L053C8T6
2026-05-12 17:22:27,700 [INFO] Mcu:2029 - Initializing MCU STM32L053C(6-8)Tx STM32L053C8Tx STM32L053C8T6
2026-05-12 17:22:29,589 [INFO] Context:786 - Trying to add GPIOservice into a context  which must be forbidden
2026-05-12 17:22:30,033 [INFO] Rule:233 - rule 117617 - U5Cobra4M][GTZC] default value MPCBB3 and MPCBB5 - Not Secured memory - MPCBB1 is applicable
2026-05-12 17:22:30,034 [INFO] Rule:233 - rule 117617 - U5Cobra4M][GTZC] default value MPCBB3 and MPCBB5 - Not Secured memory - MPCBB1 is applicable
2026-05-12 17:22:30,034 [INFO] Rule:233 - rule 117617 - U5Cobra4M][GTZC] default value MPCBB3 and MPCBB5 - Not Secured memory - MPCBB2 is applicable
2026-05-12 17:22:30,034 [INFO] Rule:233 - rule 117617 - U5Cobra4M][GTZC] default value MPCBB3 and MPCBB5 - Not Secured memory - MPCBB2 is applicable
2026-05-12 17:22:30,034 [INFO] Rule:233 - rule 117617 - U5Cobra4M][GTZC] default value MPCBB3 and MPCBB5 - Not Secured memory - MPCBB3 is applicable
2026-05-12 17:22:30,034 [INFO] Rule:233 - rule 117617 - U5Cobra4M][GTZC] default value MPCBB3 and MPCBB5 - Not Secured memory - MPCBB3 is applicable
2026-05-12 17:22:30,034 [INFO] Rule:233 - rule 117617 - U5Cobra4M][GTZC] default value MPCBB3 and MPCBB5 - Not Secured memory - MPCBB4 is applicable
2026-05-12 17:22:30,034 [INFO] Rule:233 - rule 117617 - U5Cobra4M][GTZC] default value MPCBB3 and MPCBB5 - Not Secured memory - MPCBB4 is applicable
2026-05-12 17:22:30,034 [INFO] Rule:233 - rule 117617 - U5Cobra4M][GTZC] default value MPCBB3 and MPCBB5 - Secured memory - MPCBB1 is applicable
2026-05-12 17:22:30,034 [INFO] Rule:233 - rule 117617 - U5Cobra4M][GTZC] default value MPCBB3 and MPCBB5 - Secured memory - MPCBB2 is applicable
2026-05-12 17:22:30,034 [INFO] Rule:233 - rule 117617 - U5Cobra4M][GTZC] default value MPCBB3 and MPCBB5 - Secured memory - MPCBB3 is applicable
2026-05-12 17:22:30,034 [INFO] Rule:233 - rule 117617 - U5Cobra4M][GTZC] default value MPCBB3 and MPCBB5 - Secured memory - MPCBB4 is applicable
2026-05-12 17:22:30,034 [INFO] Rule:233 - rule 117617 - U5Cobra4M][GTZC] default value MPCBB3 and MPCBB5 - Privileged memory - MPCBB1 is applicable
2026-05-12 17:22:30,034 [INFO] Rule:233 - rule 117617 - U5Cobra4M][GTZC] default value MPCBB3 and MPCBB5 - Privileged memory - MPCBB2 is applicable
2026-05-12 17:22:30,034 [INFO] Rule:233 - rule 117617 - U5Cobra4M][GTZC] default value MPCBB3 and MPCBB5 - Privileged memory - MPCBB3 is applicable
2026-05-12 17:22:30,034 [INFO] Rule:233 - rule 117617 - U5Cobra4M][GTZC] default value MPCBB3 and MPCBB5 - Privileged memory - MPCBB4 is applicable
2026-05-12 17:22:30,034 [INFO] Rule:233 - rule 117617 - U5Cobra4M][GTZC] default value MPCBB3 and MPCBB5 - Not Privileged memory - MPCBB1 is applicable
2026-05-12 17:22:30,034 [INFO] Rule:233 - rule 117617 - U5Cobra4M][GTZC] default value MPCBB3 and MPCBB5 - Not Privileged memory - MPCBB2 is applicable
2026-05-12 17:22:30,034 [INFO] Rule:233 - rule 117617 - U5Cobra4M][GTZC] default value MPCBB3 and MPCBB5 - Not Privileged memory - MPCBB3 is applicable
2026-05-12 17:22:30,034 [INFO] Rule:233 - rule 117617 - U5Cobra4M][GTZC] default value MPCBB3 and MPCBB5 - Not Privileged memory - MPCBB4 is applicable
2026-05-12 17:22:30,034 [INFO] Rule:233 - rule 117617 - U5Cobra4M][GTZC] default value MPCBB3 and MPCBB5 - Privileged memory - MPCBB1 is applicable
2026-05-12 17:22:30,034 [INFO] Rule:233 - rule 117617 - U5Cobra4M][GTZC] default value MPCBB3 and MPCBB5 - Privileged memory - MPCBB2 is applicable
2026-05-12 17:22:30,035 [INFO] Rule:233 - rule 117617 - U5Cobra4M][GTZC] default value MPCBB3 and MPCBB5 - Privileged memory - MPCBB3 is applicable
2026-05-12 17:22:30,035 [INFO] Rule:233 - rule 117617 - U5Cobra4M][GTZC] default value MPCBB3 and MPCBB5 - Privileged memory - MPCBB4 is applicable
2026-05-12 17:22:30,035 [INFO] Rule:233 - rule 117617 - U5Cobra4M][GTZC] default value MPCBB3 and MPCBB5 - Privileged memory - MPCBB1 is applicable
2026-05-12 17:22:30,035 [INFO] Rule:233 - rule 117617 - U5Cobra4M][GTZC] default value MPCBB3 and MPCBB5 - Privileged memory - MPCBB2 is applicable
2026-05-12 17:22:30,035 [INFO] Rule:233 - rule 117617 - U5Cobra4M][GTZC] default value MPCBB3 and MPCBB5 - Privileged memory - MPCBB3 is applicable
2026-05-12 17:22:30,035 [INFO] Rule:233 - rule 117617 - U5Cobra4M][GTZC] default value MPCBB3 and MPCBB5 - Privileged memory - MPCBB4 is applicable
2026-05-12 17:22:30,035 [INFO] Rule:233 - rule 117617 - U5Cobra4M][GTZC] default value MPCBB3 and MPCBB5 - Not Privileged memory - MPCBB1 is applicable
2026-05-12 17:22:30,035 [INFO] Rule:233 - rule 117617 - U5Cobra4M][GTZC] default value MPCBB3 and MPCBB5 - Not Privileged memory - MPCBB2 is applicable
2026-05-12 17:22:30,035 [INFO] Rule:233 - rule 117617 - U5Cobra4M][GTZC] default value MPCBB3 and MPCBB5 - Not Privileged memory - MPCBB3 is applicable
2026-05-12 17:22:30,035 [INFO] Rule:233 - rule 117617 - U5Cobra4M][GTZC] default value MPCBB3 and MPCBB5 - Not Privileged memory - MPCBB4 is applicable
2026-05-12 17:22:30,035 [INFO] Rule:233 - rule 117617 - U5Cobra4M][GTZC] default value MPCBB3 and MPCBB5 - Privileged memory - MPCBB1 is applicable
2026-05-12 17:22:30,035 [INFO] Rule:233 - rule 117617 - U5Cobra4M][GTZC] default value MPCBB3 and MPCBB5 - Privileged memory - MPCBB2 is applicable
2026-05-12 17:22:30,035 [INFO] Rule:233 - rule 117617 - U5Cobra4M][GTZC] default value MPCBB3 and MPCBB5 - Privileged memory - MPCBB3 is applicable
2026-05-12 17:22:30,035 [INFO] Rule:233 - rule 117617 - U5Cobra4M][GTZC] default value MPCBB3 and MPCBB5 - Privileged memory - MPCBB4 is applicable
2026-05-12 17:22:30,035 [INFO] Rule:233 - rule Rename SubGHz_Phy SUBGHZ_APPLICATION SUBGHZ_PINGPONG to SUBGHZ_ADV_APPLICATION is applicable
2026-05-12 17:22:30,035 [INFO] Rule:233 - rule Rename Enabled to IBEACON is applicable
2026-05-12 17:22:30,035 [INFO] Rule:233 - rule GTZC_S instance for project manager is applicable
2026-05-12 17:22:30,035 [INFO] Rule:233 - rule GTZC_S instance for context M33S is applicable
2026-05-12 17:22:30,035 [INFO] Rule:233 - rule GTZC_S instance value for IP GTZC is applicable
2026-05-12 17:22:30,035 [INFO] Rule:233 - rule GTZC_S instance for mcu.IP is applicable
2026-05-12 17:22:30,108 [INFO] Rule:233 - rule GTZC_S instance for VP is applicable
2026-05-12 17:22:30,108 [INFO] Rule:233 - rule GTZC_S instance for signal is applicable
2026-05-12 17:22:30,108 [INFO] Rule:233 - rule GTZC_S instance for mcu.Pin is applicable
2026-05-12 17:22:30,108 [INFO] Rule:233 - rule GTZC_S instance for VP is applicable
2026-05-12 17:22:30,108 [INFO] Rule:233 - rule GTZC_S instance for signal is applicable
2026-05-12 17:22:30,108 [INFO] Rule:233 - rule GTZC_S instance for mcu is applicable
2026-05-12 17:22:30,108 [INFO] Rule:233 - rule GTZC_S instance for mcu.Pin is applicable
2026-05-12 17:22:30,108 [INFO] Rule:233 - rule GTZC_S instance value for IP GTZC is applicable
2026-05-12 17:22:30,108 [INFO] Rule:233 - rule GTZC_S instance for project manager is applicable
2026-05-12 17:22:30,109 [INFO] Rule:233 - rule GTZC_S instance for context M33S is applicable
2026-05-12 17:22:30,109 [INFO] Rule:233 - rule GTZC_S instance for VP is applicable
2026-05-12 17:22:30,109 [INFO] Rule:233 - rule GTZC_S instance for signal is applicable
2026-05-12 17:22:30,109 [INFO] Rule:233 - rule SPDIFRX instance for mcu is applicable
2026-05-12 17:22:30,109 [INFO] Rule:233 - rule Rename Tracer Mode is applicable
2026-05-12 17:22:30,109 [INFO] Rule:233 - rule SPDIFRX instance value for IP SPDIFRX is applicable
2026-05-12 17:22:30,109 [INFO] Rule:233 - rule SPDIFRX instance for signal is applicable
2026-05-12 17:22:30,109 [INFO] Rule:233 - rule SPDIFRX instance for project manager is applicable
2026-05-12 17:22:30,109 [INFO] Rule:233 - rule SPDIFRX instance for project manager is applicable
2026-05-12 17:22:30,109 [INFO] Rule:233 - rule ADC Scan  fix with FW F7 is applicable
2026-05-12 17:22:30,109 [INFO] Rule:233 - rule ADC Scan  fix with FW F7 is applicable
2026-05-12 17:22:30,109 [INFO] Rule:233 - rule DFSDM instance value for IP DFSDM is applicable
2026-05-12 17:22:30,109 [INFO] Rule:233 - rule DFSDM instance for mcu is applicable
2026-05-12 17:22:30,109 [INFO] Rule:233 - rule DFSDM instance for VP is applicable
2026-05-12 17:22:30,109 [INFO] Rule:233 - rule DFSDM instance for signal is applicable
2026-05-12 17:22:30,109 [INFO] Rule:233 - rule DFSDM instance for shared is applicable
2026-05-12 17:22:30,109 [INFO] Rule:233 - rule BreakInputSource parameter for IP Timer is applicable
2026-05-12 17:22:30,109 [INFO] Rule:233 - rule Sourcebreak parameter for IP Timer is applicable
2026-05-12 17:22:30,109 [INFO] Rule:233 - rule Sourcebreak parameter for IP Timer is applicable
2026-05-12 17:22:30,109 [INFO] Rule:233 - rule DFSDM for PCC is applicable
2026-05-12 17:22:30,109 [INFO] Rule:233 - rule Serial_Wire Mode is applicable
2026-05-12 17:22:30,109 [INFO] Rule:233 - rule JTAG_4_pins Mode is applicable
2026-05-12 17:22:30,109 [INFO] Rule:233 - rule JTAG_5_pins Mode is applicable
2026-05-12 17:22:30,109 [INFO] Rule:233 - rule Trace_Asynchronous_SW Mode is applicable
2026-05-12 17:22:30,110 [INFO] Rule:233 - rule Trace_Synchro_1bit_JTAG Mode is applicable
2026-05-12 17:22:30,110 [INFO] Rule:233 - rule Trace_Synchro_2bits_JTAG Mode is applicable
2026-05-12 17:22:30,110 [INFO] Rule:233 - rule Trace_Synchro_4bits_JTAG Mode is applicable
2026-05-12 17:22:30,110 [INFO] Rule:233 - rule Trace_Synchro_1bit_SW Mode is applicable
2026-05-12 17:22:30,110 [INFO] Rule:233 - rule Trace_Synchro_2bits_SW Mode is applicable
2026-05-12 17:22:30,110 [INFO] Rule:233 - rule Trace_Synchro_4bits_SW Mode is applicable
2026-05-12 17:22:30,110 [INFO] Rule:233 - rule SYS_WakeUp0 Mode is applicable
2026-05-12 17:22:30,110 [INFO] Rule:233 - rule SYS_WakeUp0 Mode for STM32F446 is applicable
2026-05-12 17:22:30,110 [INFO] Rule:233 - rule SYS_WakeUp1 Mode is applicable
2026-05-12 17:22:30,110 [INFO] Rule:233 - rule SYS_WakeUp1 Mode for STM32F446 is applicable
2026-05-12 17:22:30,110 [INFO] Rule:233 - rule SYS_WakeUp2 Mode is applicable
2026-05-12 17:22:30,110 [INFO] Rule:233 - rule SYS_WakeUp3 Mode is applicable
2026-05-12 17:22:30,110 [INFO] Rule:233 - rule SYS_WakeUp4 Mode is applicable
2026-05-12 17:22:30,110 [INFO] Rule:233 - rule SYS_WakeUp5 Mode is applicable
2026-05-12 17:22:30,110 [INFO] Rule:233 - rule SYS_WakeUp6 Mode is applicable
2026-05-12 17:22:30,110 [INFO] Rule:233 - rule SYS_WakeUp7 Mode is applicable
2026-05-12 17:22:30,110 [INFO] Rule:233 - rule WakeUp0 Mode is applicable
2026-05-12 17:22:30,110 [INFO] Rule:233 - rule WakeUp0 SIGNAL is applicable
2026-05-12 17:22:30,110 [INFO] Rule:233 - rule WakeUp1 Mode is applicable
2026-05-12 17:22:30,110 [INFO] Rule:233 - rule WakeUp1 SIGNAL is applicable
2026-05-12 17:22:30,110 [INFO] Rule:233 - rule WakeUp2 Mode is applicable
2026-05-12 17:22:30,110 [INFO] Rule:233 - rule WakeUp2 SIGNAL is applicable
2026-05-12 17:22:30,110 [INFO] Rule:233 - rule WakeUp4 Mode is applicable
2026-05-12 17:22:30,110 [INFO] Rule:233 - rule WakeUp4 SIGNAL is applicable
2026-05-12 17:22:30,110 [INFO] Rule:233 - rule WakeUp5 Mode is applicable
2026-05-12 17:22:30,110 [INFO] Rule:233 - rule WakeUp5 SIGNAL is applicable
2026-05-12 17:22:30,110 [INFO] Rule:233 - rule Mode_PVD_Ext is applicable
2026-05-12 17:22:30,110 [INFO] Rule:233 - rule Mode_PVD_Int is applicable
2026-05-12 17:22:30,110 [INFO] Rule:233 - rule Add RTC Activate Clock Source is applicable
2026-05-12 17:22:30,110 [INFO] Rule:233 - rule Add RTC Activate Calendar 1 is applicable
2026-05-12 17:22:30,111 [INFO] Rule:233 - rule Add RTC Activate Calendar 2 is applicable
2026-05-12 17:22:30,111 [INFO] Rule:233 - rule Add RTC Activate Calendar 3 is applicable
2026-05-12 17:22:30,111 [INFO] Rule:233 - rule UART/USART TX Mode is applicable
2026-05-12 17:22:30,111 [INFO] Rule:233 - rule UART/USART RX Mode is applicable
2026-05-12 17:22:30,111 [INFO] Rule:233 - rule UART/USART RX TX Mode is applicable
2026-05-12 17:22:30,111 [INFO] Rule:233 - rule UART/USART PARITY NONE is applicable
2026-05-12 17:22:30,111 [INFO] Rule:233 - rule UART/USART PARITY EVEN is applicable
2026-05-12 17:22:30,111 [INFO] Rule:233 - rule UART/USART PARITY ODD is applicable
2026-05-12 17:22:30,111 [INFO] Rule:233 - rule USART StopBits 1 is applicable
2026-05-12 17:22:30,111 [INFO] Rule:233 - rule USART StopBits 2 is applicable
2026-05-12 17:22:30,111 [INFO] Rule:233 - rule USART StopBits 1.5 is applicable
2026-05-12 17:22:30,111 [INFO] Rule:233 - rule USART StopBits 0.5 is applicable
2026-05-12 17:22:30,111 [INFO] Rule:233 - rule UART/USART WORD LENGTH 7 is applicable
2026-05-12 17:22:30,111 [INFO] Rule:233 - rule UART/USART WORD LENGTH 8 is applicable
2026-05-12 17:22:30,111 [INFO] Rule:233 - rule UART/USART WORD LENGTH 9 is applicable
2026-05-12 17:22:30,111 [INFO] Rule:233 - rule Rename FMC NAND NCE signal is applicable
2026-05-12 17:22:30,111 [INFO] Rule:233 - rule Rename FMC NAND INT signal is applicable
2026-05-12 17:22:30,111 [INFO] Rule:233 - rule Change Default Value for LSE Drive Capability for WB family is applicable
2026-05-12 17:22:30,111 [INFO] Rule:233 - rule Change Default Value for ADC Clock Prescaler G0 family is applicable
2026-05-12 17:22:30,112 [INFO] Rule:233 - rule Change Default Value for ADC ExternalTrigConv L4 family is applicable
2026-05-12 17:22:30,112 [INFO] Rule:233 - rule Change Default Value for ADC ExternalTrigInjecConv L4 family is applicable
2026-05-12 17:22:30,112 [INFO] Rule:233 - rule Change Default Value for ADC ExternalTrigConv F3 family is applicable
2026-05-12 17:22:30,112 [INFO] Rule:233 - rule Change Default Value for ADC ExternalTrigInjecConv F3 family is applicable
2026-05-12 17:22:30,112 [INFO] Rule:233 - rule Change Default Value for ADC ExternalTrigConv Goldfish serie is applicable
2026-05-12 17:22:30,112 [INFO] Rule:233 - rule Change Default Value for ADC ExternalTrigInjecConv Goldfish serie is applicable
2026-05-12 17:22:30,112 [INFO] Rule:233 - rule Change Default Value for ADC ExternalTrigConv L0 family is applicable
2026-05-12 17:22:30,112 [INFO] Rule:233 - rule Change Default Value for ADC ExternalTrigConv F0 family is applicable
2026-05-12 17:22:30,112 [INFO] Rule:233 - rule Change Default Value for ADC ExternalTrigConvn L1 family is applicable
2026-05-12 17:22:30,112 [INFO] Rule:233 - rule Change Default Value for ADC ExternalTrigInjecConv L1 family is applicable
2026-05-12 17:22:30,112 [INFO] Rule:233 - rule Change Default Value for ADC ExternalTrigConv F1 family is applicable
2026-05-12 17:22:30,112 [INFO] Rule:233 - rule Change Default Value for ADC ExternalTrigInjecConv F1 family is applicable
2026-05-12 17:22:30,112 [INFO] Rule:233 - rule Change Default Value for ADC ExternalTrigConv F7 family is applicable
2026-05-12 17:22:30,112 [INFO] Rule:233 - rule Change Default Value for ADC ExternalTrigInjecConv F7 family is applicable
2026-05-12 17:22:30,112 [INFO] Rule:233 - rule Change Default Value for ADC ExternalTrigConv F4 and F2 family is applicable
2026-05-12 17:22:30,112 [INFO] Rule:233 - rule Change Default Value for ADC ExternalTrigInjecConv F4 and F2 family is applicable
2026-05-12 17:22:30,112 [INFO] Rule:233 - rule ADC SamplingTime fix with FW L0  is applicable
2026-05-12 17:22:30,112 [INFO] Rule:233 - rule ADC SamplingTime fix with FW L0  is applicable
2026-05-12 17:22:30,112 [INFO] Rule:233 - rule ADC SamplingTime fix with FW L0 is applicable
2026-05-12 17:22:30,112 [INFO] Rule:233 - rule ADC SamplingTime fix with FW L0 is applicable
2026-05-12 17:22:30,112 [INFO] Rule:233 - rule ADC SamplingTime fix with FW L0  is applicable
2026-05-12 17:22:30,112 [INFO] Rule:233 - rule ADC SamplingTime fix with FW L0 is applicable
2026-05-12 17:22:30,113 [INFO] Rule:233 - rule Rename USB_OE Signal is applicable
2026-05-12 17:22:30,113 [INFO] Rule:233 - rule Rename Activate_OE Mode is applicable
2026-05-12 17:22:30,113 [INFO] Rule:233 - rule Rename DIE462/DIE415 pin PC14/OSC32_IN -> PC14-OSC32_IN (PC14) is applicable
2026-05-12 17:22:30,113 [INFO] Rule:233 - rule Rename DIE462/DIE415 pin PC15/OSC32_OUT -> PC15-OSC32_OUT (PC15) is applicable
2026-05-12 17:22:30,113 [INFO] Rule:233 - rule Rename DIE462/DIE415 pin PH0/OSC_IN -> PH0-OSC_IN (PH0) is applicable
2026-05-12 17:22:30,113 [INFO] Rule:233 - rule Rename DIE462/DIE415 pin PH1/OSC_OUT -> PH1-OSC_OUT (PH1) is applicable
2026-05-12 17:22:30,113 [INFO] Rule:233 - rule Rename DIE462 pin PA13 -> PA13 (JTMS/SWDIO) is applicable
2026-05-12 17:22:30,113 [INFO] Rule:233 - rule Rename DIE415 pin PA13 -> PA13 (JTMS/SWDIO) is applicable
2026-05-12 17:22:30,113 [INFO] Rule:233 - rule Rename DIE462 pin PA14 -> PA14 (JTCK/SWCLK) is applicable
2026-05-12 17:22:30,113 [INFO] Rule:233 - rule Rename DIE415 pin PA14 -> PA14 (JTCK/SWCLK) is applicable
2026-05-12 17:22:30,113 [INFO] Rule:233 - rule Rename DIE462/DIE415 pin PA15 -> PA15 (JTDI) is applicable
2026-05-12 17:22:30,113 [INFO] Rule:233 - rule Rename DIE462 pin PB3 -> PB3 (JTD0/TRACESWO) is applicable
2026-05-12 17:22:30,113 [INFO] Rule:233 - rule Rename DIE415 pin PB3 -> PB3 (JTD0-TRACESWO) is applicable
2026-05-12 17:22:30,113 [INFO] Rule:233 - rule Rename DIE462/DIE415 pin PB4 -> PB4 (NJTRST) is applicable
2026-05-12 17:22:30,113 [INFO] Rule:233 - rule Rename DIE462 pin PH3/BOOT0 -> PH3-BOOT0 (BOOT0) is applicable
2026-05-12 17:22:30,113 [INFO] Rule:233 - rule Rename CRYP DataEncryptionTypesList to Algorithm is applicable
2026-05-12 17:22:30,113 [INFO] Rule:233 - rule Rename AES DataEncryptionTypesList to Algorithm is applicable
2026-05-12 17:22:30,113 [INFO] Rule:233 - rule Rename TDESECB to CRYP_TDES_ECB is applicable
2026-05-12 17:22:30,114 [INFO] Rule:233 - rule Rename TDESCBC to CRYP_TDES_CBC is applicable
2026-05-12 17:22:30,114 [INFO] Rule:233 - rule Rename DESECB to CRYP_DES_ECB is applicable
2026-05-12 17:22:30,114 [INFO] Rule:233 - rule Rename DESCBC to CRYP_DES_CBC is applicable
2026-05-12 17:22:30,114 [INFO] Rule:233 - rule Rename AESECB to CRYP_AES_ECB is applicable
2026-05-12 17:22:30,114 [INFO] Rule:233 - rule Rename AESCBC to CRYP_AES_CBC is applicable
2026-05-12 17:22:30,114 [INFO] Rule:233 - rule Rename AESCTR to CRYP_AES_CTR is applicable
2026-05-12 17:22:30,114 [INFO] Rule:233 - rule Rename AESGCM to CRYP_AES_GCM is applicable
2026-05-12 17:22:30,114 [INFO] Rule:233 - rule Rename AESCCM to CRYP_AES_CCM is applicable
2026-05-12 17:22:30,114 [INFO] Rule:233 - rule Rename CAN TimeSeg1 to BS1 is applicable
2026-05-12 17:22:30,114 [INFO] Rule:233 - rule Rename CAN TimeSeg2 to BS2 is applicable
2026-05-12 17:22:30,114 [INFO] Rule:233 - rule Rename CAN SyncJumpWidth to SJW is applicable
2026-05-12 17:22:30,114 [INFO] Rule:233 - rule TimeTriggeredMode to TTCM is applicable
2026-05-12 17:22:30,114 [INFO] Rule:233 - rule Rename CAN AutoBusOff to ABOM is applicable
2026-05-12 17:22:30,114 [INFO] Rule:233 - rule Rename CAN AutoWakeUp to AWUM is applicable
2026-05-12 17:22:30,114 [INFO] Rule:233 - rule Rename CAN AutoRetransmission to NART is applicable
2026-05-12 17:22:30,114 [INFO] Rule:233 - rule Rename CAN ReceiveFifoLocked to RFLM is applicable
2026-05-12 17:22:30,114 [INFO] Rule:233 - rule Rename CAN TransmitFifoPriority to TXFP is applicable
2026-05-12 17:22:30,114 [INFO] Rule:233 - rule Rename HRTIMER HRTIM_OUTPUTFAULTLEVEL_HIGH in HRTIMER HRTIM_OUTPUTFAULTLEVEL_HIGHZ is applicable
2026-05-12 17:22:30,114 [INFO] Rule:233 - rule Rename TIMER TIM_CLEARINPUTSOURCE_OCREFCLR in  TIMER TIM_CLEARINPUTSOURCE_NONE for F7 family is applicable
2026-05-12 17:22:30,114 [INFO] Rule:233 - rule FDCAN_R1 - Rename FDCAN mode Master into Classic is applicable
2026-05-12 17:22:30,114 [INFO] Rule:233 - rule FDCAN_R2 - Rename FDCAN mode Slave into Classic is applicable
2026-05-12 17:22:30,114 [INFO] Rule:233 - rule FDCAN1_R3 - if PA10.Mode=FullDuplex, add Pin PA12 is applicable
2026-05-12 17:22:30,115 [INFO] Rule:233 - rule FDCAN1_R3 - if PA9.Mode=FullDuplex, add Pin PA11 is applicable
2026-05-12 17:22:30,115 [INFO] Rule:233 - rule FDCAN1_R3 - Alternatepin_1 - if PE1.Mode=FullDuplex, add Pin PB9 is applicable
2026-05-12 17:22:30,115 [INFO] Rule:233 - rule FDCAN1_R3 - Alternatepin_1 - if PE0.Mode=FullDuplex, add Pin PB8 is applicable
2026-05-12 17:22:30,115 [INFO] Rule:233 - rule FDCAN1_R3 - Alternatepin_2 - if PD5.Mode=FullDuplex, add Pin PD1 is applicable
2026-05-12 17:22:30,115 [INFO] Rule:233 - rule FDCAN1_R3 - Alternatepin_2 - if PD4.Mode=FullDuplex, add Pin PD0 is applicable
2026-05-12 17:22:30,115 [INFO] Rule:233 - rule FDCAN1_R4 - Rename Mode FullDuplex into Enable FDCAN_TXFD for pin PA10 is applicable
2026-05-12 17:22:30,115 [INFO] Rule:233 - rule FDCAN1_R4 - Rename Mode FullDuplex into Enable FDCAN_TXFD for pin PA9 is applicable
2026-05-12 17:22:30,115 [INFO] Rule:233 - rule FDCAN1_R4 - Alternatepin_1 - Rename Mode FullDuplex into Enable FDCAN_TXFD for pin PE1 is applicable
2026-05-12 17:22:30,115 [INFO] Rule:233 - rule FDCAN1_R4 - Alternatepin_1 - Rename Mode FullDuplex into Enable FDCAN_TXFD for pin PE0 is applicable
2026-05-12 17:22:30,115 [INFO] Rule:233 - rule FDCAN1_R4 - Alternatepin_2 - Rename Mode FullDuplex into Enable FDCAN_TXFD for pin PD5 is applicable
2026-05-12 17:22:30,115 [INFO] Rule:233 - rule FDCAN1_R4 - Alternatepin_2 - Rename Mode FullDuplex into Enable FDCAN_TXFD for pin PD4 is applicable
2026-05-12 17:22:30,115 [INFO] Rule:233 - rule FDCAN2_R3 - if PD10.Mode=FullDuplex, add Pin PB13 is applicable
2026-05-12 17:22:30,115 [INFO] Rule:233 - rule FDCAN2_R3 - if PD9.Mode=FullDuplex, add Pin PB12 is applicable
2026-05-12 17:22:30,115 [INFO] Rule:233 - rule FDCAN2_R3 - Alternatepin_1 - if PB7.Mode=FullDuplex, add Pin PB6 is applicable
2026-05-12 17:22:30,115 [INFO] Rule:233 - rule FDCAN2_R3 - Alternatepin_1 - if PD9.Mode=FullDuplex, add Pin PB12 is applicable
2026-05-12 17:22:30,115 [INFO] Rule:233 - rule FDCAN2_R4 - Rename Mode FullDuplex into Enable FDCAN_TXFD for pin PD10 is applicable
2026-05-12 17:22:30,115 [INFO] Rule:233 - rule FDCAN2_R4 - Rename Mode FullDuplex into Enable FDCAN_TXFD for pin PD9 is applicable
2026-05-12 17:22:30,115 [INFO] Rule:233 - rule FDCAN2_R4 - Alternatepin_1 - Rename Mode FullDuplex into Enable FDCAN_TXFD for pin PB7 is applicable
2026-05-12 17:22:30,115 [INFO] Rule:233 - rule FDCAN2_R4 - Alternatepin_1 - Rename Mode FullDuplex into Enable FDCAN_TXFD for pin PD6 is applicable
2026-05-12 17:22:30,115 [INFO] Rule:233 - rule USART TxPinLevelInvertParam Mode is applicable
2026-05-12 17:22:30,115 [INFO] Rule:233 - rule USART RxPinLevelInvertParam Mode is applicable
2026-05-12 17:22:30,115 [INFO] Rule:233 - rule USART DataInvertParam Mode is applicable
2026-05-12 17:22:30,115 [INFO] Rule:233 - rule USART SwapParam Mode is applicable
2026-05-12 17:22:30,115 [INFO] Rule:233 - rule USART OverrunDisableParam Mode is applicable
2026-05-12 17:22:30,115 [INFO] Rule:233 - rule USART DMADisableonRxErrorParam Mode is applicable
2026-05-12 17:22:30,115 [INFO] Rule:233 - rule USART MSBFirstParam Mode is applicable
2026-05-12 17:22:30,115 [INFO] Rule:233 - rule Update MwName for USB_DEVICE is applicable
2026-05-12 17:22:30,116 [INFO] Rule:233 - rule Change PWR_Regulator_Voltage_Scale Default Value for RCC  H7 family is applicable
2026-05-12 17:22:30,116 [INFO] Rule:233 - rule UART/USART IPParameter rename Prescaler parameter to ClockPrescaler is applicable
2026-05-12 17:22:30,116 [INFO] Rule:233 - rule UART/USART Prescaler rename Prescaler parameter to ClockPrescaler is applicable
2026-05-12 17:22:30,116 [INFO] Rule:233 - rule TIM1CLockSelection is applicable
2026-05-12 17:22:30,116 [INFO] Rule:233 - rule TIM15CLockSelection is applicable
2026-05-12 17:22:30,116 [INFO] Rule:233 - rule align RCC SDMMC3CLockSelection default value on MP1 is applicable
2026-05-12 17:22:30,116 [INFO] Rule:233 - rule align RCC SDMMC12CLockSelection default value on MP1 is applicable
2026-05-12 17:22:30,116 [INFO] Rule:233 - rule align RCC QSPICLockSelection default value on MP1 is applicable
2026-05-12 17:22:30,116 [INFO] Rule:233 - rule align RCC QSPICLockSelection default value on MP1 is applicable
2026-05-12 17:22:30,116 [INFO] Rule:233 - rule align RCC SPI6CLockSelection default value on MP1 is applicable
2026-05-12 17:22:30,116 [INFO] Rule:233 - rule align RCC LPTIM23CLockSelection default value on MP1 is applicable
2026-05-12 17:22:30,116 [INFO] Rule:233 - rule align RCC LPTIM1CLockSelection default value on MP1 is applicable
2026-05-12 17:22:30,116 [INFO] Rule:233 - rule align RCC USART1CLockSelection default value on MP1 is applicable
2026-05-12 17:22:30,116 [INFO] Rule:233 - rule align RCC USART24CLockSelection default value on MP1 is applicable
2026-05-12 17:22:30,116 [INFO] Rule:233 - rule align RCC USART6CLockSelection default value on MP1 is applicable
2026-05-12 17:22:30,116 [INFO] Rule:233 - rule align RCC UART78CLockSelection default value on MP1 is applicable
2026-05-12 17:22:30,116 [INFO] Rule:233 - rule align RCC USART35CLockSelection default value on MP1 is applicable
2026-05-12 17:22:30,116 [INFO] Rule:233 - rule align RCC SPI45CLockSelection default value on MP1 is applicable
2026-05-12 17:22:30,116 [INFO] Rule:233 - rule align RCC I2C46CLockSelection BCLK value on MP1 is applicable
2026-05-12 17:22:30,116 [INFO] Rule:233 - rule align RCC SPI45CLockSelection default value on MP1 is applicable
2026-05-12 17:22:30,116 [INFO] Rule:233 - rule align RCC I2C12CLockSelection default value on MP1 is applicable
2026-05-12 17:22:30,116 [INFO] Rule:233 - rule align RCC I2C35CLockSelection default value on MP1 is applicable
2026-05-12 17:22:30,116 [INFO] Rule:233 - rule align RCC LPTIM45CLockSelection default value on MP1 is applicable
2026-05-12 17:22:30,116 [INFO] Rule:233 - rule Rename DCMI PIXCK signal is applicable
2026-05-12 17:22:30,116 [INFO] Rule:233 - rule Change Default Value for I2C46CLockSelection MP1 family is applicable
2026-05-12 17:22:30,116 [INFO] Rule:233 - rule Change Default Value for UART for G4, G0 and WB families is applicable
2026-05-12 17:22:30,117 [INFO] Rule:233 - rule Change Default Value for USART for G4, G0 and WB families is applicable
2026-05-12 17:22:30,117 [INFO] Rule:233 - rule Change Default Value for USART for G4 family is applicable
2026-05-12 17:22:30,117 [INFO] Rule:233 - rule Change USART1CLockSelection refparam name for MP1 is applicable
2026-05-12 17:22:30,117 [INFO] Rule:233 - rule Change USART2CLockSelection refparam name for MP1 is applicable
2026-05-12 17:22:30,117 [INFO] Rule:233 - rule Change USART3CLockSelection refparam name for MP1 is applicable
2026-05-12 17:22:30,117 [INFO] Rule:233 - rule Change UART4CLockSelection refparam name for MP1 is applicable
2026-05-12 17:22:30,117 [INFO] Rule:233 - rule Change UART5CLockSelection refparam name for MP1 is applicable
2026-05-12 17:22:30,117 [INFO] Rule:233 - rule Change LPUART1CLockSelection refparam name for MP1 is applicable
2026-05-12 17:22:30,117 [INFO] Rule:233 - rule Change LPTIM1CLockSelection refparam name for MP1 is applicable
2026-05-12 17:22:30,117 [INFO] Rule:233 - rule Change LPTIM2CLockSelection refparam name for MP1 is applicable
2026-05-12 17:22:30,117 [INFO] Rule:233 - rule Change RCC_MCO1Source refparam name for MP1 is applicable
2026-05-12 17:22:30,117 [INFO] Rule:233 - rule Change LSCOSource1 refparam name for MP1 is applicable
2026-05-12 17:22:30,118 [INFO] Rule:233 - rule Change SMPSCLockSelection refparam name for MP1 is applicable
2026-05-12 17:22:30,118 [INFO] Rule:233 - rule Change LPTIM3CLockSelection refparam name for MP1 is applicable
2026-05-12 17:22:30,118 [INFO] Rule:233 - rule Change MPCBB* Default Template Mode to Parameters is applicable
2026-05-12 17:22:30,118 [INFO] Rule:233 - rule Change MPCWM* or MPCBB* Secure Mode to Parameters is applicable
2026-05-12 17:22:30,118 [INFO] Rule:233 - rule Change MPCWM* or MPCBB* No Secure Mode to Parameters is applicable
2026-05-12 17:22:30,118 [INFO] Rule:233 - rule Change TZSC IP Secure Mode to Parameters is applicable
2026-05-12 17:22:30,118 [INFO] Rule:233 - rule Change TZSC IP No Secure Mode to Parameters is applicable
2026-05-12 17:22:30,118 [INFO] Rule:233 - rule Change TZSC IP Privilege Mode to Parameters is applicable
2026-05-12 17:22:30,118 [INFO] Rule:233 - rule Change TZSC IP No Privilege Mode to Parameters is applicable
2026-05-12 17:22:30,118 [INFO] Rule:233 - rule Change TZIC IT Secure Mode to Parameters is applicable
2026-05-12 17:22:30,118 [INFO] Rule:233 - rule Change TZIC IT No Secure Mode to Parameters is applicable
2026-05-12 17:22:30,118 [INFO] Rule:233 - rule Add MPCBB1_NonSecureArea_Start_Address value with referenced to MPCBB1_NonSecureArea_Start value is applicable
2026-05-12 17:22:30,118 [INFO] Rule:233 - rule Add MPCBB2_NonSecureArea_Start_Address value with referenced to MPCBB2_NonSecureArea_Start value is applicable
2026-05-12 17:22:30,118 [INFO] Rule:233 - rule Add MPCWM1_NonSecureArea*_Start_Address value with referenced to MPCWM1_NonSecureArea*_Start value is applicable
2026-05-12 17:22:30,118 [INFO] Rule:233 - rule Add MPCWM2_NonSecureArea*_Start_Address value with referenced to MPCWM2_NonSecureArea*_Start value is applicable
2026-05-12 17:22:30,118 [INFO] Rule:233 - rule Add MPCWM3_NonSecureArea_Start_Address value with referenced to MPCWM3_NonSecureArea_Start value is applicable
2026-05-12 17:22:30,118 [INFO] Rule:233 - rule Change Default Value for PLL1UserDefinedConfig is applicable
2026-05-12 17:22:30,118 [INFO] Rule:233 - rule Change GPIO_PuPd Default Value for USART in async mode is applicable
2026-05-12 17:22:30,119 [INFO] Rule:233 - rule Change SMPSDivider Default Value is applicable
2026-05-12 17:22:30,119 [INFO] Rule:233 - rule OPAMP is applicable
2026-05-12 17:22:30,119 [INFO] Rule:233 - rule LPUART IPParameter rename Prescaler parameter to ClockPrescaler for STM32H7 is applicable
2026-05-12 17:22:30,119 [INFO] Rule:233 - rule LPUART IPParameter rename Prescaler parameter to ClockPrescaler for STM32H7 is applicable
2026-05-12 17:22:30,119 [INFO] Rule:233 - rule LPUART IPParameter rename Prescaler parameter to ClockPrescaler for STM32WB is applicable
2026-05-12 17:22:30,119 [INFO] Rule:233 - rule LPUART IPParameter rename Prescaler parameter to ClockPrescaler for STM32WB is applicable
2026-05-12 17:22:30,119 [INFO] Rule:233 - rule LPUART IPParameter rename Prescaler parameter to ClockPrescaler for STM32G4 is applicable
2026-05-12 17:22:30,119 [INFO] Rule:233 - rule LPUART IPParameter rename Prescaler parameter to ClockPrescaler for STM32G4 is applicable
2026-05-12 17:22:30,119 [INFO] Rule:233 - rule LPUART IPParameter rename Prescaler parameter to ClockPrescaler for STM32L5 is applicable
2026-05-12 17:22:30,119 [INFO] Rule:233 - rule LPUART IPParameter rename Prescaler parameter to ClockPrescaler for STM32L5 is applicable
2026-05-12 17:22:30,119 [INFO] Rule:233 - rule LPUART IPParameter rename Prescaler parameter to ClockPrescaler for STM32G4 is applicable
2026-05-12 17:22:30,119 [INFO] Rule:233 - rule LPUART IPParameter rename Prescaler parameter to ClockPrescaler for STM32G4 is applicable
2026-05-12 17:22:30,119 [INFO] Rule:233 - rule USB device lib V2.5.3 for L0 rename USBD_SUPPORT_USER_STRING parameter to USBD_SUPPORT_USER_STRING_DESC4 is applicable
2026-05-12 17:22:30,119 [INFO] Rule:233 - rule I2SCLockSelection clock entry align is applicable
2026-05-12 17:22:30,119 [INFO] Rule:233 - rule Assign TIMx context if used as SYS timebase is applicable
2026-05-12 17:22:30,119 [INFO] Rule:233 - rule Change GPIO_Pu Default Value for I2C is applicable
2026-05-12 17:22:30,119 [INFO] Rule:233 - rule Change GPIO_Pu Default Value for SMBus is applicable
2026-05-12 17:22:30,119 [INFO] Rule:233 - rule change FDCAN default value is applicable
2026-05-12 17:22:30,119 [INFO] Rule:233 - rule Change mode sai is applicable
2026-05-12 17:22:30,119 [INFO] Rule:233 - rule **Change sai mode is applicable
2026-05-12 17:22:30,119 [INFO] Rule:233 - rule Rename STM32WPAN CFG_BLE_IRK to CFG_BLE_IR is applicable
2026-05-12 17:22:30,119 [INFO] Rule:233 - rule Rename STM32WPAN CFG_BLE_ERK to CFG_BLE_ER is applicable
2026-05-12 17:22:30,119 [INFO] Rule:233 - rule Rename STM32WPAN CFG_BLE_IRK_HEX to CFG_BLE_IR_HEX is applicable
2026-05-12 17:22:30,119 [INFO] Rule:233 - rule Rename STM32WPAN CFG_BLE_ERK_HEX to CFG_BLE_ER_HEX is applicable
2026-05-12 17:22:30,119 [INFO] Rule:233 - rule Adapt Old IOC before rework replace old CORTEX_M33/CORTEX_M55 attributes by the new one. is applicable
2026-05-12 17:22:30,119 [INFO] Rule:233 - rule Rename parametre of RCC RCC_APBDBG_DIV2 to RCC_TIMPRES_DIV2 is applicable
2026-05-12 17:22:30,120 [INFO] Rule:233 - rule Rename DIE493 pin PA10 [PA12] -> PA10 is applicable
2026-05-12 17:22:30,120 [INFO] Rule:233 - rule Rename DIE493 pin PA9 [PA11] -> PA9 is applicable
2026-05-12 17:22:30,120 [INFO] Rule:233 - rule Rename DIE492 PartNumber CPN STM32WBA5MJGHx -> STM32WBA5MMGHx is applicable
2026-05-12 17:22:30,120 [INFO] Rule:233 - rule Rename DIE492 PartNumber  Name STM32WBA5MJGHx -> STM32WBA5MMGHx is applicable
2026-05-12 17:22:30,120 [INFO] Rule:233 - rule Rename DIE492 PartNumber UserName STM32WBA5MJGHx -> STM32WBA5MMGHx is applicable
2026-05-12 17:22:30,120 [INFO] Rule:233 - rule Rename DIE492 PartNumber DeviceId STM32WBA5MJGHx -> STM32WBA5MMGHx is applicable
2026-05-12 17:22:30,120 [INFO] Rule:233 - rule Adapt Old IOC CSI. is applicable
2026-05-12 17:22:30,451 [INFO] Rule:233 - rule Adapt Old IOC DCMIPP. is applicable
2026-05-12 17:22:30,452 [INFO] Rule:233 - rule Adapt Old IOC DCMIPP Mode Parallel. is applicable
2026-05-12 17:22:30,452 [INFO] Rule:233 - rule Adapt Old IOC LTDC. is applicable
2026-05-12 17:22:30,452 [INFO] Rule:233 - rule Rename STM32MP2 RIF Peripheral LTDC RIF.RISUP.LTDC_L0L1.Privilege -> RIF.RISUP.LTDC_L1L2.Privilege is applicable
2026-05-12 17:22:30,452 [INFO] Rule:233 - rule Rename STM32MP2 RIF Peripheral LTDC RIF.RISUP.LTDC_L0L1.Privilege -> RIF.RISUP.LTDC_L1L2.Privilege is applicable
2026-05-12 17:22:30,452 [INFO] Rule:233 - rule Rename STM32MP2 RIF Peripheral LTDC RIF.RISUP.LTDC_L0L1.Lock -> RIF.RISUP.LTDC_L1L2.Lock is applicable
2026-05-12 17:22:30,452 [INFO] Rule:233 - rule Rename STM32MP2 RIF Peripheral LTDC RIF.RISUP.LTDC_L2.Lock -> RIF.RISUP.LTDC_L3.Lock is applicable
2026-05-12 17:22:30,452 [INFO] Rule:233 - rule Adapt the old IOC example for updating the SYS when it is misconfigured. is applicable
2026-05-12 17:22:30,452 [INFO] Rule:233 - rule Rename STM32C09 Mcu.Package LQFP64 -> LQFP48 is applicable
2026-05-12 17:22:30,452 [INFO] Rule:233 - rule Adapt the old IOC example for updating the SYS when it is misconfigured. is applicable
2026-05-12 17:22:30,452 [INFO] Rule:233 - rule Adapt the old IOC example for updating the SYS when it is misconfigured. is applicable
2026-05-12 17:22:30,512 [INFO] DbConfProperties:307 - Apply Compatibility (81/313 Rules)
2026-05-12 17:22:32,276 [INFO] ImportTextPane:234 - (OptionalMessage_ERROR) Unable to find key (Mcu.ThirdPartyNb) in loaded IOC file
2026-05-12 17:22:32,279 [INFO] ImportTextPane:234 - (OptionalMessage_ERROR) Pin32 (VP_RIF_VS_RIF1) cannot be retrieved for this MCU
2026-05-12 17:22:32,549 [INFO] RtosManager:558 - Registered RTOS mode: class=CMSIS, group=RTOS, mode=CMSIS_V1, owner=FREERTOS
2026-05-12 17:22:32,562 [INFO] RtosManager:558 - Registered RTOS mode: class=CMSIS, group=RTOS2, mode=CMSIS_V2, owner=FREERTOS
2026-05-12 17:22:32,562 [INFO] RtosManager:558 - Registered RTOS mode: class=RTOS, group=Core, mode=CMSIS_V1, owner=FREERTOS
2026-05-12 17:22:32,562 [INFO] RtosManager:558 - Registered RTOS mode: class=RTOS, group=Core, mode=CMSIS_V2, owner=FREERTOS
2026-05-12 17:22:32,562 [WARN] ModelIntegratedComponent:184 - Missing modes for component STMicroelectronics:FreeRTOS:0.0.1:STMicroelectronics:RTOS:FreeRTOS:Core:::10.2.0:
2026-05-12 17:22:32,585 [WARN] ModelIntegratedComponent:63 - No mode defined for component null
2026-05-12 17:22:32,585 [WARN] ModelIntegratedComponent:63 - No mode defined for component null
2026-05-12 17:22:32,585 [WARN] ModelIntegratedComponent:63 - No mode defined for component null
2026-05-12 17:22:32,585 [WARN] ModelIntegratedComponent:63 - No mode defined for component null
2026-05-12 17:22:32,585 [WARN] ModelIntegratedComponent:63 - No mode defined for component null
2026-05-12 17:22:32,585 [WARN] ModelIntegratedComponent:63 - No mode defined for component null
2026-05-12 17:22:32,585 [WARN] ModelIntegratedComponent:63 - No mode defined for component null
2026-05-12 17:22:32,586 [WARN] ModelIntegratedComponent:63 - No mode defined for component null
2026-05-12 17:22:32,586 [WARN] ModelIntegratedComponent:63 - No mode defined for component null
2026-05-12 17:22:32,586 [WARN] ModelIntegratedComponent:63 - No mode defined for component null
2026-05-12 17:22:32,586 [WARN] ModelIntegratedComponent:63 - No mode defined for component null
2026-05-12 17:22:32,586 [WARN] ModelIntegratedComponent:63 - No mode defined for component null
2026-05-12 17:22:32,586 [WARN] ModelIntegratedComponent:63 - No mode defined for component null
2026-05-12 17:22:32,586 [WARN] ModelIntegratedComponent:63 - No mode defined for component null
2026-05-12 17:22:32,586 [WARN] ModelIntegratedComponent:63 - No mode defined for component null
2026-05-12 17:22:32,586 [WARN] ModelIntegratedComponent:63 - No mode defined for component null
2026-05-12 17:22:32,586 [WARN] ModelIntegratedComponent:63 - No mode defined for component null
2026-05-12 17:22:32,586 [WARN] ModelIntegratedComponent:63 - No mode defined for component null
2026-05-12 17:22:32,586 [WARN] ModelIntegratedComponent:63 - No mode defined for component null
2026-05-12 17:22:32,586 [WARN] ModelIntegratedComponent:63 - No mode defined for component null
2026-05-12 17:22:32,586 [WARN] ModelIntegratedComponent:63 - No mode defined for component null
2026-05-12 17:22:32,586 [WARN] ModelIntegratedComponent:63 - No mode defined for component null
2026-05-12 17:22:32,586 [WARN] ModelIntegratedComponent:63 - No mode defined for component null
2026-05-12 17:22:32,586 [WARN] ModelIntegratedComponent:63 - No mode defined for component null
2026-05-12 17:22:32,586 [WARN] ModelIntegratedComponent:63 - No mode defined for component null
2026-05-12 17:22:32,586 [WARN] ModelIntegratedComponent:63 - No mode defined for component null
2026-05-12 17:22:32,586 [WARN] ModelIntegratedComponent:63 - No mode defined for component null
2026-05-12 17:22:32,586 [WARN] ModelIntegratedComponent:63 - No mode defined for component null
2026-05-12 17:22:32,586 [WARN] ModelIntegratedComponent:63 - No mode defined for component null
2026-05-12 17:22:32,586 [WARN] ModelIntegratedComponent:63 - No mode defined for component null
2026-05-12 17:22:32,586 [WARN] ModelIntegratedComponent:63 - No mode defined for component null
2026-05-12 17:22:32,586 [WARN] ModelIntegratedComponent:63 - No mode defined for component null
2026-05-12 17:22:32,587 [WARN] ModelIntegratedComponent:63 - No mode defined for component null
2026-05-12 17:22:32,587 [WARN] ModelIntegratedComponent:63 - No mode defined for component null
2026-05-12 17:22:32,587 [WARN] ModelIntegratedComponent:63 - No mode defined for component null
2026-05-12 17:22:32,587 [WARN] ModelPack:524 - Component already loaded: STMicroelectronics:HAL Drivers:0.0.0:STMicroelectronics:Device:STMicro_Driver:XSPI:HAL::0.0.1:HAL_XSPI
2026-05-12 17:22:32,770 [INFO] ThirdPartyModel:298 - Start build external matchings
2026-05-12 17:22:33,520 [INFO] ThirdPartyModel:316 - End build external matchings
2026-05-12 17:22:33,793 [INFO] UtilMem:75 - End LoadConfig() Used Memory: 913756000 Bytes (1073741824)
2026-05-12 17:22:34,069 [WARN] ThirdParty:833 - waiting for thirdparty lock release [change project]
2026-05-12 17:22:34,069 [INFO] ThirdParty:835 - entering critical section [change project]
2026-05-12 17:22:34,069 [INFO] ThirdParty:1030 - CMSIS Pack Vendor :STMicroelectronics X-CUBE-AZRTOS-H7 3.5.0
2026-05-12 17:22:34,069 [INFO] ThirdParty:1030 - CMSIS Pack Vendor :STMicroelectronics X-CUBE-PM33A1 1.0.0
2026-05-12 17:22:34,069 [INFO] ThirdParty:1030 - CMSIS Pack Vendor :STMicroelectronics USBPD 4.1
2026-05-12 17:22:34,069 [INFO] ThirdParty:1030 - CMSIS Pack Vendor :STMicroelectronics X-CUBE-NFC9 1.0.0
2026-05-12 17:22:34,069 [INFO] ThirdParty:1030 - CMSIS Pack Vendor :STMicroelectronics USB_HOST 2.0.0
2026-05-12 17:22:34,069 [INFO] ThirdParty:1030 - CMSIS Pack Vendor :STMicroelectronics X-CUBE-AZRTOS-F4 1.1.0
2026-05-12 17:22:34,069 [INFO] ThirdParty:1030 - CMSIS Pack Vendor :STMicroelectronics LIBJPEG 8.0.0
2026-05-12 17:22:34,069 [INFO] ThirdParty:1030 - CMSIS Pack Vendor :STMicroelectronics FP-ATR-ASTRA1 2.0.2
2026-05-12 17:22:34,070 [INFO] ThirdParty:1030 - CMSIS Pack Vendor :STMicroelectronics X-CUBE-BLE1 7.1.0
2026-05-12 17:22:34,070 [INFO] ThirdParty:1030 - CMSIS Pack Vendor :STMicroelectronics X-CUBE-SMBUS 2.1.0
2026-05-12 17:22:34,070 [INFO] ThirdParty:1030 - CMSIS Pack Vendor :wolfSSL I-CUBE-wolfMQTT 1.19.2
2026-05-12 17:22:34,070 [INFO] ThirdParty:1030 - CMSIS Pack Vendor :STMicroelectronics USB_DEVICE 3.0.0
2026-05-12 17:22:34,070 [INFO] ThirdParty:1030 - CMSIS Pack Vendor :STMicroelectronics X-CUBE-ISPU 2.1.0
2026-05-12 17:22:34,070 [INFO] ThirdParty:1030 - CMSIS Pack Vendor :STMicroelectronics X-CUBE-EEPRMA1 5.2.0
2026-05-12 17:22:34,070 [INFO] ThirdParty:1030 - CMSIS Pack Vendor :STMicroelectronics X-CUBE-IPS 3.2.0
2026-05-12 17:22:34,070 [INFO] ThirdParty:1030 - CMSIS Pack Vendor :STMicroelectronics X-CUBE-BLEMGR 4.1.0
2026-05-12 17:22:34,070 [INFO] ThirdParty:1030 - CMSIS Pack Vendor :STMicroelectronics eDS-WB_DPC_TT-BIDIR 2.1.1
2026-05-12 17:22:34,070 [INFO] ThirdParty:1030 - CMSIS Pack Vendor :STMicroelectronics X-CUBE-AZRTOS-WB 2.0.0
2026-05-12 17:22:34,070 [INFO] ThirdParty:1030 - CMSIS Pack Vendor :wolfSSL I-CUBE-wolfSSL 5.8.4
2026-05-12 17:22:34,070 [INFO] ThirdParty:1030 - CMSIS Pack Vendor :Cesanta I-CUBE-Mongoose 7.20.0
2026-05-12 17:22:34,070 [INFO] ThirdParty:1030 - CMSIS Pack Vendor :STMicroelectronics X-CUBE-NFC12 1.0.0
2026-05-12 17:22:34,070 [INFO] ThirdParty:1030 - CMSIS Pack Vendor :STMicroelectronics X-CUBE-AZRTOS-F7 1.1.0
2026-05-12 17:22:34,070 [INFO] ThirdParty:1030 - CMSIS Pack Vendor :STMicroelectronics X-CUBE-AZRTOS-L5 2.0.0
2026-05-12 17:22:34,070 [INFO] ThirdParty:1030 - CMSIS Pack Vendor :STMicroelectronics USB_DEVICE 2.0.0
2026-05-12 17:22:34,070 [INFO] ThirdParty:1030 - CMSIS Pack Vendor :STMicroelectronics FP-SNS-STAIOTCFT 1.1.0
2026-05-12 17:22:34,070 [INFO] ThirdParty:1030 - CMSIS Pack Vendor :quantropi X-CUBE-qispace-sdk-base 2.1.0
2026-05-12 17:22:34,070 [INFO] ThirdParty:1030 - CMSIS Pack Vendor :STMicroelectronics X-CUBE-MEMS1 12.0.0
2026-05-12 17:22:34,070 [INFO] ThirdParty:1030 - CMSIS Pack Vendor :STMicroelectronics X-CUBE-STSE01 2.0.0
2026-05-12 17:22:34,070 [INFO] ThirdParty:1030 - CMSIS Pack Vendor :STMicroelectronics FP-SNS-MOTENV1 5.1.0
2026-05-12 17:22:34,070 [INFO] ThirdParty:1030 - CMSIS Pack Vendor :STMicroelectronics FreeRTOS 0.0.1
2026-05-12 17:22:34,070 [INFO] ThirdParty:1030 - CMSIS Pack Vendor :STMicroelectronics X-CUBE-AZRTOS-G0 1.1.0
2026-05-12 17:22:34,070 [INFO] ThirdParty:1030 - CMSIS Pack Vendor :STMicroelectronics X-CUBE-NFC4 3.0.0
2026-05-12 17:22:34,070 [INFO] ThirdParty:1030 - CMSIS Pack Vendor :STMicroelectronics X-CUBE-SUBG2 5.0.0
2026-05-12 17:22:34,070 [INFO] ThirdParty:1030 - CMSIS Pack Vendor :STMicroelectronics STM32_WPAN 1.0.0
2026-05-12 17:22:34,070 [INFO] ThirdParty:1030 - CMSIS Pack Vendor :STMicroelectronics eDS-WB_DPC_VIENNA 1.2.0
2026-05-12 17:22:34,071 [INFO] ThirdParty:1030 - CMSIS Pack Vendor :EmbeddedOffice I-CUBE-FS-RTOS 1.0.1
2026-05-12 17:22:34,071 [INFO] ThirdParty:1030 - CMSIS Pack Vendor :STMicroelectronics lwIP 2.0.3
2026-05-12 17:22:34,071 [INFO] ThirdParty:1030 - CMSIS Pack Vendor :WES I-CUBE-Cesium 1.4.0
2026-05-12 17:22:34,071 [INFO] ThirdParty:1030 - CMSIS Pack Vendor :STMicroelectronics eDS-WB_DPC_3PH2L-BIDIR 1.1.1
2026-05-12 17:22:34,071 [INFO] ThirdParty:1030 - CMSIS Pack Vendor :STMicroelectronics USB_HOST 1.0.0
2026-05-12 17:22:34,071 [INFO] ThirdParty:1030 - CMSIS Pack Vendor :STMicroelectronics X-CUBE-AZRTOS-G4 2.0.0
2026-05-12 17:22:34,071 [INFO] ThirdParty:1030 - CMSIS Pack Vendor :STMicroelectronics X-CUBE-WB05N 2.0.0
2026-05-12 17:22:34,071 [INFO] ThirdParty:1030 - CMSIS Pack Vendor :STMicroelectronics PDM2PCM 3.1.0
2026-05-12 17:22:34,071 [INFO] ThirdParty:1030 - CMSIS Pack Vendor :STMicroelectronics PDM2PCM 3.3.0
2026-05-12 17:22:34,071 [INFO] ThirdParty:1030 - CMSIS Pack Vendor :wolfSSL I-CUBE-wolfTPM 3.8.0
2026-05-12 17:22:34,071 [INFO] ThirdParty:1030 - CMSIS Pack Vendor :STMicroelectronics X-CUBE-DISPLAY 3.0.0
2026-05-12 17:22:34,071 [INFO] ThirdParty:1030 - CMSIS Pack Vendor :wolfSSL I-CUBE-wolfSSH 1.4.20
2026-05-12 17:22:34,071 [INFO] ThirdParty:1030 - CMSIS Pack Vendor :STMicroelectronics X-CUBE-NFC7 2.0.0
2026-05-12 17:22:34,071 [INFO] ThirdParty:1030 - CMSIS Pack Vendor :STMicroelectronics X-CUBE-GNSS1 7.1.1
2026-05-12 17:22:34,071 [INFO] ThirdParty:1030 - CMSIS Pack Vendor :STMicroelectronics FP-SNS-MOTENVWB1 1.5.0
2026-05-12 17:22:34,071 [INFO] ThirdParty:1030 - CMSIS Pack Vendor :STMicroelectronics X-CUBE-TCPP 4.2.0
2026-05-12 17:22:34,071 [INFO] ThirdParty:1030 - CMSIS Pack Vendor :RealThread X-CUBE-RT-Thread_Nano 4.1.1
2026-05-12 17:22:34,072 [INFO] ThirdParty:1030 - CMSIS Pack Vendor :wolfSSL I-CUBE-wolfSSL 5.9.1
2026-05-12 17:22:34,072 [INFO] ThirdParty:1030 - CMSIS Pack Vendor :STMicroelectronics FP-ATR-SIGFOX1 3.2.0
2026-05-12 17:22:34,072 [INFO] ThirdParty:1030 - CMSIS Pack Vendor :STMicroelectronics X-CUBE-NFC10 1.0.0
2026-05-12 17:22:34,072 [INFO] ThirdParty:1030 - CMSIS Pack Vendor :STMicroelectronics HAL Drivers 0.0.0
2026-05-12 17:22:34,072 [INFO] ThirdParty:1030 - CMSIS Pack Vendor :STMicroelectronics X-CUBE-FREERTOS 1.5.0
2026-05-12 17:22:34,072 [INFO] ThirdParty:1030 - CMSIS Pack Vendor :STMicroelectronics MBEDTLS 2.16.2
2026-05-12 17:22:34,072 [INFO] ThirdParty:1030 - CMSIS Pack Vendor :STMicroelectronics X-CUBE-ST60 1.1.0
2026-05-12 17:22:34,072 [INFO] ThirdParty:1030 - CMSIS Pack Vendor :STMicroelectronics X-CUBE-ALS 1.0.2
2026-05-12 17:22:34,072 [INFO] ThirdParty:1030 - CMSIS Pack Vendor :emotas I-CUBE-CANOPEN 1.3.0
2026-05-12 17:22:34,072 [INFO] ThirdParty:1030 - CMSIS Pack Vendor :STMicroelectronics MBEDTLS 2.14.1
2026-05-12 17:22:34,072 [INFO] ThirdParty:1030 - CMSIS Pack Vendor :STMicroelectronics X-CUBE-GNSS1 7.1.0
2026-05-12 17:22:34,072 [INFO] ThirdParty:1030 - CMSIS Pack Vendor :ITTIA_DB I-CUBE-ITTIADB 8.9.0
2026-05-12 17:22:34,072 [INFO] ThirdParty:1030 - CMSIS Pack Vendor :Cesanta I-CUBE-Mongoose 7.21.6
2026-05-12 17:22:34,072 [INFO] ThirdParty:1030 - CMSIS Pack Vendor :STMicroelectronics X-CUBE-TOUCHGFX 4.26.1
2026-05-12 17:22:34,072 [INFO] ThirdParty:1030 - CMSIS Pack Vendor :STMicroelectronics X-CUBE-NFC6 3.2.0
2026-05-12 17:22:34,072 [INFO] ThirdParty:1030 - CMSIS Pack Vendor :STMicroelectronics FP-SNS-STBOX1 2.1.0
2026-05-12 17:22:34,072 [INFO] ThirdParty:1030 - CMSIS Pack Vendor :STMicroelectronics X-CUBE-AI 10.2.0
2026-05-12 17:22:34,073 [INFO] ThirdParty:1030 - CMSIS Pack Vendor :STMicroelectronics FP-SNS-STAIOTCFT 1.0.0
2026-05-12 17:22:34,073 [INFO] ThirdParty:1030 - CMSIS Pack Vendor :STMicroelectronics ThreadX 1.0.0
2026-05-12 17:22:34,073 [INFO] ThirdParty:1030 - CMSIS Pack Vendor :STMicroelectronics FP-SNS-SMARTAG2 1.2.0
2026-05-12 17:22:34,073 [INFO] ThirdParty:1030 - CMSIS Pack Vendor :STMicroelectronics X-CUBE-MEMS1 12.1.0
2026-05-12 17:22:34,073 [INFO] ThirdParty:1030 - CMSIS Pack Vendor :STMicroelectronics FP-SNS-FLIGHT1 5.1.0
2026-05-12 17:22:34,073 [INFO] ThirdParty:1030 - CMSIS Pack Vendor :STMicroelectronics X-CUBE-AZRTOS-WL 2.0.0
2026-05-12 17:22:34,073 [INFO] ThirdParty:1030 - CMSIS Pack Vendor :SEGGER I-CUBE-embOS 1.3.1
2026-05-12 17:22:34,073 [INFO] ThirdParty:1030 - CMSIS Pack Vendor :STMicroelectronics X-CUBE-ALGOBUILD 1.4.0
2026-05-12 17:22:34,073 [INFO] ThirdParty:1030 - CMSIS Pack Vendor :STMicroelectronics X-CUBE-DPower 1.3.0
2026-05-12 17:22:34,073 [INFO] ThirdParty:1030 - CMSIS Pack Vendor :STMicroelectronics USB_DEVICE 1.0.0
2026-05-12 17:22:34,073 [INFO] ThirdParty:1030 - CMSIS Pack Vendor :STMicroelectronics X-CUBE-AZRTOS-H7RS 1.2.0
2026-05-12 17:22:34,073 [INFO] ThirdParty:1030 - CMSIS Pack Vendor :STMicroelectronics X-CUBE-AZRTOS-L4 2.0.0
2026-05-12 17:22:34,073 [INFO] ThirdParty:1030 - CMSIS Pack Vendor :STMicroelectronics ThreadX 0.0.2
2026-05-12 17:22:34,073 [INFO] ThirdParty:1030 - CMSIS Pack Vendor :STMicroelectronics lwIP 2.1.2
2026-05-12 17:22:34,073 [INFO] ThirdParty:1030 - CMSIS Pack Vendor :STMicroelectronics X-CUBE-SFXS2LP1 4.0.0
2026-05-12 17:22:34,073 [INFO] ThirdParty:1030 - CMSIS Pack Vendor :STMicroelectronics X-CUBE-BLE2 3.3.0
2026-05-12 17:22:34,073 [INFO] ThirdParty:1030 - CMSIS Pack Vendor :Avnet-IOTCONNECT X-CUBE-iotc-st67-sdk 1.0.0
2026-05-12 17:22:34,073 [INFO] ThirdParty:1030 - CMSIS Pack Vendor :STMicroelectronics X-CUBE-TOF1 3.4.3
2026-05-12 17:22:34,073 [INFO] ThirdParty:1030 - CMSIS Pack Vendor :Infineon AIROC-Wi-Fi-Bluetooth-STM32 1.8.0
2026-05-12 17:22:34,073 [INFO] ThirdParty:1030 - CMSIS Pack Vendor :STMicroelectronics PDM2PCM 3.2.0
2026-05-12 17:22:34,073 [INFO] ThirdParty:1030 - CMSIS Pack Vendor :STMicroelectronics X-CUBE-WB05N 2.1.0
2026-05-12 17:22:34,073 [INFO] ThirdParty:1030 - CMSIS Pack Vendor :STMicroelectronics X-CUBE-ST67W61 1.2.0
2026-05-12 17:22:34,074 [INFO] ThirdParty:841 - exiting critical section [change project]
2026-05-12 17:22:34,419 [INFO] PinOutPanel:1589 - setPackage(No Configuration,No Configuration)
2026-05-12 17:22:34,424 [INFO] PinOutPanel:1589 - setPackage(STM32L053C8Tx,LQFP48)
2026-05-12 17:22:34,994 [INFO] UtilMem:75 - Before build in PCC Used Memory: 939893552 Bytes (1073741824)
2026-05-12 17:22:36,186 [INFO] UtilMem:75 - After build in PCC Used Memory: 919388936 Bytes (1073741824)
2026-05-12 17:22:36,221 [INFO] IPUIPlugin:80 - create IPUIPlugin
2026-05-12 17:22:36,221 [INFO] IPUIPlugin:80 - create IPUIPlugin
2026-05-12 17:22:36,222 [INFO] IPUIPlugin:80 - create IPUIPlugin
2026-05-12 17:22:36,222 [INFO] IPUIPlugin:80 - create IPUIPlugin
2026-05-12 17:22:36,222 [INFO] IPUIPlugin:80 - create IPUIPlugin
2026-05-12 17:22:36,222 [INFO] IPUIPlugin:80 - create IPUIPlugin
2026-05-12 17:22:36,223 [INFO] IPUIPlugin:80 - create IPUIPlugin
2026-05-12 17:22:36,223 [INFO] IPUIPlugin:80 - create IPUIPlugin
2026-05-12 17:22:36,224 [INFO] IPUIPlugin:80 - create IPUIPlugin
2026-05-12 17:22:36,224 [INFO] IPUIPlugin:80 - create IPUIPlugin
2026-05-12 17:22:36,225 [INFO] IPUIPlugin:80 - create IPUIPlugin
2026-05-12 17:22:36,225 [INFO] IPUIPlugin:80 - create IPUIPlugin
2026-05-12 17:22:36,225 [INFO] IPUIPlugin:80 - create IPUIPlugin
2026-05-12 17:22:36,225 [INFO] IPUIPlugin:80 - create IPUIPlugin
2026-05-12 17:22:36,225 [INFO] IPUIPlugin:80 - create IPUIPlugin
2026-05-12 17:22:36,225 [INFO] IPUIPlugin:80 - create IPUIPlugin
2026-05-12 17:22:36,226 [INFO] IPUIPlugin:80 - create IPUIPlugin
2026-05-12 17:22:36,226 [INFO] IPUIPlugin:80 - create IPUIPlugin
2026-05-12 17:22:36,226 [INFO] IPUIPlugin:80 - create IPUIPlugin
2026-05-12 17:22:36,226 [INFO] IPUIPlugin:80 - create IPUIPlugin
2026-05-12 17:22:36,227 [INFO] IPUIPlugin:80 - create IPUIPlugin
2026-05-12 17:22:36,227 [INFO] IPUIPlugin:80 - create IPUIPlugin
2026-05-12 17:22:36,227 [INFO] IPUIPlugin:80 - create IPUIPlugin
2026-05-12 17:22:36,227 [INFO] IPUIPlugin:80 - create IPUIPlugin
2026-05-12 17:22:36,227 [INFO] IPUIPlugin:80 - create IPUIPlugin
2026-05-12 17:22:36,227 [INFO] IPUIPlugin:80 - create IPUIPlugin
2026-05-12 17:22:36,228 [INFO] IPUIPlugin:80 - create IPUIPlugin
2026-05-12 17:22:36,228 [INFO] IPUIPlugin:80 - create IPUIPlugin
2026-05-12 17:22:36,228 [INFO] IPUIPlugin:80 - create IPUIPlugin
2026-05-12 17:22:36,228 [INFO] IPUIPlugin:80 - create IPUIPlugin
2026-05-12 17:22:36,229 [INFO] IPUIPlugin:80 - create IPUIPlugin
2026-05-12 17:22:36,229 [INFO] IPUIPlugin:80 - create IPUIPlugin
2026-05-12 17:22:36,229 [INFO] IPUIPlugin:80 - create IPUIPlugin
2026-05-12 17:22:36,229 [INFO] IPUIPlugin:80 - create IPUIPlugin
2026-05-12 17:22:36,664 [INFO] CADModel:165 - CPN selected for project levelSTM32L053C8T6
2026-05-12 17:22:36,664 [INFO] CADModel:114 - Register for checkConnection events
2026-05-12 17:22:36,731 [INFO] OpenFileManager:386 - Restore cursor
2026-05-12 17:22:38,773 [INFO] UtilMem:75 - End SaveConfig() Used Memory: 973069832 Bytes (1073741824)
2026-05-12 17:22:38,928 [INFO] UtilMem:75 - End SaveConfig() Used Memory: 999525528 Bytes (1073741824)
2026-05-12 17:22:39,452 [INFO] BlockDiagram:2775 - set Specific Code input for plugin: NVIC
2026-05-12 17:22:39,453 [INFO] BlockDiagram:2775 - set Specific Code input for plugin: GPIO
2026-05-12 17:22:39,454 [INFO] BlockDiagram:2775 - set Specific Code input for plugin: RCC
2026-05-12 17:22:39,456 [INFO] CodeGenerator:892 - code generatio: config db path: C:\ST\STM32CubeIDE_1.19.0\STM32CubeIDE\plugins\com.st.stm32cube.common.mx_6.15.0.202507011659\\db\
2026-05-12 17:22:39,791 [INFO] CodeEngine:265 - oldGeneratedFile, D:\stm32L0\004_epd\MXTmpFiles\license.tmp_save
2026-05-12 17:22:40,643 [INFO] CodeEngine:289 - Generated code: D:\stm32L0\004_epd\MXTmpFiles\license.tmp
2026-05-12 17:22:41,652 [INFO] CodeEngine:265 - oldGeneratedFile, D:\stm32L0\004_epd\MXTmpFiles\gpio.tmp_save
2026-05-12 17:22:41,894 [INFO] CodeEngine:289 - Generated code: D:\stm32L0\004_epd\MXTmpFiles\gpio.tmp
2026-05-12 17:22:41,932 [INFO] CodeEngine:265 - oldGeneratedFile, D:\stm32L0\004_epd\Core\Src\stm32l0xx_it.c_save
2026-05-12 17:22:42,123 [INFO] CodeEngine:289 - Generated code: D:\stm32L0\004_epd\Core\Src\stm32l0xx_it.c
2026-05-12 17:22:42,131 [INFO] CodeEngine:265 - oldGeneratedFile, D:\stm32L0\004_epd\Core\Inc\stm32l0xx_it.h_save
2026-05-12 17:22:42,274 [INFO] CodeEngine:289 - Generated code: D:\stm32L0\004_epd\Core\Inc\stm32l0xx_it.h
2026-05-12 17:22:42,493 [INFO] CodeEngine:265 - oldGeneratedFile, D:\stm32L0\004_epd\Core\Src\stm32l0xx_hal_msp.c_save
2026-05-12 17:22:42,796 [INFO] CodeEngine:289 - Generated code: D:\stm32L0\004_epd\Core\Src\stm32l0xx_hal_msp.c
2026-05-12 17:22:42,839 [INFO] CodeEngine:265 - oldGeneratedFile, D:\stm32L0\004_epd\MXTmpFiles\system.tmp_save
2026-05-12 17:22:43,120 [INFO] CodeEngine:289 - Generated code: D:\stm32L0\004_epd\MXTmpFiles\system.tmp
2026-05-12 17:22:43,169 [INFO] CodeEngine:321 - oldGeneratedFile, D:\stm32L0\004_epd\Core\Inc\stm32l0xx_hal_conf.h_save
2026-05-12 17:22:43,331 [INFO] CodeEngine:345 - Generated code: D:\stm32L0\004_epd\Core\Inc\stm32l0xx_hal_conf.h
2026-05-12 17:22:43,422 [INFO] ApiDbMcu:532 - Load IP Config File for RCC
2026-05-12 17:22:43,457 [INFO] CodeEngine:265 - oldGeneratedFile, D:\stm32L0\004_epd\Core\Inc\main.h_save
2026-05-12 17:22:43,684 [INFO] CodeEngine:289 - Generated code: D:\stm32L0\004_epd\Core\Inc\main.h
2026-05-12 17:22:43,728 [INFO] CodeEngine:265 - oldGeneratedFile, D:\stm32L0\004_epd\Core\Src\main.c_save
2026-05-12 17:22:44,076 [INFO] CodeEngine:289 - Generated code: D:\stm32L0\004_epd\Core\Src\main.c
2026-05-12 17:22:44,913 [INFO] ProjectBuilder:3606 - Time for Copy HAL[1] : 409mS.
2026-05-12 17:22:44,930 [INFO] ProjectBuilder:5216 - Project Generator version: 4.7.0-B52
2026-05-12 17:22:45,108 [INFO] ConfigFileManager:1595 - The Die is : DIE417
2026-05-12 17:22:45,116 [INFO] ApiDbMcu:532 - Load IP Config File for FATFS
2026-05-12 17:22:45,127 [INFO] ApiDbMcu:532 - Load IP Config File for FREERTOS
2026-05-12 17:22:45,145 [INFO] ApiDbMcu:532 - Load IP Config File for TOUCHSENSING
2026-05-12 17:22:45,157 [INFO] ApiDbMcu:532 - Load IP Config File for USB_DEVICE
2026-05-12 17:22:45,783 [INFO] LogOutputStream:77 - [STDOUT_REDIRECT] 
2026-05-12 17:22:51,712 [INFO] ProjectBuilder:5496 - Time for Generating toolchain IDE Files: 6781mS.
2026-05-12 17:22:51,714 [INFO] ProjectBuilder:3463 - Time for Copy CMSIS : 1mS.
2026-05-12 17:22:51,716 [INFO] ProjectBuilder:3463 - Time for Copy CMSIS : 0mS.
2026-05-12 17:22:53,544 [INFO] McuFinderGlobals:76 - Set McuFinderConnectedMode to true
2026-05-12 17:22:53,554 [INFO] ApiDb:448 - Save user favorites file C:\Users\jahna/.stm32cubeide/favorites.mcus.txt: 0 item(s)
2026-05-12 17:22:53,554 [INFO] ApiDb:452 - User favorites MCUs=[]
2026-05-12 17:22:53,561 [INFO] ApiDb:448 - Save user favorites file C:\Users\jahna/.stm32cubeide/favorites.boards.txt: 0 item(s)
2026-05-12 17:22:53,561 [INFO] ApiDb:452 - User favorites Boards=[]
2026-05-12 17:27:50,825 [INFO] NvicIntPanel:101 - NVIC parent = com.st.microxplorer.plugins.ip.nvic.MultiNvicIntPanel[,0,0,0x0,invalid,layout=javax.swing.BoxLayout,alignmentX=0.0,alignmentY=0.0,border=,flags=9,maximumSize=,minimumSize=,preferredSize=]
2026-05-12 17:27:56,785 [INFO] UtilMem:75 - End SaveConfig() Used Memory: 834755400 Bytes (1073741824)
2026-05-12 17:27:58,190 [INFO] UtilMem:75 - End SaveConfig() Used Memory: 849435464 Bytes (1073741824)
2026-05-12 17:28:00,327 [INFO] UtilMem:75 - End SaveConfig() Used Memory: 909726536 Bytes (1073741824)
2026-05-12 17:28:00,899 [INFO] BlockDiagram:2775 - set Specific Code input for plugin: SPI
2026-05-12 17:28:00,900 [INFO] BlockDiagram:2775 - set Specific Code input for plugin: NVIC
2026-05-12 17:28:00,900 [INFO] BlockDiagram:2775 - set Specific Code input for plugin: SYS
2026-05-12 17:28:00,901 [INFO] BlockDiagram:2775 - set Specific Code input for plugin: GPIO
2026-05-12 17:28:00,901 [INFO] BlockDiagram:2775 - set Specific Code input for plugin: RCC
2026-05-12 17:28:00,902 [INFO] CodeGenerator:892 - code generatio: config db path: C:\ST\STM32CubeIDE_1.19.0\STM32CubeIDE\plugins\com.st.stm32cube.common.mx_6.15.0.202507011659\\db\
2026-05-12 17:28:01,004 [INFO] CodeEngine:265 - oldGeneratedFile, D:\stm32L0\004_epd\MXTmpFiles\license.tmp_save
2026-05-12 17:28:01,187 [INFO] CodeEngine:289 - Generated code: D:\stm32L0\004_epd\MXTmpFiles\license.tmp
2026-05-12 17:28:01,346 [INFO] CodeEngine:265 - oldGeneratedFile, D:\stm32L0\004_epd\MXTmpFiles\gpio.tmp_save
2026-05-12 17:28:01,473 [INFO] CodeEngine:289 - Generated code: D:\stm32L0\004_epd\MXTmpFiles\gpio.tmp
2026-05-12 17:28:01,736 [INFO] CodeEngine:265 - oldGeneratedFile, D:\stm32L0\004_epd\Core\Src\stm32l0xx_it.c_save
2026-05-12 17:28:01,827 [INFO] CodeEngine:289 - Generated code: D:\stm32L0\004_epd\Core\Src\stm32l0xx_it.c
2026-05-12 17:28:01,838 [INFO] CodeEngine:265 - oldGeneratedFile, D:\stm32L0\004_epd\Core\Inc\stm32l0xx_it.h_save
2026-05-12 17:28:01,908 [INFO] CodeEngine:289 - Generated code: D:\stm32L0\004_epd\Core\Inc\stm32l0xx_it.h
2026-05-12 17:28:01,924 [INFO] CodeEngine:265 - oldGeneratedFile, D:\stm32L0\004_epd\Core\Src\stm32l0xx_hal_msp.c_save
2026-05-12 17:28:02,051 [INFO] CodeEngine:289 - Generated code: D:\stm32L0\004_epd\Core\Src\stm32l0xx_hal_msp.c
2026-05-12 17:28:02,092 [INFO] CodeEngine:265 - oldGeneratedFile, D:\stm32L0\004_epd\MXTmpFiles\system.tmp_save
2026-05-12 17:28:02,155 [INFO] CodeEngine:289 - Generated code: D:\stm32L0\004_epd\MXTmpFiles\system.tmp
2026-05-12 17:28:02,172 [INFO] CodeEngine:321 - oldGeneratedFile, D:\stm32L0\004_epd\Core\Inc\stm32l0xx_hal_conf.h_save
2026-05-12 17:28:02,247 [INFO] CodeEngine:345 - Generated code: D:\stm32L0\004_epd\Core\Inc\stm32l0xx_hal_conf.h
2026-05-12 17:28:02,279 [INFO] ApiDbMcu:532 - Load IP Config File for SPI2
2026-05-12 17:28:02,298 [INFO] CodeEngine:265 - oldGeneratedFile, D:\stm32L0\004_epd\Core\Inc\main.h_save
2026-05-12 17:28:02,377 [INFO] CodeEngine:289 - Generated code: D:\stm32L0\004_epd\Core\Inc\main.h
2026-05-12 17:28:02,405 [INFO] CodeEngine:265 - oldGeneratedFile, D:\stm32L0\004_epd\Core\Src\main.c_save
2026-05-12 17:28:02,513 [INFO] CodeEngine:289 - Generated code: D:\stm32L0\004_epd\Core\Src\main.c
2026-05-12 17:28:03,242 [INFO] ProjectBuilder:3606 - Time for Copy HAL[1] : 449mS.
2026-05-12 17:28:03,248 [INFO] ProjectBuilder:5216 - Project Generator version: 4.7.0-B52
2026-05-12 17:28:03,334 [INFO] ConfigFileManager:1595 - The Die is : DIE417
2026-05-12 17:28:05,331 [INFO] ProjectBuilder:5496 - Time for Generating toolchain IDE Files: 2084mS.
2026-05-12 17:28:05,332 [INFO] ProjectBuilder:3463 - Time for Copy CMSIS : 1mS.
2026-05-12 17:28:05,334 [INFO] ProjectBuilder:3463 - Time for Copy CMSIS : 1mS.
2026-05-12 18:01:07,108 [INFO] UtilMem:75 - End SaveConfig() Used Memory: 1008655568 Bytes (1073741824)
2026-05-12 18:03:37,758 [INFO] UtilMem:75 - End SaveConfig() Used Memory: 776723312 Bytes (1073741824)
2026-05-12 18:03:40,623 [INFO] UtilMem:75 - End SaveConfig() Used Memory: 829861056 Bytes (1073741824)
2026-05-12 18:03:43,930 [INFO] UtilMem:75 - End SaveConfig() Used Memory: 904649584 Bytes (1073741824)
2026-05-12 18:03:44,802 [INFO] BlockDiagram:2775 - set Specific Code input for plugin: SPI
2026-05-12 18:03:44,802 [INFO] BlockDiagram:2775 - set Specific Code input for plugin: NVIC
2026-05-12 18:03:44,802 [INFO] BlockDiagram:2775 - set Specific Code input for plugin: SYS
2026-05-12 18:03:44,803 [INFO] BlockDiagram:2775 - set Specific Code input for plugin: GPIO
2026-05-12 18:03:44,804 [INFO] BlockDiagram:2775 - set Specific Code input for plugin: RCC
2026-05-12 18:03:44,822 [INFO] CodeGenerator:892 - code generatio: config db path: C:\ST\STM32CubeIDE_1.19.0\STM32CubeIDE\plugins\com.st.stm32cube.common.mx_6.15.0.202507011659\\db\
2026-05-12 18:03:45,041 [INFO] CodeEngine:265 - oldGeneratedFile, D:\stm32L0\004_epd\MXTmpFiles\license.tmp_save
2026-05-12 18:03:45,681 [INFO] CodeEngine:289 - Generated code: D:\stm32L0\004_epd\MXTmpFiles\license.tmp
2026-05-12 18:03:45,769 [INFO] CodeEngine:265 - oldGeneratedFile, D:\stm32L0\004_epd\MXTmpFiles\gpio.tmp_save
2026-05-12 18:03:46,007 [INFO] CodeEngine:289 - Generated code: D:\stm32L0\004_epd\MXTmpFiles\gpio.tmp
2026-05-12 18:03:46,170 [INFO] CodeEngine:265 - oldGeneratedFile, D:\stm32L0\004_epd\Core\Src\stm32l0xx_it.c_save
2026-05-12 18:03:46,585 [INFO] CodeEngine:289 - Generated code: D:\stm32L0\004_epd\Core\Src\stm32l0xx_it.c
2026-05-12 18:03:46,598 [INFO] CodeEngine:265 - oldGeneratedFile, D:\stm32L0\004_epd\Core\Inc\stm32l0xx_it.h_save
2026-05-12 18:03:46,723 [INFO] CodeEngine:289 - Generated code: D:\stm32L0\004_epd\Core\Inc\stm32l0xx_it.h
2026-05-12 18:03:46,753 [INFO] CodeEngine:265 - oldGeneratedFile, D:\stm32L0\004_epd\Core\Src\stm32l0xx_hal_msp.c_save
2026-05-12 18:03:46,996 [INFO] CodeEngine:289 - Generated code: D:\stm32L0\004_epd\Core\Src\stm32l0xx_hal_msp.c
2026-05-12 18:03:47,012 [INFO] CodeEngine:265 - oldGeneratedFile, D:\stm32L0\004_epd\MXTmpFiles\system.tmp_save
2026-05-12 18:03:47,116 [INFO] CodeEngine:289 - Generated code: D:\stm32L0\004_epd\MXTmpFiles\system.tmp
2026-05-12 18:03:47,143 [INFO] CodeEngine:321 - oldGeneratedFile, D:\stm32L0\004_epd\Core\Inc\stm32l0xx_hal_conf.h_save
2026-05-12 18:03:47,278 [INFO] CodeEngine:345 - Generated code: D:\stm32L0\004_epd\Core\Inc\stm32l0xx_hal_conf.h
2026-05-12 18:03:47,325 [INFO] ApiDbMcu:532 - Load IP Config File for SPI1
2026-05-12 18:03:47,348 [INFO] CodeEngine:265 - oldGeneratedFile, D:\stm32L0\004_epd\Core\Inc\main.h_save
2026-05-12 18:03:47,504 [INFO] CodeEngine:289 - Generated code: D:\stm32L0\004_epd\Core\Inc\main.h
2026-05-12 18:03:47,516 [INFO] CodeEngine:265 - oldGeneratedFile, D:\stm32L0\004_epd\Core\Src\main.c_save
2026-05-12 18:03:47,715 [INFO] CodeEngine:289 - Generated code: D:\stm32L0\004_epd\Core\Src\main.c
2026-05-12 18:03:48,607 [INFO] ProjectBuilder:3606 - Time for Copy HAL[1] : 547mS.
2026-05-12 18:03:48,614 [INFO] ProjectBuilder:5216 - Project Generator version: 4.7.0-B52
2026-05-12 18:03:48,725 [INFO] ConfigFileManager:1595 - The Die is : DIE417
2026-05-12 18:03:52,806 [INFO] ProjectBuilder:5496 - Time for Generating toolchain IDE Files: 4126mS.
2026-05-12 18:03:52,812 [INFO] ProjectBuilder:3463 - Time for Copy CMSIS : 2mS.
2026-05-12 18:03:52,840 [INFO] ProjectBuilder:3463 - Time for Copy CMSIS : 1mS.
2026-05-12 18:07:57,855 [ERROR] LogOutputStream:75 - [STDERR_REDIRECT] 
